/*
Navicat MySQL Data Transfer

Source Server         : localhost
Source Server Version : 50712
Source Host           : localhost:3306
Source Database       : h27

Target Server Type    : MYSQL
Target Server Version : 50712
File Encoding         : 65001

Date: 2017-11-01 15:09:18
*/

SET FOREIGN_KEY_CHECKS=0;

-- ----------------------------
-- Table structure for `himall_accountdetails`
-- ----------------------------
DROP TABLE IF EXISTS `himall_accountdetails`;
CREATE TABLE `himall_accountdetails` (
  `Id` bigint(20) NOT NULL AUTO_INCREMENT,
  `AccountId` bigint(20) NOT NULL COMMENT '结算记录外键',
  `ShopId` bigint(20) NOT NULL COMMENT '店铺ID',
  `ShopName` varchar(100) DEFAULT NULL,
  `Date` datetime NOT NULL COMMENT '完成日期',
  `OrderDate` datetime NOT NULL COMMENT '订单下单日期',
  `OrderFinshDate` datetime NOT NULL,
  `OrderType` int(11) NOT NULL COMMENT '枚举 完成订单1，退订单0',
  `OrderId` bigint(20) NOT NULL COMMENT '订单ID',
  `OrderAmount` decimal(18,2) NOT NULL DEFAULT '0.00' COMMENT '订单金额',
  `ProductActualPaidAmount` decimal(18,2) NOT NULL COMMENT '商品实付总额',
  `FreightAmount` decimal(18,2) NOT NULL COMMENT '运费金额',
  `CommissionAmount` decimal(18,2) NOT NULL COMMENT '佣金',
  `RefundTotalAmount` decimal(18,2) NOT NULL COMMENT '退款金额',
  `RefundCommisAmount` decimal(18,2) NOT NULL COMMENT '退还佣金',
  `OrderRefundsDates` varchar(300) NOT NULL COMMENT '退单的日期集合以;分隔',
  `BrokerageAmount` decimal(18,2) NOT NULL DEFAULT '0.00' COMMENT '分销佣金',
  `ReturnBrokerageAmount` decimal(18,2) NOT NULL DEFAULT '0.00' COMMENT '退分销佣金',
  `SettlementAmount` decimal(18,2) NOT NULL DEFAULT '0.00' COMMENT '结算金额',
  `PaymentTypeName` varchar(100) DEFAULT NULL,
  `OpenCommission` decimal(18,2) DEFAULT NULL COMMENT '开团奖励',
  `JoinCommission` decimal(18,2) DEFAULT NULL COMMENT '成团返现',
  PRIMARY KEY (`Id`),
  KEY `himall_accountdetails_ibfk_1` (`AccountId`) USING BTREE,
  CONSTRAINT `himall_accountdetails_ibfk_1` FOREIGN KEY (`AccountId`) REFERENCES `himall_accounts` (`Id`)
) ENGINE=InnoDB AUTO_INCREMENT=15 DEFAULT CHARSET=utf8 ROW_FORMAT=COMPACT;

-- ----------------------------
-- Records of himall_accountdetails
-- ----------------------------
INSERT INTO `himall_accountdetails` VALUES ('1', '238', '372', '绝妙发型屋', '2017-10-14 18:46:22', '0001-01-01 00:00:00', '2017-10-14 18:46:22', '1', '2017101476243099', '0.10', '0.10', '0.00', '0.00', '0.00', '0.00', '', '0.00', '0.00', '0.10', '微信小程序支付', '0.03', '0.00');
INSERT INTO `himall_accountdetails` VALUES ('2', '239', '372', '绝妙发型屋', '2017-10-14 18:46:22', '0001-01-01 00:00:00', '2017-10-14 18:46:22', '1', '2017101409876338', '0.08', '0.08', '0.00', '0.00', '0.00', '0.00', '', '0.01', '0.00', '0.07', '微信小程序支付', '0.00', '0.00');
INSERT INTO `himall_accountdetails` VALUES ('3', '240', '372', '绝妙发型屋', '2017-10-14 19:40:09', '0001-01-01 00:00:00', '2017-10-14 19:40:09', '1', '2017101489836459', '0.10', '0.10', '0.00', '0.00', '0.00', '0.00', '', '0.00', '0.00', '0.10', '微信小程序支付', '0.04', '0.00');
INSERT INTO `himall_accountdetails` VALUES ('4', '241', '372', '绝妙发型屋', '2017-10-14 19:40:09', '0001-01-01 00:00:00', '2017-10-14 19:40:09', '1', '2017101415814352', '0.07', '0.07', '0.00', '0.00', '0.00', '0.00', '', '0.01', '0.00', '0.06', '微信小程序支付', '0.00', '0.00');
INSERT INTO `himall_accountdetails` VALUES ('5', '242', '372', '绝妙发型屋', '2017-10-16 11:47:50', '0001-01-01 00:00:00', '2017-10-16 11:47:50', '1', '2017101606197914', '0.10', '0.10', '0.00', '0.00', '0.00', '0.00', '', '0.00', '0.00', '0.10', '微信小程序支付', '0.04', '0.00');
INSERT INTO `himall_accountdetails` VALUES ('6', '243', '372', '绝妙发型屋', '2017-10-16 11:47:50', '0001-01-01 00:00:00', '2017-10-16 11:47:50', '1', '2017101634949829', '0.06', '0.06', '0.00', '0.00', '0.00', '0.00', '', '0.03', '0.00', '0.03', '微信小程序支付', '0.00', '0.00');
INSERT INTO `himall_accountdetails` VALUES ('7', '244', '372', '绝妙发型屋', '2017-10-16 14:30:03', '0001-01-01 00:00:00', '2017-10-16 14:30:03', '1', '2017101634657944', '0.10', '0.10', '0.00', '0.00', '0.00', '0.00', '', '0.00', '0.00', '0.10', '微信小程序支付', '0.03', '0.00');
INSERT INTO `himall_accountdetails` VALUES ('8', '245', '372', '绝妙发型屋', '2017-10-16 14:30:03', '0001-01-01 00:00:00', '2017-10-16 14:30:03', '1', '2017101652475786', '0.06', '0.06', '0.00', '0.00', '0.00', '0.00', '', '0.01', '0.00', '0.05', '微信小程序支付', '0.00', '0.00');
INSERT INTO `himall_accountdetails` VALUES ('9', '246', '372', '绝妙发型屋', '2017-10-16 14:30:03', '0001-01-01 00:00:00', '2017-10-16 14:30:03', '1', '2017101683793679', '0.08', '0.08', '0.00', '0.00', '0.00', '0.00', '', '0.01', '0.00', '0.07', '微信小程序支付', '0.00', '0.00');
INSERT INTO `himall_accountdetails` VALUES ('10', '247', '372', '绝妙发型屋', '2017-10-16 15:22:14', '0001-01-01 00:00:00', '2017-10-16 15:22:14', '1', '2017101636071290', '0.10', '0.10', '0.00', '0.00', '0.00', '0.00', '', '0.00', '0.00', '0.10', '微信小程序支付', '0.03', '0.00');
INSERT INTO `himall_accountdetails` VALUES ('11', '248', '372', '绝妙发型屋', '2017-10-16 15:22:14', '0001-01-01 00:00:00', '2017-10-16 15:22:14', '1', '2017101695379952', '0.08', '0.08', '0.00', '0.00', '0.00', '0.00', '', '0.01', '0.00', '0.07', '微信小程序支付', '0.00', '0.00');
INSERT INTO `himall_accountdetails` VALUES ('12', '249', '372', '绝妙发型屋', '2017-10-16 15:22:14', '0001-01-01 00:00:00', '2017-10-16 15:22:14', '1', '2017101662322841', '0.06', '0.06', '0.00', '0.00', '0.00', '0.00', '', '0.01', '0.00', '0.05', '微信小程序支付', '0.00', '0.00');
INSERT INTO `himall_accountdetails` VALUES ('13', '250', '372', '绝妙发型屋', '2017-10-18 20:27:39', '0001-01-01 00:00:00', '2017-10-18 20:27:39', '1', '2017101806421582', '0.07', '0.07', '0.00', '0.00', '0.00', '0.00', '', '0.01', '0.00', '0.06', '微信小程序支付', '0.00', '0.00');
INSERT INTO `himall_accountdetails` VALUES ('14', '251', '372', '绝妙发型屋', '2017-10-18 20:27:39', '0001-01-01 00:00:00', '2017-10-18 20:27:39', '1', '2017101829835258', '0.10', '0.10', '0.00', '0.00', '0.00', '0.00', '', '0.00', '0.00', '0.10', '微信小程序支付', '0.04', '0.00');

-- ----------------------------
-- Table structure for `himall_accountmeta`
-- ----------------------------
DROP TABLE IF EXISTS `himall_accountmeta`;
CREATE TABLE `himall_accountmeta` (
  `Id` bigint(20) NOT NULL AUTO_INCREMENT,
  `AccountId` bigint(20) NOT NULL,
  `MetaKey` varchar(100) NOT NULL,
  `MetaValue` text NOT NULL,
  `ServiceStartTime` datetime NOT NULL COMMENT '营销服务开始时间',
  `ServiceEndTime` datetime NOT NULL COMMENT '营销服务结束时间',
  PRIMARY KEY (`Id`)
) ENGINE=InnoDB AUTO_INCREMENT=27 DEFAULT CHARSET=utf8 ROW_FORMAT=COMPACT;

-- ----------------------------
-- Records of himall_accountmeta
-- ----------------------------

-- ----------------------------
-- Table structure for `himall_accountpurchaseagreement`
-- ----------------------------
DROP TABLE IF EXISTS `himall_accountpurchaseagreement`;
CREATE TABLE `himall_accountpurchaseagreement` (
  `Id` bigint(20) NOT NULL AUTO_INCREMENT,
  `AccountId` bigint(20) DEFAULT NULL,
  `ShopId` bigint(20) NOT NULL,
  `Date` datetime NOT NULL COMMENT '日期',
  `PurchaseAgreementId` bigint(20) NOT NULL,
  `AdvancePayment` decimal(18,2) NOT NULL COMMENT '预付款金额',
  `FinishDate` datetime NOT NULL COMMENT '平台审核时间',
  `ApplyDate` datetime DEFAULT NULL COMMENT '申请',
  PRIMARY KEY (`Id`),
  KEY `AccountId` (`AccountId`) USING BTREE,
  CONSTRAINT `himall_accountpurchaseagreement_ibfk_1` FOREIGN KEY (`AccountId`) REFERENCES `himall_accounts` (`Id`)
) ENGINE=InnoDB DEFAULT CHARSET=gbk ROW_FORMAT=COMPACT;

-- ----------------------------
-- Records of himall_accountpurchaseagreement
-- ----------------------------

-- ----------------------------
-- Table structure for `himall_accounts`
-- ----------------------------
DROP TABLE IF EXISTS `himall_accounts`;
CREATE TABLE `himall_accounts` (
  `Id` bigint(20) NOT NULL AUTO_INCREMENT,
  `ShopId` bigint(20) NOT NULL COMMENT '店铺ID',
  `ShopName` varchar(100) NOT NULL COMMENT '店铺名称',
  `AccountDate` datetime NOT NULL COMMENT '出账日期',
  `StartDate` datetime NOT NULL COMMENT '开始时间',
  `EndDate` datetime NOT NULL COMMENT '结束时间',
  `Status` int(11) NOT NULL COMMENT '枚举 0未结账，1已结账',
  `ProductActualPaidAmount` decimal(18,2) NOT NULL COMMENT '商品实付总额',
  `FreightAmount` decimal(18,2) NOT NULL COMMENT '运费',
  `CommissionAmount` decimal(18,2) NOT NULL COMMENT '佣金',
  `RefundCommissionAmount` decimal(18,2) NOT NULL COMMENT '退还佣金',
  `RefundAmount` decimal(18,2) NOT NULL COMMENT '退款金额',
  `AdvancePaymentAmount` decimal(18,2) NOT NULL COMMENT '预付款总额',
  `PeriodSettlement` decimal(18,2) NOT NULL COMMENT '本期应结',
  `Remark` text,
  `Brokerage` decimal(18,2) NOT NULL DEFAULT '0.00' COMMENT '分销佣金',
  `ReturnBrokerage` decimal(18,2) NOT NULL DEFAULT '0.00' COMMENT '退还分销佣金',
  `OpenCommission` decimal(18,2) DEFAULT NULL COMMENT '开团奖励',
  `JoinCommission` decimal(18,2) DEFAULT NULL COMMENT '成团返现',
  PRIMARY KEY (`Id`)
) ENGINE=InnoDB AUTO_INCREMENT=252 DEFAULT CHARSET=utf8 ROW_FORMAT=COMPACT;

-- ----------------------------
-- Records of himall_accounts
-- ----------------------------
INSERT INTO `himall_accounts` VALUES ('238', '0', '订单结算', '2017-10-14 18:46:22', '2017-10-14 18:46:22', '2017-10-14 18:46:22', '1', '0.10', '0.00', '0.00', '0.00', '0.00', '0.00', '0.10', null, '0.00', '0.00', '0.03', '0.00');
INSERT INTO `himall_accounts` VALUES ('239', '0', '订单结算', '2017-10-14 18:46:22', '2017-10-14 18:46:22', '2017-10-14 18:46:22', '1', '0.08', '0.00', '0.00', '0.00', '0.00', '0.00', '0.07', null, '0.01', '0.00', '0.00', '0.00');
INSERT INTO `himall_accounts` VALUES ('240', '0', '订单结算', '2017-10-14 19:40:09', '2017-10-14 19:40:09', '2017-10-14 19:40:09', '1', '0.10', '0.00', '0.00', '0.00', '0.00', '0.00', '0.10', null, '0.00', '0.00', '0.04', '0.00');
INSERT INTO `himall_accounts` VALUES ('241', '0', '订单结算', '2017-10-14 19:40:09', '2017-10-14 19:40:09', '2017-10-14 19:40:09', '1', '0.07', '0.00', '0.00', '0.00', '0.00', '0.00', '0.06', null, '0.01', '0.00', '0.00', '0.00');
INSERT INTO `himall_accounts` VALUES ('242', '0', '订单结算', '2017-10-16 11:47:50', '2017-10-16 11:47:50', '2017-10-16 11:47:50', '1', '0.10', '0.00', '0.00', '0.00', '0.00', '0.00', '0.10', null, '0.00', '0.00', '0.04', '0.00');
INSERT INTO `himall_accounts` VALUES ('243', '0', '订单结算', '2017-10-16 11:47:50', '2017-10-16 11:47:50', '2017-10-16 11:47:50', '1', '0.06', '0.00', '0.00', '0.00', '0.00', '0.00', '0.03', null, '0.03', '0.00', '0.00', '0.00');
INSERT INTO `himall_accounts` VALUES ('244', '0', '订单结算', '2017-10-16 14:30:03', '2017-10-16 14:30:03', '2017-10-16 14:30:03', '1', '0.10', '0.00', '0.00', '0.00', '0.00', '0.00', '0.10', null, '0.00', '0.00', '0.03', '0.00');
INSERT INTO `himall_accounts` VALUES ('245', '0', '订单结算', '2017-10-16 14:30:03', '2017-10-16 14:30:03', '2017-10-16 14:30:03', '1', '0.06', '0.00', '0.00', '0.00', '0.00', '0.00', '0.05', null, '0.01', '0.00', '0.00', '0.00');
INSERT INTO `himall_accounts` VALUES ('246', '0', '订单结算', '2017-10-16 14:30:03', '2017-10-16 14:30:03', '2017-10-16 14:30:03', '1', '0.08', '0.00', '0.00', '0.00', '0.00', '0.00', '0.07', null, '0.01', '0.00', '0.00', '0.00');
INSERT INTO `himall_accounts` VALUES ('247', '0', '订单结算', '2017-10-16 15:22:14', '2017-10-16 15:22:14', '2017-10-16 15:22:14', '1', '0.10', '0.00', '0.00', '0.00', '0.00', '0.00', '0.10', null, '0.00', '0.00', '0.03', '0.00');
INSERT INTO `himall_accounts` VALUES ('248', '0', '订单结算', '2017-10-16 15:22:14', '2017-10-16 15:22:14', '2017-10-16 15:22:14', '1', '0.08', '0.00', '0.00', '0.00', '0.00', '0.00', '0.07', null, '0.01', '0.00', '0.00', '0.00');
INSERT INTO `himall_accounts` VALUES ('249', '0', '订单结算', '2017-10-16 15:22:14', '2017-10-16 15:22:14', '2017-10-16 15:22:14', '1', '0.06', '0.00', '0.00', '0.00', '0.00', '0.00', '0.05', null, '0.01', '0.00', '0.00', '0.00');
INSERT INTO `himall_accounts` VALUES ('250', '0', '订单结算', '2017-10-18 20:27:39', '2017-10-18 20:27:39', '2017-10-18 20:27:39', '1', '0.07', '0.00', '0.00', '0.00', '0.00', '0.00', '0.06', null, '0.01', '0.00', '0.00', '0.00');
INSERT INTO `himall_accounts` VALUES ('251', '0', '订单结算', '2017-10-18 20:27:39', '2017-10-18 20:27:39', '2017-10-18 20:27:39', '1', '0.10', '0.00', '0.00', '0.00', '0.00', '0.00', '0.10', null, '0.00', '0.00', '0.04', '0.00');

-- ----------------------------
-- Table structure for `himall_active`
-- ----------------------------
DROP TABLE IF EXISTS `himall_active`;
CREATE TABLE `himall_active` (
  `Id` bigint(20) NOT NULL AUTO_INCREMENT COMMENT '编号',
  `ShopId` bigint(20) NOT NULL COMMENT '店铺编号',
  `ActiveName` varchar(200) NOT NULL COMMENT '活动名称',
  `StartTime` datetime NOT NULL COMMENT '开始时间',
  `EndTime` datetime NOT NULL COMMENT '结束时间',
  `IsAllProduct` tinyint(1) NOT NULL DEFAULT '1' COMMENT '是否全部商品',
  `IsAllStore` tinyint(1) NOT NULL DEFAULT '1' COMMENT '是否全部门店',
  `ActiveType` int(11) NOT NULL COMMENT '活动类型',
  `ActiveStatus` int(11) NOT NULL DEFAULT '0' COMMENT '活动状态',
  PRIMARY KEY (`Id`),
  KEY `IDX_Himall_Active_StartTime` (`StartTime`),
  KEY `IDX_Himall_Active_EndTime` (`EndTime`)
) ENGINE=InnoDB AUTO_INCREMENT=69 DEFAULT CHARSET=utf8 COMMENT='营销活动表';

-- ----------------------------
-- Records of himall_active
-- ----------------------------

-- ----------------------------
-- Table structure for `himall_activemarketservice`
-- ----------------------------
DROP TABLE IF EXISTS `himall_activemarketservice`;
CREATE TABLE `himall_activemarketservice` (
  `Id` bigint(20) NOT NULL AUTO_INCREMENT,
  `TypeId` int(11) NOT NULL COMMENT '营销服务类型ID',
  `ShopId` bigint(20) NOT NULL,
  `ShopName` varchar(100) NOT NULL,
  PRIMARY KEY (`Id`)
) ENGINE=InnoDB AUTO_INCREMENT=70 DEFAULT CHARSET=utf8 ROW_FORMAT=COMPACT;

-- ----------------------------
-- Records of himall_activemarketservice
-- ----------------------------
INSERT INTO `himall_activemarketservice` VALUES ('38', '5', '1', '官方自营店');
INSERT INTO `himall_activemarketservice` VALUES ('39', '4', '1', '官方自营店');
INSERT INTO `himall_activemarketservice` VALUES ('40', '1', '1', '官方自营店');
INSERT INTO `himall_activemarketservice` VALUES ('41', '2', '1', '官方自营店');
INSERT INTO `himall_activemarketservice` VALUES ('42', '3', '1', '官方自营店');
INSERT INTO `himall_activemarketservice` VALUES ('43', '2', '308', '小维原创女装');
INSERT INTO `himall_activemarketservice` VALUES ('44', '1', '309', '豆子日用品');
INSERT INTO `himall_activemarketservice` VALUES ('45', '2', '309', '豆子日用品');
INSERT INTO `himall_activemarketservice` VALUES ('65', '5', '309', '豆子日用品');
INSERT INTO `himall_activemarketservice` VALUES ('66', '5', '306', '面道');
INSERT INTO `himall_activemarketservice` VALUES ('67', '5', '308', '米兰小镇');
INSERT INTO `himall_activemarketservice` VALUES ('68', '1', '306', '面道');
INSERT INTO `himall_activemarketservice` VALUES ('69', '4', '306', '面道');

-- ----------------------------
-- Table structure for `himall_activeproducts`
-- ----------------------------
DROP TABLE IF EXISTS `himall_activeproducts`;
CREATE TABLE `himall_activeproducts` (
  `Id` int(11) NOT NULL AUTO_INCREMENT COMMENT '编号',
  `ActiveId` bigint(20) NOT NULL COMMENT '活动编号',
  `ProductId` bigint(20) NOT NULL COMMENT '产品编号 -1表示所有商品',
  PRIMARY KEY (`Id`),
  KEY `IDX_Himall_Accts_ActiveId` (`ActiveId`),
  KEY `IDX_Himall_Accts_ProdcutId` (`ProductId`)
) ENGINE=InnoDB AUTO_INCREMENT=621 DEFAULT CHARSET=utf8 COMMENT='营销活动商品';

-- ----------------------------
-- Records of himall_activeproducts
-- ----------------------------

-- ----------------------------
-- Table structure for `himall_agentproducts`
-- ----------------------------
DROP TABLE IF EXISTS `himall_agentproducts`;
CREATE TABLE `himall_agentproducts` (
  `Id` bigint(20) NOT NULL AUTO_INCREMENT COMMENT '编号',
  `ProductId` bigint(20) NOT NULL COMMENT '推销商品ID',
  `ShopId` bigint(20) NOT NULL COMMENT '店铺Id',
  `UserId` bigint(20) NOT NULL COMMENT '用户名',
  `AddTime` datetime NOT NULL COMMENT '代理时间',
  PRIMARY KEY (`Id`),
  KEY `FK_Himall_AgentProducts_ProductId` (`ProductId`) USING BTREE,
  KEY `FK_Himall_AgentProducts_UserId` (`UserId`) USING BTREE,
  CONSTRAINT `FK_Himall_AgentProducts_ProductId` FOREIGN KEY (`ProductId`) REFERENCES `himall_products` (`Id`) ON DELETE CASCADE,
  CONSTRAINT `FK_Himall_AgentProducts_UserId` FOREIGN KEY (`UserId`) REFERENCES `himall_members` (`Id`) ON DELETE CASCADE
) ENGINE=InnoDB AUTO_INCREMENT=47 DEFAULT CHARSET=utf8 ROW_FORMAT=COMPACT;

-- ----------------------------
-- Records of himall_agentproducts
-- ----------------------------

-- ----------------------------
-- Table structure for `himall_agreement`
-- ----------------------------
DROP TABLE IF EXISTS `himall_agreement`;
CREATE TABLE `himall_agreement` (
  `Id` bigint(20) NOT NULL AUTO_INCREMENT,
  `AgreementType` int(4) NOT NULL COMMENT '协议类型 枚举 AgreementType：0买家注册协议，1卖家入驻协议',
  `AgreementContent` text NOT NULL COMMENT '协议内容',
  `LastUpdateTime` datetime DEFAULT NULL COMMENT '最后修改日期',
  PRIMARY KEY (`Id`)
) ENGINE=InnoDB AUTO_INCREMENT=5 DEFAULT CHARSET=gbk ROW_FORMAT=COMPACT;

-- ----------------------------
-- Records of himall_agreement
-- ----------------------------
INSERT INTO `himall_agreement` VALUES ('1', '0', '<div><p><strong>【审慎阅读】</strong>您在申请注册流程中点击同意前，应当认真阅读以下协议。<strongstyle=\"text-decoration:underline\">请您务必审慎阅读、充分理解协议中相关条款内容，其中包括：</strong></p><p>1、<strongstyle=\"text-decoration:underline\">与您约定免除或限制责任的条款；</strong></p><p>2、<strongstyle=\"text-decoration:underline\">与您约定法律适用和管辖的条款；</strong></p><p>3、<strongstyle=\"text-decoration:underline\">其他以粗体下划线标识的重要条款。</strong></p><p>如您对协议有任何疑问，可向平台客服咨询。</p><p><strong>【特别提示】</strong>当您按照注册页面提示填写信息、阅读并同意协议且完成全部注册程序后，即表示您已充分阅读、理解并接受协议的全部内容。如您因平台服务与Himall发生争议的，适用《Himall平台服务协议》处理。如您在使用平台服务过程中与其他用户发生争议的，依您与其他用户达成的协议处理。</p><p><strongstyle=\"text-decoration:underline\">阅读协议的过程中，如果您不同意相关协议或其中任何条款约定，您应立即停止注册程序。</strong></p><p><a target=\"_blank\">《Himall服务协议》</a></p><p><a target=\"_blank\">《法律声明及隐私权政策》</a></p><p><a target=\"_blank\"></a></p><pstyle=\"text-align:center\"></p></div>', '2015-07-15 16:54:35');
INSERT INTO `himall_agreement` VALUES ('2', '1', '<div class=\"board_content\"><p>	为了更好地开拓市场，更好地为本地客户服务，甲乙双方本着互惠互利的双赢策略，根据乙方崇左商城入驻条件，甲方申请入驻乙方商城，并完全接受乙方的规范，经友好协商，甲乙双方签署以下入驻协议。</p><p>	<br>一、&nbsp;入驻商家基本条件<br>1、&nbsp;有良好的合作意愿，能提供优质的商品，保证合作的顺利进行，并保证提供良好的售后服务；<br>2、&nbsp;甲方必须满足以下条件之一（符合其中一项即可）：<br>⑴授权商，获得国际或者国内知名品牌厂商的授权；<br>⑵拥有自己注册商标的生产型厂商；<br>⑶专业品牌经销商，代理商，B2C网站；<br>⑷专业品牌专卖店。<br>3、&nbsp;甲方应在签订本协议时向乙方提供（经乙方认可的）包括但不限于以下证明材料复印件：<br>⑴营业执照 (包括个体户营业执照)、税务登记证；<br>⑵拥有注册商标或者品牌，或者拥有正规的品牌授权书。<br>4、&nbsp;甲方承诺：<br>⑴所有商品一口价销售（参与打折、促销、秒杀活动除外）；<br>⑵七天无损坏不影响二次销售情况下换货(如商品无质量问题，且包装未破坏不影响二次销售，换货费用由买家承担，每张订单只提供一次换货服务；如属商品质量问题，换货费用由商家承担)；<br>⑶实体店地址变更应及时告知乙方；<br>⑷参加乙方全网积分购物活动；<br>⑸所有商品保证原厂正品，保障商品质量、承诺售后服务，必要时能提供销售发票。</p><p>	<br>二、&nbsp;入驻商铺类型<br>1、&nbsp;展示型商铺；<br>2、&nbsp;销售型商铺。</p><p>	&nbsp;</p><p>	三、入驻商铺等级</p><p>	1、普通商铺</p><p>	2、扶持商铺；</p><p>	3、拓展商铺；</p><p>	4、旗舰商铺。</p><p>	<br>三、&nbsp;商铺入驻开通流程<br>1、&nbsp;甲乙双方签署本协议；<br>2、&nbsp;甲方根据所选择商铺类型，提交相应的证明材料复印件；<br>3、&nbsp;在乙方非常商城注册，获取管理员账号；<br>4、&nbsp;乙方审核通过后，甲方即可发布商品并展示经营活动。</p><p>	<br>四、&nbsp;双方权利义务<br>甲方权利义务：<br>1、&nbsp;在本协议第一条规定范围内，甲方自行开拓市场与发展业务，不得以欺诈、胁迫等不正当手段损害客户或甲方的利益与声誉；<br>2、&nbsp;甲方妥善保管商铺管理员账号，如因甲方保管、设置或使用不当造成的经济损失，由甲方自行承担责任；<br>3、&nbsp;甲方在使用过程中如发现任何非法盗用乙方账号出现安全漏洞等情况，应立即通知乙方<br>4、&nbsp;甲方保证其所有经营活动完全符合中国有关法律、法规、行政规章等的规定。如因甲方违反上述规定给乙方带来任何损害，甲方应承担所有法律责任并赔偿由此给甲方造成的损失；<br>5、&nbsp;在协议有效期内，甲方不得向与乙方构成商业竞争关系的企业、商业机构或者组织提供有关乙方相关信息或者资料，否则对乙方造成损失的，由甲方负责赔偿。<br>乙方权利义务：<br>1、&nbsp;乙方对甲方提供必要的开店技术咨询，并保证商城系统平台能正常稳定运行；<br>2、&nbsp;如甲方是托管商铺，乙方应及时为甲方进行店铺更新并实时进行日常管理；<br>3、&nbsp;在本协议有效期限内，乙方有权根据市场情况对各种商铺入驻条件进行调整。</p><p>	<br>五、&nbsp;协议期限<br>本协议有效期为一年，自签订之日起生效。有效期满后，双方可视合作情况续约。</p><p>	六、&nbsp;协议变更、终止及违约责任<br>1、&nbsp;甲乙双方应本着诚实信用的原则履行本协议。任何一方在履约过程中采用欺诈、胁迫或者暴力的手段，另一方均可以解除本协议并要求对方赔偿由此造成的损失；<br>2、&nbsp;在协议执行期间，如果双方或一方认为需要终止，应提前一个月通知对方，双方在财务结算完毕、各自责任明确履行之后，方可终止协议。某方擅自终止本协议，给对方造成损失的，应赔偿对方损失；<br>3、&nbsp;经双方协商达成一致，可以对本协议有关条款进行变更，但应当以书面形式确认；<br>4、&nbsp;一方变更通讯地址或其它联系方式，应自变更之日起十日内，将变更后的地址、联系方式通知另一方，否则变更方应对此造成的一切后果承担责任；<br>5、&nbsp;如因客观情况发生重大变化，致使本协议无继续法履行的，经甲乙双方协商同意，可以变更或者终止协议的履行。</p><p><br>七、&nbsp;保密条款<br>1、甲、乙双方所提供给对方的一切资料、技术和对项目的策划设计要严保密，并只能在合作双方公司的业务范围内使用；<br>2、甲、乙双方均应对在合作过程中所知悉的对的商业和技术秘密承担保密义务。保密条款不受本协议期限的限制。</p><p>	<br>八、&nbsp;争解决<br>在本协议执行期间如果双方发生争议，双方应友好协商解决。如果协商不成，双方同意提交崇左市仲裁委员会进行仲裁，接受其仲裁规则，并服从该仲裁裁决，仲裁费由败诉方承担。争议的解适用中华人民共和国法律、法规、条例和计算机行业惯例。</p></div>', '2015-07-15 16:54:35');
INSERT INTO `himall_agreement` VALUES ('4', '2', '<p>Himall多用户网上商城系统（B2B2C），是由HiShop推出的一款主要面向中高端客户，为传统企业和大中型网商打造以提高商家运营能力为核心、全面抢占传统互联网＋移动互联网市场，类似京东、天猫的电子商务平台。</p><p><img src=\"/Storage/Plat/APP/About/c9c3442240ba4e898ad9d5dd6df5959d.png\" title=\"a1.png\" alt=\"a1.png\"/></p><p><img src=\"/Storage/Plat/APP/About/4a14c4a6c2ac43299d7385fef352ec2a.png\" title=\"a2.png\" alt=\"a2.png\"/></p><p>采用ASP.NET4.5技术进行分层开发，支持多供应商多店铺经营模式，颠覆了传统的商务模式，通过自营平台与入驻平台共存模式经营。配套微信商城和APP商城，充分挖掘巨大移动电商市场潜力。三大前端数据云同步、线上线下业务充分融合、丰富营销功能引流促销，是各类百货MALL、行业实体市场、电商产业园、行业协会、行业门户网站、各企业等开展平台类型电商业务的首选品牌。</p>', '2017-02-16 15:43:11');

-- ----------------------------
-- Table structure for `himall_appbasesafesetting`
-- ----------------------------
DROP TABLE IF EXISTS `himall_appbasesafesetting`;
CREATE TABLE `himall_appbasesafesetting` (
  `Id` bigint(20) NOT NULL AUTO_INCREMENT,
  `AppKey` varchar(50) NOT NULL,
  `AppSecret` varchar(50) NOT NULL,
  PRIMARY KEY (`Id`)
) ENGINE=InnoDB AUTO_INCREMENT=2 DEFAULT CHARSET=utf8 COMMENT='app数据基础安全设置';

-- ----------------------------
-- Records of himall_appbasesafesetting
-- ----------------------------
INSERT INTO `himall_appbasesafesetting` VALUES ('1', 'himalltest', 'has2f5zbd4');

-- ----------------------------
-- Table structure for `himall_applywithdraw`
-- ----------------------------
DROP TABLE IF EXISTS `himall_applywithdraw`;
CREATE TABLE `himall_applywithdraw` (
  `Id` bigint(20) NOT NULL AUTO_INCREMENT,
  `MemId` bigint(20) NOT NULL COMMENT '会员ID',
  `NickName` varchar(50) DEFAULT NULL COMMENT '微信昵称',
  `OpenId` varchar(50) DEFAULT NULL COMMENT 'OpenId',
  `ApplyStatus` int(11) NOT NULL COMMENT '申请状态',
  `ApplyAmount` decimal(18,2) NOT NULL DEFAULT '0.00' COMMENT '提现金额',
  `ApplyTime` datetime NOT NULL COMMENT '申请时间',
  `ConfirmTime` datetime DEFAULT NULL COMMENT '处理时间',
  `PayTime` datetime DEFAULT NULL COMMENT '付款时间',
  `PayNo` varchar(50) DEFAULT NULL COMMENT '付款流水号',
  `OpUser` varchar(50) DEFAULT NULL COMMENT '操作人',
  `Remark` varchar(200) DEFAULT NULL COMMENT '备注',
  PRIMARY KEY (`Id`)
) ENGINE=InnoDB AUTO_INCREMENT=10 DEFAULT CHARSET=utf8 ROW_FORMAT=COMPACT;

-- ----------------------------
-- Records of himall_applywithdraw
-- ----------------------------
INSERT INTO `himall_applywithdraw` VALUES ('9', '707', '浮生似水  -　 ', 'oi80Q0V9bKuCYtMMyJLIuv0Qbjrs', '1', '0.03', '2017-10-15 16:14:44', null, null, null, null, null);

-- ----------------------------
-- Table structure for `himall_appmessages`
-- ----------------------------
DROP TABLE IF EXISTS `himall_appmessages`;
CREATE TABLE `himall_appmessages` (
  `Id` int(20) NOT NULL AUTO_INCREMENT,
  `ShopId` bigint(20) DEFAULT NULL COMMENT '商家ID',
  `ShopBranchId` bigint(20) DEFAULT NULL COMMENT '门店ID',
  `TypeId` int(20) NOT NULL COMMENT '消息类型，对应枚举(1=订单，2=售后)',
  `SourceId` bigint(20) NOT NULL COMMENT '数据来源编号，对应订单ID或者售后ID',
  `Content` varchar(200) NOT NULL COMMENT '消息内容',
  `IsRead` tinyint(1) NOT NULL DEFAULT '0' COMMENT '是否已读',
  `sendtime` datetime NOT NULL,
  `Title` varchar(50) NOT NULL,
  `OrderPayDate` datetime DEFAULT NULL,
  PRIMARY KEY (`Id`)
) ENGINE=InnoDB AUTO_INCREMENT=636 DEFAULT CHARSET=utf8 COMMENT='APP消息通知表';

-- ----------------------------
-- Records of himall_appmessages
-- ----------------------------
INSERT INTO `himall_appmessages` VALUES ('497', '309', '0', '1', '2017092981013136', '2017092981013136 等待您发货', '0', '2017-09-29 20:32:03', '您有新的订单', '2017-09-29 20:32:02');
INSERT INTO `himall_appmessages` VALUES ('498', '309', '0', '1', '2017092995533988', '2017092995533988 等待您发货', '0', '2017-09-29 20:48:52', '您有新的订单', '2017-09-29 20:48:50');
INSERT INTO `himall_appmessages` VALUES ('499', '309', '0', '1', '2017092930099437', '2017092930099437 等待您发货', '0', '2017-09-29 21:06:40', '您有新的订单', '2017-09-29 21:06:39');
INSERT INTO `himall_appmessages` VALUES ('500', '309', '0', '1', '2017093090556110', '2017093090556110 等待您发货', '0', '2017-09-30 09:13:17', '您有新的订单', '2017-09-30 09:13:16');
INSERT INTO `himall_appmessages` VALUES ('501', '309', '0', '1', '2017093077766214', '2017093077766214 等待您发货', '0', '2017-09-30 16:53:32', '您有新的订单', '2017-09-30 16:53:30');
INSERT INTO `himall_appmessages` VALUES ('502', '309', '0', '1', '2017100275388815', '2017100275388815 等待您发货', '0', '2017-10-02 00:06:24', '您有新的订单', '2017-10-02 00:06:20');
INSERT INTO `himall_appmessages` VALUES ('503', '309', '0', '1', '2017100201149888', '2017100201149888 等待您发货', '0', '2017-10-02 00:09:40', '您有新的订单', '2017-10-02 00:09:38');
INSERT INTO `himall_appmessages` VALUES ('504', '309', '0', '1', '2017100211572941', '2017100211572941 等待您发货', '0', '2017-10-02 10:19:20', '您有新的订单', '2017-10-02 10:19:19');
INSERT INTO `himall_appmessages` VALUES ('505', '309', '0', '1', '2017100290762874', '2017100290762874 等待您发货', '0', '2017-10-02 13:33:41', '您有新的订单', '2017-10-02 13:33:39');
INSERT INTO `himall_appmessages` VALUES ('506', '309', '0', '1', '2017100341663182', '2017100341663182 等待您发货', '0', '2017-10-03 16:55:03', '您有新的订单', '2017-10-03 16:55:00');
INSERT INTO `himall_appmessages` VALUES ('507', '309', '0', '1', '2017100347161311', '2017100347161311 等待您发货', '0', '2017-10-03 17:48:04', '您有新的订单', '2017-10-03 17:48:02');
INSERT INTO `himall_appmessages` VALUES ('508', '309', '0', '1', '2017100336434806', '2017100336434806 等待您发货', '0', '2017-10-03 22:37:37', '您有新的订单', '2017-10-03 22:37:35');
INSERT INTO `himall_appmessages` VALUES ('509', '309', '0', '1', '2017100477030715', '2017100477030715 等待您发货', '0', '2017-10-04 11:12:52', '您有新的订单', '2017-10-04 11:12:52');
INSERT INTO `himall_appmessages` VALUES ('510', '309', '0', '1', '2017100597501920', '2017100597501920 等待您发货', '0', '2017-10-05 14:06:35', '您有新的订单', '2017-10-05 14:06:34');
INSERT INTO `himall_appmessages` VALUES ('511', '309', '0', '1', '2017100586208412', '2017100586208412 等待您发货', '0', '2017-10-05 20:20:32', '您有新的订单', '2017-10-05 20:20:30');
INSERT INTO `himall_appmessages` VALUES ('512', '309', '0', '1', '2017100585885980', '2017100585885980 等待您发货', '0', '2017-10-05 21:03:14', '您有新的订单', '2017-10-05 21:03:13');
INSERT INTO `himall_appmessages` VALUES ('513', '309', '0', '1', '2017100584377858', '2017100584377858 等待您发货', '0', '2017-10-05 21:06:53', '您有新的订单', '2017-10-05 21:06:52');
INSERT INTO `himall_appmessages` VALUES ('514', '309', '0', '1', '2017100537750603', '2017100537750603 等待您发货', '0', '2017-10-05 21:09:00', '您有新的订单', '2017-10-05 21:08:59');
INSERT INTO `himall_appmessages` VALUES ('515', '309', '0', '1', '2017100547096291', '2017100547096291 等待您发货', '0', '2017-10-05 22:12:18', '您有新的订单', '2017-10-05 22:12:17');
INSERT INTO `himall_appmessages` VALUES ('516', '309', '0', '1', '2017100552031900', '2017100552031900 等待您发货', '0', '2017-10-06 02:41:08', '您有新的订单', '2017-10-06 02:41:07');
INSERT INTO `himall_appmessages` VALUES ('517', '309', '0', '1', '2017100777252372', '2017100777252372 等待您发货', '0', '2017-10-07 17:08:46', '您有新的订单', '2017-10-07 17:08:45');
INSERT INTO `himall_appmessages` VALUES ('518', '309', '0', '1', '2017100754464690', '2017100754464690 等待您发货', '0', '2017-10-07 23:25:27', '您有新的订单', '2017-10-07 23:25:25');
INSERT INTO `himall_appmessages` VALUES ('519', '309', '0', '1', '2017100868012558', '2017100868012558 等待您发货', '0', '2017-10-08 18:24:34', '您有新的订单', '2017-10-08 18:24:32');
INSERT INTO `himall_appmessages` VALUES ('520', '309', '0', '1', '2017100844334695', '2017100844334695 等待您发货', '0', '2017-10-08 18:28:05', '您有新的订单', '2017-10-08 18:28:04');
INSERT INTO `himall_appmessages` VALUES ('521', '309', '0', '1', '2017100829446459', '2017100829446459 等待您发货', '0', '2017-10-08 23:35:32', '您有新的订单', '2017-10-08 23:35:31');
INSERT INTO `himall_appmessages` VALUES ('522', '309', '0', '1', '2017100818879092', '2017100818879092 等待您发货', '0', '2017-10-08 23:43:25', '您有新的订单', '2017-10-08 23:43:23');
INSERT INTO `himall_appmessages` VALUES ('523', '309', '0', '1', '2017100992728816', '2017100992728816 等待您发货', '0', '2017-10-09 00:17:39', '您有新的订单', '2017-10-09 00:17:38');
INSERT INTO `himall_appmessages` VALUES ('524', '309', '0', '1', '2017100917688151', '2017100917688151 等待您发货', '0', '2017-10-09 00:26:20', '您有新的订单', '2017-10-09 00:26:19');
INSERT INTO `himall_appmessages` VALUES ('525', '309', '0', '1', '2017100977688389', '2017100977688389 等待您发货', '0', '2017-10-09 09:03:28', '您有新的订单', '2017-10-09 09:03:27');
INSERT INTO `himall_appmessages` VALUES ('526', '309', '0', '1', '2017100936597757', '2017100936597757 等待您发货', '0', '2017-10-09 09:52:12', '您有新的订单', '2017-10-09 09:52:11');
INSERT INTO `himall_appmessages` VALUES ('527', '309', '0', '1', '2017100946225823', '2017100946225823 等待您发货', '0', '2017-10-09 09:53:53', '您有新的订单', '2017-10-09 09:53:52');
INSERT INTO `himall_appmessages` VALUES ('528', '309', '0', '1', '2017100981843614', '2017100981843614 等待您发货', '0', '2017-10-09 10:03:47', '您有新的订单', '2017-10-09 10:03:45');
INSERT INTO `himall_appmessages` VALUES ('529', '309', '0', '1', '2017100940342144', '2017100940342144 等待您发货', '0', '2017-10-09 14:02:10', '您有新的订单', '2017-10-09 14:02:08');
INSERT INTO `himall_appmessages` VALUES ('530', '309', '0', '1', '2017100991480736', '2017100991480736 等待您发货', '0', '2017-10-09 14:07:34', '您有新的订单', '2017-10-09 14:07:32');
INSERT INTO `himall_appmessages` VALUES ('531', '309', '0', '1', '2017100920693047', '2017100920693047 等待您发货', '0', '2017-10-09 15:14:00', '您有新的订单', '2017-10-09 15:13:57');
INSERT INTO `himall_appmessages` VALUES ('532', '309', '0', '1', '2017100969767999', '2017100969767999 等待您发货', '0', '2017-10-09 15:35:06', '您有新的订单', '2017-10-09 15:35:04');
INSERT INTO `himall_appmessages` VALUES ('533', '309', '0', '1', '2017100916406437', '2017100916406437 等待您发货', '0', '2017-10-09 17:15:39', '您有新的订单', '2017-10-09 17:15:37');
INSERT INTO `himall_appmessages` VALUES ('534', '309', '0', '1', '2017100935737852', '2017100935737852 等待您发货', '0', '2017-10-09 17:23:01', '您有新的订单', '2017-10-09 17:22:59');
INSERT INTO `himall_appmessages` VALUES ('535', '309', '0', '1', '2017100994761548', '2017100994761548 等待您发货', '0', '2017-10-09 17:33:31', '您有新的订单', '2017-10-09 17:33:29');
INSERT INTO `himall_appmessages` VALUES ('536', '309', '0', '1', '2017100995396824', '2017100995396824 等待您发货', '0', '2017-10-09 17:34:31', '您有新的订单', '2017-10-09 17:34:29');
INSERT INTO `himall_appmessages` VALUES ('537', '363', '0', '1', '2017100981784626', '2017100981784626 等待您发货', '0', '2017-10-09 23:47:23', '您有新的订单', '2017-10-09 23:47:22');
INSERT INTO `himall_appmessages` VALUES ('538', '363', '0', '1', '2017101029720640', '2017101029720640 等待您发货', '0', '2017-10-10 09:57:09', '您有新的订单', '2017-10-10 09:57:07');
INSERT INTO `himall_appmessages` VALUES ('539', '362', '0', '1', '2017101033038827', '2017101033038827 等待您发货', '0', '2017-10-10 10:31:44', '您有新的订单', '2017-10-10 10:31:43');
INSERT INTO `himall_appmessages` VALUES ('540', '362', '0', '1', '2017101030322679', '2017101030322679 等待您发货', '0', '2017-10-10 10:55:28', '您有新的订单', '2017-10-10 10:55:25');
INSERT INTO `himall_appmessages` VALUES ('541', '362', '0', '1', '2017101011922636', '2017101011922636 等待您发货', '0', '2017-10-10 11:07:38', '您有新的订单', '2017-10-10 11:07:36');
INSERT INTO `himall_appmessages` VALUES ('542', '363', '0', '1', '2017101032621794', '2017101032621794 等待您发货', '0', '2017-10-10 11:54:09', '您有新的订单', '2017-10-10 11:54:07');
INSERT INTO `himall_appmessages` VALUES ('543', '363', '0', '1', '2017101003705326', '2017101003705326 等待您发货', '0', '2017-10-10 12:00:04', '您有新的订单', '2017-10-10 12:00:02');
INSERT INTO `himall_appmessages` VALUES ('544', '363', '0', '1', '2017101090402104', '2017101090402104 等待您发货', '0', '2017-10-10 14:12:34', '您有新的订单', '2017-10-10 14:12:32');
INSERT INTO `himall_appmessages` VALUES ('545', '363', '0', '1', '2017101002213210', '2017101002213210 等待您发货', '0', '2017-10-10 14:14:45', '您有新的订单', '2017-10-10 14:14:43');
INSERT INTO `himall_appmessages` VALUES ('546', '363', '0', '1', '2017101034852549', '2017101034852549 等待您发货', '0', '2017-10-10 14:34:27', '您有新的订单', '2017-10-10 14:34:26');
INSERT INTO `himall_appmessages` VALUES ('547', '363', '0', '1', '2017101057580311', '2017101057580311 等待您发货', '0', '2017-10-10 14:34:53', '您有新的订单', '2017-10-10 14:34:52');
INSERT INTO `himall_appmessages` VALUES ('548', '363', '0', '1', '2017101060029261', '2017101060029261 等待您发货', '0', '2017-10-10 14:55:52', '您有新的订单', '2017-10-10 14:55:51');
INSERT INTO `himall_appmessages` VALUES ('549', '363', '0', '1', '2017101030309319', '2017101030309319 等待您发货', '0', '2017-10-10 15:38:27', '您有新的订单', '2017-10-10 15:38:27');
INSERT INTO `himall_appmessages` VALUES ('550', '363', '0', '1', '2017101012636729', '2017101012636729 等待您发货', '0', '2017-10-10 15:46:17', '您有新的订单', '2017-10-10 15:46:16');
INSERT INTO `himall_appmessages` VALUES ('551', '363', '0', '1', '2017101058484327', '2017101058484327 等待您发货', '0', '2017-10-10 16:55:04', '您有新的订单', '2017-10-10 16:55:03');
INSERT INTO `himall_appmessages` VALUES ('552', '363', '0', '1', '2017101004081096', '2017101004081096 等待您发货', '0', '2017-10-10 17:01:14', '您有新的订单', '2017-10-10 17:01:12');
INSERT INTO `himall_appmessages` VALUES ('553', '309', '0', '2', '367', '2017100477030715 等待您审核', '0', '2017-10-10 19:45:21', '您有新的售后申请', '2017-10-04 11:12:52');
INSERT INTO `himall_appmessages` VALUES ('554', '309', '0', '2', '368', '2017093077766214 等待您审核', '0', '2017-10-10 20:16:05', '您有新的售后申请', '2017-09-30 16:53:30');
INSERT INTO `himall_appmessages` VALUES ('555', '309', '0', '1', '2017100448453535', '2017100448453535 等待您发货', '0', '2017-10-10 21:01:06', '您有新的订单', '2017-10-10 21:01:06');
INSERT INTO `himall_appmessages` VALUES ('556', '363', '0', '1', '2017101044599862', '2017101044599862 等待您发货', '0', '2017-10-10 22:42:39', '您有新的订单', '2017-10-10 22:42:38');
INSERT INTO `himall_appmessages` VALUES ('557', '363', '0', '1', '2017101152793271', '2017101152793271 等待您发货', '0', '2017-10-11 16:38:51', '您有新的订单', '2017-10-11 16:38:49');
INSERT INTO `himall_appmessages` VALUES ('558', '363', '0', '1', '2017101177835018', '2017101177835018 等待您发货', '0', '2017-10-11 17:02:19', '您有新的订单', '2017-10-11 17:02:17');
INSERT INTO `himall_appmessages` VALUES ('559', '363', '0', '2', '369', '2017101060029261 等待您审核', '0', '2017-10-11 22:12:03', '您有新的售后申请', '2017-10-10 14:55:51');
INSERT INTO `himall_appmessages` VALUES ('560', '363', '0', '1', '2017101115210988', '2017101115210988 等待您发货', '0', '2017-10-11 22:12:38', '您有新的订单', '2017-10-11 22:12:37');
INSERT INTO `himall_appmessages` VALUES ('561', '363', '0', '1', '2017101165434851', '2017101165434851 等待您发货', '0', '2017-10-11 22:16:00', '您有新的订单', '2017-10-11 22:15:58');
INSERT INTO `himall_appmessages` VALUES ('562', '363', '0', '1', '2017101179871078', '2017101179871078 等待您发货', '0', '2017-10-11 22:20:47', '您有新的订单', '2017-10-11 22:20:45');
INSERT INTO `himall_appmessages` VALUES ('563', '363', '0', '1', '2017101135465979', '2017101135465979 等待您发货', '0', '2017-10-11 22:23:54', '您有新的订单', '2017-10-11 22:23:52');
INSERT INTO `himall_appmessages` VALUES ('564', '363', '0', '1', '2017101247953699', '2017101247953699 等待您发货', '0', '2017-10-12 11:28:40', '您有新的订单', '2017-10-12 11:28:39');
INSERT INTO `himall_appmessages` VALUES ('565', '362', '0', '1', '2017101045324621', '2017101045324621 等待您发货', '0', '2017-10-12 11:47:50', '您有新的订单', '2017-10-12 11:47:49');
INSERT INTO `himall_appmessages` VALUES ('566', '363', '0', '1', '2017101250935000', '2017101250935000 等待您发货', '0', '2017-10-12 12:04:38', '您有新的订单', '2017-10-12 12:04:37');
INSERT INTO `himall_appmessages` VALUES ('567', '363', '0', '1', '2017101212433781', '2017101212433781 等待您发货', '0', '2017-10-12 12:08:54', '您有新的订单', '2017-10-12 12:08:53');
INSERT INTO `himall_appmessages` VALUES ('568', '363', '0', '1', '2017101215003539', '2017101215003539 等待您发货', '0', '2017-10-12 12:13:41', '您有新的订单', '2017-10-12 12:13:41');
INSERT INTO `himall_appmessages` VALUES ('569', '363', '0', '1', '2017101229074116', '2017101229074116 等待您发货', '0', '2017-10-12 14:20:55', '您有新的订单', '2017-10-12 14:20:53');
INSERT INTO `himall_appmessages` VALUES ('570', '363', '0', '1', '2017101271361345', '2017101271361345 等待您发货', '0', '2017-10-12 14:48:01', '您有新的订单', '2017-10-12 14:47:58');
INSERT INTO `himall_appmessages` VALUES ('571', '363', '0', '1', '2017101249499039', '2017101249499039 等待您发货', '0', '2017-10-12 14:52:42', '您有新的订单', '2017-10-12 14:52:41');
INSERT INTO `himall_appmessages` VALUES ('572', '363', '0', '1', '2017101236967928', '2017101236967928 等待您发货', '0', '2017-10-12 15:04:09', '您有新的订单', '2017-10-12 15:04:08');
INSERT INTO `himall_appmessages` VALUES ('573', '363', '0', '1', '2017101227892099', '2017101227892099 等待您发货', '0', '2017-10-12 15:06:23', '您有新的订单', '2017-10-12 15:06:23');
INSERT INTO `himall_appmessages` VALUES ('574', '363', '0', '1', '2017101245447881', '2017101245447881 等待您发货', '0', '2017-10-12 15:07:09', '您有新的订单', '2017-10-12 15:07:08');
INSERT INTO `himall_appmessages` VALUES ('575', '363', '0', '1', '2017101206795851', '2017101206795851 等待您发货', '0', '2017-10-12 15:09:31', '您有新的订单', '2017-10-12 15:09:30');
INSERT INTO `himall_appmessages` VALUES ('576', '363', '0', '1', '2017101270194590', '2017101270194590 等待您发货', '0', '2017-10-12 16:09:06', '您有新的订单', '2017-10-12 16:09:04');
INSERT INTO `himall_appmessages` VALUES ('577', '363', '0', '1', '2017101238552964', '2017101238552964 等待您发货', '0', '2017-10-12 16:10:45', '您有新的订单', '2017-10-12 16:10:43');
INSERT INTO `himall_appmessages` VALUES ('578', '363', '0', '1', '2017101274164898', '2017101274164898 等待您发货', '0', '2017-10-12 16:28:34', '您有新的订单', '2017-10-12 16:28:33');
INSERT INTO `himall_appmessages` VALUES ('579', '363', '0', '1', '2017101247732358', '2017101247732358 等待您发货', '0', '2017-10-12 19:32:20', '您有新的订单', '2017-10-12 19:32:19');
INSERT INTO `himall_appmessages` VALUES ('580', '363', '0', '1', '2017101279712051', '2017101279712051 等待您发货', '0', '2017-10-12 19:32:55', '您有新的订单', '2017-10-12 19:32:54');
INSERT INTO `himall_appmessages` VALUES ('581', '363', '0', '1', '2017101263651717', '2017101263651717 等待您发货', '0', '2017-10-12 20:35:30', '您有新的订单', '2017-10-12 20:35:29');
INSERT INTO `himall_appmessages` VALUES ('582', '363', '0', '1', '2017101251252941', '2017101251252941 等待您发货', '0', '2017-10-12 20:37:19', '您有新的订单', '2017-10-12 20:37:18');
INSERT INTO `himall_appmessages` VALUES ('583', '363', '0', '1', '2017101218059637', '2017101218059637 等待您发货', '0', '2017-10-12 20:38:39', '您有新的订单', '2017-10-12 20:38:38');
INSERT INTO `himall_appmessages` VALUES ('584', '363', '0', '1', '2017101356709722', '2017101356709722 等待您发货', '0', '2017-10-13 07:48:29', '您有新的订单', '2017-10-13 07:48:28');
INSERT INTO `himall_appmessages` VALUES ('585', '363', '0', '1', '2017101395304247', '2017101395304247 等待您发货', '0', '2017-10-13 09:28:13', '您有新的订单', '2017-10-13 09:28:11');
INSERT INTO `himall_appmessages` VALUES ('586', '363', '0', '1', '2017101315790491', '2017101315790491 等待您发货', '0', '2017-10-13 09:30:43', '您有新的订单', '2017-10-13 09:30:41');
INSERT INTO `himall_appmessages` VALUES ('587', '363', '0', '1', '2017101315866368', '2017101315866368 等待您发货', '0', '2017-10-13 11:19:07', '您有新的订单', '2017-10-13 11:19:05');
INSERT INTO `himall_appmessages` VALUES ('588', '363', '0', '1', '2017101308216232', '2017101308216232 等待您发货', '0', '2017-10-13 14:39:11', '您有新的订单', '2017-10-13 14:39:10');
INSERT INTO `himall_appmessages` VALUES ('589', '363', '0', '1', '2017101348406121', '2017101348406121 等待您发货', '0', '2017-10-13 14:51:47', '您有新的订单', '2017-10-13 14:51:46');
INSERT INTO `himall_appmessages` VALUES ('590', '363', '0', '2', '370', '2017101177835018 等待您审核', '0', '2017-10-13 14:55:19', '您有新的售后申请', '2017-10-11 17:02:17');
INSERT INTO `himall_appmessages` VALUES ('591', '363', '0', '1', '2017101315959915', '2017101315959915 等待您发货', '0', '2017-10-13 14:55:44', '您有新的订单', '2017-10-13 14:55:43');
INSERT INTO `himall_appmessages` VALUES ('592', '363', '0', '1', '2017101390751076', '2017101390751076 等待您发货', '0', '2017-10-13 15:24:01', '您有新的订单', '2017-10-13 15:24:00');
INSERT INTO `himall_appmessages` VALUES ('593', '363', '0', '1', '2017101327288714', '2017101327288714 等待您发货', '0', '2017-10-13 16:18:17', '您有新的订单', '2017-10-13 16:18:16');
INSERT INTO `himall_appmessages` VALUES ('594', '363', '0', '1', '2017101330260850', '2017101330260850 等待您发货', '0', '2017-10-13 16:42:39', '您有新的订单', '2017-10-13 16:42:38');
INSERT INTO `himall_appmessages` VALUES ('595', '363', '0', '1', '2017101339583031', '2017101339583031 等待您发货', '0', '2017-10-13 16:48:12', '您有新的订单', '2017-10-13 16:48:11');
INSERT INTO `himall_appmessages` VALUES ('596', '363', '0', '1', '2017101396641378', '2017101396641378 等待您发货', '0', '2017-10-13 17:28:09', '您有新的订单', '2017-10-13 17:28:07');
INSERT INTO `himall_appmessages` VALUES ('597', '363', '0', '1', '2017101350742765', '2017101350742765 等待您发货', '0', '2017-10-13 17:29:31', '您有新的订单', '2017-10-13 17:29:30');
INSERT INTO `himall_appmessages` VALUES ('598', '372', '0', '1', '2017101476243099', '2017101476243099 等待您发货', '0', '2017-10-14 12:51:53', '您有新的订单', '2017-10-14 12:51:52');
INSERT INTO `himall_appmessages` VALUES ('599', '369', '0', '1', '2017101495526767', '2017101495526767 等待您发货', '0', '2017-10-14 16:28:55', '您有新的订单', '2017-10-14 16:28:53');
INSERT INTO `himall_appmessages` VALUES ('600', '369', '0', '1', '2017101429194858', '2017101429194858 等待您发货', '0', '2017-10-14 16:43:10', '您有新的订单', '2017-10-14 16:43:08');
INSERT INTO `himall_appmessages` VALUES ('601', '372', '0', '1', '2017101409876338', '2017101409876338 等待您发货', '0', '2017-10-14 18:46:22', '您有新的订单', '2017-10-14 18:46:21');
INSERT INTO `himall_appmessages` VALUES ('602', '372', '0', '1', '2017101489836459', '2017101489836459 等待您发货', '0', '2017-10-14 19:39:31', '您有新的订单', '2017-10-14 19:39:29');
INSERT INTO `himall_appmessages` VALUES ('603', '372', '0', '1', '2017101415814352', '2017101415814352 等待您发货', '0', '2017-10-14 19:40:08', '您有新的订单', '2017-10-14 19:40:07');
INSERT INTO `himall_appmessages` VALUES ('604', '372', '0', '1', '2017101578963583', '2017101578963583 等待您发货', '0', '2017-10-15 16:41:29', '您有新的订单', '2017-10-15 16:41:27');
INSERT INTO `himall_appmessages` VALUES ('605', '372', '0', '1', '2017101606197914', '2017101606197914 等待您发货', '0', '2017-10-16 09:58:59', '您有新的订单', '2017-10-16 09:58:57');
INSERT INTO `himall_appmessages` VALUES ('606', '372', '0', '1', '2017101623934439', '2017101623934439 等待您发货', '0', '2017-10-16 10:16:35', '您有新的订单', '2017-10-16 10:16:33');
INSERT INTO `himall_appmessages` VALUES ('607', '372', '0', '1', '2017101646165489', '2017101646165489 等待您发货', '0', '2017-10-16 10:32:27', '您有新的订单', '2017-10-16 10:32:26');
INSERT INTO `himall_appmessages` VALUES ('608', '372', '0', '1', '2017101634885211', '2017101634885211 等待您发货', '0', '2017-10-16 11:28:24', '您有新的订单', '2017-10-16 11:28:22');
INSERT INTO `himall_appmessages` VALUES ('609', '372', '0', '1', '2017101692670530', '2017101692670530 等待您发货', '0', '2017-10-16 11:31:31', '您有新的订单', '2017-10-16 11:31:29');
INSERT INTO `himall_appmessages` VALUES ('610', '372', '0', '1', '2017101634949829', '2017101634949829 等待您发货', '0', '2017-10-16 11:47:50', '您有新的订单', '2017-10-16 11:47:29');
INSERT INTO `himall_appmessages` VALUES ('611', '372', '0', '1', '2017101662489253', '2017101662489253 等待您发货', '0', '2017-10-16 11:51:29', '您有新的订单', '2017-10-16 11:51:28');
INSERT INTO `himall_appmessages` VALUES ('612', '372', '0', '1', '2017101663223467', '2017101663223467 等待您发货', '0', '2017-10-16 12:14:04', '您有新的订单', '2017-10-16 12:14:02');
INSERT INTO `himall_appmessages` VALUES ('613', '372', '0', '1', '2017101634657944', '2017101634657944 等待您发货', '0', '2017-10-16 14:00:42', '您有新的订单', '2017-10-16 14:00:40');
INSERT INTO `himall_appmessages` VALUES ('614', '372', '0', '1', '2017101683793679', '2017101683793679 等待您发货', '0', '2017-10-16 14:05:26', '您有新的订单', '2017-10-16 14:05:24');
INSERT INTO `himall_appmessages` VALUES ('615', '372', '0', '1', '2017101636071290', '2017101636071290 等待您发货', '0', '2017-10-16 14:09:39', '您有新的订单', '2017-10-16 14:09:38');
INSERT INTO `himall_appmessages` VALUES ('616', '372', '0', '1', '2017101652475786', '2017101652475786 等待您发货', '0', '2017-10-16 14:30:03', '您有新的订单', '2017-10-16 14:30:02');
INSERT INTO `himall_appmessages` VALUES ('617', '372', '0', '1', '2017101671382758', '2017101671382758 等待您发货', '0', '2017-10-16 14:45:44', '您有新的订单', '2017-10-16 14:45:43');
INSERT INTO `himall_appmessages` VALUES ('618', '372', '0', '1', '2017101624982324', '2017101624982324 等待您发货', '0', '2017-10-16 14:51:21', '您有新的订单', '2017-10-16 14:51:20');
INSERT INTO `himall_appmessages` VALUES ('619', '372', '0', '1', '2017101695379952', '2017101695379952 等待您发货', '0', '2017-10-16 15:19:39', '您有新的订单', '2017-10-16 15:19:37');
INSERT INTO `himall_appmessages` VALUES ('620', '372', '0', '1', '2017101662322841', '2017101662322841 等待您发货', '0', '2017-10-16 15:22:14', '您有新的订单', '2017-10-16 15:22:11');
INSERT INTO `himall_appmessages` VALUES ('621', '372', '0', '1', '2017101668913632', '2017101668913632 等待您发货', '0', '2017-10-16 16:45:38', '您有新的订单', '2017-10-16 16:45:37');
INSERT INTO `himall_appmessages` VALUES ('622', '372', '0', '1', '2017101715824343', '2017101715824343 等待您发货', '0', '2017-10-17 14:50:59', '您有新的订单', '2017-10-17 14:50:57');
INSERT INTO `himall_appmessages` VALUES ('623', '375', '0', '1', '2017101700248663', '2017101700248663 等待您发货', '0', '2017-10-17 16:34:16', '您有新的订单', '2017-10-17 16:34:15');
INSERT INTO `himall_appmessages` VALUES ('624', '372', '0', '2', '371', '2017101668913632 等待您审核', '0', '2017-10-17 20:12:09', '您有新的售后申请', '2017-10-16 16:45:37');
INSERT INTO `himall_appmessages` VALUES ('625', '372', '0', '2', '372', '2017101715824343 等待您审核', '0', '2017-10-17 20:12:09', '您有新的售后申请', '2017-10-17 14:50:57');
INSERT INTO `himall_appmessages` VALUES ('626', '372', '0', '2', '373', '2017101671382758 等待您审核', '0', '2017-10-17 20:12:10', '您有新的售后申请', '2017-10-16 14:45:43');
INSERT INTO `himall_appmessages` VALUES ('627', '372', '0', '2', '374', '2017101624982324 等待您审核', '0', '2017-10-17 20:12:11', '您有新的售后申请', '2017-10-16 14:51:20');
INSERT INTO `himall_appmessages` VALUES ('628', '372', '0', '2', '375', '2017101662489253 等待您审核', '0', '2017-10-18 12:11:53', '您有新的售后申请', '2017-10-16 11:51:28');
INSERT INTO `himall_appmessages` VALUES ('629', '372', '0', '2', '376', '2017101578963583 等待您审核', '0', '2017-10-18 12:12:04', '您有新的售后申请', '2017-10-15 16:41:27');
INSERT INTO `himall_appmessages` VALUES ('630', '372', '0', '2', '377', '2017101663223467 等待您审核', '0', '2017-10-18 12:12:55', '您有新的售后申请', '2017-10-16 12:14:02');
INSERT INTO `himall_appmessages` VALUES ('631', '372', '0', '2', '378', '2017101623934439 等待您审核', '0', '2017-10-18 12:13:20', '您有新的售后申请', '2017-10-16 10:16:33');
INSERT INTO `himall_appmessages` VALUES ('632', '372', '0', '1', '2017101829835258', '2017101829835258 等待您发货', '0', '2017-10-18 12:15:12', '您有新的订单', '2017-10-18 12:15:11');
INSERT INTO `himall_appmessages` VALUES ('633', '372', '0', '1', '2017101806421582', '2017101806421582 等待您发货', '0', '2017-10-18 20:27:38', '您有新的订单', '2017-10-18 20:27:37');
INSERT INTO `himall_appmessages` VALUES ('634', '375', '0', '2', '379', '2017101700248663 等待您审核', '0', '2017-10-21 11:32:06', '您有新的售后申请', '2017-10-17 16:34:16');
INSERT INTO `himall_appmessages` VALUES ('635', '372', '0', '1', '2017102214227987', '2017102214227987 等待您发货', '0', '2017-10-22 06:38:26', '您有新的订单', '2017-10-22 06:38:24');

-- ----------------------------
-- Table structure for `himall_articlecategories`
-- ----------------------------
DROP TABLE IF EXISTS `himall_articlecategories`;
CREATE TABLE `himall_articlecategories` (
  `Id` bigint(20) NOT NULL AUTO_INCREMENT,
  `ParentCategoryId` bigint(20) NOT NULL,
  `Name` varchar(100) DEFAULT NULL COMMENT '文章类型名称',
  `DisplaySequence` bigint(20) NOT NULL COMMENT '显示顺序',
  `IsDefault` tinyint(1) NOT NULL COMMENT '是否为默认',
  PRIMARY KEY (`Id`)
) ENGINE=InnoDB AUTO_INCREMENT=36 DEFAULT CHARSET=utf8 ROW_FORMAT=COMPACT;

-- ----------------------------
-- Records of himall_articlecategories
-- ----------------------------
INSERT INTO `himall_articlecategories` VALUES ('1', '0', '首页服务', '1', '1');
INSERT INTO `himall_articlecategories` VALUES ('2', '0', '系统快报', '2', '1');
INSERT INTO `himall_articlecategories` VALUES ('3', '0', '资讯中心', '3', '1');
INSERT INTO `himall_articlecategories` VALUES ('4', '0', '平台公告', '4', '1');
INSERT INTO `himall_articlecategories` VALUES ('9', '1', '购物指南', '1', '0');
INSERT INTO `himall_articlecategories` VALUES ('10', '1', '店主之家', '1', '0');
INSERT INTO `himall_articlecategories` VALUES ('11', '1', '支付方式', '1', '0');
INSERT INTO `himall_articlecategories` VALUES ('12', '1', '售后服务', '1', '0');
INSERT INTO `himall_articlecategories` VALUES ('13', '1', '关于我们', '1', '0');
INSERT INTO `himall_articlecategories` VALUES ('14', '0', '保障服务', '1', '1');
INSERT INTO `himall_articlecategories` VALUES ('15', '14', '七天无理由', '1', '1');
INSERT INTO `himall_articlecategories` VALUES ('16', '14', '消费者保障', '1', '1');
INSERT INTO `himall_articlecategories` VALUES ('17', '14', '及时发货服', '1', '1');

-- ----------------------------
-- Table structure for `himall_articles`
-- ----------------------------
DROP TABLE IF EXISTS `himall_articles`;
CREATE TABLE `himall_articles` (
  `Id` bigint(20) NOT NULL AUTO_INCREMENT,
  `CategoryId` bigint(20) NOT NULL DEFAULT '0' COMMENT '文章分类ID',
  `Title` varchar(100) NOT NULL COMMENT '文章标题',
  `IconUrl` varchar(100) DEFAULT NULL,
  `Content` mediumtext NOT NULL COMMENT '文档内容',
  `AddDate` datetime NOT NULL,
  `DisplaySequence` bigint(20) NOT NULL,
  `Meta_Title` text COMMENT 'SEO标题',
  `Meta_Description` text COMMENT 'SEO说明',
  `Meta_Keywords` text COMMENT 'SEO关键字',
  `IsRelease` tinyint(1) NOT NULL COMMENT '是否显示',
  PRIMARY KEY (`Id`),
  KEY `FK_ArticleCategory_Article` (`CategoryId`) USING BTREE,
  CONSTRAINT `himall_articles_ibfk_1` FOREIGN KEY (`CategoryId`) REFERENCES `himall_articlecategories` (`Id`)
) ENGINE=InnoDB AUTO_INCREMENT=80 DEFAULT CHARSET=utf8 ROW_FORMAT=COMPACT;

-- ----------------------------
-- Records of himall_articles
-- ----------------------------

-- ----------------------------
-- Table structure for `himall_attributes`
-- ----------------------------
DROP TABLE IF EXISTS `himall_attributes`;
CREATE TABLE `himall_attributes` (
  `Id` bigint(20) NOT NULL AUTO_INCREMENT,
  `TypeId` bigint(20) NOT NULL,
  `Name` varchar(100) NOT NULL COMMENT '名称',
  `DisplaySequence` bigint(20) NOT NULL,
  `IsMust` tinyint(1) NOT NULL COMMENT '是否为必选',
  `IsMulti` tinyint(1) NOT NULL COMMENT '是否可多选',
  PRIMARY KEY (`Id`),
  KEY `FK_Type_Attribute` (`TypeId`) USING BTREE,
  CONSTRAINT `himall_attributes_ibfk_1` FOREIGN KEY (`TypeId`) REFERENCES `himall_types` (`Id`) ON DELETE CASCADE
) ENGINE=InnoDB AUTO_INCREMENT=205 DEFAULT CHARSET=utf8 ROW_FORMAT=COMPACT;

-- ----------------------------
-- Records of himall_attributes
-- ----------------------------
INSERT INTO `himall_attributes` VALUES ('192', '82', '坚果', '0', '0', '0');
INSERT INTO `himall_attributes` VALUES ('193', '82', '大小', '0', '0', '0');
INSERT INTO `himall_attributes` VALUES ('194', '83', '女装', '0', '0', '0');
INSERT INTO `himall_attributes` VALUES ('195', '84', '屏幕尺寸', '0', '0', '0');
INSERT INTO `himall_attributes` VALUES ('196', '85', '价格', '0', '0', '0');
INSERT INTO `himall_attributes` VALUES ('197', '85', '原产地', '0', '0', '0');
INSERT INTO `himall_attributes` VALUES ('198', '85', '分类', '0', '0', '0');
INSERT INTO `himall_attributes` VALUES ('199', '87', '性别', '0', '0', '0');
INSERT INTO `himall_attributes` VALUES ('200', '87', '功效', '0', '0', '0');
INSERT INTO `himall_attributes` VALUES ('201', '93', '适用类型', '0', '0', '0');
INSERT INTO `himall_attributes` VALUES ('202', '93', '药品类型', '0', '0', '0');
INSERT INTO `himall_attributes` VALUES ('203', '93', '适应人群', '0', '0', '0');
INSERT INTO `himall_attributes` VALUES ('204', '93', '剂型', '0', '0', '0');

-- ----------------------------
-- Table structure for `himall_attributevalues`
-- ----------------------------
DROP TABLE IF EXISTS `himall_attributevalues`;
CREATE TABLE `himall_attributevalues` (
  `Id` bigint(20) NOT NULL AUTO_INCREMENT,
  `AttributeId` bigint(20) NOT NULL COMMENT '属性ID',
  `Value` varchar(100) NOT NULL COMMENT '属性值',
  `DisplaySequence` bigint(20) NOT NULL,
  PRIMARY KEY (`Id`),
  KEY `FK_Attribute_AttributeValue` (`AttributeId`) USING BTREE,
  CONSTRAINT `himall_attributevalues_ibfk_1` FOREIGN KEY (`AttributeId`) REFERENCES `himall_attributes` (`Id`) ON DELETE CASCADE
) ENGINE=InnoDB AUTO_INCREMENT=853 DEFAULT CHARSET=utf8 ROW_FORMAT=COMPACT;

-- ----------------------------
-- Records of himall_attributevalues
-- ----------------------------
INSERT INTO `himall_attributevalues` VALUES ('810', '192', '核桃', '1');
INSERT INTO `himall_attributevalues` VALUES ('811', '192', '松子', '1');
INSERT INTO `himall_attributevalues` VALUES ('812', '192', '碧根果', '1');
INSERT INTO `himall_attributevalues` VALUES ('813', '193', '1包装', '1');
INSERT INTO `himall_attributevalues` VALUES ('814', '193', '2包装', '1');
INSERT INTO `himall_attributevalues` VALUES ('815', '193', '5包装', '1');
INSERT INTO `himall_attributevalues` VALUES ('816', '194', '衬衣', '1');
INSERT INTO `himall_attributevalues` VALUES ('817', '194', '裙子', '1');
INSERT INTO `himall_attributevalues` VALUES ('818', '194', '连衣裙', '1');
INSERT INTO `himall_attributevalues` VALUES ('819', '194', '外套', '1');
INSERT INTO `himall_attributevalues` VALUES ('820', '194', '大衣', '1');
INSERT INTO `himall_attributevalues` VALUES ('821', '195', '12.5英寸', '1');
INSERT INTO `himall_attributevalues` VALUES ('822', '195', '13.3英寸', '1');
INSERT INTO `himall_attributevalues` VALUES ('823', '195', '15.6英寸', '1');
INSERT INTO `himall_attributevalues` VALUES ('824', '195', '其他', '1');
INSERT INTO `himall_attributevalues` VALUES ('825', '196', '0-49', '1');
INSERT INTO `himall_attributevalues` VALUES ('826', '196', '50-99', '1');
INSERT INTO `himall_attributevalues` VALUES ('827', '196', '100-149', '1');
INSERT INTO `himall_attributevalues` VALUES ('828', '196', '150-199', '1');
INSERT INTO `himall_attributevalues` VALUES ('829', '197', '加拿大', '1');
INSERT INTO `himall_attributevalues` VALUES ('830', '197', '厄瓜多尔', '1');
INSERT INTO `himall_attributevalues` VALUES ('831', '197', '阿根廷', '1');
INSERT INTO `himall_attributevalues` VALUES ('832', '197', '中国大陆', '1');
INSERT INTO `himall_attributevalues` VALUES ('833', '197', '其它\r\n\r\n', '1');
INSERT INTO `himall_attributevalues` VALUES ('834', '198', '甜虾', '1');
INSERT INTO `himall_attributevalues` VALUES ('835', '198', '白虾', '1');
INSERT INTO `himall_attributevalues` VALUES ('836', '199', '男', '1');
INSERT INTO `himall_attributevalues` VALUES ('837', '199', '女', '1');
INSERT INTO `himall_attributevalues` VALUES ('838', '200', '补水', '1');
INSERT INTO `himall_attributevalues` VALUES ('839', '200', '保湿', '1');
INSERT INTO `himall_attributevalues` VALUES ('840', '201', '体虚感冒', '1');
INSERT INTO `himall_attributevalues` VALUES ('841', '201', '普通感冒', '1');
INSERT INTO `himall_attributevalues` VALUES ('842', '201', '风热感冒', '1');
INSERT INTO `himall_attributevalues` VALUES ('843', '202', '西药', '1');
INSERT INTO `himall_attributevalues` VALUES ('844', '202', '中药', '1');
INSERT INTO `himall_attributevalues` VALUES ('845', '203', '老人', '1');
INSERT INTO `himall_attributevalues` VALUES ('846', '203', '儿童', '1');
INSERT INTO `himall_attributevalues` VALUES ('847', '203', '承认', '1');
INSERT INTO `himall_attributevalues` VALUES ('848', '203', '不限', '1');
INSERT INTO `himall_attributevalues` VALUES ('849', '204', '颗粒', '1');
INSERT INTO `himall_attributevalues` VALUES ('850', '204', '片剂', '1');
INSERT INTO `himall_attributevalues` VALUES ('851', '204', '胶囊', '1');
INSERT INTO `himall_attributevalues` VALUES ('852', '204', '口服液', '1');

-- ----------------------------
-- Table structure for `himall_autoreply`
-- ----------------------------
DROP TABLE IF EXISTS `himall_autoreply`;
CREATE TABLE `himall_autoreply` (
  `Id` int(11) NOT NULL AUTO_INCREMENT,
  `RuleName` varchar(50) DEFAULT NULL COMMENT '规则名称',
  `Keyword` varchar(30) DEFAULT NULL COMMENT '关键词',
  `MatchType` int(11) DEFAULT NULL COMMENT '匹配方式(模糊，完全匹配)',
  `TextReply` varchar(100) DEFAULT NULL COMMENT '文字回复内容',
  `IsOpen` int(11) DEFAULT NULL COMMENT '是否开启',
  `ReplyType` int(11) DEFAULT NULL COMMENT '消息回复类型-(关注回复，关键词回复，消息自动回复)',
  PRIMARY KEY (`Id`)
) ENGINE=InnoDB AUTO_INCREMENT=31 DEFAULT CHARSET=utf8;

-- ----------------------------
-- Records of himall_autoreply
-- ----------------------------

-- ----------------------------
-- Table structure for `himall_banners`
-- ----------------------------
DROP TABLE IF EXISTS `himall_banners`;
CREATE TABLE `himall_banners` (
  `Id` bigint(20) NOT NULL AUTO_INCREMENT,
  `ShopId` bigint(20) NOT NULL,
  `Name` varchar(100) NOT NULL COMMENT '导航名称',
  `Position` int(11) NOT NULL COMMENT '导航显示位置',
  `DisplaySequence` bigint(20) NOT NULL,
  `Url` varchar(1000) NOT NULL COMMENT '跳转URL',
  `Platform` int(11) NOT NULL DEFAULT '0' COMMENT '显示在哪个终端',
  `UrlType` int(11) NOT NULL DEFAULT '0',
  `STATUS` int(11) NOT NULL DEFAULT '1' COMMENT '开启或者关闭',
  `EnableDelete` int(11) NOT NULL DEFAULT '1' COMMENT '能否删除',
  PRIMARY KEY (`Id`)
) ENGINE=InnoDB AUTO_INCREMENT=82 DEFAULT CHARSET=utf8 ROW_FORMAT=COMPACT;

-- ----------------------------
-- Records of himall_banners
-- ----------------------------
INSERT INTO `himall_banners` VALUES ('73', '0', '限时购', '0', '-3', '/LimitTimeBuy/home', '0', '0', '1', '0');
INSERT INTO `himall_banners` VALUES ('74', '0', '专题', '0', '-2', '/topic/list', '0', '0', '1', '0');
INSERT INTO `himall_banners` VALUES ('75', '0', '积分商城', '0', '-1', '/IntegralMall', '0', '0', '1', '0');
INSERT INTO `himall_banners` VALUES ('76', '1', '首页', '0', '1', 'http://demo.himall.kuaidiantong.cn/Shop/Home/1', '0', '0', '1', '0');
INSERT INTO `himall_banners` VALUES ('77', '1', '服装', '0', '2', 'http://demo.himall.kuaidiantong.cn/shop/SearchAd?cid=351&sid=1&pageNo=1', '0', '0', '1', '0');
INSERT INTO `himall_banners` VALUES ('78', '1', '食品', '0', '3', 'http://demo.himall.kuaidiantong.cn/Shop/SearchAd?cid=352&sid=1&pageNo=1', '0', '0', '1', '0');
INSERT INTO `himall_banners` VALUES ('79', '1', '生鲜', '0', '4', 'http://demo.himall.kuaidiantong.cn/Shop/SearchAd?cid=355&sid=1&pageNo=1', '0', '0', '1', '0');
INSERT INTO `himall_banners` VALUES ('80', '1', '电脑', '0', '5', 'http://demo.himall.kuaidiantong.cn/Shop/SearchAd?cid=357&sid=1&pageNo=1', '0', '0', '1', '0');
INSERT INTO `himall_banners` VALUES ('81', '1', '个护', '0', '6', 'http://demo.himall.kuaidiantong.cn/Shop/SearchAd?cid=359&sid=1&pageNo=1', '0', '0', '1', '0');

-- ----------------------------
-- Table structure for `himall_bonus`
-- ----------------------------
DROP TABLE IF EXISTS `himall_bonus`;
CREATE TABLE `himall_bonus` (
  `Id` bigint(20) NOT NULL AUTO_INCREMENT,
  `Type` int(11) NOT NULL COMMENT '类型，活动红包，关注送红包',
  `Style` int(11) NOT NULL COMMENT '样式，模板一（源生风格），模板二',
  `Name` varchar(100) DEFAULT NULL COMMENT '名称',
  `MerchantsName` varchar(50) DEFAULT NULL COMMENT '商户名称',
  `Remark` varchar(200) DEFAULT NULL COMMENT '备注',
  `Blessing` varchar(100) DEFAULT NULL COMMENT '祝福语',
  `TotalPrice` decimal(18,2) NOT NULL COMMENT '总面额',
  `StartTime` datetime NOT NULL COMMENT '开始日期',
  `EndTime` datetime NOT NULL COMMENT '结束日期',
  `QRPath` varchar(100) DEFAULT NULL COMMENT '二维码',
  `PriceType` int(11) DEFAULT NULL COMMENT '是否固定金额',
  `FixedAmount` decimal(18,2) DEFAULT NULL COMMENT '固定金额',
  `RandomAmountStart` decimal(18,2) DEFAULT NULL COMMENT '随机金额起止范围',
  `RandomAmountEnd` decimal(18,2) DEFAULT NULL COMMENT '随机金额起止范围',
  `ReceiveCount` int(11) NOT NULL,
  `ImagePath` varchar(100) DEFAULT NULL,
  `Description` varchar(255) DEFAULT NULL,
  `IsInvalid` tinyint(1) NOT NULL,
  `ReceivePrice` decimal(18,2) NOT NULL,
  `ReceiveHref` varchar(200) NOT NULL,
  `IsAttention` tinyint(1) NOT NULL,
  `IsGuideShare` tinyint(1) NOT NULL,
  PRIMARY KEY (`Id`)
) ENGINE=InnoDB AUTO_INCREMENT=58 DEFAULT CHARSET=utf8 ROW_FORMAT=COMPACT;

-- ----------------------------
-- Records of himall_bonus
-- ----------------------------

-- ----------------------------
-- Table structure for `himall_bonusreceive`
-- ----------------------------
DROP TABLE IF EXISTS `himall_bonusreceive`;
CREATE TABLE `himall_bonusreceive` (
  `Id` bigint(20) NOT NULL AUTO_INCREMENT,
  `BonusId` bigint(20) NOT NULL COMMENT '红包Id',
  `OpenId` varchar(100) DEFAULT NULL COMMENT '领取人微信Id',
  `ReceiveTime` datetime DEFAULT NULL COMMENT '领取日期',
  `Price` decimal(18,2) NOT NULL COMMENT '领取金额',
  `IsShare` tinyint(1) DEFAULT NULL,
  `IsTransformedDeposit` tinyint(1) NOT NULL COMMENT '红包金额是否已经转入了预存款',
  `UserId` bigint(20) DEFAULT NULL,
  PRIMARY KEY (`Id`),
  KEY `FK_Reference_1` (`BonusId`) USING BTREE,
  KEY `FK_UserId` (`UserId`) USING BTREE,
  CONSTRAINT `FK_Reference_1` FOREIGN KEY (`BonusId`) REFERENCES `himall_bonus` (`Id`),
  CONSTRAINT `FK_UserId` FOREIGN KEY (`UserId`) REFERENCES `himall_members` (`Id`)
) ENGINE=InnoDB AUTO_INCREMENT=6464 DEFAULT CHARSET=utf8 ROW_FORMAT=COMPACT;

-- ----------------------------
-- Records of himall_bonusreceive
-- ----------------------------

-- ----------------------------
-- Table structure for `himall_brands`
-- ----------------------------
DROP TABLE IF EXISTS `himall_brands`;
CREATE TABLE `himall_brands` (
  `Id` bigint(20) NOT NULL AUTO_INCREMENT,
  `Name` varchar(100) NOT NULL COMMENT '品牌名称',
  `DisplaySequence` bigint(20) NOT NULL COMMENT '顺序',
  `Logo` varchar(1000) DEFAULT NULL COMMENT 'LOGO',
  `RewriteName` varchar(50) DEFAULT NULL COMMENT '未使用',
  `Description` varchar(1000) DEFAULT NULL COMMENT '说明',
  `Meta_Title` varchar(1000) DEFAULT NULL COMMENT 'SEO',
  `Meta_Description` varchar(1000) DEFAULT NULL,
  `Meta_Keywords` varchar(1000) DEFAULT NULL,
  `IsRecommend` tinyint(1) NOT NULL,
  `IsDeleted` bit(1) NOT NULL COMMENT '是否已删除',
  PRIMARY KEY (`Id`)
) ENGINE=InnoDB AUTO_INCREMENT=356 DEFAULT CHARSET=utf8 ROW_FORMAT=COMPACT;

-- ----------------------------
-- Records of himall_brands
-- ----------------------------
INSERT INTO `himall_brands` VALUES ('319', '三只松鼠', '0', '/Storage/Plat/Brand/logo_319.jpg', null, null, null, null, null, '0', '');
INSERT INTO `himall_brands` VALUES ('320', '卫龙', '0', '/Storage/Plat/Brand/logo_320.jpg', null, null, null, null, null, '0', '');
INSERT INTO `himall_brands` VALUES ('321', 'only', '0', '/Storage/Plat/Brand/logo_321.jpg', null, null, null, null, null, '0', '');
INSERT INTO `himall_brands` VALUES ('322', '苹果', '0', '/Storage/Plat/Brand/logo_322.jpg', null, null, null, null, null, '0', '');
INSERT INTO `himall_brands` VALUES ('323', '大洋世家', '0', '/Storage/Plat/Brand/logo_323.jpg', null, null, null, null, null, '0', '');
INSERT INTO `himall_brands` VALUES ('324', '欧莱雅', '0', '/Storage/Plat/Brand/logo_324.jpg', null, null, null, null, null, '0', '');
INSERT INTO `himall_brands` VALUES ('325', '美的', '0', '/Storage/Plat/Brand/logo_325.jpg', null, null, null, null, null, '0', '');
INSERT INTO `himall_brands` VALUES ('326', '海尔', '0', '/Storage/Plat/Brand/logo_326.jpg', null, null, null, null, null, '0', '');
INSERT INTO `himall_brands` VALUES ('327', '飞利浦', '0', '/Storage/Plat/Brand/logo_327.jpg', null, null, null, null, null, '0', '');
INSERT INTO `himall_brands` VALUES ('328', '贝德玛', '0', '/Storage/Plat/Brand/logo_328.jpg', null, null, null, null, null, '0', '');
INSERT INTO `himall_brands` VALUES ('329', '小米', '0', '/Storage/Plat/Brand/logo_329.jpg', null, null, null, null, null, '0', '');
INSERT INTO `himall_brands` VALUES ('330', '魅族', '0', '/Storage/Plat/Brand/logo_330.jpg', null, null, null, null, null, '0', '');
INSERT INTO `himall_brands` VALUES ('331', '索尼', '0', '/Storage/Plat/Brand/logo_331.jpg', null, null, null, null, null, '0', '');
INSERT INTO `himall_brands` VALUES ('332', 'Intel', '0', '/Storage/Plat/Brand/logo_332.jpg', null, null, null, null, null, '0', '');
INSERT INTO `himall_brands` VALUES ('333', '戴尔', '0', '/Storage/Plat/Brand/logo_333.jpg', null, null, null, null, null, '0', '');
INSERT INTO `himall_brands` VALUES ('334', '联想', '0', '/Storage/Plat/Brand/logo_334.jpg', null, null, null, null, null, '0', '');
INSERT INTO `himall_brands` VALUES ('335', '松下', '0', '/Storage/Plat/Brand/logo_335.jpg', null, null, null, null, null, '0', '');
INSERT INTO `himall_brands` VALUES ('336', '喜临门', '0', '/Storage/Plat/Brand/logo_336.jpg', null, null, null, null, null, '0', '');
INSERT INTO `himall_brands` VALUES ('337', 'Aimer', '0', '/Storage/Plat/Brand/logo_337.jpg', null, null, null, null, null, '0', '');
INSERT INTO `himall_brands` VALUES ('338', 'GXG', '0', '/Storage/Plat/Brand/logo_338.jpg', null, null, null, null, null, '0', '');
INSERT INTO `himall_brands` VALUES ('339', '杰克琼斯', '0', '/Storage/Plat/Brand/logo_339.jpg', null, null, null, null, null, '0', '');
INSERT INTO `himall_brands` VALUES ('340', '威古力', '0', '/Storage/Plat/Brand/logo_340.jpg', null, null, null, null, null, '0', '');
INSERT INTO `himall_brands` VALUES ('341', '百雀羚', '0', '/Storage/Plat/Brand/logo_341.jpg', null, null, null, null, null, '0', '');
INSERT INTO `himall_brands` VALUES ('342', '花王', '0', '/Storage/Plat/Brand/logo_342.jpg', null, null, null, null, null, '0', '');
INSERT INTO `himall_brands` VALUES ('343', '蓝月亮', '0', '/Storage/Plat/Brand/logo_343.jpg', null, null, null, null, null, '0', '');
INSERT INTO `himall_brands` VALUES ('344', '百丽', '0', '/Storage/Plat/Brand/logo_344.jpg', null, null, null, null, null, '0', '');
INSERT INTO `himall_brands` VALUES ('345', '红蜻蜓', '0', '/Storage/Plat/Brand/logo_345.jpg', null, null, null, null, null, '0', '');
INSERT INTO `himall_brands` VALUES ('346', '匡威', '0', '/Storage/Plat/Brand/logo_346.jpg', null, null, null, null, null, '0', '');
INSERT INTO `himall_brands` VALUES ('347', '探路者', '0', '/Storage/Plat/Brand/logo_347.jpg', null, null, null, null, null, '0', '');
INSERT INTO `himall_brands` VALUES ('348', '善存', '0', '/Storage/Plat/Brand/logo_348.jpg', null, null, null, null, null, '0', '');
INSERT INTO `himall_brands` VALUES ('349', '良品铺子', '0', '/Storage/Plat/Brand/logo_349.jpg', null, null, null, null, null, '0', '');
INSERT INTO `himall_brands` VALUES ('350', '养生堂', '0', '/Storage/Plat/Brand/logo_350.jpg', null, null, null, null, null, '0', '');
INSERT INTO `himall_brands` VALUES ('351', 'sr', '0', '/Storage/Plat/Brand/logo_351.jpg', null, null, null, null, null, '0', '');
INSERT INTO `himall_brands` VALUES ('352', 'YONEX', '0', '/Storage/Plat/Brand/logo_352.jpg', null, null, null, null, null, '0', '');
INSERT INTO `himall_brands` VALUES ('353', '耐克', '0', '/Storage/Plat/Brand/logo_353.jpg', null, null, null, null, null, '0', '');
INSERT INTO `himall_brands` VALUES ('354', 'NEW', '0', '/Storage/Plat/Brand/logo_354.jpg', null, null, null, null, null, '0', '');
INSERT INTO `himall_brands` VALUES ('355', '小米手环', '0', '/Storage/Plat/Brand/logo_355.jpg', null, '小米手环2二代防水智能运动手表', '小米手环', null, '手环', '0', '');

-- ----------------------------
-- Table structure for `himall_brokerageincome`
-- ----------------------------
DROP TABLE IF EXISTS `himall_brokerageincome`;
CREATE TABLE `himall_brokerageincome` (
  `Id` bigint(20) NOT NULL AUTO_INCREMENT COMMENT '编号',
  `OrderId` bigint(20) DEFAULT NULL COMMENT '订单编号',
  `OrderItemId` bigint(20) DEFAULT NULL COMMENT '订单条目编号',
  `SkuID` varchar(100) NOT NULL COMMENT 'SKUID',
  `ProductID` bigint(20) NOT NULL COMMENT '产品ID',
  `ProductName` varchar(100) DEFAULT NULL COMMENT '商品名称',
  `SkuInfo` varchar(100) DEFAULT NULL COMMENT 'SKU信息',
  `Brokerage` decimal(18,2) NOT NULL COMMENT '获得佣金',
  `TotalPrice` decimal(18,2) DEFAULT NULL COMMENT '分销比例',
  `ShopId` bigint(20) DEFAULT NULL COMMENT '店铺ID',
  `CreateTime` datetime DEFAULT NULL COMMENT '时间',
  `OrderTime` datetime NOT NULL COMMENT '订单创建时间',
  `BuyerUserId` bigint(20) NOT NULL COMMENT '消费者ID',
  `Status` int(11) NOT NULL COMMENT '结算状态 -1不可结算 未结算，已结算',
  `SettlementTime` datetime DEFAULT NULL COMMENT '结算时间',
  `UserId` bigint(20) NOT NULL COMMENT '推广会员ID',
  PRIMARY KEY (`Id`)
) ENGINE=InnoDB AUTO_INCREMENT=15 DEFAULT CHARSET=utf8 ROW_FORMAT=COMPACT;

-- ----------------------------
-- Records of himall_brokerageincome
-- ----------------------------

-- ----------------------------
-- Table structure for `himall_brokeragerefund`
-- ----------------------------
DROP TABLE IF EXISTS `himall_brokeragerefund`;
CREATE TABLE `himall_brokeragerefund` (
  `Id` bigint(20) NOT NULL AUTO_INCREMENT COMMENT '编号',
  `IncomeId` bigint(20) DEFAULT NULL COMMENT '收入表外键',
  `Brokerage` decimal(18,2) NOT NULL COMMENT '退还佣金',
  `RefundAmount` decimal(18,2) DEFAULT NULL COMMENT '退款金额',
  `RefundTime` datetime DEFAULT NULL COMMENT '退款时间',
  `RefundId` bigint(20) NOT NULL DEFAULT '0' COMMENT '退款Id',
  PRIMARY KEY (`Id`),
  KEY `FK_Himall_Brund_IncomeId` (`IncomeId`) USING BTREE,
  CONSTRAINT `FK_Himall_Brund_IncomeId` FOREIGN KEY (`IncomeId`) REFERENCES `himall_brokerageincome` (`Id`)
) ENGINE=InnoDB AUTO_INCREMENT=2 DEFAULT CHARSET=utf8 ROW_FORMAT=COMPACT;

-- ----------------------------
-- Records of himall_brokeragerefund
-- ----------------------------

-- ----------------------------
-- Table structure for `himall_browsinghistory`
-- ----------------------------
DROP TABLE IF EXISTS `himall_browsinghistory`;
CREATE TABLE `himall_browsinghistory` (
  `Id` bigint(20) NOT NULL AUTO_INCREMENT,
  `MemberId` bigint(20) NOT NULL COMMENT '会员ID',
  `ProductId` bigint(20) NOT NULL,
  `BrowseTime` datetime NOT NULL COMMENT '浏览时间',
  PRIMARY KEY (`Id`),
  KEY `FK_Himall_BrowsingHistory_Himall_BrowsingHistory` (`MemberId`) USING BTREE,
  KEY `FK_Himall_BrowsingHistory_Himall_Products` (`ProductId`) USING BTREE,
  CONSTRAINT `himall_browsinghistory_ibfk_1` FOREIGN KEY (`MemberId`) REFERENCES `himall_members` (`Id`),
  CONSTRAINT `himall_browsinghistory_ibfk_2` FOREIGN KEY (`ProductId`) REFERENCES `himall_products` (`Id`) ON DELETE CASCADE
) ENGINE=InnoDB AUTO_INCREMENT=2843 DEFAULT CHARSET=utf8 ROW_FORMAT=COMPACT;

-- ----------------------------
-- Records of himall_browsinghistory
-- ----------------------------
INSERT INTO `himall_browsinghistory` VALUES ('2842', '569', '1273', '2017-11-01 14:14:09');

-- ----------------------------
-- Table structure for `himall_businesscategories`
-- ----------------------------
DROP TABLE IF EXISTS `himall_businesscategories`;
CREATE TABLE `himall_businesscategories` (
  `Id` bigint(20) NOT NULL AUTO_INCREMENT,
  `ShopId` bigint(20) NOT NULL,
  `CategoryId` bigint(20) NOT NULL COMMENT '分类ID',
  `CommisRate` decimal(8,2) NOT NULL COMMENT '分佣比例',
  PRIMARY KEY (`Id`),
  KEY `FK_Category_BusinessCategory` (`CategoryId`) USING BTREE,
  CONSTRAINT `himall_businesscategories_ibfk_1` FOREIGN KEY (`CategoryId`) REFERENCES `himall_categories` (`Id`) ON DELETE CASCADE
) ENGINE=InnoDB AUTO_INCREMENT=3284 DEFAULT CHARSET=utf8 ROW_FORMAT=COMPACT;

-- ----------------------------
-- Records of himall_businesscategories
-- ----------------------------
INSERT INTO `himall_businesscategories` VALUES ('2998', '306', '3', '2.00');
INSERT INTO `himall_businesscategories` VALUES ('2999', '308', '10', '2.00');
INSERT INTO `himall_businesscategories` VALUES ('3000', '309', '22', '3.00');

-- ----------------------------
-- Table structure for `himall_businesscategoriesapply`
-- ----------------------------
DROP TABLE IF EXISTS `himall_businesscategoriesapply`;
CREATE TABLE `himall_businesscategoriesapply` (
  `Id` bigint(20) NOT NULL AUTO_INCREMENT COMMENT '主键',
  `ApplyDate` datetime NOT NULL COMMENT '申请日期',
  `ShopId` bigint(20) NOT NULL COMMENT '店铺ID',
  `ShopName` varchar(100) NOT NULL COMMENT '店铺名称',
  ` AuditedStatus` int(11) NOT NULL COMMENT '审核状态',
  `AuditedDate` datetime DEFAULT NULL,
  PRIMARY KEY (`Id`)
) ENGINE=InnoDB AUTO_INCREMENT=16 DEFAULT CHARSET=utf8;

-- ----------------------------
-- Records of himall_businesscategoriesapply
-- ----------------------------

-- ----------------------------
-- Table structure for `himall_businesscategoriesapplydetail`
-- ----------------------------
DROP TABLE IF EXISTS `himall_businesscategoriesapplydetail`;
CREATE TABLE `himall_businesscategoriesapplydetail` (
  `Id` bigint(11) NOT NULL AUTO_INCREMENT,
  `CommisRate` decimal(8,2) NOT NULL COMMENT '分佣比例',
  `CategoryId` bigint(20) NOT NULL COMMENT '类目ID',
  `ApplyId` bigint(20) NOT NULL COMMENT '申请Id',
  PRIMARY KEY (`Id`),
  KEY `FR_BussinessCateApply` (`ApplyId`),
  KEY `FR_BussinessCateApply_Cid` (`CategoryId`),
  CONSTRAINT `FR_BussinessCateApply` FOREIGN KEY (`ApplyId`) REFERENCES `himall_businesscategoriesapply` (`Id`) ON DELETE CASCADE,
  CONSTRAINT `FR_BussinessCateApply_Cid` FOREIGN KEY (`CategoryId`) REFERENCES `himall_categories` (`Id`) ON DELETE CASCADE
) ENGINE=InnoDB AUTO_INCREMENT=23 DEFAULT CHARSET=utf8;

-- ----------------------------
-- Records of himall_businesscategoriesapplydetail
-- ----------------------------

-- ----------------------------
-- Table structure for `himall_capital`
-- ----------------------------
DROP TABLE IF EXISTS `himall_capital`;
CREATE TABLE `himall_capital` (
  `Id` bigint(20) NOT NULL AUTO_INCREMENT,
  `MemId` bigint(20) NOT NULL COMMENT '会员ID',
  `Balance` decimal(18,2) DEFAULT '0.00' COMMENT '可用余额',
  `FreezeAmount` decimal(18,2) DEFAULT '0.00' COMMENT '冻结资金',
  `ChargeAmount` decimal(18,2) DEFAULT '0.00' COMMENT '累计充值总金额',
  PRIMARY KEY (`Id`)
) ENGINE=InnoDB AUTO_INCREMENT=49 DEFAULT CHARSET=utf8 ROW_FORMAT=COMPACT;

-- ----------------------------
-- Records of himall_capital
-- ----------------------------
INSERT INTO `himall_capital` VALUES ('28', '569', '28050.30', '0.00', '0.00');
INSERT INTO `himall_capital` VALUES ('42', '702', '0.02', '0.00', '0.00');
INSERT INTO `himall_capital` VALUES ('43', '707', '0.74', '0.03', '0.00');
INSERT INTO `himall_capital` VALUES ('44', '0', '0.02', '0.00', '0.00');
INSERT INTO `himall_capital` VALUES ('45', '708', '0.26', '0.00', '0.00');
INSERT INTO `himall_capital` VALUES ('46', '722', '0.10', '0.00', '0.00');
INSERT INTO `himall_capital` VALUES ('47', '715', '0.09', '0.00', '0.00');
INSERT INTO `himall_capital` VALUES ('48', '718', '5.00', '0.00', '0.00');

-- ----------------------------
-- Table structure for `himall_capitaldetail`
-- ----------------------------
DROP TABLE IF EXISTS `himall_capitaldetail`;
CREATE TABLE `himall_capitaldetail` (
  `Id` bigint(20) NOT NULL,
  `CapitalID` bigint(20) NOT NULL COMMENT '资产主表ID',
  `SourceType` int(11) NOT NULL COMMENT '资产类型',
  `Amount` decimal(18,2) NOT NULL COMMENT '金额',
  `SourceData` varchar(100) DEFAULT NULL COMMENT '来源数据',
  `CreateTime` datetime DEFAULT NULL COMMENT '交易时间',
  `Remark` varchar(255) DEFAULT NULL COMMENT '备注',
  PRIMARY KEY (`Id`),
  KEY `FK_Reference_Himall_CapitalDetail` (`CapitalID`) USING BTREE,
  CONSTRAINT `FK_Reference_Himall_CapitalDetail` FOREIGN KEY (`CapitalID`) REFERENCES `himall_capital` (`Id`)
) ENGINE=InnoDB DEFAULT CHARSET=utf8 ROW_FORMAT=COMPACT;

-- ----------------------------
-- Records of himall_capitaldetail
-- ----------------------------
INSERT INTO `himall_capitaldetail` VALUES ('2017021410220606', '28', '4', '-10.80', '2017021424058141', '2017-02-14 10:36:11', null);
INSERT INTO `himall_capitaldetail` VALUES ('2017021410942442', '28', '4', '-11.90', '2017021432635793', '2017-02-14 10:50:27', null);
INSERT INTO `himall_capitaldetail` VALUES ('2017021412329601', '28', '4', '-10.80', '2017021496297002', '2017-02-14 10:51:46', null);
INSERT INTO `himall_capitaldetail` VALUES ('2017021416301856', '28', '4', '-399.00', '2017021490567237', '2017-02-14 10:41:48', null);
INSERT INTO `himall_capitaldetail` VALUES ('2017021438964468', '28', '4', '-59.90', '2017021485608807', '2017-02-14 10:50:07', null);
INSERT INTO `himall_capitaldetail` VALUES ('2017021445946928', '28', '4', '-59.90', '2017021453244833', '2017-02-14 10:40:33', null);
INSERT INTO `himall_capitaldetail` VALUES ('2017021464496070', '28', '4', '-49.90', '2017021449033375', '2017-02-14 10:51:12', null);
INSERT INTO `himall_capitaldetail` VALUES ('2017021465737501', '28', '4', '-29.90', '2017021495275742', '2017-02-14 10:50:47', null);
INSERT INTO `himall_capitaldetail` VALUES ('2017021468863304', '28', '4', '-450.00', '2017021495883044', '2017-02-14 10:42:23', null);
INSERT INTO `himall_capitaldetail` VALUES ('2017021470742055', '28', '4', '-11.90', '2017021478657772', '2017-02-14 10:43:41', null);
INSERT INTO `himall_capitaldetail` VALUES ('2017021471692842', '28', '4', '-59.90', '2017021494607403', '2017-02-14 14:59:28', null);
INSERT INTO `himall_capitaldetail` VALUES ('2017021485843593', '28', '4', '-175.00', '2017021479666450', '2017-02-14 10:34:35', null);
INSERT INTO `himall_capitaldetail` VALUES ('2017021487860954', '28', '4', '-59.90', '2017021440970743', '2017-02-14 14:59:49', null);
INSERT INTO `himall_capitaldetail` VALUES ('2017021498131125', '28', '4', '-11.90', '2017021483156396', '2017-02-14 10:32:58', null);
INSERT INTO `himall_capitaldetail` VALUES ('2017021499078819', '28', '4', '-499.00', '2017021454758441', '2017-02-14 10:41:02', null);
INSERT INTO `himall_capitaldetail` VALUES ('17021410195059988', '28', '5', '29950.00', '233', '2017-02-14 10:19:50', ' ');
INSERT INTO `himall_capitaldetail` VALUES ('17101416431070736', '42', '7', '0.02', '2017101429194858', '2017-10-14 16:43:10', '拼团订单开团奖励，活动ID：124，开团ID：3 ');
INSERT INTO `himall_capitaldetail` VALUES ('17101418462283004', '43', '8', '0.01', '2017101409876338', '2017-10-14 18:46:22', '拼团订单，推荐奖励，活动ID：123，开团ID：1 ');
INSERT INTO `himall_capitaldetail` VALUES ('17101418462292836', '43', '9', '0.02', '2017101409876338', '2017-10-14 18:46:22', '拼团订单，用户参团返现，活动ID：123，开团ID：1 ');
INSERT INTO `himall_capitaldetail` VALUES ('17101419393070211', '43', '7', '0.04', '2017101489836459', '2017-10-14 19:39:30', '拼团订单开团奖励，活动ID：125，开团ID：4 ');
INSERT INTO `himall_capitaldetail` VALUES ('17101419400881869', '44', '8', '0.01', '2017101415814352', '2017-10-14 19:40:08', '拼团订单，推荐奖励，活动ID：125，开团ID：4 ');
INSERT INTO `himall_capitaldetail` VALUES ('17101419400891006', '43', '9', '0.03', '2017101415814352', '2017-10-14 19:40:08', '拼团订单，用户参团返现，活动ID：125，开团ID：4 ');
INSERT INTO `himall_capitaldetail` VALUES ('17101516412879957', '45', '7', '0.03', '2017101578963583', '2017-10-15 16:41:28', '拼团订单开团奖励，活动ID：123，开团ID：10 ');
INSERT INTO `himall_capitaldetail` VALUES ('17101609585875299', '43', '7', '0.04', '2017101606197914', '2017-10-16 09:58:58', '拼团订单开团奖励，活动ID：130，开团ID：13 ');
INSERT INTO `himall_capitaldetail` VALUES ('17101610163476202', '45', '7', '0.04', '2017101623934439', '2017-10-16 10:16:34', '拼团订单开团奖励，活动ID：130，开团ID：15 ');
INSERT INTO `himall_capitaldetail` VALUES ('17101611282476145', '43', '7', '0.03', '2017101634885211', '2017-10-16 11:28:24', '拼团订单开团奖励，活动ID：129，开团ID：16 ');
INSERT INTO `himall_capitaldetail` VALUES ('17101611313087764', '43', '8', '0.01', '2017101692670530', '2017-10-16 11:31:30', '拼团订单，推荐奖励，活动ID：129，开团ID：16 ');
INSERT INTO `himall_capitaldetail` VALUES ('17101611313092572', '43', '9', '0.05', '2017101692670530', '2017-10-16 11:31:30', '拼团订单，用户参团返现，活动ID：129，开团ID：16 ');
INSERT INTO `himall_capitaldetail` VALUES ('17101611475080226', '46', '8', '0.03', '2017101634949829', '2017-10-16 11:47:50', '拼团订单，推荐奖励，活动ID：130，开团ID：13 ');
INSERT INTO `himall_capitaldetail` VALUES ('17101611475091638', '46', '9', '0.02', '2017101634949829', '2017-10-16 11:47:50', '拼团订单，用户参团返现，活动ID：130，开团ID：13 ');
INSERT INTO `himall_capitaldetail` VALUES ('17101611475096774', '43', '9', '0.02', '2017101634949829', '2017-10-16 11:47:50', '拼团订单，用户参团返现，活动ID：130，开团ID：13 ');
INSERT INTO `himall_capitaldetail` VALUES ('17101611512879175', '45', '7', '0.04', '2017101662489253', '2017-10-16 11:51:28', '拼团订单开团奖励，活动ID：125，开团ID：17 ');
INSERT INTO `himall_capitaldetail` VALUES ('17101612140471394', '45', '7', '0.04', '2017101663223467', '2017-10-16 12:14:04', '拼团订单开团奖励，活动ID：130，开团ID：18 ');
INSERT INTO `himall_capitaldetail` VALUES ('17101614004176192', '43', '7', '0.30', '2017101634657944', '2017-10-16 14:00:41', '拼团订单开团奖励，活动ID：131，开团ID：19 ');
INSERT INTO `himall_capitaldetail` VALUES ('17101614052689679', '44', '8', '0.01', '2017101683793679', '2017-10-16 14:05:26', '拼团订单，推荐奖励，活动ID：131，开团ID：19 ');
INSERT INTO `himall_capitaldetail` VALUES ('17101614052699199', '43', '9', '0.02', '2017101683793679', '2017-10-16 14:05:26', '拼团订单，用户参团返现，活动ID：131，开团ID：19 ');
INSERT INTO `himall_capitaldetail` VALUES ('17101614093976932', '43', '7', '0.03', '2017101636071290', '2017-10-16 14:09:39', '拼团订单开团奖励，活动ID：133，开团ID：20 ');
INSERT INTO `himall_capitaldetail` VALUES ('17101614300383104', '46', '8', '0.01', '2017101652475786', '2017-10-16 14:30:03', '拼团订单，推荐奖励，活动ID：131，开团ID：19 ');
INSERT INTO `himall_capitaldetail` VALUES ('17101614300393861', '43', '9', '0.02', '2017101652475786', '2017-10-16 14:30:03', '拼团订单，用户参团返现，活动ID：131，开团ID：19 ');
INSERT INTO `himall_capitaldetail` VALUES ('17101614300398085', '46', '9', '0.02', '2017101652475786', '2017-10-16 14:30:03', '拼团订单，用户参团返现，活动ID：131，开团ID：19 ');
INSERT INTO `himall_capitaldetail` VALUES ('17101614454470909', '43', '7', '0.04', '2017101671382758', '2017-10-16 14:45:44', '拼团订单开团奖励，活动ID：132，开团ID：22 ');
INSERT INTO `himall_capitaldetail` VALUES ('17101614512084638', '43', '8', '0.02', '2017101624982324', '2017-10-16 14:51:20', '拼团订单，推荐奖励，活动ID：132，开团ID：22 ');
INSERT INTO `himall_capitaldetail` VALUES ('17101614512092767', '43', '9', '0.03', '2017101624982324', '2017-10-16 14:51:20', '拼团订单，用户参团返现，活动ID：132，开团ID：22 ');
INSERT INTO `himall_capitaldetail` VALUES ('17101615193985385', '43', '8', '0.01', '2017101695379952', '2017-10-16 15:19:39', '拼团订单，推荐奖励，活动ID：133，开团ID：20 ');
INSERT INTO `himall_capitaldetail` VALUES ('17101615193997922', '43', '9', '0.02', '2017101695379952', '2017-10-16 15:19:39', '拼团订单，用户参团返现，活动ID：133，开团ID：20 ');
INSERT INTO `himall_capitaldetail` VALUES ('17101615221383233', '43', '8', '0.01', '2017101662322841', '2017-10-16 15:22:13', '拼团订单，推荐奖励，活动ID：133，开团ID：20 ');
INSERT INTO `himall_capitaldetail` VALUES ('17101615221392686', '43', '9', '0.02', '2017101662322841', '2017-10-16 15:22:13', '拼团订单，用户参团返现，活动ID：133，开团ID：20 ');
INSERT INTO `himall_capitaldetail` VALUES ('17101615221399343', '46', '9', '0.02', '2017101662322841', '2017-10-16 15:22:13', '拼团订单，用户参团返现，活动ID：133，开团ID：20 ');
INSERT INTO `himall_capitaldetail` VALUES ('17101616453878812', '47', '7', '0.04', '2017101668913632', '2017-10-16 16:45:38', '拼团订单开团奖励，活动ID：132，开团ID：26 ');
INSERT INTO `himall_capitaldetail` VALUES ('17101714505887577', '47', '8', '0.02', '2017101715824343', '2017-10-17 14:50:58', '拼团订单，推荐奖励，活动ID：132，开团ID：26 ');
INSERT INTO `himall_capitaldetail` VALUES ('17101714505892111', '47', '9', '0.03', '2017101715824343', '2017-10-17 14:50:58', '拼团订单，用户参团返现，活动ID：132，开团ID：26 ');
INSERT INTO `himall_capitaldetail` VALUES ('17101716341677437', '48', '7', '5.00', '2017101700248663', '2017-10-17 16:34:16', '拼团订单开团奖励，活动ID：136，开团ID：28 ');
INSERT INTO `himall_capitaldetail` VALUES ('17101812151277038', '45', '7', '0.04', '2017101829835258', '2017-10-18 12:15:12', '拼团订单开团奖励，活动ID：125，开团ID：29 ');
INSERT INTO `himall_capitaldetail` VALUES ('17101820273882452', '45', '8', '0.01', '2017101806421582', '2017-10-18 20:27:38', '拼团订单，推荐奖励，活动ID：125，开团ID：29 ');
INSERT INTO `himall_capitaldetail` VALUES ('17101820273890272', '45', '9', '0.03', '2017101806421582', '2017-10-18 20:27:38', '拼团订单，用户参团返现，活动ID：125，开团ID：29 ');
INSERT INTO `himall_capitaldetail` VALUES ('17102206382673886', '45', '7', '0.03', '2017102214227987', '2017-10-22 06:38:25', '拼团订单开团奖励，活动ID：133，开团ID：30 ');

-- ----------------------------
-- Table structure for `himall_cashdeposit`
-- ----------------------------
DROP TABLE IF EXISTS `himall_cashdeposit`;
CREATE TABLE `himall_cashdeposit` (
  `Id` bigint(20) NOT NULL AUTO_INCREMENT COMMENT '主键ID',
  `ShopId` bigint(20) NOT NULL COMMENT 'Shop表外键',
  `CurrentBalance` decimal(10,2) NOT NULL DEFAULT '0.00' COMMENT '可用金额',
  `TotalBalance` decimal(10,2) NOT NULL DEFAULT '0.00' COMMENT '已缴纳金额',
  `Date` datetime NOT NULL COMMENT '最后一次缴纳时间',
  `EnableLabels` tinyint(1) NOT NULL DEFAULT '1' COMMENT '是否显示标志，只有保证金欠费该字段才有用，默认显示',
  PRIMARY KEY (`Id`),
  KEY `FK_Himall_CashDeposit_Himall_Shops` (`ShopId`) USING BTREE,
  CONSTRAINT `himall_cashdeposit_ibfk_1` FOREIGN KEY (`ShopId`) REFERENCES `himall_shops` (`Id`)
) ENGINE=InnoDB AUTO_INCREMENT=2 DEFAULT CHARSET=gbk ROW_FORMAT=COMPACT;

-- ----------------------------
-- Records of himall_cashdeposit
-- ----------------------------

-- ----------------------------
-- Table structure for `himall_cashdepositdetail`
-- ----------------------------
DROP TABLE IF EXISTS `himall_cashdepositdetail`;
CREATE TABLE `himall_cashdepositdetail` (
  `Id` bigint(20) NOT NULL AUTO_INCREMENT,
  `CashDepositId` bigint(20) NOT NULL DEFAULT '0',
  `AddDate` datetime NOT NULL,
  `Balance` decimal(10,2) NOT NULL DEFAULT '0.00',
  `Operator` varchar(50) NOT NULL COMMENT '操作类型',
  `Description` varchar(1000) DEFAULT NULL COMMENT '说明',
  `RechargeWay` int(11) DEFAULT NULL COMMENT '充值类型（银联、支付宝之类的）',
  PRIMARY KEY (`Id`),
  KEY `KF_Himall_CashDeposit_Himall_CashDepositDetail` (`CashDepositId`) USING BTREE,
  CONSTRAINT `himall_cashdepositdetail_ibfk_1` FOREIGN KEY (`CashDepositId`) REFERENCES `himall_cashdeposit` (`Id`)
) ENGINE=InnoDB AUTO_INCREMENT=2 DEFAULT CHARSET=gbk ROW_FORMAT=COMPACT;

-- ----------------------------
-- Records of himall_cashdepositdetail
-- ----------------------------

-- ----------------------------
-- Table structure for `himall_categories`
-- ----------------------------
DROP TABLE IF EXISTS `himall_categories`;
CREATE TABLE `himall_categories` (
  `Id` bigint(20) NOT NULL,
  `Name` varchar(100) NOT NULL COMMENT '分类名称',
  `Icon` varchar(1000) DEFAULT NULL COMMENT '分类图标',
  `DisplaySequence` bigint(20) NOT NULL,
  `ParentCategoryId` bigint(20) NOT NULL,
  `Depth` int(11) NOT NULL COMMENT '分类的深度',
  `Path` varchar(100) NOT NULL COMMENT '分类的路径（以|分离）',
  `RewriteName` varchar(50) DEFAULT NULL COMMENT '未使用',
  `HasChildren` tinyint(1) NOT NULL COMMENT '是否有子分类',
  `TypeId` bigint(20) NOT NULL DEFAULT '0',
  `CommisRate` decimal(8,2) NOT NULL COMMENT '分佣比例',
  `Meta_Title` varchar(1000) DEFAULT NULL,
  `Meta_Description` varchar(1000) DEFAULT NULL,
  `Meta_Keywords` varchar(1000) DEFAULT NULL,
  `IsDeleted` bit(1) NOT NULL COMMENT '是否已删除',
  PRIMARY KEY (`Id`),
  KEY `FK_Type_Category` (`TypeId`) USING BTREE,
  CONSTRAINT `himall_categories_ibfk_1` FOREIGN KEY (`TypeId`) REFERENCES `himall_types` (`Id`)
) ENGINE=InnoDB DEFAULT CHARSET=utf8 ROW_FORMAT=COMPACT;

-- ----------------------------
-- Records of himall_categories
-- ----------------------------
INSERT INTO `himall_categories` VALUES ('1', '食品、酒类、特产', '/Storage/Plat/ImageAd/201702141458045546690.png', '1', '0', '1', '1', null, '0', '82', '100.00', null, null, null, '');
INSERT INTO `himall_categories` VALUES ('2', '坚果', null, '1', '1', '2', '1|2', null, '0', '82', '100.00', null, null, null, '');
INSERT INTO `himall_categories` VALUES ('3', '松子', null, '1', '2', '3', '1|2|3', null, '0', '82', '2.00', null, null, null, '');
INSERT INTO `himall_categories` VALUES ('4', '辣条', null, '2', '1', '2', '1|4', null, '0', '82', '100.00', null, null, null, '');
INSERT INTO `himall_categories` VALUES ('5', '卫龙', null, '1', '4', '3', '1|4|5', null, '0', '82', '1.00', null, null, null, '');
INSERT INTO `himall_categories` VALUES ('6', '核桃', null, '2', '2', '3', '1|2|6', null, '0', '82', '1.00', null, null, null, '');
INSERT INTO `himall_categories` VALUES ('7', '碧根果', null, '3', '2', '3', '1|2|7', null, '0', '82', '2.00', null, null, null, '');
INSERT INTO `himall_categories` VALUES ('8', '男装、女装、童装', '/Storage/Plat/ImageAd/201702141457468202460.png', '2', '0', '1', '8', null, '0', '83', '100.00', null, null, null, '');
INSERT INTO `himall_categories` VALUES ('9', '女装', null, '1', '8', '2', '8|9', null, '0', '83', '100.00', null, null, null, '');
INSERT INTO `himall_categories` VALUES ('10', '外套', null, '1', '9', '3', '8|9|10', null, '0', '83', '2.00', null, null, null, '');
INSERT INTO `himall_categories` VALUES ('11', '裙子', null, '2', '9', '3', '8|9|11', null, '0', '83', '2.00', null, null, null, '');
INSERT INTO `himall_categories` VALUES ('12', '衬衣', null, '3', '9', '3', '8|9|12', null, '0', '83', '3.00', null, null, null, '');
INSERT INTO `himall_categories` VALUES ('13', '针织衫', null, '4', '9', '3', '8|9|13', null, '0', '83', '2.00', null, null, null, '');
INSERT INTO `himall_categories` VALUES ('14', '电脑办公', '/Storage/Plat/ImageAd/201702141501542881100.png', '3', '0', '1', '14', null, '0', '84', '100.00', null, null, null, '');
INSERT INTO `himall_categories` VALUES ('15', '电脑整机', null, '1', '14', '2', '14|15', null, '0', '84', '100.00', null, null, null, '');
INSERT INTO `himall_categories` VALUES ('16', '笔记本', null, '1', '15', '3', '14|15|16', null, '0', '84', '1.00', null, null, null, '');
INSERT INTO `himall_categories` VALUES ('17', '生鲜', '/Storage/Plat/ImageAd/201702141501257655790.png', '4', '0', '1', '17', null, '0', '85', '100.00', null, null, null, '');
INSERT INTO `himall_categories` VALUES ('18', '海鲜水产', null, '1', '17', '2', '17|18', null, '0', '85', '100.00', null, null, null, '');
INSERT INTO `himall_categories` VALUES ('19', '虾类', null, '1', '18', '3', '17|18|19', null, '0', '85', '2.00', null, null, null, '');
INSERT INTO `himall_categories` VALUES ('20', '个护化妆、清洁用品', '/Storage/Plat/ImageAd/201702141458340605160.png', '5', '0', '1', '20', null, '0', '87', '100.00', null, null, null, '');
INSERT INTO `himall_categories` VALUES ('21', '面部护肤', null, '1', '20', '2', '20|21', null, '0', '87', '100.00', null, null, null, '');
INSERT INTO `himall_categories` VALUES ('22', '洁面', null, '1', '21', '3', '20|21|22', null, '0', '87', '3.00', null, null, null, '');
INSERT INTO `himall_categories` VALUES ('23', '卸妆', null, '2', '21', '3', '20|21|23', null, '0', '87', '3.00', null, null, null, '');
INSERT INTO `himall_categories` VALUES ('24', '家用电器', '/Storage/Plat/ImageAd/201702141501082050620.png', '6', '0', '1', '24', null, '0', '86', '100.00', null, null, null, '');
INSERT INTO `himall_categories` VALUES ('25', '家居、家具、家装', '/Storage/Plat/ImageAd/201702141501364804300.png', '7', '0', '1', '25', null, '0', '88', '100.00', null, null, null, '');
INSERT INTO `himall_categories` VALUES ('26', '厨具', null, '1', '25', '2', '25|26', null, '0', '88', '100.00', null, null, null, '');
INSERT INTO `himall_categories` VALUES ('27', '烹饪锅具', null, '2', '25', '2', '25|27', null, '0', '88', '100.00', null, null, null, '');
INSERT INTO `himall_categories` VALUES ('28', '烹饪锅具', null, '1', '26', '3', '25|26|28', null, '0', '88', '2.00', null, null, null, '');
INSERT INTO `himall_categories` VALUES ('29', '厨房配件', null, '2', '26', '3', '25|26|29', null, '0', '88', '2.00', null, null, null, '');
INSERT INTO `himall_categories` VALUES ('30', '餐具', null, '3', '26', '3', '25|26|30', null, '0', '88', '2.00', null, null, null, '');
INSERT INTO `himall_categories` VALUES ('31', '家纺', null, '2', '25', '2', '25|31', null, '0', '88', '100.00', null, null, null, '');
INSERT INTO `himall_categories` VALUES ('32', '床品套件', null, '1', '31', '3', '25|31|32', null, '0', '88', '3.00', null, null, null, '');
INSERT INTO `himall_categories` VALUES ('33', '被子', null, '2', '31', '3', '25|31|33', null, '0', '88', '3.00', null, null, null, '');
INSERT INTO `himall_categories` VALUES ('34', '枕头', null, '3', '31', '3', '25|31|34', null, '0', '88', '2.00', null, null, null, '');
INSERT INTO `himall_categories` VALUES ('35', '家装软式', null, '3', '25', '2', '25|35', null, '0', '88', '100.00', null, null, null, '');
INSERT INTO `himall_categories` VALUES ('36', '装饰字画', null, '1', '35', '3', '25|35|36', null, '0', '88', '2.00', null, null, null, '');
INSERT INTO `himall_categories` VALUES ('37', '装饰摆件', null, '2', '35', '3', '25|35|37', null, '0', '88', '2.00', null, null, null, '');
INSERT INTO `himall_categories` VALUES ('38', '窗帘隔断', null, '3', '35', '3', '25|35|38', null, '0', '88', '2.00', null, null, null, '');
INSERT INTO `himall_categories` VALUES ('39', '鞋靴、箱包', '/Storage/Plat/ImageAd/201702141459041288400.png', '8', '0', '1', '39', null, '0', '89', '100.00', null, null, null, '');
INSERT INTO `himall_categories` VALUES ('40', '运动、户外', '/Storage/Plat/ImageAd/201702141459248710700.png', '9', '0', '1', '40', null, '0', '90', '100.00', null, null, null, '');
INSERT INTO `himall_categories` VALUES ('41', '母婴、玩具乐器', '/Storage/Plat/ImageAd/201702141459334413860.png', '10', '0', '1', '41', null, '0', '92', '100.00', null, null, null, '');
INSERT INTO `himall_categories` VALUES ('42', '医药保健', '/Storage/Plat/ImageAd/201702141459487451100.png', '11', '0', '1', '42', null, '0', '93', '100.00', null, null, null, '');
INSERT INTO `himall_categories` VALUES ('43', '图书、影像、电子书', '/Storage/Plat/ImageAd/201702141500082450630.png', '12', '0', '1', '43', null, '0', '94', '100.00', null, null, null, '');
INSERT INTO `himall_categories` VALUES ('44', '手机、 数码', '/Storage/Plat/ImageAd/201702141459577177240.png', '13', '0', '1', '44', null, '0', '84', '100.00', null, null, null, '');
INSERT INTO `himall_categories` VALUES ('45', '汽车、汽车用品', '/Storage/Plat/ImageAd/201702141500254013550.png', '14', '0', '1', '45', null, '0', '91', '100.00', null, null, null, '');
INSERT INTO `himall_categories` VALUES ('46', '电视', null, '1', '24', '2', '24|46', null, '0', '86', '100.00', null, null, null, '');
INSERT INTO `himall_categories` VALUES ('47', '空调', null, '2', '24', '2', '24|47', null, '0', '86', '100.00', null, null, null, '');
INSERT INTO `himall_categories` VALUES ('48', '洗衣机', null, '3', '24', '2', '24|48', null, '0', '86', '100.00', null, null, null, '');
INSERT INTO `himall_categories` VALUES ('49', '厨卫大电', null, '4', '24', '2', '24|49', null, '0', '86', '100.00', null, null, null, '');
INSERT INTO `himall_categories` VALUES ('50', '生活电器', null, '5', '24', '2', '24|50', null, '0', '86', '100.00', null, null, null, '');
INSERT INTO `himall_categories` VALUES ('51', '合资品牌', null, '1', '46', '3', '24|46|51', null, '0', '86', '3.00', null, null, null, '');
INSERT INTO `himall_categories` VALUES ('52', '国产品牌', null, '2', '46', '3', '24|46|52', null, '0', '86', '2.00', null, null, null, '');
INSERT INTO `himall_categories` VALUES ('53', '互联网品牌', null, '3', '46', '3', '24|46|53', null, '0', '86', '3.00', null, null, null, '');
INSERT INTO `himall_categories` VALUES ('54', '壁挂式空调', null, '1', '47', '3', '24|47|54', null, '0', '86', '2.00', null, null, null, '');
INSERT INTO `himall_categories` VALUES ('55', '柜式空调', null, '2', '47', '3', '24|47|55', null, '0', '86', '2.00', null, null, null, '');
INSERT INTO `himall_categories` VALUES ('56', '中央空调', null, '3', '47', '3', '24|47|56', null, '0', '86', '4.00', null, null, null, '');
INSERT INTO `himall_categories` VALUES ('57', '空调配件', null, '4', '47', '3', '24|47|57', null, '0', '86', '1.00', null, null, null, '');
INSERT INTO `himall_categories` VALUES ('58', '滚筒洗衣机', null, '1', '48', '3', '24|48|58', null, '0', '86', '3.00', null, null, null, '');
INSERT INTO `himall_categories` VALUES ('59', '机烘一体机', null, '2', '48', '3', '24|48|59', null, '0', '86', '5.00', null, null, null, '');
INSERT INTO `himall_categories` VALUES ('60', '波轮洗衣机', null, '3', '48', '3', '24|48|60', null, '0', '86', '5.00', null, null, null, '');
INSERT INTO `himall_categories` VALUES ('61', '迷你洗衣机', null, '4', '48', '3', '24|48|61', null, '0', '86', '5.00', null, null, null, '');
INSERT INTO `himall_categories` VALUES ('62', '洗衣机配件', null, '5', '48', '3', '24|48|62', null, '0', '86', '2.00', null, null, null, '');
INSERT INTO `himall_categories` VALUES ('63', '油烟机', null, '1', '49', '3', '24|49|63', null, '0', '86', '2.00', null, null, null, '');
INSERT INTO `himall_categories` VALUES ('64', '燃气灶', null, '2', '49', '3', '24|49|64', null, '0', '86', '5.00', null, null, null, '');
INSERT INTO `himall_categories` VALUES ('65', '吸尘器', null, '1', '50', '3', '24|50|65', null, '0', '86', '7.00', null, null, null, '');
INSERT INTO `himall_categories` VALUES ('66', '进化器', null, '2', '50', '3', '24|50|66', null, '0', '86', '3.00', null, null, null, '');
INSERT INTO `himall_categories` VALUES ('67', '加湿器', null, '3', '50', '3', '24|50|67', null, '0', '86', '3.00', null, null, null, '');
INSERT INTO `himall_categories` VALUES ('68', '时尚女鞋', null, '1', '39', '2', '39|68', null, '0', '89', '100.00', null, null, null, '');
INSERT INTO `himall_categories` VALUES ('69', '流行男鞋', null, '2', '39', '2', '39|69', null, '0', '89', '100.00', null, null, null, '');
INSERT INTO `himall_categories` VALUES ('70', '潮流女包', null, '3', '39', '2', '39|70', null, '0', '89', '100.00', null, null, null, '');
INSERT INTO `himall_categories` VALUES ('71', '精品男包', null, '4', '39', '2', '39|71', null, '0', '89', '100.00', null, null, null, '');
INSERT INTO `himall_categories` VALUES ('72', '女靴', null, '1', '68', '3', '39|68|72', null, '0', '89', '4.00', null, null, null, '');
INSERT INTO `himall_categories` VALUES ('73', '单鞋', null, '2', '68', '3', '39|68|73', null, '0', '89', '4.00', null, null, null, '');
INSERT INTO `himall_categories` VALUES ('74', '布鞋', null, '3', '68', '3', '39|68|74', null, '0', '89', '2.00', null, null, null, '');
INSERT INTO `himall_categories` VALUES ('75', '休闲鞋', null, '1', '69', '3', '39|69|75', null, '0', '89', '2.00', null, null, null, '');
INSERT INTO `himall_categories` VALUES ('76', '正装鞋', null, '2', '69', '3', '39|69|76', null, '0', '89', '4.00', null, null, null, '');
INSERT INTO `himall_categories` VALUES ('77', '运动鞋', null, '3', '69', '3', '39|69|77', null, '0', '89', '3.00', null, null, null, '');
INSERT INTO `himall_categories` VALUES ('78', '男靴', null, '4', '69', '3', '39|69|78', null, '0', '89', '5.00', null, null, null, '');
INSERT INTO `himall_categories` VALUES ('79', '凉鞋', null, '5', '69', '3', '39|69|79', null, '0', '89', '5.00', null, null, null, '');
INSERT INTO `himall_categories` VALUES ('80', '凉鞋', null, '4', '68', '3', '39|68|80', null, '0', '89', '4.00', null, null, null, '');
INSERT INTO `himall_categories` VALUES ('81', '真皮包', null, '1', '70', '3', '39|70|81', null, '0', '89', '5.00', null, null, null, '');
INSERT INTO `himall_categories` VALUES ('82', '水桶包', null, '2', '70', '3', '39|70|82', null, '0', '89', '4.00', null, null, null, '');
INSERT INTO `himall_categories` VALUES ('83', '斜挎包', null, '3', '70', '3', '39|70|83', null, '0', '89', '4.00', null, null, null, '');
INSERT INTO `himall_categories` VALUES ('84', '手提包', null, '4', '70', '3', '39|70|84', null, '0', '89', '3.00', null, null, null, '');
INSERT INTO `himall_categories` VALUES ('85', '帆布包', null, '5', '70', '3', '39|70|85', null, '0', '89', '3.00', null, null, null, '');
INSERT INTO `himall_categories` VALUES ('86', '商务包', null, '1', '71', '3', '39|71|86', null, '0', '89', '5.00', null, null, null, '');
INSERT INTO `himall_categories` VALUES ('87', '双肩背包', null, '2', '71', '3', '39|71|87', null, '0', '89', '4.00', null, null, null, '');
INSERT INTO `himall_categories` VALUES ('88', '男士手包', null, '3', '71', '3', '39|71|88', null, '0', '89', '3.00', null, null, null, '');
INSERT INTO `himall_categories` VALUES ('89', '运动鞋包', null, '1', '40', '2', '40|89', null, '0', '90', '100.00', null, null, null, '');
INSERT INTO `himall_categories` VALUES ('90', '运动服饰', null, '2', '40', '2', '40|90', null, '0', '90', '100.00', null, null, null, '');
INSERT INTO `himall_categories` VALUES ('91', '骑行运动', null, '3', '40', '2', '40|91', null, '0', '90', '100.00', null, null, null, '');
INSERT INTO `himall_categories` VALUES ('92', '体育用品', null, '4', '40', '2', '40|92', null, '0', '90', '100.00', null, null, null, '');
INSERT INTO `himall_categories` VALUES ('93', '跑步鞋', null, '1', '89', '3', '40|89|93', null, '0', '90', '5.00', null, null, null, '');
INSERT INTO `himall_categories` VALUES ('94', '篮球鞋', null, '2', '89', '3', '40|89|94', null, '0', '90', '3.00', null, null, null, '');
INSERT INTO `himall_categories` VALUES ('95', '帆布鞋', null, '3', '89', '3', '40|89|95', null, '0', '90', '4.00', null, null, null, '');
INSERT INTO `himall_categories` VALUES ('96', '登山鞋', null, '4', '89', '3', '40|89|96', null, '0', '90', '4.00', null, null, null, '');
INSERT INTO `himall_categories` VALUES ('97', '足球鞋', null, '5', '89', '3', '40|89|97', null, '0', '90', '4.00', null, null, null, '');
INSERT INTO `himall_categories` VALUES ('98', 'T恤', null, '1', '90', '3', '40|90|98', null, '0', '90', '4.00', null, null, null, '');
INSERT INTO `himall_categories` VALUES ('99', '运动裤', null, '2', '90', '3', '40|90|99', null, '0', '90', '3.00', null, null, null, '');
INSERT INTO `himall_categories` VALUES ('100', '汗巾', null, '3', '90', '3', '40|90|100', null, '0', '90', '4.00', null, null, null, '');
INSERT INTO `himall_categories` VALUES ('101', '护腕', null, '4', '90', '3', '40|90|101', null, '0', '90', '4.00', null, null, null, '');
INSERT INTO `himall_categories` VALUES ('102', '山地车', null, '1', '91', '3', '40|91|102', null, '0', '90', '5.00', null, null, null, '');
INSERT INTO `himall_categories` VALUES ('103', '自行车', null, '2', '91', '3', '40|91|103', null, '0', '90', '6.00', null, null, null, '');
INSERT INTO `himall_categories` VALUES ('104', '折叠车', null, '3', '91', '3', '40|91|104', null, '0', '90', '5.00', null, null, null, '');
INSERT INTO `himall_categories` VALUES ('105', '骑行装备', null, '4', '91', '3', '40|91|105', null, '0', '90', '4.00', null, null, null, '');
INSERT INTO `himall_categories` VALUES ('106', '羽毛球', null, '1', '92', '3', '40|92|106', null, '0', '90', '2.00', null, null, null, '');
INSERT INTO `himall_categories` VALUES ('107', '乒乓球', null, '2', '92', '3', '40|92|107', null, '0', '90', '3.00', null, null, null, '');
INSERT INTO `himall_categories` VALUES ('108', '篮球', null, '3', '92', '3', '40|92|108', null, '0', '90', '5.00', null, null, null, '');
INSERT INTO `himall_categories` VALUES ('109', '足球', null, '4', '92', '3', '40|92|109', null, '0', '90', '4.00', null, null, null, '');
INSERT INTO `himall_categories` VALUES ('110', '棒球', null, '5', '92', '3', '40|92|110', null, '0', '90', '4.00', null, null, null, '');
INSERT INTO `himall_categories` VALUES ('111', '网球', null, '6', '92', '3', '40|92|111', null, '0', '90', '3.00', null, null, null, '');
INSERT INTO `himall_categories` VALUES ('112', '高尔夫', null, '7', '92', '3', '40|92|112', null, '0', '90', '5.00', null, null, null, '');
INSERT INTO `himall_categories` VALUES ('113', '台球', null, '8', '92', '3', '40|92|113', null, '0', '90', '4.00', null, null, null, '');
INSERT INTO `himall_categories` VALUES ('114', '奶粉', null, '1', '41', '2', '41|114', null, '0', '92', '100.00', null, null, null, '');
INSERT INTO `himall_categories` VALUES ('115', '营养辅食', null, '2', '41', '2', '41|115', null, '0', '92', '100.00', null, null, null, '');
INSERT INTO `himall_categories` VALUES ('116', '尿裤湿巾', null, '3', '41', '2', '41|116', null, '0', '92', '100.00', null, null, null, '');
INSERT INTO `himall_categories` VALUES ('117', '1段', null, '1', '114', '3', '41|114|117', null, '0', '92', '3.00', null, null, null, '');
INSERT INTO `himall_categories` VALUES ('118', '2段', null, '2', '114', '3', '41|114|118', null, '0', '92', '3.00', null, null, null, '');
INSERT INTO `himall_categories` VALUES ('119', '3段', null, '3', '114', '3', '41|114|119', null, '0', '92', '4.00', null, null, null, '');
INSERT INTO `himall_categories` VALUES ('120', '4段', null, '4', '114', '3', '41|114|120', null, '0', '92', '3.00', null, null, null, '');
INSERT INTO `himall_categories` VALUES ('121', '孕妈奶粉', null, '5', '114', '3', '41|114|121', null, '0', '92', '3.00', null, null, null, '');
INSERT INTO `himall_categories` VALUES ('122', '米粉、菜粉', null, '1', '115', '3', '41|115|122', null, '0', '92', '3.00', null, null, null, '');
INSERT INTO `himall_categories` VALUES ('123', 'DHA', null, '2', '115', '3', '41|115|123', null, '0', '92', '4.00', null, null, null, '');
INSERT INTO `himall_categories` VALUES ('124', '拉拉裤', null, '1', '116', '3', '41|116|124', null, '0', '92', '4.00', null, null, null, '');
INSERT INTO `himall_categories` VALUES ('125', '婴儿湿巾', null, '2', '116', '3', '41|116|125', null, '0', '92', '4.00', null, null, null, '');
INSERT INTO `himall_categories` VALUES ('126', '中西药品', null, '1', '42', '2', '42|126', null, '0', '93', '100.00', null, null, null, '');
INSERT INTO `himall_categories` VALUES ('127', '营养健康', null, '2', '42', '2', '42|127', null, '0', '93', '100.00', null, null, null, '');
INSERT INTO `himall_categories` VALUES ('128', '感冒咳嗽', null, '1', '126', '3', '42|126|128', null, '0', '93', '4.00', null, null, null, '');
INSERT INTO `himall_categories` VALUES ('129', '补气养血', null, '2', '126', '3', '42|126|129', null, '0', '93', '3.00', null, null, null, '');
INSERT INTO `himall_categories` VALUES ('130', '调节免疫', null, '1', '127', '3', '42|127|130', null, '0', '93', '4.00', null, null, null, '');
INSERT INTO `himall_categories` VALUES ('131', '调节三高', null, '2', '127', '3', '42|127|131', null, '0', '93', '3.00', null, null, null, '');
INSERT INTO `himall_categories` VALUES ('132', '手机通讯', null, '1', '44', '2', '44|132', null, '0', '84', '100.00', null, null, null, '');
INSERT INTO `himall_categories` VALUES ('133', '手机配件', null, '2', '44', '2', '44|133', null, '0', '84', '100.00', null, null, null, '');
INSERT INTO `himall_categories` VALUES ('134', '手机', null, '1', '132', '3', '44|132|134', null, '0', '84', '5.00', null, null, null, '');
INSERT INTO `himall_categories` VALUES ('135', '对讲机', null, '2', '132', '3', '44|132|135', null, '0', '84', '4.00', null, null, null, '');
INSERT INTO `himall_categories` VALUES ('136', '手机壳', null, '1', '133', '3', '44|133|136', null, '0', '84', '5.00', null, null, null, '');
INSERT INTO `himall_categories` VALUES ('137', '贴膜', null, '2', '133', '3', '44|133|137', null, '0', '84', '4.00', null, null, null, '');
INSERT INTO `himall_categories` VALUES ('138', '数据线', null, '3', '133', '3', '44|133|138', null, '0', '84', '3.00', null, null, null, '');
INSERT INTO `himall_categories` VALUES ('139', '充电器', null, '4', '133', '3', '44|133|139', null, '0', '84', '3.00', null, null, null, '');
INSERT INTO `himall_categories` VALUES ('140', '耳机', null, '5', '133', '3', '44|133|140', null, '0', '84', '3.00', null, null, null, '');
INSERT INTO `himall_categories` VALUES ('141', '汽车装饰', null, '1', '45', '2', '45|141', null, '0', '91', '100.00', null, null, null, '');
INSERT INTO `himall_categories` VALUES ('142', '美容清洗', null, '2', '45', '2', '45|142', null, '0', '91', '100.00', null, null, null, '');
INSERT INTO `himall_categories` VALUES ('143', '脚垫', null, '1', '141', '3', '45|141|143', null, '0', '91', '4.00', null, null, null, '');
INSERT INTO `himall_categories` VALUES ('144', '座套', null, '2', '141', '3', '45|141|144', null, '0', '91', '3.00', null, null, null, '');
INSERT INTO `himall_categories` VALUES ('145', '方向盘套', null, '3', '141', '3', '45|141|145', null, '0', '91', '4.00', null, null, null, '');
INSERT INTO `himall_categories` VALUES ('146', '后备箱垫', null, '4', '141', '3', '45|141|146', null, '0', '91', '3.00', null, null, null, '');
INSERT INTO `himall_categories` VALUES ('147', '车蜡', null, '1', '142', '3', '45|142|147', null, '0', '91', '3.00', null, null, null, '');
INSERT INTO `himall_categories` VALUES ('148', '补漆笔', null, '2', '142', '3', '45|142|148', null, '0', '91', '4.00', null, null, null, '');
INSERT INTO `himall_categories` VALUES ('149', '玻璃水', null, '3', '142', '3', '45|142|149', null, '0', '91', '3.00', null, null, null, '');
INSERT INTO `himall_categories` VALUES ('150', '清洁剂', null, '4', '142', '3', '45|142|150', null, '0', '91', '3.00', null, null, null, '');
INSERT INTO `himall_categories` VALUES ('151', '钟表', '/Storage/Plat/ImageAd/201702141500376386730.png', '15', '0', '1', '151', null, '0', '95', '100.00', null, null, null, '');
INSERT INTO `himall_categories` VALUES ('152', '珠宝', '/Storage/Plat/ImageAd/201702141500439120730.png', '16', '0', '1', '152', null, '0', '96', '100.00', null, null, null, '');
INSERT INTO `himall_categories` VALUES ('153', '水果', null, '3', '1', '2', '1|153', null, '0', '82', '100.00', null, null, null, '');
INSERT INTO `himall_categories` VALUES ('154', '水果', null, '1', '153', '3', '1|153|154', null, '0', '82', '1.00', null, null, null, '');
INSERT INTO `himall_categories` VALUES ('155', '数码产品', null, '3', '44', '2', '44|155', null, '0', '84', '100.00', null, null, null, '');
INSERT INTO `himall_categories` VALUES ('156', '视频类用品', null, '1', '155', '3', '44|155|156', null, '0', '84', '5.00', null, null, null, '');
INSERT INTO `himall_categories` VALUES ('157', '面部护理', null, '3', '21', '3', '20|21|157', null, '0', '87', '5.00', null, null, null, '');
INSERT INTO `himall_categories` VALUES ('158', '手表', null, '1', '151', '2', '151|158', null, '0', '95', '100.00', null, null, null, '');
INSERT INTO `himall_categories` VALUES ('159', '男表', null, '1', '158', '3', '151|158|159', null, '0', '95', '8.00', null, null, null, '');
INSERT INTO `himall_categories` VALUES ('160', '小米手环', '/Storage/Plat/ImageAd/201709261447593032520.jpg', '2', '158', '3', '151|158|160', null, '0', '95', '10.00', null, null, null, '');
INSERT INTO `himall_categories` VALUES ('161', '料理机', null, '3', '49', '3', '24|49|161', null, '0', '86', '2.00', null, null, null, '');
INSERT INTO `himall_categories` VALUES ('162', '黄金', null, '1', '152', '2', '152|162', null, '0', '96', '100.00', null, null, null, '');
INSERT INTO `himall_categories` VALUES ('163', '二级黄金', null, '1', '162', '3', '152|162|163', null, '0', '96', '10.00', null, null, null, '');

-- ----------------------------
-- Table structure for `himall_categorycashdeposit`
-- ----------------------------
DROP TABLE IF EXISTS `himall_categorycashdeposit`;
CREATE TABLE `himall_categorycashdeposit` (
  `Id` bigint(20) NOT NULL COMMENT '主键Id',
  `CategoryId` bigint(20) NOT NULL COMMENT '分类Id',
  `NeedPayCashDeposit` decimal(10,2) DEFAULT '0.00' COMMENT '需要缴纳保证金',
  `EnableNoReasonReturn` tinyint(1) DEFAULT '0' COMMENT '允许七天无理由退货',
  PRIMARY KEY (`CategoryId`),
  KEY `FK_Himall_CategoriesObligation_Categories` (`CategoryId`) USING BTREE,
  CONSTRAINT `FK_Himall_CategoriesObligation_Categories` FOREIGN KEY (`CategoryId`) REFERENCES `himall_categories` (`Id`) ON DELETE CASCADE
) ENGINE=InnoDB DEFAULT CHARSET=utf8 ROW_FORMAT=COMPACT;

-- ----------------------------
-- Records of himall_categorycashdeposit
-- ----------------------------
INSERT INTO `himall_categorycashdeposit` VALUES ('0', '1', '0.00', '0');
INSERT INTO `himall_categorycashdeposit` VALUES ('0', '8', '0.00', '0');
INSERT INTO `himall_categorycashdeposit` VALUES ('0', '14', '0.00', '0');
INSERT INTO `himall_categorycashdeposit` VALUES ('0', '17', '0.00', '0');
INSERT INTO `himall_categorycashdeposit` VALUES ('0', '20', '0.00', '0');
INSERT INTO `himall_categorycashdeposit` VALUES ('0', '24', '0.00', '0');
INSERT INTO `himall_categorycashdeposit` VALUES ('0', '25', '0.00', '0');
INSERT INTO `himall_categorycashdeposit` VALUES ('0', '39', '0.00', '0');
INSERT INTO `himall_categorycashdeposit` VALUES ('0', '40', '0.00', '0');
INSERT INTO `himall_categorycashdeposit` VALUES ('0', '41', '0.00', '0');
INSERT INTO `himall_categorycashdeposit` VALUES ('0', '42', '0.00', '0');
INSERT INTO `himall_categorycashdeposit` VALUES ('0', '43', '0.00', '0');
INSERT INTO `himall_categorycashdeposit` VALUES ('0', '44', '0.00', '0');
INSERT INTO `himall_categorycashdeposit` VALUES ('0', '45', '0.00', '0');
INSERT INTO `himall_categorycashdeposit` VALUES ('0', '151', '0.00', '0');
INSERT INTO `himall_categorycashdeposit` VALUES ('0', '152', '0.00', '0');

-- ----------------------------
-- Table structure for `himall_chargedetail`
-- ----------------------------
DROP TABLE IF EXISTS `himall_chargedetail`;
CREATE TABLE `himall_chargedetail` (
  `Id` bigint(20) NOT NULL,
  `MemId` bigint(20) NOT NULL COMMENT '会员ID',
  `ChargeTime` datetime DEFAULT NULL COMMENT '充值时间',
  `ChargeAmount` decimal(18,2) NOT NULL COMMENT '充值金额',
  `ChargeWay` varchar(50) DEFAULT NULL COMMENT '充值方式',
  `ChargeStatus` int(11) NOT NULL COMMENT '充值状态',
  `CreateTime` datetime DEFAULT NULL COMMENT '提交充值时间',
  PRIMARY KEY (`Id`)
) ENGINE=InnoDB DEFAULT CHARSET=utf8 ROW_FORMAT=COMPACT;

-- ----------------------------
-- Records of himall_chargedetail
-- ----------------------------
INSERT INTO `himall_chargedetail` VALUES ('17021615170421168', '608', null, '500.00', '微信支付', '1', '2017-02-16 15:17:04');
INSERT INTO `himall_chargedetail` VALUES ('17021915225522112', '632', null, '435.00', null, '1', '2017-02-19 15:22:56');

-- ----------------------------
-- Table structure for `himall_chargedetailshop`
-- ----------------------------
DROP TABLE IF EXISTS `himall_chargedetailshop`;
CREATE TABLE `himall_chargedetailshop` (
  `Id` bigint(20) NOT NULL,
  `ShopId` bigint(20) NOT NULL COMMENT '店铺ID',
  `ChargeTime` datetime DEFAULT NULL COMMENT '充值时间',
  `ChargeAmount` decimal(18,2) NOT NULL COMMENT '充值金额',
  `ChargeWay` varchar(50) DEFAULT NULL COMMENT '充值方式',
  `ChargeStatus` int(11) NOT NULL COMMENT '充值状态',
  `CreateTime` datetime DEFAULT NULL COMMENT '提交充值时间',
  PRIMARY KEY (`Id`)
) ENGINE=InnoDB DEFAULT CHARSET=utf8;

-- ----------------------------
-- Records of himall_chargedetailshop
-- ----------------------------
INSERT INTO `himall_chargedetailshop` VALUES ('17021411310728770', '1', null, '5000.00', null, '1', '2017-02-14 11:31:07');
INSERT INTO `himall_chargedetailshop` VALUES ('17021411323326291', '1', null, '5000.00', null, '1', '2017-02-14 11:32:34');

-- ----------------------------
-- Table structure for `himall_collocation`
-- ----------------------------
DROP TABLE IF EXISTS `himall_collocation`;
CREATE TABLE `himall_collocation` (
  `Id` bigint(20) NOT NULL AUTO_INCREMENT COMMENT 'ID自增',
  `Title` varchar(100) NOT NULL COMMENT '组合购标题',
  `StartTime` datetime NOT NULL COMMENT '开始日期',
  `EndTime` datetime NOT NULL COMMENT '结束日期',
  `ShortDesc` varchar(1000) DEFAULT NULL COMMENT '组合描述',
  `ShopId` bigint(20) NOT NULL COMMENT '组合购店铺ID',
  `CreateTime` datetime DEFAULT NULL COMMENT '添加时间',
  PRIMARY KEY (`Id`)
) ENGINE=InnoDB AUTO_INCREMENT=66 DEFAULT CHARSET=utf8 ROW_FORMAT=COMPACT;

-- ----------------------------
-- Records of himall_collocation
-- ----------------------------
INSERT INTO `himall_collocation` VALUES ('21', '组合购', '2017-02-14 00:00:00', '2017-05-06 00:00:00', '', '1', '2017-02-14 11:56:42');
INSERT INTO `himall_collocation` VALUES ('22', '组合购', '2017-02-14 00:00:00', '2017-04-28 00:00:00', '', '1', '2017-02-14 11:57:17');
INSERT INTO `himall_collocation` VALUES ('23', '服装组合购', '2017-02-14 00:00:00', '2017-09-22 00:00:00', '', '1', '2017-02-14 11:57:54');
INSERT INTO `himall_collocation` VALUES ('24', '三只松鼠优惠', '2017-02-14 00:00:00', '2017-09-16 00:00:00', '', '1', '2017-02-14 11:58:36');
INSERT INTO `himall_collocation` VALUES ('25', '电脑大酬宾', '2017-02-14 00:00:00', '2017-11-17 00:00:00', '', '1', '2017-02-14 11:59:15');

-- ----------------------------
-- Table structure for `himall_collocationporuducts`
-- ----------------------------
DROP TABLE IF EXISTS `himall_collocationporuducts`;
CREATE TABLE `himall_collocationporuducts` (
  `Id` bigint(20) NOT NULL AUTO_INCREMENT COMMENT 'ID自增',
  `ProductId` bigint(20) NOT NULL COMMENT '商品ID',
  `ColloId` bigint(20) NOT NULL COMMENT '组合购ID',
  `IsMain` tinyint(1) NOT NULL COMMENT '是否主商品',
  `DisplaySequence` int(11) DEFAULT NULL COMMENT '排序',
  PRIMARY KEY (`Id`),
  KEY `FK_Collocation_CollPoruducts` (`ColloId`) USING BTREE,
  KEY `FK_Product_CollPoruducts` (`ProductId`) USING BTREE,
  CONSTRAINT `FK_Collocation_CollPoruducts` FOREIGN KEY (`ColloId`) REFERENCES `himall_collocation` (`Id`) ON DELETE CASCADE,
  CONSTRAINT `FK_Product_CollPoruducts` FOREIGN KEY (`ProductId`) REFERENCES `himall_products` (`Id`) ON DELETE CASCADE
) ENGINE=InnoDB AUTO_INCREMENT=284 DEFAULT CHARSET=utf8 ROW_FORMAT=COMPACT;

-- ----------------------------
-- Records of himall_collocationporuducts
-- ----------------------------
INSERT INTO `himall_collocationporuducts` VALUES ('132', '717', '21', '1', '0');
INSERT INTO `himall_collocationporuducts` VALUES ('133', '718', '21', '0', '1');
INSERT INTO `himall_collocationporuducts` VALUES ('134', '713', '22', '1', '0');
INSERT INTO `himall_collocationporuducts` VALUES ('135', '712', '22', '0', '1');
INSERT INTO `himall_collocationporuducts` VALUES ('136', '708', '23', '1', '0');
INSERT INTO `himall_collocationporuducts` VALUES ('137', '707', '23', '0', '1');
INSERT INTO `himall_collocationporuducts` VALUES ('138', '701', '24', '1', '0');
INSERT INTO `himall_collocationporuducts` VALUES ('139', '700', '24', '0', '1');
INSERT INTO `himall_collocationporuducts` VALUES ('140', '715', '25', '1', '0');
INSERT INTO `himall_collocationporuducts` VALUES ('141', '714', '25', '0', '1');

-- ----------------------------
-- Table structure for `himall_collocationskus`
-- ----------------------------
DROP TABLE IF EXISTS `himall_collocationskus`;
CREATE TABLE `himall_collocationskus` (
  `Id` bigint(20) NOT NULL AUTO_INCREMENT COMMENT 'ID自增',
  `ProductId` bigint(20) NOT NULL COMMENT '商品ID',
  `SkuID` varchar(100) NOT NULL COMMENT '商品SkuId',
  `ColloProductId` bigint(20) NOT NULL COMMENT '组合商品表ID',
  `Price` decimal(18,2) NOT NULL COMMENT '组合购价格',
  `SkuPirce` decimal(18,2) DEFAULT NULL COMMENT '原始价格',
  PRIMARY KEY (`Id`),
  KEY `FK_Product_CollSkus` (`ProductId`) USING BTREE,
  KEY `FK_ColloPoruducts_CollSkus` (`ColloProductId`) USING BTREE,
  CONSTRAINT `FK_ColloProuducts_Skus` FOREIGN KEY (`ColloProductId`) REFERENCES `himall_collocationporuducts` (`Id`) ON DELETE CASCADE,
  CONSTRAINT `FK_Product_ColloSkus` FOREIGN KEY (`ProductId`) REFERENCES `himall_products` (`Id`) ON DELETE CASCADE
) ENGINE=InnoDB AUTO_INCREMENT=754 DEFAULT CHARSET=utf8 ROW_FORMAT=COMPACT;

-- ----------------------------
-- Records of himall_collocationskus
-- ----------------------------
INSERT INTO `himall_collocationskus` VALUES ('400', '717', '717_0_0_0', '132', '18.00', '19.90');
INSERT INTO `himall_collocationskus` VALUES ('401', '718', '718_0_0_0', '133', '100.00', '110.00');
INSERT INTO `himall_collocationskus` VALUES ('402', '713', '713_0_0_0', '134', '45.00', '50.00');
INSERT INTO `himall_collocationskus` VALUES ('403', '712', '712_0_661_0', '135', '213.00', '229.00');
INSERT INTO `himall_collocationskus` VALUES ('404', '712', '712_0_659_0', '135', '213.00', '229.00');
INSERT INTO `himall_collocationskus` VALUES ('405', '708', '708_0_0_0', '136', '400.00', '450.00');
INSERT INTO `himall_collocationskus` VALUES ('406', '707', '707_655_663_0', '137', '160.00', '175.00');
INSERT INTO `himall_collocationskus` VALUES ('407', '701', '701_0_0_0', '138', '25.00', '29.90');
INSERT INTO `himall_collocationskus` VALUES ('408', '700', '700_0_0_0', '139', '55.00', '59.90');
INSERT INTO `himall_collocationskus` VALUES ('409', '715', '715_0_0_0', '140', '12000.00', '13688.00');
INSERT INTO `himall_collocationskus` VALUES ('410', '714', '714_0_0_0', '141', '6500.00', '6988.00');

-- ----------------------------
-- Table structure for `himall_combodetail`
-- ----------------------------
DROP TABLE IF EXISTS `himall_combodetail`;
CREATE TABLE `himall_combodetail` (
  `Id` bigint(20) NOT NULL AUTO_INCREMENT COMMENT '编号',
  `GroupActiveId` bigint(20) NOT NULL COMMENT '对应活动编号',
  `ComboName` varchar(100) DEFAULT NULL COMMENT '套餐单项名称',
  `ComboQuantity` int(11) NOT NULL DEFAULT '0' COMMENT '套餐单项数量',
  `ComboPrice` decimal(18,2) DEFAULT '0.00' COMMENT '套餐单项价格',
  PRIMARY KEY (`Id`)
) ENGINE=InnoDB AUTO_INCREMENT=21 DEFAULT CHARSET=utf8;

-- ----------------------------
-- Records of himall_combodetail
-- ----------------------------
INSERT INTO `himall_combodetail` VALUES ('4', '74', '', '1000', '299.00');
INSERT INTO `himall_combodetail` VALUES ('5', '74', '', '1000', '299.00');
INSERT INTO `himall_combodetail` VALUES ('6', '75', '', '1000', '299.00');
INSERT INTO `himall_combodetail` VALUES ('7', '75', '', '1000', '299.00');
INSERT INTO `himall_combodetail` VALUES ('8', '76', '一桶天下全家桶', '1000', '299.00');
INSERT INTO `himall_combodetail` VALUES ('9', '76', '一桶天下全家桶', '1000', '299.00');
INSERT INTO `himall_combodetail` VALUES ('10', '116', '商品1', '1', '0.20');
INSERT INTO `himall_combodetail` VALUES ('11', '116', '商品2', '1', '0.30');
INSERT INTO `himall_combodetail` VALUES ('12', '116', '商品3', '1', '0.40');
INSERT INTO `himall_combodetail` VALUES ('13', '134', '巧克力全家桶', '100', '199.00');
INSERT INTO `himall_combodetail` VALUES ('14', '134', '', '0', '0.00');
INSERT INTO `himall_combodetail` VALUES ('15', '135', '巧克力全家桶', '100', '199.00');
INSERT INTO `himall_combodetail` VALUES ('16', '135', '巧克力全家桶', '100', '199.00');
INSERT INTO `himall_combodetail` VALUES ('17', '136', '巧克力全家桶', '500', '199.00');
INSERT INTO `himall_combodetail` VALUES ('18', '136', '巧克力全家桶', '500', '199.00');
INSERT INTO `himall_combodetail` VALUES ('19', '137', '色彩私人订制', '99', '99999.00');
INSERT INTO `himall_combodetail` VALUES ('20', '137', '形象代言人', '99', '99999.00');

-- ----------------------------
-- Table structure for `himall_coupon`
-- ----------------------------
DROP TABLE IF EXISTS `himall_coupon`;
CREATE TABLE `himall_coupon` (
  `Id` bigint(20) NOT NULL AUTO_INCREMENT,
  `ShopId` bigint(20) NOT NULL,
  `ShopName` varchar(100) DEFAULT NULL COMMENT '店铺名称',
  `Price` decimal(18,0) NOT NULL COMMENT '价格',
  `PerMax` int(11) NOT NULL COMMENT '最大可领取张数',
  `OrderAmount` decimal(18,0) NOT NULL COMMENT '订单金额（满足多少钱才能使用）',
  `Num` int(11) NOT NULL COMMENT '发行张数',
  `StartTime` datetime NOT NULL COMMENT '开始时间',
  `EndTime` datetime NOT NULL,
  `CouponName` varchar(100) NOT NULL COMMENT '优惠券名称',
  `CreateTime` datetime NOT NULL,
  `ReceiveType` int(11) NOT NULL DEFAULT '0' COMMENT '领取方式 0 店铺首页 1 积分兑换 2 主动发放',
  `NeedIntegral` int(11) NOT NULL COMMENT '所需积分',
  `EndIntegralExchange` datetime DEFAULT NULL COMMENT '兑换截止时间',
  `IntegralCover` varchar(200) DEFAULT NULL COMMENT '积分商城封面',
  `IsSyncWeiXin` int(11) NOT NULL DEFAULT '0' COMMENT '是否同步到微信',
  `WXAuditStatus` int(11) NOT NULL DEFAULT '0' COMMENT '微信状态',
  `CardLogId` bigint(20) DEFAULT NULL COMMENT '微信卡券记录号 与微信卡券记录关联',
  PRIMARY KEY (`Id`),
  KEY `FK_Himall_Coupon_Himall_Shops` (`ShopId`) USING BTREE,
  CONSTRAINT `himall_coupon_ibfk_1` FOREIGN KEY (`ShopId`) REFERENCES `himall_shops` (`Id`)
) ENGINE=InnoDB AUTO_INCREMENT=95 DEFAULT CHARSET=utf8 ROW_FORMAT=COMPACT;

-- ----------------------------
-- Records of himall_coupon
-- ----------------------------
INSERT INTO `himall_coupon` VALUES ('59', '1', '官方自营店', '20', '1', '100', '100', '2017-02-15 00:00:00', '2017-02-13 00:00:00', '20元优惠券', '2017-02-14 11:51:24', '1', '10', '2017-06-16 00:00:00', null, '0', '1', null);
INSERT INTO `himall_coupon` VALUES ('60', '1', '官方自营店', '50', '1', '1300', '50', '2017-03-16 00:00:00', '2017-05-05 00:00:00', '50元优惠券', '2017-02-14 11:53:41', '0', '0', null, null, '0', '1', null);
INSERT INTO `himall_coupon` VALUES ('61', '1', '官方自营店', '100', '1', '499', '20', '2017-02-14 00:00:00', '2017-03-14 00:00:00', '100元优惠券', '2017-02-14 11:54:02', '0', '0', null, null, '0', '1', null);
INSERT INTO `himall_coupon` VALUES ('62', '1', '官方自营店', '10', '0', '100', '1000', '2017-02-26 00:00:00', '2017-07-14 00:00:00', '10元优惠券', '2017-02-14 11:54:45', '0', '0', null, null, '0', '1', null);
INSERT INTO `himall_coupon` VALUES ('63', '1', '官方自营店', '5', '0', '10', '100', '2017-02-24 00:00:00', '2017-06-01 00:00:00', '5元优惠券', '2017-02-14 11:55:12', '2', '0', null, null, '0', '1', null);
INSERT INTO `himall_coupon` VALUES ('64', '1', '官方自营店', '20', '0', '50', '10000', '2017-02-14 00:00:00', '2017-09-16 00:00:00', '20元优惠券', '2017-02-14 17:50:28', '1', '10', '2017-09-16 17:45:46', null, '0', '1', null);

-- ----------------------------
-- Table structure for `himall_couponrecord`
-- ----------------------------
DROP TABLE IF EXISTS `himall_couponrecord`;
CREATE TABLE `himall_couponrecord` (
  `Id` bigint(20) NOT NULL AUTO_INCREMENT,
  `CouponId` bigint(20) NOT NULL,
  `CounponSN` varchar(50) NOT NULL COMMENT '优惠券的SN标示',
  `CounponTime` datetime NOT NULL,
  `UserName` varchar(100) NOT NULL COMMENT '用户名称',
  `UserId` bigint(20) NOT NULL,
  `UsedTime` datetime DEFAULT NULL,
  `OrderId` bigint(20) DEFAULT NULL COMMENT '使用的订单ID',
  `ShopId` bigint(20) NOT NULL,
  `ShopName` varchar(100) NOT NULL,
  `CounponStatus` int(11) NOT NULL COMMENT '优惠券状态',
  `WXCodeId` bigint(20) DEFAULT NULL COMMENT '微信Code记录号 与微信卡券投放记录关联',
  PRIMARY KEY (`Id`),
  KEY `fk_couponrecord_couponid` (`CouponId`) USING BTREE,
  KEY `FK_couponrecord_shopid` (`ShopId`) USING BTREE,
  CONSTRAINT `himall_couponrecord_ibfk_1` FOREIGN KEY (`ShopId`) REFERENCES `himall_shops` (`Id`),
  CONSTRAINT `himall_couponrecord_ibfk_2` FOREIGN KEY (`CouponId`) REFERENCES `himall_coupon` (`Id`)
) ENGINE=InnoDB AUTO_INCREMENT=1369 DEFAULT CHARSET=utf8 ROW_FORMAT=COMPACT;

-- ----------------------------
-- Records of himall_couponrecord
-- ----------------------------
INSERT INTO `himall_couponrecord` VALUES ('884', '60', '91e4eafb59c847bca7f89a5340d3c29a', '2017-02-15 14:17:16', 'selleradmin', '569', null, null, '1', '官方自营店', '0', null);
INSERT INTO `himall_couponrecord` VALUES ('885', '64', '1f0c3dff4a014d7da5b897e0e6589c0f', '2017-02-16 21:15:32', 'zhuzhu', '610', null, null, '1', '官方自营店', '0', null);

-- ----------------------------
-- Table structure for `himall_couponsendbyregister`
-- ----------------------------
DROP TABLE IF EXISTS `himall_couponsendbyregister`;
CREATE TABLE `himall_couponsendbyregister` (
  `Id` bigint(20) NOT NULL AUTO_INCREMENT COMMENT '主键ID',
  `Status` int(11) NOT NULL COMMENT '0、关闭；1、开启',
  `Link` varchar(300) DEFAULT NULL,
  PRIMARY KEY (`Id`)
) ENGINE=InnoDB AUTO_INCREMENT=5 DEFAULT CHARSET=utf8 COMMENT='注册赠送优惠券';

-- ----------------------------
-- Records of himall_couponsendbyregister
-- ----------------------------
INSERT INTO `himall_couponsendbyregister` VALUES ('4', '0', '#');

-- ----------------------------
-- Table structure for `himall_couponsendbyregisterdetailed`
-- ----------------------------
DROP TABLE IF EXISTS `himall_couponsendbyregisterdetailed`;
CREATE TABLE `himall_couponsendbyregisterdetailed` (
  `Id` bigint(20) NOT NULL AUTO_INCREMENT COMMENT '主键ID',
  `CouponRegisterId` bigint(20) NOT NULL COMMENT '注册活动ID',
  `CouponId` bigint(20) NOT NULL COMMENT '优惠券ID',
  PRIMARY KEY (`Id`),
  KEY `FK_Reference_z` (`CouponRegisterId`),
  KEY `FK_Reference_coupon` (`CouponId`),
  CONSTRAINT `FK_Reference_coupon` FOREIGN KEY (`CouponId`) REFERENCES `himall_coupon` (`Id`),
  CONSTRAINT `FK_Reference_z` FOREIGN KEY (`CouponRegisterId`) REFERENCES `himall_couponsendbyregister` (`Id`)
) ENGINE=InnoDB AUTO_INCREMENT=7 DEFAULT CHARSET=utf8 COMMENT='注册送优惠券关联优惠券';

-- ----------------------------
-- Records of himall_couponsendbyregisterdetailed
-- ----------------------------

-- ----------------------------
-- Table structure for `himall_couponsetting`
-- ----------------------------
DROP TABLE IF EXISTS `himall_couponsetting`;
CREATE TABLE `himall_couponsetting` (
  `Id` int(11) NOT NULL AUTO_INCREMENT,
  `PlatForm` int(11) NOT NULL COMMENT '优惠券的发行平台',
  `CouponID` bigint(20) NOT NULL,
  `Display` int(11) DEFAULT NULL COMMENT '是否显示',
  PRIMARY KEY (`Id`)
) ENGINE=InnoDB AUTO_INCREMENT=109 DEFAULT CHARSET=utf8 ROW_FORMAT=COMPACT;

-- ----------------------------
-- Records of himall_couponsetting
-- ----------------------------
INSERT INTO `himall_couponsetting` VALUES ('59', '0', '62', '1');
INSERT INTO `himall_couponsetting` VALUES ('61', '4', '60', '1');
INSERT INTO `himall_couponsetting` VALUES ('62', '0', '60', '1');
INSERT INTO `himall_couponsetting` VALUES ('63', '4', '61', '1');
INSERT INTO `himall_couponsetting` VALUES ('64', '0', '61', '1');

-- ----------------------------
-- Table structure for `himall_customerservices`
-- ----------------------------
DROP TABLE IF EXISTS `himall_customerservices`;
CREATE TABLE `himall_customerservices` (
  `Id` bigint(20) NOT NULL AUTO_INCREMENT,
  `ShopId` bigint(20) NOT NULL,
  `Tool` int(11) NOT NULL COMMENT '工具类型（QQ、旺旺）',
  `Type` int(11) NOT NULL,
  `Name` varchar(1000) NOT NULL COMMENT '客服名称',
  `AccountCode` varchar(1000) NOT NULL COMMENT '通信账号',
  `TerminalType` int(11) NOT NULL DEFAULT '0' COMMENT '终端类型',
  `ServerStatus` int(11) NOT NULL DEFAULT '1' COMMENT '客服状态',
  PRIMARY KEY (`Id`)
) ENGINE=InnoDB AUTO_INCREMENT=39 DEFAULT CHARSET=utf8 ROW_FORMAT=COMPACT;

-- ----------------------------
-- Records of himall_customerservices
-- ----------------------------

-- ----------------------------
-- Table structure for `himall_deliveryscope`
-- ----------------------------
DROP TABLE IF EXISTS `himall_deliveryscope`;
CREATE TABLE `himall_deliveryscope` (
  `Id` bigint(20) NOT NULL AUTO_INCREMENT,
  `ShopBranchId` bigint(20) NOT NULL COMMENT '门店表ID',
  `RegionId` int(11) NOT NULL COMMENT '区域标识',
  `RegionName` varchar(200) DEFAULT NULL COMMENT '区域名称',
  `FullRegionPath` varchar(200) DEFAULT NULL COMMENT '全路径',
  PRIMARY KEY (`Id`)
) ENGINE=InnoDB AUTO_INCREMENT=124 DEFAULT CHARSET=utf8 COMMENT='门店配送范围表';

-- ----------------------------
-- Records of himall_deliveryscope
-- ----------------------------

-- ----------------------------
-- Table structure for `himall_distributionproducts`
-- ----------------------------
DROP TABLE IF EXISTS `himall_distributionproducts`;
CREATE TABLE `himall_distributionproducts` (
  `ID` bigint(20) NOT NULL AUTO_INCREMENT,
  `ProductbrokerageId` bigint(20) NOT NULL,
  `Sequence` smallint(6) NOT NULL,
  PRIMARY KEY (`ID`),
  KEY `FK_DistributionProducts_z` (`ProductbrokerageId`),
  CONSTRAINT `FK_DistributionProducts_z` FOREIGN KEY (`ProductbrokerageId`) REFERENCES `himall_productbrokerage` (`Id`)
) ENGINE=InnoDB AUTO_INCREMENT=44 DEFAULT CHARSET=utf8 COMMENT='分销首页显示商品';

-- ----------------------------
-- Records of himall_distributionproducts
-- ----------------------------

-- ----------------------------
-- Table structure for `himall_distributionsharesetting`
-- ----------------------------
DROP TABLE IF EXISTS `himall_distributionsharesetting`;
CREATE TABLE `himall_distributionsharesetting` (
  `Id` bigint(20) NOT NULL AUTO_INCREMENT,
  `ProShareLogo` varchar(150) DEFAULT NULL,
  `ShopShareLogo` varchar(150) DEFAULT NULL,
  `ProShareTitle` varchar(200) DEFAULT NULL,
  `ShopShareTitle` varchar(200) DEFAULT NULL,
  `ProShareDesc` varchar(2000) DEFAULT NULL,
  `ShopShareDesc` varchar(2000) DEFAULT NULL,
  `DisShareLogo` varchar(150) DEFAULT NULL,
  `RecruitShareLogo` varchar(150) DEFAULT NULL,
  `DisShareTitle` varchar(200) DEFAULT NULL,
  `RecruitShareTitle` varchar(200) DEFAULT NULL,
  `DisShareDesc` varchar(2000) DEFAULT NULL,
  `RecruitShareDesc` varchar(2000) DEFAULT NULL,
  PRIMARY KEY (`Id`)
) ENGINE=InnoDB AUTO_INCREMENT=2 DEFAULT CHARSET=utf8;

-- ----------------------------
-- Records of himall_distributionsharesetting
-- ----------------------------

-- ----------------------------
-- Table structure for `himall_distributionuserlink`
-- ----------------------------
DROP TABLE IF EXISTS `himall_distributionuserlink`;
CREATE TABLE `himall_distributionuserlink` (
  `Id` bigint(20) NOT NULL AUTO_INCREMENT,
  `PartnerId` bigint(20) NOT NULL COMMENT '销售员',
  `ShopId` bigint(20) NOT NULL COMMENT '店铺',
  `LinkTime` datetime DEFAULT NULL,
  `BuyUserId` bigint(20) NOT NULL DEFAULT '0' COMMENT '买家',
  PRIMARY KEY (`Id`),
  KEY `himall_DistributionUserLink_FK_User` (`PartnerId`),
  CONSTRAINT `himall_DistributionUserLink_FK_User` FOREIGN KEY (`PartnerId`) REFERENCES `himall_members` (`Id`) ON DELETE CASCADE
) ENGINE=InnoDB AUTO_INCREMENT=26 DEFAULT CHARSET=utf8 COMMENT='分销用户与店铺关联表';

-- ----------------------------
-- Records of himall_distributionuserlink
-- ----------------------------

-- ----------------------------
-- Table structure for `himall_distributorsetting`
-- ----------------------------
DROP TABLE IF EXISTS `himall_distributorsetting`;
CREATE TABLE `himall_distributorsetting` (
  `Id` bigint(20) NOT NULL AUTO_INCREMENT COMMENT '编号',
  `Enable` tinyint(1) NOT NULL COMMENT '模块开关',
  `SellerRule` varchar(2000) DEFAULT NULL COMMENT '商家规则',
  `PromoterRule` varchar(2000) DEFAULT NULL COMMENT '推广员规则',
  `DisBanner` varchar(2000) DEFAULT NULL COMMENT '分销市场banner',
  PRIMARY KEY (`Id`)
) ENGINE=InnoDB AUTO_INCREMENT=2 DEFAULT CHARSET=utf8 ROW_FORMAT=COMPACT;

-- ----------------------------
-- Records of himall_distributorsetting
-- ----------------------------
INSERT INTO `himall_distributorsetting` VALUES ('1', '1', '<p style=\"white-space: normal;\"><span style=\"font-family: 微软雅黑; font-size: 13px;\">1)商城的会员成为平台销售员后可进入到平台分销市场并对参与推广的商品进行转发或代理；</span></p><p style=\"white-space: normal;\"><span style=\"font-family: 微软雅黑; font-size: 13px;\">2)普通会员通过销售员所分享的链接进入到商品详情页或者商家店铺后，会将该会员与销售员以及相应的商家建立绑定关系，后续会员在该商家店铺内购买了参与推广的商品都将给销售员计算相应的佣金；</span></p><p style=\"white-space: normal;\"><span style=\"font-family: 微软雅黑; font-size: 13px;\">3)推广佣金由商家承担，商家在添加推广商品时可针对推广商品设置相应的推广佣金；</span></p><p style=\"white-space: normal;\"><span style=\"font-family: 微软雅黑; font-size: 13px;\">4)销售员的佣金分为已结算状态及未结算状态，当与销售员建立了绑定关系的消费者产生新的订单且商家完成发货后，此时会给销售员计算相应的佣金；当该笔订单正常完成并过售后维权期后，该笔佣金会置为已结算状态，并自动进入到个人预存款账户中；</span></p><p style=\"white-space: normal;\"><span style=\"font-family: 微软雅黑; font-size: 13px;\">5)平台会在每个结算周期内，向商家扣除相应的推广佣金，如订单后续发生退款，会在相应的结算周期内退还商家推广佣金；</span></p><p style=\"white-space: normal;\"><span style=\"font-family: 微软雅黑; font-size: 13px;\">6)商家推广佣金比例的改动对已生成的订单不产生影响；</span></p><p style=\"white-space: normal;\"><span style=\"font-family: 微软雅黑; font-size: 13px;\">7)若消费者A与销售员A以及商家A建立了绑定关系，后续消费者A通过销售员B分享的商家A的链接进入到商家A，则会将消费者A与销售员B以及商家A建立新的绑定关系</span></p><p><br/></p>', '<p style=\"white-space: normal;\"><span style=\"font-family: 微软雅黑; font-size: 13px;\">5)平台会在每个结算周期内，向商家扣除相应的推广佣金，如订单后续发生退款，会在相应的结算周期内退还商家推广佣金；</span></p><p style=\"white-space: normal;\"><span style=\"font-family: 微软雅黑; font-size: 13px;\">6)商家推广佣金比例的改动对已生成的订单不产生影响；</span></p><p style=\"white-space: normal;\"><span style=\"font-family: 微软雅黑; font-size: 13px;\">7)若消费者A与销售员A以及商家A建立了绑定关系，后续消费者A通过销售员B分享的商家A的链接进入到商家A，则会将消费者A与销售员B以及商家A建立新的绑定关系</span></p><p><span style=\"font-family: 微软雅黑; font-size: 13px;\"><br/></span></p><p><br/></p>', null);

-- ----------------------------
-- Table structure for `himall_favorites`
-- ----------------------------
DROP TABLE IF EXISTS `himall_favorites`;
CREATE TABLE `himall_favorites` (
  `Id` bigint(20) NOT NULL AUTO_INCREMENT,
  `UserId` bigint(20) NOT NULL COMMENT '用户ID',
  `ProductId` bigint(20) NOT NULL,
  `Tags` varchar(100) DEFAULT NULL COMMENT '分类标签',
  `Date` datetime NOT NULL COMMENT '收藏日期',
  PRIMARY KEY (`Id`),
  KEY `FK_Member_Favorite` (`UserId`) USING BTREE,
  KEY `FK_Product_Favorite` (`ProductId`) USING BTREE,
  CONSTRAINT `himall_favorites_ibfk_1` FOREIGN KEY (`UserId`) REFERENCES `himall_members` (`Id`) ON DELETE CASCADE,
  CONSTRAINT `himall_favorites_ibfk_2` FOREIGN KEY (`ProductId`) REFERENCES `himall_products` (`Id`) ON DELETE CASCADE
) ENGINE=InnoDB AUTO_INCREMENT=79 DEFAULT CHARSET=utf8 ROW_FORMAT=COMPACT;

-- ----------------------------
-- Records of himall_favorites
-- ----------------------------

-- ----------------------------
-- Table structure for `himall_favoriteshops`
-- ----------------------------
DROP TABLE IF EXISTS `himall_favoriteshops`;
CREATE TABLE `himall_favoriteshops` (
  `Id` bigint(20) NOT NULL AUTO_INCREMENT,
  `UserId` bigint(20) NOT NULL COMMENT '用户ID',
  `ShopId` bigint(20) NOT NULL,
  `Tags` varchar(100) DEFAULT NULL COMMENT '分类标签',
  `Date` datetime NOT NULL COMMENT '收藏日期',
  PRIMARY KEY (`Id`),
  KEY `Himall_FavoriteShop_fk_1` (`ShopId`),
  CONSTRAINT `Himall_FavoriteShop_fk_1` FOREIGN KEY (`ShopId`) REFERENCES `himall_shops` (`Id`)
) ENGINE=InnoDB AUTO_INCREMENT=172 DEFAULT CHARSET=utf8 ROW_FORMAT=COMPACT;

-- ----------------------------
-- Records of himall_favoriteshops
-- ----------------------------
INSERT INTO `himall_favoriteshops` VALUES ('69', '590', '1', '', '2017-02-15 19:01:38');
INSERT INTO `himall_favoriteshops` VALUES ('71', '572', '1', '', '2017-02-17 15:41:52');
INSERT INTO `himall_favoriteshops` VALUES ('131', '655', '1', '', '2017-10-05 14:28:39');
INSERT INTO `himall_favoriteshops` VALUES ('152', '678', '1', '', '2017-10-09 17:34:04');
INSERT INTO `himall_favoriteshops` VALUES ('165', '707', '372', '', '2017-10-14 12:48:58');
INSERT INTO `himall_favoriteshops` VALUES ('169', '698', '372', '', '2017-10-17 09:03:06');
INSERT INTO `himall_favoriteshops` VALUES ('171', '727', '372', '', '2017-10-17 14:35:57');

-- ----------------------------
-- Table structure for `himall_fightgroupactive`
-- ----------------------------
DROP TABLE IF EXISTS `himall_fightgroupactive`;
CREATE TABLE `himall_fightgroupactive` (
  `Id` bigint(20) NOT NULL AUTO_INCREMENT COMMENT '编号',
  `ShopId` bigint(20) NOT NULL COMMENT '店铺编号',
  `OpenGroupReward` decimal(18,2) DEFAULT '0.00' COMMENT '开团奖励',
  `InvitationReward` decimal(18,2) DEFAULT '0.00' COMMENT '邀请奖励',
  `Intro` varchar(500) DEFAULT NULL COMMENT '活动介绍',
  `CategoryId` int(11) NOT NULL DEFAULT '0' COMMENT '类目',
  `TypeId` int(11) NOT NULL DEFAULT '0' COMMENT '0、单品；1、套餐',
  `UseDate` datetime DEFAULT NULL COMMENT '使用时间',
  `OrderDate` datetime DEFAULT NULL COMMENT '订单时间',
  `IsDelete` bit(1) NOT NULL DEFAULT b'0' COMMENT '是否删除',
  `ProductId` bigint(20) NOT NULL COMMENT '商品编号',
  `ProductName` varchar(100) DEFAULT NULL COMMENT '商品名称',
  `IconUrl` varchar(100) DEFAULT NULL COMMENT '图片',
  `StartTime` datetime DEFAULT NULL COMMENT '开始时间',
  `EndTime` datetime DEFAULT NULL COMMENT '结束时间',
  `LimitedNumber` int(11) DEFAULT NULL COMMENT '参团人数限制',
  `LimitedHour` decimal(18,2) DEFAULT NULL COMMENT '成团时限',
  `LimitQuantity` int(11) DEFAULT NULL COMMENT '数量限制',
  `GroupCount` int(11) DEFAULT NULL COMMENT '成团数量',
  `OkGroupCount` int(11) DEFAULT NULL COMMENT '成功成团数量',
  `AddTime` datetime DEFAULT NULL COMMENT '活动添加时间',
  `ManageAuditStatus` int(11) DEFAULT '0' COMMENT '平台操作状态',
  `ManageRemark` varchar(1000) DEFAULT NULL COMMENT '平台操作说明',
  `ManageDate` datetime DEFAULT NULL COMMENT '平台操作时间',
  `ManagerId` bigint(20) DEFAULT NULL COMMENT '平台操作人',
  `ActiveTimeStatus` int(11) DEFAULT '0' COMMENT '活动当前状态',
  `IsVirtualProduct` bit(1) DEFAULT b'0' COMMENT '是否是虚拟商品',
  `IsCombo` bit(1) DEFAULT b'0' COMMENT '是否是套餐',
  `GroupNotice` varchar(1000) DEFAULT NULL,
  `PayCode` varchar(10) DEFAULT NULL COMMENT '消费码',
  `ReturnMoney` decimal(18,2) DEFAULT NULL COMMENT '每单返现',
  PRIMARY KEY (`Id`)
) ENGINE=InnoDB AUTO_INCREMENT=142 DEFAULT CHARSET=utf8 COMMENT='拼团活动';

-- ----------------------------
-- Records of himall_fightgroupactive
-- ----------------------------
INSERT INTO `himall_fightgroupactive` VALUES ('26', '1', '0.00', '0.00', null, '0', '0', '2017-11-05 00:00:00', '2017-11-05 00:00:00', '', '718', '贝德玛（Bioderma）深层舒妍卸妆水 舒缓保湿粉水（干性中性敏感肌法国版/海外版随机发）500ml ', '/Storage/Shop/1/Market/201702141131088043350.jpg', '2017-02-14 11:29:33', '2017-03-14 11:29:33', '2', '5.00', '1', null, null, null, null, null, null, null, '-1', '', '', null, null, '0.00');
INSERT INTO `himall_fightgroupactive` VALUES ('27', '1', '0.00', '0.00', null, '0', '0', '2017-11-05 00:00:00', '2017-11-05 00:00:00', '', '714', 'Apple MacBook Air 13.3英寸笔记本电脑 银色(Core i5 处理器/8GB内存/128GB SSD闪存 MMGF2CH/A)', '/Storage/Shop/1/Market/201702141342584725700.jpg', '2017-02-14 13:40:08', '2017-04-30 13:40:08', '15', '48.00', '1', null, null, null, null, null, null, null, '-1', '', '', null, null, '0.00');
INSERT INTO `himall_fightgroupactive` VALUES ('28', '1', '0.00', '0.00', null, '0', '0', '2017-11-05 00:00:00', '2017-11-05 00:00:00', '', '709', 'ONLY2016春季新品T恤衬衫叠搭纯棉两件套连衣裙女T|116360504 10D炭花灰 165/84A/M', '/Storage/Shop/1/Market/201702141347045918040.jpg', '2017-02-14 13:45:08', '2017-04-30 13:40:08', '5', '24.00', '1', null, null, null, null, null, null, null, '-1', '', '', null, null, '0.00');
INSERT INTO `himall_fightgroupactive` VALUES ('29', '1', '0.00', '0.00', null, '0', '0', '2017-11-05 00:00:00', '2017-11-05 00:00:00', '', '702', '卫龙 休闲零食 辣条 小面筋 办公室休闲食品 22g*20包(新老包装随机发货)', '/Storage/Shop/1/Market/201702141349148105050.jpg', '2017-02-14 13:50:30', '2017-03-14 13:45:30', '2', '5.00', '5', null, null, null, null, null, null, null, '-1', '', '', null, null, '0.00');
INSERT INTO `himall_fightgroupactive` VALUES ('30', '1', '0.00', '0.00', null, '0', '0', '2017-11-05 00:00:00', '2017-11-05 00:00:00', '', '703', '卫龙 休闲零食 亲嘴条 辣条 400g/袋', '/Storage/Shop/1/Market/201702141350510771510.jpg', '2017-02-14 13:50:48', '2017-03-14 13:49:48', '2', '5.00', '5', null, null, null, null, null, null, null, '-1', '', '', null, null, '0.00');
INSERT INTO `himall_fightgroupactive` VALUES ('122', '368', '0.10', '0.10', null, '0', '0', '2017-10-13 00:00:00', '2017-10-13 00:00:00', '', '1254', '染发', 'https://wzp.duoyunfenxiao.com/temp/20171013231134302492.png', '2017-10-13 23:12:41', '2017-11-13 23:11:00', '2', '23.00', '1', null, null, '2017-10-13 23:12:44', null, null, null, null, '0', '', '', '描述', '', '0.10');
INSERT INTO `himall_fightgroupactive` VALUES ('123', '372', '0.03', '0.01', null, '0', '0', '2017-11-14 12:39:00', '2017-11-14 12:39:00', '', '1255', '明星发型设计', 'https://wzp.duoyunfenxiao.com/temp/20171014123842224148.png', '2017-10-14 12:40:59', '2017-11-14 12:37:00', '2', '23.00', '1', '2', '1', '2017-10-14 12:41:01', null, null, null, null, '0', '', '', '明星发型设计活动', '', '0.02');
INSERT INTO `himall_fightgroupactive` VALUES ('124', '369', '0.02', '0.01', null, '0', '0', '2017-10-14 00:00:00', '2017-10-14 00:00:00', '', '1256', '好吃的', 'https://wzp.duoyunfenxiao.com/temp/20171014161910225219.png', '2017-10-14 16:20:26', '2017-11-14 14:52:00', '2', '22.00', '1', '2', null, '2017-10-14 16:20:07', null, null, null, null, '0', '', '', '好吃的快来吃', '', '0.01');
INSERT INTO `himall_fightgroupactive` VALUES ('125', '372', '0.04', '0.01', null, '0', '0', '2017-11-14 18:52:00', '2017-11-14 18:52:00', '', '1257', '时尚烫染设计', 'https://wzp.duoyunfenxiao.com/temp/20171014185118355619.png', '2017-10-14 18:52:31', '2017-11-14 18:50:00', '2', '23.00', '1', '3', '2', '2017-10-14 18:52:34', null, null, null, null, '0', '', '', '活动时限一个月', '', '0.03');
INSERT INTO `himall_fightgroupactive` VALUES ('127', '373', '5.00', '3.00', null, '0', '0', '2017-10-16 23:18:00', '2017-10-16 23:18:00', '', '1259', '蜜秀洗护', 'https://wzp.duoyunfenxiao.com/temp/20171014231712671367.png', '2017-10-14 23:18:35', '2017-11-16 23:16:00', '3', '23.00', '1', null, null, '2017-10-14 23:18:37', null, null, null, null, '0', '', '', '立减10元', '', '10.00');
INSERT INTO `himall_fightgroupactive` VALUES ('128', '374', '10.00', '10.00', null, '0', '0', '2017-11-15 14:14:00', '2017-11-15 14:14:00', '', '1260', '经典COCO', 'https://wzp.duoyunfenxiao.com/temp/20171015141303272117.png', '2017-10-15 14:15:02', '2017-11-15 18:12:00', '3', '3.00', '1', null, null, '2017-10-15 14:15:04', null, null, null, null, '0', '', '', '3人团', '', '10.00');
INSERT INTO `himall_fightgroupactive` VALUES ('129', '372', '0.03', '0.01', null, '0', '0', '2017-11-16 09:16:00', '2017-11-16 10:16:00', '', '1261', '养生按摩洗发', 'https://wzp.duoyunfenxiao.com/temp/20171016091501863114.png', '2017-10-16 09:16:50', '2017-11-16 09:13:00', '3', '23.00', '1', '1', null, '2017-10-16 09:16:51', null, null, null, null, '0', '', '', '养生专家进行专业指导', '', '0.05');
INSERT INTO `himall_fightgroupactive` VALUES ('130', '372', '0.04', '0.03', null, '0', '0', '2017-11-16 09:29:00', '2017-11-16 09:29:00', '', '1262', '男士洗面', 'https://wzp.duoyunfenxiao.com/temp/20171016092841320361.png', '2017-10-16 09:30:22', '2017-11-16 09:27:00', '3', '23.00', '1', '3', '1', '2017-10-16 09:30:24', null, null, null, null, '0', '', '', '对男士特别的关爱', '', '0.02');
INSERT INTO `himall_fightgroupactive` VALUES ('131', '372', '0.03', '0.01', null, '0', '0', '2017-11-16 13:56:00', '2017-11-16 13:56:00', '', '1263', '正式数据验证', 'https://wzp.duoyunfenxiao.com/temp/20171016135528130498.png', '2017-10-16 13:56:56', '2017-11-16 13:54:00', '3', '23.00', '1', '1', '1', '2017-10-16 13:56:57', null, null, null, null, '0', '', '', '正式测试活动说明', '', '0.02');
INSERT INTO `himall_fightgroupactive` VALUES ('132', '372', '0.04', '0.02', null, '0', '0', '2017-11-16 13:59:00', '2017-11-16 13:59:00', '', '1264', '线下代码验证', 'https://wzp.duoyunfenxiao.com/temp/20171016135757836791.png', '2017-10-16 13:59:52', '2017-11-16 13:57:00', '3', '23.00', '1', '2', null, '2017-10-16 13:59:53', null, null, null, null, '0', '', '', '线下验证', '', '0.03');
INSERT INTO `himall_fightgroupactive` VALUES ('133', '372', '0.03', '0.01', null, '0', '0', '2017-11-16 13:08:00', '2017-11-16 14:08:00', '', '1265', '正式测试2', 'https://wzp.duoyunfenxiao.com/temp/20171016140733582988.png', '2017-10-16 14:09:09', '2017-11-16 14:06:00', '3', '23.00', '1', '2', '1', '2017-10-16 14:09:09', null, null, null, null, '0', '', '', '正式测试数据第二波', '', '0.02');
INSERT INTO `himall_fightgroupactive` VALUES ('134', '375', '10.00', '10.00', null, '0', '0', '2017-10-17 14:18:00', '2017-10-16 14:18:00', '', '1266', '一桶天下（全家桶）', 'https://wzp.duoyunfenxiao.com/temp/20171016141657064956.png', '2017-10-16 14:20:07', '2017-11-16 14:14:00', '10', '23.00', '1', null, null, '2017-10-16 14:20:07', null, null, null, null, '0', '', '', '呵护一家人头发健康，请选择巧克力全家桶！', '', '10.00');
INSERT INTO `himall_fightgroupactive` VALUES ('135', '375', '10.00', '10.00', null, '0', '0', '2017-10-17 14:18:00', '2017-10-16 14:18:00', '', '1267', '一桶天下（全家桶）', 'https://wzp.duoyunfenxiao.com/temp/20171016141657064956.png', '2017-10-16 14:20:35', '2017-11-16 14:14:00', '10', '23.00', '1', null, null, '2017-10-16 14:20:35', null, null, null, null, '0', '', '', '呵护一家人头发健康，请选择巧克力全家桶！', '', '10.00');
INSERT INTO `himall_fightgroupactive` VALUES ('136', '375', '5.00', '5.00', null, '0', '0', '2017-10-16 14:25:00', '2017-10-16 14:24:00', '', '1268', '巧克力全家桶', 'https://wzp.duoyunfenxiao.com/temp/20171016142239241506.png', '2017-10-16 14:24:48', '2017-12-31 14:22:00', '5', '23.00', '1', '1', null, '2017-10-16 14:24:49', null, null, null, null, '0', '', '', '呵护一家人头发健康，请选择巧克力全家桶！', '', '10.00');
INSERT INTO `himall_fightgroupactive` VALUES ('137', '375', '999.00', '999.00', null, '0', '0', '2018-10-16 14:37:00', '2017-10-16 14:37:00', '', '1269', '色彩私人订制专享', 'https://wzp.duoyunfenxiao.com/temp/20171016143519451554.png', '2017-10-16 14:38:51', '2017-12-31 14:25:00', '10', '23.00', '1', null, null, '2017-10-16 14:38:52', null, null, null, null, '0', '', '', '专特级造型师全程跟踪，专属私人订制套餐！', '', '999.00');
INSERT INTO `himall_fightgroupactive` VALUES ('138', '381', '88.00', '88.00', null, '0', '0', '2017-10-18 19:58:00', '2018-10-18 13:57:00', '', '1270', '精剪', 'https://wzp.duoyunfenxiao.com/temp/20171018165555252006.png', '2017-10-18 16:58:52', '2017-11-18 16:55:00', '3', '23.00', '1', null, null, '2017-10-18 16:58:52', null, null, null, null, '0', '', '', '好', '', '888.00');
INSERT INTO `himall_fightgroupactive` VALUES ('139', '381', '88.00', '88.00', null, '0', '0', '2018-10-18 13:57:00', '2018-10-18 13:57:00', '', '1271', '精剪', 'https://wzp.duoyunfenxiao.com/temp/20171018165555252006.png', '2017-10-18 16:58:53', '2017-11-18 16:55:00', '3', '23.00', '1', null, null, '2017-10-18 16:58:53', null, null, null, null, '0', '', '', '好', '', '888.00');
INSERT INTO `himall_fightgroupactive` VALUES ('140', '386', '5.00', '5.00', null, '0', '0', '2017-11-25 21:12:00', '2017-11-25 21:12:00', '', '1272', '影浪吹风', 'https://wzp.duoyunfenxiao.com/temp/20171019100648580131.png', '2017-10-19 10:12:46', '2018-11-19 23:06:00', '2', '23.00', '1', null, null, '2017-10-19 10:12:49', null, null, null, null, '0', '', '', '一人成团168元一把，2人成团148元，3人128元。', '', '20.00');
INSERT INTO `himall_fightgroupactive` VALUES ('141', '377', '2.00', '3.00', null, '0', '0', '2017-10-20 16:56:00', '2017-10-20 16:56:00', '', '1273', '湘西腊肉', 'https://wzp.duoyunfenxiao.com/temp/20171020164609345756.png', '2017-10-20 16:56:32', '2017-11-22 16:43:00', '3', '23.00', '1', null, null, '2017-10-20 16:56:43', null, null, null, null, '0', '', '', '随便', '', '1.00');

-- ----------------------------
-- Table structure for `himall_fightgroupactiveimg`
-- ----------------------------
DROP TABLE IF EXISTS `himall_fightgroupactiveimg`;
CREATE TABLE `himall_fightgroupactiveimg` (
  `Id` bigint(20) NOT NULL AUTO_INCREMENT,
  `GroupActiveId` bigint(20) NOT NULL,
  `ProductDefaultImage` varchar(255) DEFAULT NULL,
  `ShowMobileDescription` mediumtext,
  `ProductImages` mediumtext,
  PRIMARY KEY (`Id`)
) ENGINE=InnoDB AUTO_INCREMENT=21 DEFAULT CHARSET=utf8;

-- ----------------------------
-- Records of himall_fightgroupactiveimg
-- ----------------------------
INSERT INTO `himall_fightgroupactiveimg` VALUES ('1', '122', 'https://wzp.duoyunfenxiao.com/temp/20171013231134302492.png', '<p><img src=\"https://wzp.duoyunfenxiao.com/temp/20171013231139732808.png\"/></p>', '');
INSERT INTO `himall_fightgroupactiveimg` VALUES ('2', '123', 'https://wzp.duoyunfenxiao.com/temp/20171014123842224148.png', '<p><img src=\"https://wzp.duoyunfenxiao.com/temp/20171014123848109140.png\"/></p>', '');
INSERT INTO `himall_fightgroupactiveimg` VALUES ('3', '124', 'https://wzp.duoyunfenxiao.com/temp/20171014161910225219.png', '<p><img src=\"https://wzp.duoyunfenxiao.com/temp/20171014161914241563.png\"/></p>', '');
INSERT INTO `himall_fightgroupactiveimg` VALUES ('4', '125', 'https://wzp.duoyunfenxiao.com/temp/20171014185118355619.png', '<p><img src=\"https://wzp.duoyunfenxiao.com/temp/20171014185122759109.png\"/></p>', '');
INSERT INTO `himall_fightgroupactiveimg` VALUES ('5', '126', 'https://wzp.duoyunfenxiao.com/temp/20171014231028359943.png', '<p><img src=\"https://wzp.duoyunfenxiao.com/temp/20171014231237561193.png\"/></p>', '');
INSERT INTO `himall_fightgroupactiveimg` VALUES ('6', '127', 'https://wzp.duoyunfenxiao.com/temp/20171014231712671367.png', '<p><img src=\"https://wzp.duoyunfenxiao.com/temp/20171014231726392597.png\"/></p>', 'https://wzp.duoyunfenxiao.com/temp/20171014232151028735.png');
INSERT INTO `himall_fightgroupactiveimg` VALUES ('7', '128', 'https://wzp.duoyunfenxiao.com/temp/20171015141303272117.png', '<p><img src=\"https://wzp.duoyunfenxiao.com/temp/20171015141326854077.png\"/></p><p><img src=\"https://wzp.duoyunfenxiao.com/temp/20171015141327270109.png\"/></p><p><img src=\"https://wzp.duoyunfenxiao.com/temp/20171015141327691023.png\"/></p><p><img src=\"https://wzp.duoyunfenxiao.com/temp/20171015141327988886.png\"/></p>', 'https://wzp.duoyunfenxiao.com/temp/20171015141313481493.png,https://wzp.duoyunfenxiao.com/temp/20171015141314107494.png,https://wzp.duoyunfenxiao.com/temp/20171015141314568449.png');
INSERT INTO `himall_fightgroupactiveimg` VALUES ('8', '129', 'https://wzp.duoyunfenxiao.com/temp/20171016091501863114.png', '<p><img src=\"https://wzp.duoyunfenxiao.com/temp/20171016091511255076.png\"/></p>', '');
INSERT INTO `himall_fightgroupactiveimg` VALUES ('9', '130', 'https://wzp.duoyunfenxiao.com/temp/20171016092841320361.png', '<p><img src=\"https://wzp.duoyunfenxiao.com/temp/20171016092850397858.png\"/></p>', '');
INSERT INTO `himall_fightgroupactiveimg` VALUES ('10', '131', 'https://wzp.duoyunfenxiao.com/temp/20171016135528130498.png', '<p><img src=\"https://wzp.duoyunfenxiao.com/temp/20171016135540629458.png\"/></p>', '');
INSERT INTO `himall_fightgroupactiveimg` VALUES ('11', '132', 'https://wzp.duoyunfenxiao.com/temp/20171016135757836791.png', '<p><img src=\"https://wzp.duoyunfenxiao.com/temp/20171016135810226385.png\"/></p>', '');
INSERT INTO `himall_fightgroupactiveimg` VALUES ('12', '133', 'https://wzp.duoyunfenxiao.com/temp/20171016140733582988.png', '<p><img src=\"https://wzp.duoyunfenxiao.com/temp/20171016140748488761.png\"/></p>', '');
INSERT INTO `himall_fightgroupactiveimg` VALUES ('13', '134', 'https://wzp.duoyunfenxiao.com/temp/20171016141657064956.png', '<p><img src=\"https://wzp.duoyunfenxiao.com/temp/20171016141711814484.png\"/></p><p><img src=\"https://wzp.duoyunfenxiao.com/temp/20171016141712189472.png\"/></p><p><img src=\"https://wzp.duoyunfenxiao.com/temp/20171016141712533211.png\"/></p><p><img src=\"https://wzp.duoyunfenxiao.com/temp/20171016141712751954.png\"/></p>', 'https://wzp.duoyunfenxiao.com/temp/20171016141657908679.png,https://wzp.duoyunfenxiao.com/temp/20171016141658283667.png,https://wzp.duoyunfenxiao.com/temp/20171016141658721153.png');
INSERT INTO `himall_fightgroupactiveimg` VALUES ('14', '135', 'https://wzp.duoyunfenxiao.com/temp/20171016141657064956.png', '<p><img src=\"https://wzp.duoyunfenxiao.com/temp/20171016141711814484.png\"/></p><p><img src=\"https://wzp.duoyunfenxiao.com/temp/20171016141712189472.png\"/></p><p><img src=\"https://wzp.duoyunfenxiao.com/temp/20171016141712533211.png\"/></p><p><img src=\"https://wzp.duoyunfenxiao.com/temp/20171016141712751954.png\"/></p>', 'https://wzp.duoyunfenxiao.com/temp/20171016141657908679.png,https://wzp.duoyunfenxiao.com/temp/20171016141658283667.png,https://wzp.duoyunfenxiao.com/temp/20171016141658721153.png');
INSERT INTO `himall_fightgroupactiveimg` VALUES ('15', '136', 'https://wzp.duoyunfenxiao.com/temp/20171016142239241506.png', '<p><img src=\"https://wzp.duoyunfenxiao.com/temp/20171016142251069253.png\"/></p><p><img src=\"https://wzp.duoyunfenxiao.com/temp/20171016142251303620.png\"/></p><p><img src=\"https://wzp.duoyunfenxiao.com/temp/20171016142251662984.png\"/></p><p><img src=\"https://wzp.duoyunfenxiao.com/temp/20171016142251991098.png\"/></p>', 'https://wzp.duoyunfenxiao.com/temp/20171016142239882111.png,https://wzp.duoyunfenxiao.com/temp/20171016142240210225.png,https://wzp.duoyunfenxiao.com/temp/20171016142240600838.png');
INSERT INTO `himall_fightgroupactiveimg` VALUES ('16', '137', 'https://wzp.duoyunfenxiao.com/temp/20171016143519451554.png', '<p><img src=\"https://wzp.duoyunfenxiao.com/temp/20171016143527795037.png\"/></p><p><img src=\"https://wzp.duoyunfenxiao.com/temp/20171016143528232523.png\"/></p><p><img src=\"https://wzp.duoyunfenxiao.com/temp/20171016143528420017.png\"/></p><p><img src=\"https://wzp.duoyunfenxiao.com/temp/20171016143528654384.png\"/></p><p><img src=\"https://wzp.duoyunfenxiao.com/temp/20171016143528888752.png\"/></p>', 'https://wzp.duoyunfenxiao.com/temp/20171016143519717170.png,https://wzp.duoyunfenxiao.com/temp/20171016143519920289.png,https://wzp.duoyunfenxiao.com/temp/20171016143520264028.png,https://wzp.duoyunfenxiao.com/temp/20171016143520529644.png');
INSERT INTO `himall_fightgroupactiveimg` VALUES ('17', '138', 'https://wzp.duoyunfenxiao.com/temp/20171018165555252006.png', '<p><img src=\"https://wzp.duoyunfenxiao.com/temp/20171018165600517631.png\"/></p>', '');
INSERT INTO `himall_fightgroupactiveimg` VALUES ('18', '139', 'https://wzp.duoyunfenxiao.com/temp/20171018165555252006.png', '<p><img src=\"https://wzp.duoyunfenxiao.com/temp/20171018165600517631.png\"/></p>', '');
INSERT INTO `himall_fightgroupactiveimg` VALUES ('19', '140', 'https://wzp.duoyunfenxiao.com/temp/20171019100648580131.png', '<p><img src=\"https://wzp.duoyunfenxiao.com/temp/20171019101205580131.png\"/></p><p><img src=\"https://wzp.duoyunfenxiao.com/temp/20171019101205877006.png\"/></p>', '');
INSERT INTO `himall_fightgroupactiveimg` VALUES ('20', '141', 'https://wzp.duoyunfenxiao.com/temp/20171020164609345756.png', '<p><img src=\"https://wzp.duoyunfenxiao.com/temp/20171020165129345756.png\"/></p>', 'https://wzp.duoyunfenxiao.com/temp/20171020165027564506.png,https://wzp.duoyunfenxiao.com/temp/20171020165043080131.png');

-- ----------------------------
-- Table structure for `himall_fightgroupactiveitem`
-- ----------------------------
DROP TABLE IF EXISTS `himall_fightgroupactiveitem`;
CREATE TABLE `himall_fightgroupactiveitem` (
  `Id` bigint(20) NOT NULL AUTO_INCREMENT COMMENT '编号',
  `ActiveId` bigint(20) DEFAULT NULL COMMENT '所属活动',
  `ProductId` bigint(20) DEFAULT NULL COMMENT '商品编号',
  `SkuId` varchar(100) DEFAULT NULL COMMENT '商品SKU',
  `ActivePrice` decimal(18,2) NOT NULL COMMENT '活动售价',
  `ActiveStock` bigint(20) DEFAULT NULL COMMENT '活动库存',
  `BuyCount` int(11) DEFAULT NULL COMMENT '己售',
  PRIMARY KEY (`Id`)
) ENGINE=InnoDB AUTO_INCREMENT=379 DEFAULT CHARSET=utf8 COMMENT='拼团活动项';

-- ----------------------------
-- Records of himall_fightgroupactiveitem
-- ----------------------------
INSERT INTO `himall_fightgroupactiveitem` VALUES ('159', '26', '718', '718_0_0_0', '0.00', '2000', null);
INSERT INTO `himall_fightgroupactiveitem` VALUES ('160', '27', '714', '714_0_0_0', '6700.00', '2000', null);
INSERT INTO `himall_fightgroupactiveitem` VALUES ('161', '28', '709', '709_0_0_0', '450.00', '150', null);
INSERT INTO `himall_fightgroupactiveitem` VALUES ('162', '29', '702', '702_0_0_0', '10.00', '1997', null);
INSERT INTO `himall_fightgroupactiveitem` VALUES ('163', '30', '703', '703_0_0_0', '11.00', '1998', null);
INSERT INTO `himall_fightgroupactiveitem` VALUES ('348', '122', '1254', '1254_0_0_0', '0.50', '1000', null);
INSERT INTO `himall_fightgroupactiveitem` VALUES ('349', '123', '1255', '1255_0_0_0', '0.10', '95', null);
INSERT INTO `himall_fightgroupactiveitem` VALUES ('350', '124', '1256', '1256_0_0_0', '0.10', '9996', null);
INSERT INTO `himall_fightgroupactiveitem` VALUES ('351', '125', '1257', '1257_0_0_0', '0.10', '94', null);
INSERT INTO `himall_fightgroupactiveitem` VALUES ('353', '126', '1258', '1258_0_0_0', '68.00', '100', null);
INSERT INTO `himall_fightgroupactiveitem` VALUES ('356', '127', '1259', '1259_0_0_0', '68.00', '98', null);
INSERT INTO `himall_fightgroupactiveitem` VALUES ('357', '128', '1260', '1260_0_0_0', '58.00', '99', null);
INSERT INTO `himall_fightgroupactiveitem` VALUES ('358', '129', '1261', '1261_0_0_0', '0.10', '97', null);
INSERT INTO `himall_fightgroupactiveitem` VALUES ('359', '130', '1262', '1262_0_0_0', '0.10', '97', null);
INSERT INTO `himall_fightgroupactiveitem` VALUES ('361', '132', '1264', '1264_0_0_0', '0.15', '100', null);
INSERT INTO `himall_fightgroupactiveitem` VALUES ('362', '131', '1263', '1263_0_0_0', '0.10', '97', null);
INSERT INTO `himall_fightgroupactiveitem` VALUES ('363', '133', '1265', '1265_0_0_0', '0.10', '94', null);
INSERT INTO `himall_fightgroupactiveitem` VALUES ('364', '134', '1266', '1266_0_0_0', '199.00', '0', null);
INSERT INTO `himall_fightgroupactiveitem` VALUES ('365', '135', '1267', '1267_0_0_0', '199.00', '0', null);
INSERT INTO `himall_fightgroupactiveitem` VALUES ('366', '136', '1268', '1268_0_0_0', '199.00', '1000', null);
INSERT INTO `himall_fightgroupactiveitem` VALUES ('367', '137', '1269', '1269_0_0_0', '99999.00', '97', null);
INSERT INTO `himall_fightgroupactiveitem` VALUES ('368', '138', '1270', '1270_0_0_0', '1888.00', '50', null);
INSERT INTO `himall_fightgroupactiveitem` VALUES ('371', '139', '1271', '1271_0_0_0', '1888.00', '50', null);
INSERT INTO `himall_fightgroupactiveitem` VALUES ('376', '141', '1273', '1273_0_0_0', '0.50', '2', null);
INSERT INTO `himall_fightgroupactiveitem` VALUES ('378', '140', '1272', '1272_0_0_0', '188.00', '10', null);

-- ----------------------------
-- Table structure for `himall_fightgrouporder`
-- ----------------------------
DROP TABLE IF EXISTS `himall_fightgrouporder`;
CREATE TABLE `himall_fightgrouporder` (
  `Id` bigint(20) NOT NULL AUTO_INCREMENT COMMENT '编号',
  `ActiveId` bigint(20) DEFAULT NULL COMMENT '对应活动',
  `ProductId` bigint(20) DEFAULT NULL COMMENT '对应商品',
  `SkuId` varchar(100) DEFAULT NULL COMMENT '商品SKU',
  `GroupId` bigint(20) DEFAULT NULL COMMENT '所属拼团',
  `OrderId` bigint(20) DEFAULT NULL COMMENT '订单时间',
  `OrderUserId` bigint(20) DEFAULT NULL COMMENT '订单用户编号',
  `IsFirstOrder` bit(1) DEFAULT NULL COMMENT '是否团首订单',
  `JoinTime` datetime DEFAULT NULL COMMENT '参团时间',
  `JoinStatus` int(11) DEFAULT NULL COMMENT '参团状态 参团中  成功  失败',
  `OverTime` datetime DEFAULT NULL COMMENT '结束时间 成功或失败的时间',
  `Quantity` bigint(20) NOT NULL DEFAULT '0' COMMENT '购买数量',
  `SalePrice` decimal(18,2) NOT NULL DEFAULT '0.00' COMMENT '销售价',
  `InvitationUserId` bigint(20) DEFAULT NULL COMMENT '邀请人',
  `ShopId` bigint(20) DEFAULT NULL COMMENT '商家Id',
  `JoinedNumber` int(11) DEFAULT '0' COMMENT '下单后已参团人数',
  PRIMARY KEY (`Id`)
) ENGINE=InnoDB AUTO_INCREMENT=45 DEFAULT CHARSET=utf8 COMMENT='拼团订单';

-- ----------------------------
-- Records of himall_fightgrouporder
-- ----------------------------
INSERT INTO `himall_fightgrouporder` VALUES ('1', '123', '1255', '1255_0_0_0', '1', '2017101476243099', '707', '', '2017-10-14 12:51:53', '4', '2017-10-14 18:46:22', '1', '0.10', '0', '372', '0');
INSERT INTO `himall_fightgrouporder` VALUES ('3', '124', '1256', '1256_0_0_0', '3', '2017101429194858', '702', '', '2017-10-14 16:43:10', '1', '2017-10-14 16:43:10', '1', '0.10', '0', '369', '0');
INSERT INTO `himall_fightgrouporder` VALUES ('4', '123', '1255', '1255_0_0_0', '1', '2017101409876338', '698', '', '2017-10-14 18:46:22', '4', '2017-10-14 18:46:22', '1', '0.08', '707', '372', '0');
INSERT INTO `himall_fightgrouporder` VALUES ('5', '125', '1257', '1257_0_0_0', '4', '2017101489836459', '707', '', '2017-10-14 19:39:31', '4', '2017-10-14 19:40:08', '1', '0.10', '0', '372', '0');
INSERT INTO `himall_fightgrouporder` VALUES ('6', '125', '1257', '1257_0_0_0', '4', '2017101415814352', '698', '', '2017-10-14 19:40:08', '4', '2017-10-14 19:40:08', '1', '0.07', '0', '372', '0');
INSERT INTO `himall_fightgrouporder` VALUES ('7', '125', '1257', '1257_0_0_0', '5', '2017101476171885', '700', '', '2017-10-14 23:26:44', '-10', null, '1', '0.10', '0', '372', '0');
INSERT INTO `himall_fightgrouporder` VALUES ('8', '123', '1255', '1255_0_0_0', '6', '2017101444168720', '700', '', '2017-10-14 23:27:31', '-10', null, '1', '0.10', '0', '372', '0');
INSERT INTO `himall_fightgrouporder` VALUES ('9', '124', '1256', '1256_0_0_0', '7', '2017101465956488', '700', '', '2017-10-14 23:31:34', '-10', null, '1', '0.10', '0', '369', '0');
INSERT INTO `himall_fightgrouporder` VALUES ('10', '123', '1255', '1255_0_0_0', '8', '2017101559531641', '715', '', '2017-10-15 14:25:58', '-10', null, '1', '0.10', '0', '372', '0');
INSERT INTO `himall_fightgrouporder` VALUES ('11', '125', '1257', '1257_0_0_0', '9', '2017101525078144', '708', '', '2017-10-15 14:45:17', '-10', null, '1', '0.10', '0', '372', '0');
INSERT INTO `himall_fightgrouporder` VALUES ('12', '123', '1255', '1255_0_0_0', '10', '2017101578963583', '708', '', '2017-10-15 16:41:29', '2', '2017-10-18 12:12:04', '1', '0.10', '0', '372', '0');
INSERT INTO `himall_fightgrouporder` VALUES ('13', '127', '1259', '1259_0_0_0', '11', '2017101514536004', '708', '', '2017-10-15 17:24:02', '-10', null, '1', '68.00', '0', '373', '0');
INSERT INTO `himall_fightgrouporder` VALUES ('14', '127', '1259', '1259_0_0_0', '12', '2017101680746416', '700', '', '2017-10-16 07:37:22', '-10', null, '1', '68.00', '0', '373', '0');
INSERT INTO `himall_fightgrouporder` VALUES ('15', '130', '1262', '1262_0_0_0', '13', '2017101606197914', '707', '', '2017-10-16 09:58:59', '4', '2017-10-16 11:47:50', '1', '0.10', '0', '372', '0');
INSERT INTO `himall_fightgrouporder` VALUES ('16', '124', '1256', '1256_0_0_0', '14', '2017101653409250', '708', '', '2017-10-16 10:09:37', '-10', null, '1', '0.10', '0', '369', '0');
INSERT INTO `himall_fightgrouporder` VALUES ('17', '130', '1262', '1262_0_0_0', '15', '2017101623934439', '708', '', '2017-10-16 10:16:35', '2', '2017-10-18 12:13:20', '1', '0.10', '0', '372', '0');
INSERT INTO `himall_fightgrouporder` VALUES ('18', '130', '1262', '1262_0_0_0', '13', '2017101646165489', '722', '', '2017-10-16 10:32:27', '4', '2017-10-16 11:47:50', '1', '0.08', '707', '372', '0');
INSERT INTO `himall_fightgrouporder` VALUES ('19', '129', '1261', '1261_0_0_0', '16', '2017101634885211', '707', '', '2017-10-16 11:28:24', '1', '2017-10-16 11:28:24', '1', '0.10', '0', '372', '0');
INSERT INTO `himall_fightgrouporder` VALUES ('20', '129', '1261', '1261_0_0_0', '16', '2017101692670530', '722', '', '2017-10-16 11:31:31', '1', null, '1', '0.05', '707', '372', '0');
INSERT INTO `himall_fightgrouporder` VALUES ('21', '130', '1262', '1262_0_0_0', '13', '2017101634949829', '702', '', '2017-10-16 11:47:50', '4', '2017-10-16 11:47:50', '1', '0.06', '722', '372', '0');
INSERT INTO `himall_fightgrouporder` VALUES ('22', '125', '1257', '1257_0_0_0', '17', '2017101662489253', '708', '', '2017-10-16 11:51:29', '2', '2017-10-18 12:11:52', '1', '0.10', '0', '372', '0');
INSERT INTO `himall_fightgrouporder` VALUES ('23', '130', '1262', '1262_0_0_0', '18', '2017101663223467', '708', '', '2017-10-16 12:14:04', '2', '2017-10-18 12:12:55', '1', '0.10', '0', '372', '0');
INSERT INTO `himall_fightgrouporder` VALUES ('24', '131', '1263', '1263_0_0_0', '19', '2017101634657944', '707', '', '2017-10-16 14:00:42', '4', '2017-10-16 14:30:03', '1', '0.10', '0', '372', '0');
INSERT INTO `himall_fightgrouporder` VALUES ('25', '131', '1263', '1263_0_0_0', '19', '2017101683793679', '722', '', '2017-10-16 14:05:26', '4', '2017-10-16 14:30:03', '1', '0.08', '0', '372', '0');
INSERT INTO `himall_fightgrouporder` VALUES ('26', '133', '1265', '1265_0_0_0', '20', '2017101636071290', '707', '', '2017-10-16 14:09:39', '4', '2017-10-16 15:22:13', '1', '0.10', '0', '372', '0');
INSERT INTO `himall_fightgrouporder` VALUES ('27', '133', '1265', '1265_0_0_0', '21', '2017101690751441', '707', '', '2017-10-16 14:09:33', '-10', null, '1', '0.10', '0', '372', '0');
INSERT INTO `himall_fightgrouporder` VALUES ('28', '131', '1263', '1263_0_0_0', '19', '2017101652475786', '698', '', '2017-10-16 14:30:03', '4', '2017-10-16 14:30:03', '1', '0.06', '722', '372', '0');
INSERT INTO `himall_fightgrouporder` VALUES ('29', '132', '1264', '1264_0_0_0', '22', '2017101671382758', '707', '', '2017-10-16 14:45:44', '2', '2017-10-17 20:12:10', '1', '0.15', '0', '372', '0');
INSERT INTO `himall_fightgrouporder` VALUES ('30', '132', '1264', '1264_0_0_0', '22', '2017101624982324', '722', '', '2017-10-16 14:51:21', '2', '2017-10-17 20:12:11', '1', '0.12', '707', '372', '0');
INSERT INTO `himall_fightgrouporder` VALUES ('31', '133', '1265', '1265_0_0_0', '20', '2017101695379952', '722', '', '2017-10-16 15:19:39', '4', '2017-10-16 15:22:13', '1', '0.08', '707', '372', '0');
INSERT INTO `himall_fightgrouporder` VALUES ('32', '133', '1265', '1265_0_0_0', '20', '2017101662322841', '702', '', '2017-10-16 15:22:14', '4', '2017-10-16 15:22:14', '1', '0.06', '707', '372', '0');
INSERT INTO `himall_fightgrouporder` VALUES ('33', '128', '1260', '1260_0_0_0', '23', '2017101672076728', '715', '', '2017-10-16 16:02:59', '-10', null, '1', '58.00', '0', '374', '0');
INSERT INTO `himall_fightgrouporder` VALUES ('34', '137', '1269', '1269_0_0_0', '24', '2017101628330936', '719', '', '2017-10-16 16:23:09', '-10', null, '1', '99999.00', '0', '375', '0');
INSERT INTO `himall_fightgrouporder` VALUES ('35', '137', '1269', '1269_0_0_0', '25', '2017101697062678', '719', '', '2017-10-16 16:24:33', '-10', null, '1', '99999.00', '0', '375', '0');
INSERT INTO `himall_fightgrouporder` VALUES ('36', '132', '1264', '1264_0_0_0', '26', '2017101668913632', '715', '', '2017-10-16 16:45:38', '2', '2017-10-17 20:12:09', '1', '0.15', '0', '372', '0');
INSERT INTO `himall_fightgrouporder` VALUES ('37', '133', '1265', '1265_0_0_0', '27', '2017101762709756', '727', '', '2017-10-17 14:37:29', '-10', null, '1', '0.10', '0', '372', '0');
INSERT INTO `himall_fightgrouporder` VALUES ('38', '132', '1264', '1264_0_0_0', '26', '2017101715824343', '698', '', '2017-10-17 14:50:59', '2', '2017-10-17 20:12:09', '1', '0.12', '715', '372', '0');
INSERT INTO `himall_fightgrouporder` VALUES ('39', '136', '1268', '1268_0_0_0', '28', '2017101700248663', '718', '', '2017-10-17 16:34:16', '2', '2017-10-21 11:32:06', '1', '199.00', '0', '375', '0');
INSERT INTO `himall_fightgrouporder` VALUES ('40', '125', '1257', '1257_0_0_0', '29', '2017101829835258', '708', '', '2017-10-18 12:15:12', '4', '2017-10-18 20:27:38', '1', '0.10', '0', '372', '0');
INSERT INTO `himall_fightgrouporder` VALUES ('41', '125', '1257', '1257_0_0_0', '29', '2017101806421582', '744', '', '2017-10-18 20:27:38', '4', '2017-10-18 20:27:38', '1', '0.07', '708', '372', '0');
INSERT INTO `himall_fightgrouporder` VALUES ('42', '133', '1265', '1265_0_0_0', '30', '2017102214227987', '708', '', '2017-10-22 06:38:26', '1', '2017-10-22 06:38:26', '1', '0.10', '0', '372', '0');
INSERT INTO `himall_fightgrouporder` VALUES ('43', '129', '1261', '1261_0_0_0', '31', '2017102233081626', '708', '', '2017-10-22 07:37:26', '-10', null, '1', '0.10', '0', '372', '0');
INSERT INTO `himall_fightgrouporder` VALUES ('44', '123', '1255', '1255_0_0_0', '32', '2017102220585754', '708', '', '2017-10-22 07:46:39', '-10', null, '1', '0.10', '0', '372', '0');

-- ----------------------------
-- Table structure for `himall_fightgroups`
-- ----------------------------
DROP TABLE IF EXISTS `himall_fightgroups`;
CREATE TABLE `himall_fightgroups` (
  `Id` bigint(20) NOT NULL AUTO_INCREMENT COMMENT '编号',
  `HeadUserId` bigint(20) DEFAULT NULL COMMENT '团长用户编号',
  `ActiveId` bigint(20) DEFAULT NULL COMMENT '对应活动',
  `LimitedNumber` int(11) DEFAULT NULL COMMENT '参团人数限制',
  `LimitedHour` decimal(18,2) DEFAULT NULL COMMENT '时间限制',
  `JoinedNumber` int(11) DEFAULT NULL COMMENT '己参团人数',
  `IsException` bit(1) DEFAULT NULL COMMENT '是否异常',
  `GroupStatus` int(11) DEFAULT NULL COMMENT '数据状态 初始中  成团中  成功   失败',
  `AddGroupTime` datetime DEFAULT NULL COMMENT '开团时间',
  `OverTime` datetime DEFAULT NULL COMMENT '结束时间 成功或失败的时间',
  `ProductId` bigint(20) NOT NULL DEFAULT '0' COMMENT '商品编号',
  `ShopId` bigint(20) NOT NULL DEFAULT '0' COMMENT '店铺编号',
  PRIMARY KEY (`Id`)
) ENGINE=InnoDB AUTO_INCREMENT=33 DEFAULT CHARSET=utf8 COMMENT='拼团组团详情';

-- ----------------------------
-- Records of himall_fightgroups
-- ----------------------------
INSERT INTO `himall_fightgroups` VALUES ('1', '707', '123', '2', '23.00', '2', '', '1', '2017-10-14 12:51:53', '2017-10-14 18:46:22', '1255', '1255');
INSERT INTO `himall_fightgroups` VALUES ('3', '702', '124', '2', '22.00', '1', '', '0', '2017-10-14 16:43:10', null, '1256', '1256');
INSERT INTO `himall_fightgroups` VALUES ('4', '707', '125', '2', '23.00', '2', '', '1', '2017-10-14 19:39:31', '2017-10-14 19:40:08', '1257', '1257');
INSERT INTO `himall_fightgroups` VALUES ('5', '700', '125', '2', '23.00', '1', '', '-10', '2017-10-14 23:26:44', null, '1257', '1257');
INSERT INTO `himall_fightgroups` VALUES ('6', '700', '123', '2', '23.00', '1', '', '-10', '2017-10-14 23:27:30', null, '1255', '1255');
INSERT INTO `himall_fightgroups` VALUES ('7', '700', '124', '2', '22.00', '1', '', '-10', '2017-10-14 23:31:34', null, '1256', '1256');
INSERT INTO `himall_fightgroups` VALUES ('8', '715', '123', '2', '23.00', '1', '', '-10', '2017-10-15 14:25:58', null, '1255', '1255');
INSERT INTO `himall_fightgroups` VALUES ('9', '708', '125', '2', '23.00', '1', '', '-10', '2017-10-15 14:45:17', null, '1257', '1257');
INSERT INTO `himall_fightgroups` VALUES ('10', '708', '123', '2', '23.00', '1', '', '-1', '2017-10-15 16:41:29', '2017-10-18 12:12:04', '1255', '1255');
INSERT INTO `himall_fightgroups` VALUES ('11', '708', '127', '3', '23.00', '1', '', '-10', '2017-10-15 17:24:02', null, '1259', '1259');
INSERT INTO `himall_fightgroups` VALUES ('12', '700', '127', '3', '23.00', '1', '', '-10', '2017-10-16 07:37:22', null, '1259', '1259');
INSERT INTO `himall_fightgroups` VALUES ('13', '707', '130', '3', '23.00', '3', '', '1', '2017-10-16 09:58:59', '2017-10-16 11:47:50', '1262', '1262');
INSERT INTO `himall_fightgroups` VALUES ('14', '708', '124', '2', '22.00', '1', '', '-10', '2017-10-16 10:09:37', null, '1256', '1256');
INSERT INTO `himall_fightgroups` VALUES ('15', '708', '130', '3', '23.00', '1', '', '-1', '2017-10-16 10:16:35', '2017-10-18 12:13:20', '1262', '1262');
INSERT INTO `himall_fightgroups` VALUES ('16', '707', '129', '3', '23.00', '2', '', '0', '2017-10-16 11:28:24', null, '1261', '1261');
INSERT INTO `himall_fightgroups` VALUES ('17', '708', '125', '2', '23.00', '1', '', '-1', '2017-10-16 11:51:29', '2017-10-18 12:11:53', '1257', '1257');
INSERT INTO `himall_fightgroups` VALUES ('18', '708', '130', '3', '23.00', '1', '', '-1', '2017-10-16 12:14:04', '2017-10-18 12:12:55', '1262', '1262');
INSERT INTO `himall_fightgroups` VALUES ('19', '707', '131', '3', '23.00', '3', '', '1', '2017-10-16 14:00:42', '2017-10-16 14:30:03', '1263', '1263');
INSERT INTO `himall_fightgroups` VALUES ('20', '707', '133', '3', '23.00', '3', '', '1', '2017-10-16 14:09:39', '2017-10-16 15:22:14', '1265', '1265');
INSERT INTO `himall_fightgroups` VALUES ('21', '707', '133', '3', '23.00', '1', '', '-10', '2017-10-16 14:09:33', null, '1265', '1265');
INSERT INTO `himall_fightgroups` VALUES ('22', '707', '132', '3', '23.00', '2', '', '-1', '2017-10-16 14:45:44', '2017-10-17 20:12:11', '1264', '1264');
INSERT INTO `himall_fightgroups` VALUES ('23', '715', '128', '3', '3.00', '1', '', '-10', '2017-10-16 16:02:59', null, '1260', '1260');
INSERT INTO `himall_fightgroups` VALUES ('24', '719', '137', '10', '23.00', '1', '', '-10', '2017-10-16 16:23:08', null, '1269', '1269');
INSERT INTO `himall_fightgroups` VALUES ('25', '719', '137', '10', '23.00', '1', '', '-10', '2017-10-16 16:24:33', null, '1269', '1269');
INSERT INTO `himall_fightgroups` VALUES ('26', '715', '132', '3', '23.00', '2', '', '-1', '2017-10-16 16:45:38', '2017-10-17 20:12:09', '1264', '1264');
INSERT INTO `himall_fightgroups` VALUES ('27', '727', '133', '3', '23.00', '1', '', '-10', '2017-10-17 14:37:29', null, '1265', '1265');
INSERT INTO `himall_fightgroups` VALUES ('28', '718', '136', '5', '23.00', '1', '', '-1', '2017-10-17 16:34:16', '2017-10-21 11:32:06', '1268', '1268');
INSERT INTO `himall_fightgroups` VALUES ('29', '708', '125', '2', '23.00', '2', '', '1', '2017-10-18 12:15:12', '2017-10-18 20:27:38', '1257', '1257');
INSERT INTO `himall_fightgroups` VALUES ('30', '708', '133', '3', '23.00', '1', '', '0', '2017-10-22 06:38:26', null, '1265', '1265');
INSERT INTO `himall_fightgroups` VALUES ('31', '708', '129', '3', '23.00', '1', '', '-10', '2017-10-22 07:37:26', null, '1261', '1261');
INSERT INTO `himall_fightgroups` VALUES ('32', '708', '123', '2', '23.00', '1', '', '-10', '2017-10-22 07:46:38', null, '1255', '372');

-- ----------------------------
-- Table structure for `himall_fightgroupspackage`
-- ----------------------------
DROP TABLE IF EXISTS `himall_fightgroupspackage`;
CREATE TABLE `himall_fightgroupspackage` (
  `Id` int(11) NOT NULL,
  `FightGroupId` int(11) NOT NULL COMMENT '活动ID',
  `ProductName` varchar(500) NOT NULL COMMENT '商品名称',
  `Stock` int(11) NOT NULL COMMENT '数量',
  `Price` decimal(18,2) NOT NULL COMMENT '金额',
  PRIMARY KEY (`Id`)
) ENGINE=MyISAM DEFAULT CHARSET=utf8 ROW_FORMAT=DYNAMIC;

-- ----------------------------
-- Records of himall_fightgroupspackage
-- ----------------------------

-- ----------------------------
-- Table structure for `himall_flashsale`
-- ----------------------------
DROP TABLE IF EXISTS `himall_flashsale`;
CREATE TABLE `himall_flashsale` (
  `Id` bigint(20) NOT NULL AUTO_INCREMENT,
  `Title` varchar(30) NOT NULL,
  `ShopId` bigint(20) NOT NULL,
  `ProductId` bigint(20) NOT NULL,
  `Status` int(11) NOT NULL COMMENT '待审核,进行中,已结束,审核未通过,管理员取消',
  `BeginDate` datetime NOT NULL COMMENT '活动开始日期',
  `EndDate` datetime NOT NULL COMMENT '活动结束日期',
  `LimitCountOfThePeople` int(11) NOT NULL COMMENT '限制每人购买的数量',
  `SaleCount` int(11) NOT NULL COMMENT '仅仅只计算在限时购里的销售数',
  `CategoryName` varchar(255) NOT NULL,
  `ImagePath` varchar(255) NOT NULL,
  `MinPrice` decimal(18,2) NOT NULL,
  PRIMARY KEY (`Id`),
  KEY `FK_FSShopId3` (`ShopId`),
  KEY `FK_FSProductId3` (`ProductId`),
  KEY `IX_ProductId_Status_BeginDate_EndDate` (`ProductId`,`Status`,`BeginDate`,`EndDate`) USING BTREE,
  CONSTRAINT `FK_FSProductId` FOREIGN KEY (`ProductId`) REFERENCES `himall_products` (`Id`),
  CONSTRAINT `FK_FSProductId3` FOREIGN KEY (`ProductId`) REFERENCES `himall_products` (`Id`),
  CONSTRAINT `FK_FSShopId` FOREIGN KEY (`ShopId`) REFERENCES `himall_shops` (`Id`),
  CONSTRAINT `FK_FSShopId3` FOREIGN KEY (`ShopId`) REFERENCES `himall_shops` (`Id`)
) ENGINE=InnoDB AUTO_INCREMENT=102 DEFAULT CHARSET=utf8;

-- ----------------------------
-- Records of himall_flashsale
-- ----------------------------
INSERT INTO `himall_flashsale` VALUES ('34', '限时折扣', '1', '717', '5', '2017-02-14 11:40:00', '2017-02-14 16:01:38', '1', '0', '洗面奶', '/Storage/Shop/1/Products/717', '17.00');
INSERT INTO `himall_flashsale` VALUES ('35', '限时折扣', '1', '715', '5', '2017-02-14 11:41:00', '2017-02-14 16:01:36', '1', '0', '电子产品', '/Storage/Shop/1/Products/715', '11688.00');
INSERT INTO `himall_flashsale` VALUES ('36', '限时折扣', '1', '713', '5', '2017-02-14 11:43:00', '2017-02-14 16:01:34', '2', '0', '服装', '/Storage/Shop/1/Products/713', '36.00');
INSERT INTO `himall_flashsale` VALUES ('37', '限时折扣', '1', '710', '5', '2017-02-14 11:44:00', '2017-02-14 16:01:32', '1', '0', '服装', '/Storage/Shop/1/Products/710', '200.00');
INSERT INTO `himall_flashsale` VALUES ('38', '限时折扣', '1', '712', '5', '2017-02-15 15:35:00', '2017-02-14 16:01:31', '1', '0', '服装', '/Storage/Shop/1/Products/712', '125.00');
INSERT INTO `himall_flashsale` VALUES ('39', '限时折扣', '1', '706', '5', '2017-02-16 11:45:00', '2017-02-14 16:01:29', '1', '0', '洗面奶', '/Storage/Shop/1/Products/706', '199.00');
INSERT INTO `himall_flashsale` VALUES ('40', '限时折扣', '1', '704', '5', '2017-02-16 11:45:00', '2017-02-14 16:02:35', '1', '0', '服装', '/Storage/Shop/1/Products/704', '388.00');
INSERT INTO `himall_flashsale` VALUES ('41', '限时折扣', '1', '700', '5', '2017-02-18 14:45:00', '2017-02-14 16:02:31', '1', '0', '食品', '/Storage/Shop/1/Products/700', '49.90');
INSERT INTO `himall_flashsale` VALUES ('42', '限时折扣', '1', '707', '5', '2017-02-14 15:52:00', '2017-02-14 16:01:24', '2', '0', '服装', '/Storage/Shop/1/Products/707', '150.00');
INSERT INTO `himall_flashsale` VALUES ('43', '限时折扣', '1', '707', '4', '2017-02-14 16:03:00', '2017-03-09 16:00:29', '1', '0', '服装', '/Storage/Shop/1/Products/707', '150.00');
INSERT INTO `himall_flashsale` VALUES ('44', '限时折扣', '1', '704', '4', '2017-02-14 16:04:00', '2017-03-13 16:00:29', '1', '0', '服装', '/Storage/Shop/1/Products/704', '399.00');
INSERT INTO `himall_flashsale` VALUES ('45', '限时折扣', '1', '705', '4', '2017-02-14 16:05:00', '2017-03-11 16:05:27', '2', '0', '服装', '/Storage/Shop/1/Products/705', '299.00');
INSERT INTO `himall_flashsale` VALUES ('46', '限时折扣', '1', '700', '4', '2017-02-14 16:06:00', '2017-03-11 16:05:16', '1', '0', '食品', '/Storage/Shop/1/Products/700', '40.00');
INSERT INTO `himall_flashsale` VALUES ('47', '限时折扣', '1', '699', '4', '2017-02-14 16:06:00', '2017-03-08 16:05:53', '2', '0', '食品', '/Storage/Shop/1/Products/699', '39.90');
INSERT INTO `himall_flashsale` VALUES ('48', '限时折扣', '1', '708', '5', '2017-02-14 16:07:00', '2017-02-14 16:24:11', '2', '0', '服装', '/Storage/Shop/1/Products/708', '399.00');
INSERT INTO `himall_flashsale` VALUES ('49', '限时折扣', '1', '741', '4', '2017-02-14 16:20:00', '2017-03-10 16:20:43', '1', '0', '电子产品', '/Storage/Shop/1/Products/741', '4999.00');
INSERT INTO `himall_flashsale` VALUES ('50', '限时折扣', '1', '736', '4', '2017-02-14 16:21:00', '2017-03-13 16:20:00', '2', '0', '洗面奶', '/Storage/Shop/1/Products/736', '19.90');

-- ----------------------------
-- Table structure for `himall_flashsaleconfig`
-- ----------------------------
DROP TABLE IF EXISTS `himall_flashsaleconfig`;
CREATE TABLE `himall_flashsaleconfig` (
  `Id` bigint(20) NOT NULL AUTO_INCREMENT,
  `Preheat` int(11) NOT NULL COMMENT '预热时间',
  `IsNormalPurchase` tinyint(1) NOT NULL COMMENT '是否允许正常购买',
  PRIMARY KEY (`Id`)
) ENGINE=InnoDB AUTO_INCREMENT=3 DEFAULT CHARSET=utf8;

-- ----------------------------
-- Records of himall_flashsaleconfig
-- ----------------------------
INSERT INTO `himall_flashsaleconfig` VALUES ('2', '24', '1');

-- ----------------------------
-- Table structure for `himall_flashsaledetail`
-- ----------------------------
DROP TABLE IF EXISTS `himall_flashsaledetail`;
CREATE TABLE `himall_flashsaledetail` (
  `Id` bigint(20) NOT NULL AUTO_INCREMENT,
  `ProductId` bigint(20) NOT NULL,
  `SkuId` varchar(100) NOT NULL,
  `Price` decimal(18,2) DEFAULT NULL COMMENT '限时购时金额',
  `FlashSaleId` bigint(20) NOT NULL COMMENT '对应FlashSale表主键',
  PRIMARY KEY (`Id`)
) ENGINE=InnoDB AUTO_INCREMENT=314 DEFAULT CHARSET=utf8;

-- ----------------------------
-- Records of himall_flashsaledetail
-- ----------------------------
INSERT INTO `himall_flashsaledetail` VALUES ('70', '715', '715_0_0_0', '11688.00', '35');
INSERT INTO `himall_flashsaledetail` VALUES ('71', '717', '717_0_0_0', '17.00', '34');
INSERT INTO `himall_flashsaledetail` VALUES ('72', '713', '713_0_0_0', '36.00', '36');
INSERT INTO `himall_flashsaledetail` VALUES ('73', '710', '710_0_0_0', '200.00', '37');
INSERT INTO `himall_flashsaledetail` VALUES ('74', '712', '712_0_661_0', '125.00', '38');
INSERT INTO `himall_flashsaledetail` VALUES ('75', '712', '712_0_659_0', '125.00', '38');
INSERT INTO `himall_flashsaledetail` VALUES ('76', '706', '706_0_0_0', '199.00', '39');
INSERT INTO `himall_flashsaledetail` VALUES ('77', '704', '704_0_0_0', '388.00', '40');
INSERT INTO `himall_flashsaledetail` VALUES ('78', '700', '700_0_0_0', '49.90', '41');
INSERT INTO `himall_flashsaledetail` VALUES ('79', '707', '707_655_663_0', '150.00', '42');
INSERT INTO `himall_flashsaledetail` VALUES ('80', '707', '707_655_663_0', '150.00', '43');
INSERT INTO `himall_flashsaledetail` VALUES ('81', '704', '704_0_0_0', '399.00', '44');
INSERT INTO `himall_flashsaledetail` VALUES ('82', '705', '705_0_0_0', '299.00', '45');
INSERT INTO `himall_flashsaledetail` VALUES ('83', '700', '700_0_0_0', '40.00', '46');
INSERT INTO `himall_flashsaledetail` VALUES ('84', '699', '699_0_0_0', '39.90', '47');
INSERT INTO `himall_flashsaledetail` VALUES ('85', '708', '708_0_0_0', '399.00', '48');
INSERT INTO `himall_flashsaledetail` VALUES ('86', '741', '741_0_0_0', '4999.00', '49');
INSERT INTO `himall_flashsaledetail` VALUES ('87', '736', '736_0_0_0', '19.90', '50');

-- ----------------------------
-- Table structure for `himall_flashsaleremind`
-- ----------------------------
DROP TABLE IF EXISTS `himall_flashsaleremind`;
CREATE TABLE `himall_flashsaleremind` (
  `Id` bigint(20) NOT NULL AUTO_INCREMENT,
  `OpenId` varchar(200) NOT NULL,
  `RecordDate` datetime NOT NULL,
  `FlashSaleId` bigint(20) NOT NULL,
  PRIMARY KEY (`Id`)
) ENGINE=InnoDB AUTO_INCREMENT=6 DEFAULT CHARSET=utf8;

-- ----------------------------
-- Records of himall_flashsaleremind
-- ----------------------------

-- ----------------------------
-- Table structure for `himall_floorbrands`
-- ----------------------------
DROP TABLE IF EXISTS `himall_floorbrands`;
CREATE TABLE `himall_floorbrands` (
  `Id` bigint(20) NOT NULL AUTO_INCREMENT,
  `FloorId` bigint(20) NOT NULL COMMENT '楼层ID',
  `BrandId` bigint(20) NOT NULL COMMENT '品牌ID',
  PRIMARY KEY (`Id`),
  KEY `FK_Brand_FloorBrand` (`BrandId`) USING BTREE,
  KEY `FK_HomeFloor_FloorBrand` (`FloorId`) USING BTREE,
  CONSTRAINT `himall_floorbrands_ibfk_1` FOREIGN KEY (`BrandId`) REFERENCES `himall_brands` (`Id`) ON DELETE CASCADE,
  CONSTRAINT `himall_floorbrands_ibfk_2` FOREIGN KEY (`FloorId`) REFERENCES `himall_homefloors` (`Id`) ON DELETE CASCADE
) ENGINE=InnoDB AUTO_INCREMENT=432 DEFAULT CHARSET=utf8 ROW_FORMAT=COMPACT;

-- ----------------------------
-- Records of himall_floorbrands
-- ----------------------------
INSERT INTO `himall_floorbrands` VALUES ('412', '90', '347');
INSERT INTO `himall_floorbrands` VALUES ('413', '90', '346');
INSERT INTO `himall_floorbrands` VALUES ('414', '90', '353');
INSERT INTO `himall_floorbrands` VALUES ('415', '90', '351');
INSERT INTO `himall_floorbrands` VALUES ('416', '90', '352');
INSERT INTO `himall_floorbrands` VALUES ('417', '91', '336');
INSERT INTO `himall_floorbrands` VALUES ('418', '91', '335');
INSERT INTO `himall_floorbrands` VALUES ('419', '91', '326');
INSERT INTO `himall_floorbrands` VALUES ('420', '91', '325');
INSERT INTO `himall_floorbrands` VALUES ('421', '92', '328');
INSERT INTO `himall_floorbrands` VALUES ('422', '92', '341');
INSERT INTO `himall_floorbrands` VALUES ('423', '92', '344');
INSERT INTO `himall_floorbrands` VALUES ('424', '92', '330');
INSERT INTO `himall_floorbrands` VALUES ('425', '92', '325');
INSERT INTO `himall_floorbrands` VALUES ('426', '93', '334');
INSERT INTO `himall_floorbrands` VALUES ('427', '93', '343');
INSERT INTO `himall_floorbrands` VALUES ('428', '93', '349');
INSERT INTO `himall_floorbrands` VALUES ('429', '93', '347');
INSERT INTO `himall_floorbrands` VALUES ('430', '93', '336');
INSERT INTO `himall_floorbrands` VALUES ('431', '93', '329');

-- ----------------------------
-- Table structure for `himall_floorcategories`
-- ----------------------------
DROP TABLE IF EXISTS `himall_floorcategories`;
CREATE TABLE `himall_floorcategories` (
  `Id` bigint(20) NOT NULL AUTO_INCREMENT,
  `FloorId` bigint(20) NOT NULL,
  `CategoryId` bigint(20) NOT NULL,
  `Depth` int(11) NOT NULL,
  PRIMARY KEY (`Id`),
  KEY `FK_Category_FloorCategory` (`CategoryId`) USING BTREE,
  KEY `FK_HomeFloor_FloorCategory` (`FloorId`) USING BTREE,
  CONSTRAINT `himall_floorcategories_ibfk_1` FOREIGN KEY (`CategoryId`) REFERENCES `himall_categories` (`Id`) ON DELETE CASCADE,
  CONSTRAINT `himall_floorcategories_ibfk_2` FOREIGN KEY (`FloorId`) REFERENCES `himall_homefloors` (`Id`) ON DELETE CASCADE
) ENGINE=InnoDB DEFAULT CHARSET=utf8 ROW_FORMAT=COMPACT;

-- ----------------------------
-- Records of himall_floorcategories
-- ----------------------------

-- ----------------------------
-- Table structure for `himall_floorproducts`
-- ----------------------------
DROP TABLE IF EXISTS `himall_floorproducts`;
CREATE TABLE `himall_floorproducts` (
  `Id` bigint(20) NOT NULL AUTO_INCREMENT,
  `FloorId` bigint(20) NOT NULL COMMENT '楼层ID',
  `Tab` int(11) NOT NULL COMMENT '楼层标签',
  `ProductId` bigint(20) NOT NULL COMMENT '商品ID',
  PRIMARY KEY (`Id`),
  KEY `FK_HomeFloor_FloorProduct` (`FloorId`) USING BTREE,
  KEY `FK_Product_FloorProduct` (`ProductId`) USING BTREE,
  CONSTRAINT `himall_floorproducts_ibfk_1` FOREIGN KEY (`FloorId`) REFERENCES `himall_homefloors` (`Id`) ON DELETE CASCADE,
  CONSTRAINT `himall_floorproducts_ibfk_2` FOREIGN KEY (`ProductId`) REFERENCES `himall_products` (`Id`) ON DELETE CASCADE
) ENGINE=InnoDB DEFAULT CHARSET=utf8 ROW_FORMAT=COMPACT;

-- ----------------------------
-- Records of himall_floorproducts
-- ----------------------------

-- ----------------------------
-- Table structure for `himall_floortabldetails`
-- ----------------------------
DROP TABLE IF EXISTS `himall_floortabldetails`;
CREATE TABLE `himall_floortabldetails` (
  `Id` bigint(20) NOT NULL AUTO_INCREMENT,
  `TabId` bigint(20) NOT NULL COMMENT 'TabID',
  `ProductId` bigint(20) NOT NULL COMMENT '商品ID',
  PRIMARY KEY (`Id`),
  KEY `TabIdFK` (`TabId`) USING BTREE,
  KEY `ProductIdFK` (`ProductId`) USING BTREE,
  CONSTRAINT `TabIdFK` FOREIGN KEY (`TabId`) REFERENCES `himall_floortabls` (`Id`)
) ENGINE=InnoDB AUTO_INCREMENT=608 DEFAULT CHARSET=utf8 ROW_FORMAT=COMPACT;

-- ----------------------------
-- Records of himall_floortabldetails
-- ----------------------------
INSERT INTO `himall_floortabldetails` VALUES ('541', '141', '718');
INSERT INTO `himall_floortabldetails` VALUES ('542', '141', '737');
INSERT INTO `himall_floortabldetails` VALUES ('543', '141', '738');
INSERT INTO `himall_floortabldetails` VALUES ('544', '141', '739');
INSERT INTO `himall_floortabldetails` VALUES ('545', '141', '740');
INSERT INTO `himall_floortabldetails` VALUES ('546', '141', '741');
INSERT INTO `himall_floortabldetails` VALUES ('547', '141', '742');
INSERT INTO `himall_floortabldetails` VALUES ('548', '141', '743');
INSERT INTO `himall_floortabldetails` VALUES ('549', '142', '718');
INSERT INTO `himall_floortabldetails` VALUES ('550', '142', '723');
INSERT INTO `himall_floortabldetails` VALUES ('551', '142', '731');
INSERT INTO `himall_floortabldetails` VALUES ('552', '142', '732');
INSERT INTO `himall_floortabldetails` VALUES ('553', '142', '733');
INSERT INTO `himall_floortabldetails` VALUES ('554', '142', '734');
INSERT INTO `himall_floortabldetails` VALUES ('555', '142', '735');
INSERT INTO `himall_floortabldetails` VALUES ('556', '142', '736');
INSERT INTO `himall_floortabldetails` VALUES ('557', '143', '707');
INSERT INTO `himall_floortabldetails` VALUES ('558', '143', '717');
INSERT INTO `himall_floortabldetails` VALUES ('559', '143', '719');
INSERT INTO `himall_floortabldetails` VALUES ('560', '143', '720');
INSERT INTO `himall_floortabldetails` VALUES ('561', '143', '721');
INSERT INTO `himall_floortabldetails` VALUES ('562', '143', '722');
INSERT INTO `himall_floortabldetails` VALUES ('563', '143', '723');
INSERT INTO `himall_floortabldetails` VALUES ('564', '143', '736');
INSERT INTO `himall_floortabldetails` VALUES ('565', '143', '738');
INSERT INTO `himall_floortabldetails` VALUES ('566', '144', '715');
INSERT INTO `himall_floortabldetails` VALUES ('567', '144', '723');
INSERT INTO `himall_floortabldetails` VALUES ('568', '144', '731');
INSERT INTO `himall_floortabldetails` VALUES ('569', '144', '732');
INSERT INTO `himall_floortabldetails` VALUES ('570', '144', '733');
INSERT INTO `himall_floortabldetails` VALUES ('571', '144', '734');
INSERT INTO `himall_floortabldetails` VALUES ('572', '144', '741');
INSERT INTO `himall_floortabldetails` VALUES ('573', '144', '743');
INSERT INTO `himall_floortabldetails` VALUES ('574', '145', '699');
INSERT INTO `himall_floortabldetails` VALUES ('575', '145', '700');
INSERT INTO `himall_floortabldetails` VALUES ('576', '145', '701');
INSERT INTO `himall_floortabldetails` VALUES ('577', '145', '702');
INSERT INTO `himall_floortabldetails` VALUES ('578', '145', '716');
INSERT INTO `himall_floortabldetails` VALUES ('579', '145', '740');
INSERT INTO `himall_floortabldetails` VALUES ('580', '145', '742');
INSERT INTO `himall_floortabldetails` VALUES ('581', '145', '743');
INSERT INTO `himall_floortabldetails` VALUES ('582', '146', '699');
INSERT INTO `himall_floortabldetails` VALUES ('583', '146', '700');
INSERT INTO `himall_floortabldetails` VALUES ('584', '146', '701');
INSERT INTO `himall_floortabldetails` VALUES ('585', '146', '702');
INSERT INTO `himall_floortabldetails` VALUES ('586', '146', '716');
INSERT INTO `himall_floortabldetails` VALUES ('587', '146', '737');
INSERT INTO `himall_floortabldetails` VALUES ('588', '146', '738');
INSERT INTO `himall_floortabldetails` VALUES ('589', '146', '742');
INSERT INTO `himall_floortabldetails` VALUES ('590', '147', '704');
INSERT INTO `himall_floortabldetails` VALUES ('591', '147', '705');
INSERT INTO `himall_floortabldetails` VALUES ('592', '147', '706');
INSERT INTO `himall_floortabldetails` VALUES ('593', '147', '707');
INSERT INTO `himall_floortabldetails` VALUES ('594', '147', '708');
INSERT INTO `himall_floortabldetails` VALUES ('595', '147', '732');
INSERT INTO `himall_floortabldetails` VALUES ('596', '147', '733');
INSERT INTO `himall_floortabldetails` VALUES ('597', '147', '734');
INSERT INTO `himall_floortabldetails` VALUES ('598', '148', '732');
INSERT INTO `himall_floortabldetails` VALUES ('599', '148', '733');
INSERT INTO `himall_floortabldetails` VALUES ('600', '148', '734');
INSERT INTO `himall_floortabldetails` VALUES ('601', '148', '735');
INSERT INTO `himall_floortabldetails` VALUES ('602', '148', '736');
INSERT INTO `himall_floortabldetails` VALUES ('603', '148', '737');
INSERT INTO `himall_floortabldetails` VALUES ('604', '148', '738');
INSERT INTO `himall_floortabldetails` VALUES ('605', '148', '739');
INSERT INTO `himall_floortabldetails` VALUES ('606', '148', '740');
INSERT INTO `himall_floortabldetails` VALUES ('607', '148', '742');

-- ----------------------------
-- Table structure for `himall_floortabls`
-- ----------------------------
DROP TABLE IF EXISTS `himall_floortabls`;
CREATE TABLE `himall_floortabls` (
  `Id` bigint(20) NOT NULL AUTO_INCREMENT,
  `FloorId` bigint(20) NOT NULL COMMENT '楼层ID',
  `Name` varchar(50) NOT NULL COMMENT '楼层名称',
  PRIMARY KEY (`Id`),
  KEY `Id` (`Id`) USING BTREE,
  KEY `FloorIdFK` (`FloorId`) USING BTREE,
  CONSTRAINT `FloorIdFK` FOREIGN KEY (`FloorId`) REFERENCES `himall_homefloors` (`Id`)
) ENGINE=InnoDB AUTO_INCREMENT=149 DEFAULT CHARSET=utf8 ROW_FORMAT=COMPACT;

-- ----------------------------
-- Records of himall_floortabls
-- ----------------------------
INSERT INTO `himall_floortabls` VALUES ('141', '90', '出行');
INSERT INTO `himall_floortabls` VALUES ('142', '90', '运动');
INSERT INTO `himall_floortabls` VALUES ('143', '91', '苹果');
INSERT INTO `himall_floortabls` VALUES ('144', '91', '联想');
INSERT INTO `himall_floortabls` VALUES ('145', '92', '零食');
INSERT INTO `himall_floortabls` VALUES ('146', '92', '坚果');
INSERT INTO `himall_floortabls` VALUES ('147', '93', '进口');
INSERT INTO `himall_floortabls` VALUES ('148', '93', '国产');

-- ----------------------------
-- Table structure for `himall_floortopics`
-- ----------------------------
DROP TABLE IF EXISTS `himall_floortopics`;
CREATE TABLE `himall_floortopics` (
  `Id` bigint(20) NOT NULL AUTO_INCREMENT,
  `FloorId` bigint(20) NOT NULL COMMENT '楼层ID',
  `TopicType` int(11) NOT NULL COMMENT '专题类型',
  `TopicImage` varchar(100) NOT NULL COMMENT '专题封面图片',
  `TopicName` varchar(100) NOT NULL COMMENT '专题名称',
  `Url` varchar(1000) NOT NULL COMMENT '专题跳转URL',
  PRIMARY KEY (`Id`),
  KEY `FK_HomeFloor_FloorTopic` (`FloorId`) USING BTREE,
  CONSTRAINT `himall_floortopics_ibfk_1` FOREIGN KEY (`FloorId`) REFERENCES `himall_homefloors` (`Id`) ON DELETE CASCADE
) ENGINE=InnoDB AUTO_INCREMENT=5725 DEFAULT CHARSET=utf8 ROW_FORMAT=COMPACT;

-- ----------------------------
-- Records of himall_floortopics
-- ----------------------------
INSERT INTO `himall_floortopics` VALUES ('5661', '90', '11', '', '运动鞋包', 'http://demo.himall.kuaidiantong.cn/LimitTimeBuy/Detail/45');
INSERT INTO `himall_floortopics` VALUES ('5662', '90', '11', '', '运动服饰', 'http://demo.himall.kuaidiantong.cn/LimitTimeBuy/Detail/43');
INSERT INTO `himall_floortopics` VALUES ('5663', '90', '11', '', '骑行运动', 'http://demo.himall.kuaidiantong.cn/LimitTimeBuy/Detail/44');
INSERT INTO `himall_floortopics` VALUES ('5664', '90', '11', '', '体育用品', 'http://demo.himall.kuaidiantong.cn/Gift/Detail/71');
INSERT INTO `himall_floortopics` VALUES ('5665', '90', '11', '', '户外鞋服', 'http://demo.himall.kuaidiantong.cn/Product/Detail/730');
INSERT INTO `himall_floortopics` VALUES ('5666', '90', '11', '', '户外装备', 'http://demo.himall.kuaidiantong.cn/Product/Detail/727');
INSERT INTO `himall_floortopics` VALUES ('5667', '90', '11', '', '垂钓用品', 'http://demo.himall.kuaidiantong.cn/Product/Detail/726');
INSERT INTO `himall_floortopics` VALUES ('5668', '90', '11', '', '游泳用品', 'http://demo.himall.kuaidiantong.cn/Product/Detail/726');
INSERT INTO `himall_floortopics` VALUES ('5669', '90', '21', '/Storage/Plat/PageSettings/HomeFloor/0/floor_ROne_20170214114412020470.jpg', '', 'http://demo.himall.kuaidiantong.cn/Product/Detail/726');
INSERT INTO `himall_floortopics` VALUES ('5670', '90', '22', '/Storage/Plat/PageSettings/HomeFloor/0/floor_RTwo_20170214114412027244.jpg', '', 'http://demo.himall.kuaidiantong.cn/Product/Detail/726');
INSERT INTO `himall_floortopics` VALUES ('5671', '90', '23', '/Storage/Plat/PageSettings/HomeFloor/0/floor_RThree_20170214114412029192.jpg', '', 'http://demo.himall.kuaidiantong.cn/LimitTimeBuy/Detail/44');
INSERT INTO `himall_floortopics` VALUES ('5672', '90', '24', '/Storage/Plat/PageSettings/HomeFloor/0/floor_RFour_20170214114412032129.jpg', '', 'http://demo.himall.kuaidiantong.cn/Product/Detail/726');
INSERT INTO `himall_floortopics` VALUES ('5673', '90', '25', '/Storage/Plat/PageSettings/HomeFloor/0/floor_RFive_20170214114412035126.jpg', '', 'http://demo.himall.kuaidiantong.cn/LimitTimeBuy/Detail/43');
INSERT INTO `himall_floortopics` VALUES ('5674', '90', '26', '/Storage/Plat/PageSettings/HomeFloor/0/floor_RSix_20170214114412036059.jpg', '', 'http://demo.himall.kuaidiantong.cn/LimitTimeBuy/Detail/43');
INSERT INTO `himall_floortopics` VALUES ('5675', '90', '27', '/Storage/Plat/PageSettings/HomeFloor/0/floor_RSeven_20170214114412037097.jpg', '', 'http://demo.himall.kuaidiantong.cn/Product/Detail/730');
INSERT INTO `himall_floortopics` VALUES ('5676', '90', '28', '/Storage/Plat/PageSettings/HomeFloor/0/floor_REight_20170214114412038156.jpg', '', 'http://demo.himall.kuaidiantong.cn/Product/Detail/730');
INSERT INTO `himall_floortopics` VALUES ('5677', '90', '29', '/Storage/Plat/PageSettings/HomeFloor/0/floor_ScrollOne_20170214114412040938.jpg', '', 'http://demo.himall.kuaidiantong.cn/LimitTimeBuy/Detail/45');
INSERT INTO `himall_floortopics` VALUES ('5678', '90', '30', '/Storage/Plat/PageSettings/HomeFloor/0/floor_ScrollTwo_20170214114412045832.jpg', '', 'http://demo.himall.kuaidiantong.cn/LimitTimeBuy/Detail/45');
INSERT INTO `himall_floortopics` VALUES ('5679', '91', '11', '', '厨具', 'http://demo.himall.kuaidiantong.cn/Product/Detail/734');
INSERT INTO `himall_floortopics` VALUES ('5680', '91', '11', '', '家纺', 'http://demo.himall.kuaidiantong.cn/Product/Detail/746');
INSERT INTO `himall_floortopics` VALUES ('5681', '91', '11', '', '生活用品', 'http://demo.himall.kuaidiantong.cn/Product/Detail/732');
INSERT INTO `himall_floortopics` VALUES ('5682', '91', '11', '', '家装软饰', 'http://demo.himall.kuaidiantong.cn/Product/Detail/735');
INSERT INTO `himall_floortopics` VALUES ('5683', '91', '11', '', '灯具', 'http://demo.himall.kuaidiantong.cn/Product/Detail/735');
INSERT INTO `himall_floortopics` VALUES ('5684', '91', '11', '', '家具', 'http://demo.himall.kuaidiantong.cn/Product/Detail/732');
INSERT INTO `himall_floortopics` VALUES ('5685', '91', '11', '', '家装主材', 'http://demo.himall.kuaidiantong.cn/Product/Detail/731');
INSERT INTO `himall_floortopics` VALUES ('5686', '91', '21', '/Storage/Plat/PageSettings/HomeFloor/0/floor_ROne_20170214120152013627.jpg', '', 'http://demo.himall.kuaidiantong.cn/Product/Detail/734');
INSERT INTO `himall_floortopics` VALUES ('5687', '91', '22', '/Storage/Plat/PageSettings/HomeFloor/0/floor_RTwo_20170214120152016546.jpg', '', 'http://demo.himall.kuaidiantong.cn/Product/Detail/734');
INSERT INTO `himall_floortopics` VALUES ('5688', '91', '23', '/Storage/Plat/PageSettings/HomeFloor/0/floor_RThree_20170214120152017542.jpg', '', 'http://demo.himall.kuaidiantong.cn/Product/Detail/732');
INSERT INTO `himall_floortopics` VALUES ('5689', '91', '24', '/Storage/Plat/PageSettings/HomeFloor/0/floor_RFour_20170214120152019443.jpg', '', 'http://demo.himall.kuaidiantong.cn/Product/Detail/735');
INSERT INTO `himall_floortopics` VALUES ('5690', '91', '25', '/Storage/Plat/PageSettings/HomeFloor/0/floor_RFive_20170214120152021407.jpg', '', 'http://demo.himall.kuaidiantong.cn/Product/Detail/735');
INSERT INTO `himall_floortopics` VALUES ('5691', '91', '26', '/Storage/Plat/PageSettings/HomeFloor/0/floor_RSix_20170214120152022473.jpg', '', 'http://demo.himall.kuaidiantong.cn/Product/Detail/732');
INSERT INTO `himall_floortopics` VALUES ('5692', '91', '27', '/Storage/Plat/PageSettings/HomeFloor/0/floor_RSeven_20170214120152024313.jpg', '', 'http://demo.himall.kuaidiantong.cn/Product/Detail/731');
INSERT INTO `himall_floortopics` VALUES ('5693', '91', '28', '/Storage/Plat/PageSettings/HomeFloor/0/floor_REight_20170214120152025324.jpg', '', 'http://demo.himall.kuaidiantong.cn/Product/Detail/732');
INSERT INTO `himall_floortopics` VALUES ('5694', '91', '29', '/Storage/Plat/PageSettings/HomeFloor/0/floor_ScrollOne_20170214120152026295.jpg', '', 'http://demo.himall.kuaidiantong.cn/Product/Detail/732');
INSERT INTO `himall_floortopics` VALUES ('5695', '91', '30', '/Storage/Plat/PageSettings/HomeFloor/0/floor_ScrollTwo_20170214120152027260.jpg', '', 'http://demo.himall.kuaidiantong.cn/Product/Detail/734');
INSERT INTO `himall_floortopics` VALUES ('5696', '92', '11', '', '海鲜水产', 'http://demo.himall.kuaidiantong.cn/Product/Detail/742');
INSERT INTO `himall_floortopics` VALUES ('5697', '92', '11', '', '进口食品', 'http://demo.himall.kuaidiantong.cn/Product/Detail/740');
INSERT INTO `himall_floortopics` VALUES ('5698', '92', '11', '', '休闲食品', 'http://demo.himall.kuaidiantong.cn/Product/Detail/702');
INSERT INTO `himall_floortopics` VALUES ('5699', '92', '11', '', '地方特产', 'http://demo.himall.kuaidiantong.cn/Product/Detail/701');
INSERT INTO `himall_floortopics` VALUES ('5700', '92', '21', '/Storage/Plat/PageSettings/HomeFloor/0/floor_ROne_20170214134713339823.jpg', '', 'http://demo.himall.kuaidiantong.cn/Product/Detail/742');
INSERT INTO `himall_floortopics` VALUES ('5701', '92', '22', '/Storage/Plat/PageSettings/HomeFloor/0/floor_RTwo_20170214134713342734.jpg', '', 'http://demo.himall.kuaidiantong.cn/Product/Detail/740');
INSERT INTO `himall_floortopics` VALUES ('5702', '92', '23', '/Storage/Plat/PageSettings/HomeFloor/0/floor_RThree_20170214134713344617.jpg', '', 'http://demo.himall.kuaidiantong.cn/Product/Detail/702');
INSERT INTO `himall_floortopics` VALUES ('5703', '92', '24', '/Storage/Plat/PageSettings/HomeFloor/0/floor_RFour_20170214134713346636.jpg', '', 'http://demo.himall.kuaidiantong.cn/Product/Detail/701');
INSERT INTO `himall_floortopics` VALUES ('5704', '92', '25', '/Storage/Plat/PageSettings/HomeFloor/0/floor_RFive_20170214134713347564.jpg', '', 'http://demo.himall.kuaidiantong.cn/Product/Detail/742');
INSERT INTO `himall_floortopics` VALUES ('5705', '92', '26', '/Storage/Plat/PageSettings/HomeFloor/0/floor_RSix_20170214134713348523.jpg', '', 'http://demo.himall.kuaidiantong.cn/Product/Detail/740');
INSERT INTO `himall_floortopics` VALUES ('5706', '92', '27', '/Storage/Plat/PageSettings/HomeFloor/0/floor_RSeven_20170214134713349573.jpg', '', 'http://demo.himall.kuaidiantong.cn/Product/Detail/702');
INSERT INTO `himall_floortopics` VALUES ('5707', '92', '28', '/Storage/Plat/PageSettings/HomeFloor/0/floor_REight_20170214134713350526.jpg', '', 'http://demo.himall.kuaidiantong.cn/Product/Detail/701');
INSERT INTO `himall_floortopics` VALUES ('5708', '92', '29', '/Storage/Plat/PageSettings/HomeFloor/0/floor_ScrollOne_20170214134713351452.jpg', '', 'http://demo.himall.kuaidiantong.cn/Product/Detail/742');
INSERT INTO `himall_floortopics` VALUES ('5709', '92', '30', '/Storage/Plat/PageSettings/HomeFloor/0/floor_ScrollTwo_20170214134713353407.jpg', '', 'http://demo.himall.kuaidiantong.cn/Product/Detail/740');
INSERT INTO `himall_floortopics` VALUES ('5710', '93', '11', '', '时令水果', 'http://demo.himall.kuaidiantong.cn/Product/Detail/740');
INSERT INTO `himall_floortopics` VALUES ('5711', '93', '11', '', '休闲零食', 'http://demo.himall.kuaidiantong.cn/Product/Detail/701');
INSERT INTO `himall_floortopics` VALUES ('5712', '93', '11', '', '坚果炒货', 'http://demo.himall.kuaidiantong.cn/Product/Detail/701');
INSERT INTO `himall_floortopics` VALUES ('5713', '93', '11', '', '牛奶乳品', 'http://demo.himall.kuaidiantong.cn/Gift/Detail/74');
INSERT INTO `himall_floortopics` VALUES ('5714', '93', '11', '', '有机食品', 'http://demo.himall.kuaidiantong.cn/Gift/Detail/75');
INSERT INTO `himall_floortopics` VALUES ('5715', '93', '21', '/Storage/Plat/PageSettings/HomeFloor/0/floor_ROne_20170214135334818319.jpg', '', 'http://demo.himall.kuaidiantong.cn/Product/Detail/740');
INSERT INTO `himall_floortopics` VALUES ('5716', '93', '22', '/Storage/Plat/PageSettings/HomeFloor/0/floor_RTwo_20170214135334822241.jpg', '', 'http://demo.himall.kuaidiantong.cn/Product/Detail/701');
INSERT INTO `himall_floortopics` VALUES ('5717', '93', '23', '/Storage/Plat/PageSettings/HomeFloor/0/floor_RThree_20170214135334822241.jpg', '', 'http://demo.himall.kuaidiantong.cn/Product/Detail/701');
INSERT INTO `himall_floortopics` VALUES ('5718', '93', '24', '/Storage/Plat/PageSettings/HomeFloor/0/floor_RFour_20170214135334822241.jpg', '', 'http://demo.himall.kuaidiantong.cn/Gift/Detail/74');
INSERT INTO `himall_floortopics` VALUES ('5719', '93', '25', '/Storage/Plat/PageSettings/HomeFloor/0/floor_RFive_20170214135334825789.jpg', '', 'http://demo.himall.kuaidiantong.cn/Gift/Detail/75');
INSERT INTO `himall_floortopics` VALUES ('5720', '93', '26', '/Storage/Plat/PageSettings/HomeFloor/0/floor_RSix_20170214135334826876.jpg', '', 'http://demo.himall.kuaidiantong.cn/Product/Detail/740');
INSERT INTO `himall_floortopics` VALUES ('5721', '93', '27', '/Storage/Plat/PageSettings/HomeFloor/0/floor_RSeven_20170214135334827989.jpg', '', 'http://demo.himall.kuaidiantong.cn/Product/Detail/701');
INSERT INTO `himall_floortopics` VALUES ('5722', '93', '28', '/Storage/Plat/PageSettings/HomeFloor/0/floor_REight_20170214135334829071.jpg', '', 'http://demo.himall.kuaidiantong.cn/Product/Detail/701');
INSERT INTO `himall_floortopics` VALUES ('5723', '93', '29', '/Storage/Plat/PageSettings/HomeFloor/0/floor_ScrollOne_20170214135334830032.jpg', '', 'http://demo.himall.kuaidiantong.cn/Gift/Detail/74');
INSERT INTO `himall_floortopics` VALUES ('5724', '93', '30', '/Storage/Plat/PageSettings/HomeFloor/0/floor_ScrollTwo_20170214135334831029.jpg', '', 'http://demo.himall.kuaidiantong.cn/Gift/Detail/75');

-- ----------------------------
-- Table structure for `himall_freightareacontent`
-- ----------------------------
DROP TABLE IF EXISTS `himall_freightareacontent`;
CREATE TABLE `himall_freightareacontent` (
  `Id` bigint(20) NOT NULL AUTO_INCREMENT,
  `FreightTemplateId` bigint(20) NOT NULL COMMENT '运费模板ID',
  `AreaContent` varchar(4000) DEFAULT NULL COMMENT '地区选择',
  `FirstUnit` int(11) DEFAULT NULL COMMENT '首笔单元计量',
  `FirstUnitMonry` float DEFAULT NULL COMMENT '首笔单元费用',
  `AccumulationUnit` int(11) DEFAULT NULL COMMENT '递增单元计量',
  `AccumulationUnitMoney` float DEFAULT NULL COMMENT '递增单元费用',
  `IsDefault` tinyint(4) DEFAULT NULL COMMENT '是否为默认',
  PRIMARY KEY (`Id`),
  KEY `FK_Freighttemalate_FreightAreaContent` (`FreightTemplateId`) USING BTREE,
  CONSTRAINT `himall_freightareacontent_ibfk_1` FOREIGN KEY (`FreightTemplateId`) REFERENCES `himall_freighttemplate` (`Id`) ON DELETE CASCADE
) ENGINE=InnoDB AUTO_INCREMENT=456 DEFAULT CHARSET=utf8 ROW_FORMAT=COMPACT;

-- ----------------------------
-- Records of himall_freightareacontent
-- ----------------------------
INSERT INTO `himall_freightareacontent` VALUES ('351', '166', null, '1', '0', '1', '0', '1');
INSERT INTO `himall_freightareacontent` VALUES ('353', '168', null, '1', '8', '1', '0', '1');
INSERT INTO `himall_freightareacontent` VALUES ('354', '169', null, '1', '20', '1', '0', '1');
INSERT INTO `himall_freightareacontent` VALUES ('355', '167', null, '1', '10', '1', '0', '1');
INSERT INTO `himall_freightareacontent` VALUES ('356', '167', null, '1', '15', '1', '2', '0');
INSERT INTO `himall_freightareacontent` VALUES ('450', '217', null, '1', '5', '1', '5', '1');
INSERT INTO `himall_freightareacontent` VALUES ('451', '218', null, '1', '8', '1', '8', '1');
INSERT INTO `himall_freightareacontent` VALUES ('452', '219', null, '1', '8', '1', '8', '1');
INSERT INTO `himall_freightareacontent` VALUES ('453', '216', null, '1', '0', '1', '0', '1');
INSERT INTO `himall_freightareacontent` VALUES ('455', '221', null, '1', '0', '1', '0', '1');

-- ----------------------------
-- Table structure for `himall_freightareadetail`
-- ----------------------------
DROP TABLE IF EXISTS `himall_freightareadetail`;
CREATE TABLE `himall_freightareadetail` (
  `Id` bigint(20) NOT NULL AUTO_INCREMENT,
  `FreightTemplateId` bigint(20) NOT NULL COMMENT '运费模板ID',
  `FreightAreaId` bigint(20) NOT NULL COMMENT '模板地区Id',
  `ProvinceId` int(20) NOT NULL COMMENT '省份ID',
  `CityId` int(20) DEFAULT NULL COMMENT '城市ID',
  `CountyId` int(20) DEFAULT NULL COMMENT '区ID',
  `TownIds` varchar(2000) DEFAULT '' COMMENT '乡镇的ID用逗号隔开',
  PRIMARY KEY (`Id`)
) ENGINE=InnoDB AUTO_INCREMENT=518 DEFAULT CHARSET=utf8;

-- ----------------------------
-- Records of himall_freightareadetail
-- ----------------------------
INSERT INTO `himall_freightareadetail` VALUES ('393', '167', '356', '1812', '1813', '1819', '27148,27154');

-- ----------------------------
-- Table structure for `himall_freighttemplate`
-- ----------------------------
DROP TABLE IF EXISTS `himall_freighttemplate`;
CREATE TABLE `himall_freighttemplate` (
  `Id` bigint(20) NOT NULL AUTO_INCREMENT,
  `Name` varchar(100) DEFAULT NULL COMMENT '运费模板名称',
  `SourceAddress` int(11) DEFAULT NULL COMMENT '宝贝发货地',
  `SendTime` varchar(100) DEFAULT NULL COMMENT '发送时间',
  `IsFree` int(11) NOT NULL COMMENT '是否商家负责运费',
  `ValuationMethod` int(11) NOT NULL COMMENT '定价方法(按体积、重量计算）',
  `ShippingMethod` int(11) DEFAULT NULL COMMENT '运送类型（物流、快递）',
  `ShopID` bigint(20) NOT NULL COMMENT '店铺ID',
  PRIMARY KEY (`Id`)
) ENGINE=InnoDB AUTO_INCREMENT=222 DEFAULT CHARSET=utf8 ROW_FORMAT=COMPACT;

-- ----------------------------
-- Records of himall_freighttemplate
-- ----------------------------
INSERT INTO `himall_freighttemplate` VALUES ('166', '免运费', '3685', null, '1', '0', null, '1');
INSERT INTO `himall_freighttemplate` VALUES ('167', '10元运费', '3984', '24', '0', '0', null, '1');
INSERT INTO `himall_freighttemplate` VALUES ('168', '8元运费', '14136', '12', '0', '0', null, '1');
INSERT INTO `himall_freighttemplate` VALUES ('169', '20元运费', '9509', '48', '0', '0', null, '1');
INSERT INTO `himall_freighttemplate` VALUES ('216', '测试', '27138', '4', '0', '0', null, '309');
INSERT INTO `himall_freighttemplate` VALUES ('217', '爆椒牛肉面', '27138', '12', '0', '0', null, '306');
INSERT INTO `himall_freighttemplate` VALUES ('218', '免运费20元包邮', '27140', null, '0', '0', null, '308');
INSERT INTO `himall_freighttemplate` VALUES ('219', '免运费20包邮', '27135', null, '0', '1', null, '309');
INSERT INTO `himall_freighttemplate` VALUES ('220', 'test', '27140', '4', '1', '0', null, '350');
INSERT INTO `himall_freighttemplate` VALUES ('221', '包邮', '2', null, '0', '0', null, '349');

-- ----------------------------
-- Table structure for `himall_fulldiscountrules`
-- ----------------------------
DROP TABLE IF EXISTS `himall_fulldiscountrules`;
CREATE TABLE `himall_fulldiscountrules` (
  `Id` bigint(20) NOT NULL AUTO_INCREMENT COMMENT '编号',
  `ActiveId` bigint(20) NOT NULL COMMENT '活动编号',
  `Quota` decimal(18,2) NOT NULL COMMENT '条件',
  `Discount` decimal(18,2) NOT NULL COMMENT '优惠',
  PRIMARY KEY (`Id`),
  KEY `IDX_Himall_Fules_ActiveId` (`ActiveId`)
) ENGINE=InnoDB AUTO_INCREMENT=606 DEFAULT CHARSET=utf8 COMMENT='满减规则';

-- ----------------------------
-- Records of himall_fulldiscountrules
-- ----------------------------

-- ----------------------------
-- Table structure for `himall_giftorderitem`
-- ----------------------------
DROP TABLE IF EXISTS `himall_giftorderitem`;
CREATE TABLE `himall_giftorderitem` (
  `Id` bigint(20) NOT NULL AUTO_INCREMENT COMMENT '编号',
  `OrderId` bigint(20) DEFAULT NULL COMMENT '订单编号',
  `GiftId` bigint(20) NOT NULL COMMENT '礼品编号',
  `Quantity` int(11) NOT NULL COMMENT '数量',
  `SaleIntegral` int(11) DEFAULT NULL COMMENT '积分单价',
  `GiftName` varchar(100) DEFAULT NULL COMMENT '礼品名称',
  `GiftValue` decimal(8,3) DEFAULT NULL COMMENT '礼品价值',
  `ImagePath` varchar(100) DEFAULT NULL COMMENT '图片存放地址',
  PRIMARY KEY (`Id`),
  KEY `FK_Himall_Gitem_OrderId` (`OrderId`) USING BTREE,
  CONSTRAINT `FK_Himall_Gitem_OrderId` FOREIGN KEY (`OrderId`) REFERENCES `himall_giftsorder` (`Id`) ON DELETE CASCADE
) ENGINE=InnoDB AUTO_INCREMENT=21 DEFAULT CHARSET=utf8 ROW_FORMAT=COMPACT;

-- ----------------------------
-- Records of himall_giftorderitem
-- ----------------------------

-- ----------------------------
-- Table structure for `himall_gifts`
-- ----------------------------
DROP TABLE IF EXISTS `himall_gifts`;
CREATE TABLE `himall_gifts` (
  `Id` bigint(20) NOT NULL AUTO_INCREMENT COMMENT '编号',
  `GiftName` varchar(100) NOT NULL COMMENT '名称',
  `NeedIntegral` int(11) NOT NULL COMMENT '需要积分',
  `LimtQuantity` int(11) NOT NULL COMMENT '限制兑换数量 0表示不限兑换数量',
  `StockQuantity` int(11) NOT NULL COMMENT '库存数量',
  `EndDate` datetime NOT NULL COMMENT '兑换结束时间',
  `NeedGrade` int(11) NOT NULL DEFAULT '0' COMMENT '等级要求 0表示不限定',
  `VirtualSales` int(11) NOT NULL DEFAULT '0' COMMENT '虚拟销量',
  `RealSales` int(11) NOT NULL DEFAULT '0' COMMENT '实际销量',
  `SalesStatus` int(11) NOT NULL COMMENT '状态',
  `ImagePath` varchar(100) DEFAULT NULL COMMENT '图片存放地址',
  `Sequence` int(11) NOT NULL DEFAULT '100' COMMENT '顺序 默认100 数字越小越靠前',
  `GiftValue` decimal(8,2) DEFAULT NULL COMMENT '礼品价值',
  `Description` longtext COMMENT '描述',
  `AddDate` datetime DEFAULT NULL COMMENT '添加时间',
  PRIMARY KEY (`Id`)
) ENGINE=InnoDB AUTO_INCREMENT=78 DEFAULT CHARSET=utf8 ROW_FORMAT=COMPACT;

-- ----------------------------
-- Records of himall_gifts
-- ----------------------------
INSERT INTO `himall_gifts` VALUES ('68', '巧克力', '520', '1', '520', '2017-03-14 10:39:44', '0', '0', '0', '1', '/Storage/Gift/68', '100', '52.00', '<p><span style=\"color: rgb(51, 51, 51); font-family: arial, sans-serif; font-size: 14px; line-height: 24px; text-indent: 28px; background-color: rgb(255, 255, 255);\">巧克力是一个外来词Chocolate的译音(粤港澳粤语地区译为“朱古力”）。主原料是可可豆（像椰子般的果实，在树干上会开花结果），它的起源甚早，始于墨西哥极盛一时的阿斯帝卡王朝最后一任皇帝孟特儒 ，当时是崇拜巧克力的社会，喜欢以辣椒、番椒、香草豆和香料添加在饮料中，打起泡沫，并以黄金杯子每天喝50CC，是属于宫廷成员的饮料，它的学名Theobroma有“众神的饮料”之意，被视为贵重的强心、利尿的药剂，它对胃液中的蛋白质分解酵素具有活化性的作用，可帮助消化。</span></p>', '2017-02-14 10:44:15');
INSERT INTO `himall_gifts` VALUES ('69', '安踏女鞋跑步鞋减震气垫鞋', '3000', '1', '100', '2017-06-30 22:55:29', '7', '0', '0', '1', '/Storage/Gift/69', '100', '449.00', '<p><img src=\"/Storage/Gift/69/Details/c9915ac7a8cb42269a3e25cdbe2f98bb.jpg\" title=\"386929711956251254970900_x.jpg\" alt=\"386929711956251254970900_x.jpg\"/><img src=\"/Storage/Gift/69/Details/10104b8542d04420b18a2432cffa1753.jpg\" title=\"164976342221393120792927_x.jpg\" alt=\"164976342221393120792927_x.jpg\"/></p>', '2017-02-16 11:27:40');
INSERT INTO `himall_gifts` VALUES ('70', '珀莱雅水漾肌密细肤水 深层补水保湿爽肤水二次清洁收缩毛孔', '2500', '1', '100', '2017-08-11 10:50:44', '7', '0', '0', '1', '/Storage/Gift/70', '100', '136.00', '<p><img src=\"/Storage/Gift/70/Details/18a8a48c548b4b4d857629778a87ae70.jpg\" title=\"133241810015006204522358_x.jpg\" alt=\"133241810015006204522358_x.jpg\"/><img src=\"/Storage/Gift/70/Details/04f07f15f245499b812f1789019006d0.jpg\" title=\"890340736812360889207700_x.jpg\" alt=\"890340736812360889207700_x.jpg\"/></p>', '2017-02-16 11:31:05');
INSERT INTO `himall_gifts` VALUES ('71', '捷昇 电镀哑铃 10KG 15KG 20KG 30KG 40KG （2只) 健身电镀哑铃 家用健身器材 可拆装组合 10KG一对/5公斤X2只/赠30CM接杆', '1000', '1', '100', '2017-08-12 11:30:08', '6', '0', '0', '1', '/Storage/Gift/71', '100', '468.00', '<p><img src=\"/Storage/Gift/71/Details/003e888e9a194399a1b2774d6971a109.jpg\" title=\"154086736697115606835300_x.jpg\" alt=\"154086736697115606835300_x.jpg\"/></p>', '2017-02-16 11:34:28');
INSERT INTO `himall_gifts` VALUES ('72', '变白变美变年轻', '500', '1', '100', '2017-08-12 11:35:11', '6', '0', '0', '1', '/Storage/Gift/72', '100', '36.00', '<p>暂无</p>', '2017-02-16 11:36:13');
INSERT INTO `himall_gifts` VALUES ('73', '蒙牛真果粒牛奶(芦荟果粒)250ml*12盒', '1200', '1', '100', '2017-08-12 11:35:17', '6', '0', '0', '1', '/Storage/Gift/73', '100', '42.00', '<p><img src=\"/Storage/Gift/73/Details/141c9df0b9e444b5b4e03279e70ffaa6.jpg\" title=\"104626455028760745576600_x.jpg\" alt=\"104626455028760745576600_x.jpg\"/><img src=\"/Storage/Gift/73/Details/516b0c9e58d2479683bb81d6aa06a246.jpg\" title=\"186009738717751867866643_x.jpg\" alt=\"186009738717751867866643_x.jpg\"/></p>', '2017-02-16 11:38:23');
INSERT INTO `himall_gifts` VALUES ('74', '蒙牛真果粒牛奶(芦荟果粒)250ml*12盒', '1200', '1', '100', '2017-08-12 11:35:17', '6', '0', '0', '1', '/Storage/Gift/74', '100', '42.00', '<p><img src=\"/Storage/Gift/74/Details/96481a531d354a0d8a097de0478f8e1d.jpg\" title=\"104626455028760745576600_x.jpg\" alt=\"104626455028760745576600_x.jpg\"/><img src=\"/Storage/Gift/74/Details/e14d9533de374f8f8347e9976cddd65b.jpg\" title=\"186009738717751867866643_x.jpg\" alt=\"186009738717751867866643_x.jpg\"/></p>', '2017-02-16 11:38:30');
INSERT INTO `himall_gifts` VALUES ('75', '【卿卿雨】500克×3袋新疆四星和田枣超五星 红枣 新疆枣', '900', '1', '100', '2017-11-04 11:35:37', '6', '0', '0', '1', '/Storage/Gift/75', '100', '132.00', '<p><img src=\"/Storage/Gift/75/Details/8be13388a25f4dc9a4d677e9348bed4e.jpg\" title=\"201404300347464392_x (1).jpg\" alt=\"201404300347464392_x (1).jpg\"/><img src=\"/Storage/Gift/75/Details/a8a9c9ce40bf49f692c7eb4b61fd372c.jpg\" title=\"201404300347572008_x.jpg\" alt=\"201404300347572008_x.jpg\"/></p>', '2017-02-16 11:40:49');
INSERT INTO `himall_gifts` VALUES ('76', '澳洲Healthy Care金装蜂胶软胶囊 200粒/瓶 提高免疫美白养颜 海外原装进口', '2200', '1', '100', '2017-10-07 11:10:13', '6', '100', '0', '1', '/Storage/Gift/76', '100', '399.00', '<p><img src=\"/Storage/Gift/76/Details/6131887fe26d4e17b4267759a2a5c89a.jpg\" title=\"212553520786951466781620_x.jpg\" alt=\"212553520786951466781620_x.jpg\"/><img src=\"/Storage/Gift/76/Details/cbe575eaebd34e29980e76012b513564.jpg\" title=\"385721060193940684290250_x.jpg\" alt=\"385721060193940684290250_x.jpg\"/></p>', '2017-02-16 11:42:58');
INSERT INTO `himall_gifts` VALUES ('77', '【松桂坊_五花腊肉500*2袋】 湖南湘西农家传统工艺 土猪特产腊肠腊肉烟熏腊肉', '3000', '1', '100', '2017-09-09 11:55:06', '7', '0', '0', '1', '/Storage/Gift/77', '100', '88.00', '<p><img src=\"/Storage/Gift/77/Details/c8b2af53b85349b5af4056ab85b73629.jpg\" title=\"403519394375682081332700_x.jpg\" alt=\"403519394375682081332700_x.jpg\"/><img src=\"/Storage/Gift/77/Details/2d9cef803baa43ad801463f28abb74d4.jpg\" title=\"132029199783667016411770_x.jpg\" alt=\"132029199783667016411770_x.jpg\"/></p>', '2017-02-16 11:45:13');

-- ----------------------------
-- Table structure for `himall_giftsorder`
-- ----------------------------
DROP TABLE IF EXISTS `himall_giftsorder`;
CREATE TABLE `himall_giftsorder` (
  `Id` bigint(20) NOT NULL COMMENT '编号',
  `OrderStatus` int(11) NOT NULL COMMENT '订单状态',
  `UserId` bigint(20) NOT NULL COMMENT '用户编号',
  `UserRemark` varchar(200) DEFAULT NULL COMMENT '会员留言',
  `ShipTo` varchar(100) DEFAULT NULL COMMENT '收货人',
  `CellPhone` varchar(100) DEFAULT NULL COMMENT '收货人电话',
  `TopRegionId` int(11) DEFAULT NULL COMMENT '一级地区',
  `RegionId` int(11) DEFAULT NULL COMMENT '地区编号',
  `RegionFullName` varchar(100) DEFAULT NULL COMMENT '地区全称',
  `Address` varchar(100) DEFAULT NULL COMMENT '地址',
  `ExpressCompanyName` varchar(4000) DEFAULT NULL COMMENT '快递公司',
  `ShipOrderNumber` varchar(4000) DEFAULT NULL COMMENT '快递单号',
  `ShippingDate` datetime DEFAULT NULL COMMENT '发货时间',
  `OrderDate` datetime NOT NULL COMMENT '下单时间',
  `FinishDate` datetime DEFAULT NULL COMMENT '完成时间',
  `TotalIntegral` int(11) DEFAULT NULL COMMENT '积分总价',
  `CloseReason` varchar(200) DEFAULT NULL COMMENT '关闭原因',
  PRIMARY KEY (`Id`)
) ENGINE=InnoDB DEFAULT CHARSET=utf8 ROW_FORMAT=COMPACT;

-- ----------------------------
-- Records of himall_giftsorder
-- ----------------------------

-- ----------------------------
-- Table structure for `himall_handslideads`
-- ----------------------------
DROP TABLE IF EXISTS `himall_handslideads`;
CREATE TABLE `himall_handslideads` (
  `Id` bigint(20) NOT NULL AUTO_INCREMENT,
  `ImageUrl` varchar(100) NOT NULL COMMENT '图片URL',
  `Url` varchar(1000) NOT NULL COMMENT '图片跳转URL',
  `DisplaySequence` bigint(20) NOT NULL COMMENT '排序',
  PRIMARY KEY (`Id`)
) ENGINE=InnoDB AUTO_INCREMENT=2 DEFAULT CHARSET=utf8 ROW_FORMAT=COMPACT;

-- ----------------------------
-- Records of himall_handslideads
-- ----------------------------

-- ----------------------------
-- Table structure for `himall_homecategories`
-- ----------------------------
DROP TABLE IF EXISTS `himall_homecategories`;
CREATE TABLE `himall_homecategories` (
  `Id` bigint(20) NOT NULL AUTO_INCREMENT,
  `RowId` int(11) NOT NULL COMMENT '分类所属行数',
  `CategoryId` bigint(20) NOT NULL COMMENT '分类ID',
  `Depth` int(11) NOT NULL COMMENT '分类深度(最深3）',
  PRIMARY KEY (`Id`),
  KEY `FK_Category_HomeCategory` (`CategoryId`) USING BTREE,
  CONSTRAINT `himall_homecategories_ibfk_1` FOREIGN KEY (`CategoryId`) REFERENCES `himall_categories` (`Id`) ON DELETE CASCADE
) ENGINE=InnoDB AUTO_INCREMENT=2591 DEFAULT CHARSET=utf8 ROW_FORMAT=COMPACT;

-- ----------------------------
-- Records of himall_homecategories
-- ----------------------------
INSERT INTO `himall_homecategories` VALUES ('2493', '1', '1', '1');
INSERT INTO `himall_homecategories` VALUES ('2494', '1', '3', '3');
INSERT INTO `himall_homecategories` VALUES ('2495', '1', '6', '3');
INSERT INTO `himall_homecategories` VALUES ('2496', '1', '7', '3');
INSERT INTO `himall_homecategories` VALUES ('2497', '1', '5', '3');
INSERT INTO `himall_homecategories` VALUES ('2498', '2', '8', '1');
INSERT INTO `himall_homecategories` VALUES ('2499', '2', '10', '3');
INSERT INTO `himall_homecategories` VALUES ('2500', '2', '11', '3');
INSERT INTO `himall_homecategories` VALUES ('2501', '2', '12', '3');
INSERT INTO `himall_homecategories` VALUES ('2502', '2', '13', '3');
INSERT INTO `himall_homecategories` VALUES ('2503', '3', '14', '1');
INSERT INTO `himall_homecategories` VALUES ('2504', '3', '16', '3');
INSERT INTO `himall_homecategories` VALUES ('2505', '4', '17', '1');
INSERT INTO `himall_homecategories` VALUES ('2506', '4', '19', '3');
INSERT INTO `himall_homecategories` VALUES ('2507', '5', '20', '1');
INSERT INTO `himall_homecategories` VALUES ('2508', '5', '22', '3');
INSERT INTO `himall_homecategories` VALUES ('2509', '5', '23', '3');
INSERT INTO `himall_homecategories` VALUES ('2510', '6', '25', '1');
INSERT INTO `himall_homecategories` VALUES ('2511', '6', '28', '3');
INSERT INTO `himall_homecategories` VALUES ('2512', '6', '29', '3');
INSERT INTO `himall_homecategories` VALUES ('2513', '6', '30', '3');
INSERT INTO `himall_homecategories` VALUES ('2514', '6', '32', '3');
INSERT INTO `himall_homecategories` VALUES ('2515', '6', '33', '3');
INSERT INTO `himall_homecategories` VALUES ('2516', '6', '34', '3');
INSERT INTO `himall_homecategories` VALUES ('2517', '6', '36', '3');
INSERT INTO `himall_homecategories` VALUES ('2518', '6', '37', '3');
INSERT INTO `himall_homecategories` VALUES ('2519', '6', '38', '3');
INSERT INTO `himall_homecategories` VALUES ('2524', '11', '43', '1');
INSERT INTO `himall_homecategories` VALUES ('2526', '7', '39', '1');
INSERT INTO `himall_homecategories` VALUES ('2527', '7', '72', '3');
INSERT INTO `himall_homecategories` VALUES ('2528', '7', '73', '3');
INSERT INTO `himall_homecategories` VALUES ('2529', '7', '74', '3');
INSERT INTO `himall_homecategories` VALUES ('2530', '7', '80', '3');
INSERT INTO `himall_homecategories` VALUES ('2531', '7', '75', '3');
INSERT INTO `himall_homecategories` VALUES ('2532', '7', '76', '3');
INSERT INTO `himall_homecategories` VALUES ('2533', '7', '77', '3');
INSERT INTO `himall_homecategories` VALUES ('2534', '7', '78', '3');
INSERT INTO `himall_homecategories` VALUES ('2535', '7', '79', '3');
INSERT INTO `himall_homecategories` VALUES ('2536', '7', '81', '3');
INSERT INTO `himall_homecategories` VALUES ('2537', '7', '82', '3');
INSERT INTO `himall_homecategories` VALUES ('2538', '7', '83', '3');
INSERT INTO `himall_homecategories` VALUES ('2539', '7', '84', '3');
INSERT INTO `himall_homecategories` VALUES ('2540', '7', '85', '3');
INSERT INTO `himall_homecategories` VALUES ('2541', '7', '86', '3');
INSERT INTO `himall_homecategories` VALUES ('2542', '7', '87', '3');
INSERT INTO `himall_homecategories` VALUES ('2543', '7', '88', '3');
INSERT INTO `himall_homecategories` VALUES ('2544', '8', '40', '1');
INSERT INTO `himall_homecategories` VALUES ('2545', '8', '93', '3');
INSERT INTO `himall_homecategories` VALUES ('2546', '8', '94', '3');
INSERT INTO `himall_homecategories` VALUES ('2547', '8', '95', '3');
INSERT INTO `himall_homecategories` VALUES ('2548', '8', '96', '3');
INSERT INTO `himall_homecategories` VALUES ('2549', '8', '97', '3');
INSERT INTO `himall_homecategories` VALUES ('2550', '8', '98', '3');
INSERT INTO `himall_homecategories` VALUES ('2551', '8', '99', '3');
INSERT INTO `himall_homecategories` VALUES ('2552', '8', '100', '3');
INSERT INTO `himall_homecategories` VALUES ('2553', '8', '101', '3');
INSERT INTO `himall_homecategories` VALUES ('2554', '8', '102', '3');
INSERT INTO `himall_homecategories` VALUES ('2555', '8', '103', '3');
INSERT INTO `himall_homecategories` VALUES ('2556', '8', '104', '3');
INSERT INTO `himall_homecategories` VALUES ('2557', '8', '105', '3');
INSERT INTO `himall_homecategories` VALUES ('2558', '8', '106', '3');
INSERT INTO `himall_homecategories` VALUES ('2559', '8', '107', '3');
INSERT INTO `himall_homecategories` VALUES ('2560', '8', '108', '3');
INSERT INTO `himall_homecategories` VALUES ('2561', '8', '109', '3');
INSERT INTO `himall_homecategories` VALUES ('2562', '8', '110', '3');
INSERT INTO `himall_homecategories` VALUES ('2563', '8', '111', '3');
INSERT INTO `himall_homecategories` VALUES ('2564', '8', '112', '3');
INSERT INTO `himall_homecategories` VALUES ('2565', '8', '113', '3');
INSERT INTO `himall_homecategories` VALUES ('2566', '9', '41', '1');
INSERT INTO `himall_homecategories` VALUES ('2567', '9', '117', '3');
INSERT INTO `himall_homecategories` VALUES ('2568', '9', '118', '3');
INSERT INTO `himall_homecategories` VALUES ('2569', '9', '119', '3');
INSERT INTO `himall_homecategories` VALUES ('2570', '9', '120', '3');
INSERT INTO `himall_homecategories` VALUES ('2571', '9', '121', '3');
INSERT INTO `himall_homecategories` VALUES ('2572', '9', '122', '3');
INSERT INTO `himall_homecategories` VALUES ('2573', '9', '124', '3');
INSERT INTO `himall_homecategories` VALUES ('2574', '9', '125', '3');
INSERT INTO `himall_homecategories` VALUES ('2575', '10', '42', '1');
INSERT INTO `himall_homecategories` VALUES ('2576', '10', '128', '3');
INSERT INTO `himall_homecategories` VALUES ('2577', '10', '129', '3');
INSERT INTO `himall_homecategories` VALUES ('2578', '10', '130', '3');
INSERT INTO `himall_homecategories` VALUES ('2579', '10', '131', '3');
INSERT INTO `himall_homecategories` VALUES ('2580', '12', '45', '1');
INSERT INTO `himall_homecategories` VALUES ('2581', '12', '143', '3');
INSERT INTO `himall_homecategories` VALUES ('2582', '12', '144', '3');
INSERT INTO `himall_homecategories` VALUES ('2583', '12', '145', '3');
INSERT INTO `himall_homecategories` VALUES ('2584', '12', '146', '3');
INSERT INTO `himall_homecategories` VALUES ('2585', '12', '147', '3');
INSERT INTO `himall_homecategories` VALUES ('2586', '12', '148', '3');
INSERT INTO `himall_homecategories` VALUES ('2587', '12', '149', '3');
INSERT INTO `himall_homecategories` VALUES ('2588', '12', '150', '3');
INSERT INTO `himall_homecategories` VALUES ('2589', '13', '151', '1');
INSERT INTO `himall_homecategories` VALUES ('2590', '14', '152', '1');

-- ----------------------------
-- Table structure for `himall_homecategoryrows`
-- ----------------------------
DROP TABLE IF EXISTS `himall_homecategoryrows`;
CREATE TABLE `himall_homecategoryrows` (
  `Id` bigint(20) NOT NULL AUTO_INCREMENT,
  `RowId` int(11) NOT NULL COMMENT '行ID',
  `Image1` varchar(100) NOT NULL COMMENT '所属行推荐图片1',
  `Url1` varchar(100) NOT NULL COMMENT '所属行推荐图片1的URL',
  `Image2` varchar(100) NOT NULL COMMENT '所属行推荐图片2',
  `Url2` varchar(100) NOT NULL COMMENT '所属行推荐图片2的URL',
  PRIMARY KEY (`Id`)
) ENGINE=InnoDB DEFAULT CHARSET=utf8 ROW_FORMAT=COMPACT;

-- ----------------------------
-- Records of himall_homecategoryrows
-- ----------------------------

-- ----------------------------
-- Table structure for `himall_homefloors`
-- ----------------------------
DROP TABLE IF EXISTS `himall_homefloors`;
CREATE TABLE `himall_homefloors` (
  `Id` bigint(20) NOT NULL AUTO_INCREMENT,
  `FloorName` varchar(100) NOT NULL COMMENT '楼层名称',
  `SubName` varchar(100) DEFAULT NULL COMMENT '楼层小标题',
  `DisplaySequence` bigint(20) NOT NULL COMMENT '显示顺序',
  `IsShow` tinyint(1) NOT NULL COMMENT '是否显示的首页',
  `StyleLevel` int(10) unsigned NOT NULL COMMENT '楼层所属样式（目前支持2套）',
  `DefaultTabName` varchar(50) DEFAULT NULL COMMENT '楼层的默认tab标题',
  PRIMARY KEY (`Id`)
) ENGINE=InnoDB AUTO_INCREMENT=94 DEFAULT CHARSET=utf8 ROW_FORMAT=COMPACT;

-- ----------------------------
-- Records of himall_homefloors
-- ----------------------------
INSERT INTO `himall_homefloors` VALUES ('90', '运动出行', null, '1', '1', '4', '默认');
INSERT INTO `himall_homefloors` VALUES ('91', '品质生活', null, '2', '1', '4', '默认');
INSERT INTO `himall_homefloors` VALUES ('92', '进口食品', null, '3', '1', '4', '默认');
INSERT INTO `himall_homefloors` VALUES ('93', '水果生鲜', null, '4', '1', '4', '默认');

-- ----------------------------
-- Table structure for `himall_imageads`
-- ----------------------------
DROP TABLE IF EXISTS `himall_imageads`;
CREATE TABLE `himall_imageads` (
  `Id` bigint(20) NOT NULL AUTO_INCREMENT,
  `ShopId` bigint(20) NOT NULL,
  `ImageUrl` varchar(100) NOT NULL COMMENT '图片的存放URL',
  `Url` varchar(1000) NOT NULL COMMENT '图片的调整地址',
  `IsTransverseAD` tinyint(1) NOT NULL COMMENT '是否是横向长广告',
  `TypeId` int(11) NOT NULL DEFAULT '0' COMMENT '微信头像',
  PRIMARY KEY (`Id`)
) ENGINE=InnoDB AUTO_INCREMENT=3289 DEFAULT CHARSET=utf8 ROW_FORMAT=COMPACT;

-- ----------------------------
-- Records of himall_imageads
-- ----------------------------
INSERT INTO `himall_imageads` VALUES ('1', '0', '/Storage/Plat/ImageAd/201702141131498555120.jpg', 'http://demo.himall.kuaidiantong.cn/LimitTimeBuy/Detail/47', '0', '4');
INSERT INTO `himall_imageads` VALUES ('2', '0', '/Storage/Plat/ImageAd/201702141131578222630.jpg', 'http://demo.himall.kuaidiantong.cn/product/detail/738', '0', '4');
INSERT INTO `himall_imageads` VALUES ('3', '0', '/Storage/Plat/ImageAd/201702141132058466800.jpg', 'http://demo.himall.kuaidiantong.cn/product/detail/733', '0', '4');
INSERT INTO `himall_imageads` VALUES ('4', '0', '/Storage/Plat/ImageAd/201702141132131259530.jpg', 'http://demo.himall.kuaidiantong.cn/product/detail/733', '0', '4');
INSERT INTO `himall_imageads` VALUES ('5', '0', '/Storage/Plat/ImageAd/201702141135416269150.jpg', 'http://demo.himall.kuaidiantong.cn/product/detail/716', '0', '4');
INSERT INTO `himall_imageads` VALUES ('6', '0', '/Storage/Plat/ImageAd/201702141135554589820.jpg', 'http://demo.himall.kuaidiantong.cn/product/detail/702', '0', '4');
INSERT INTO `himall_imageads` VALUES ('7', '0', '/Storage/Plat/ImageAd/201702141136036142170.jpg', 'http://demo.himall.kuaidiantong.cn/product/detail/734', '0', '4');
INSERT INTO `himall_imageads` VALUES ('8', '0', '/Storage/Plat/ImageAd/201702141136116395720.jpg', 'http://demo.himall.kuaidiantong.cn/product/detail/734', '0', '4');
INSERT INTO `himall_imageads` VALUES ('9', '0', 'http://fpoimg.com/226x288', '/', '0', '0');
INSERT INTO `himall_imageads` VALUES ('10', '0', '/Storage/Plat/ImageAd/201702141121180302690.png', '/', '0', '2');
INSERT INTO `himall_imageads` VALUES ('11', '0', '/Storage/Plat/ImageAd/201702141127492812560.jpg', 'http://demo.himall.kuaidiantong.cn/LimitTimeBuy/Detail/45', '0', '3');
INSERT INTO `himall_imageads` VALUES ('12', '0', '/Storage/Plat/ImageAd/201702141127575624590.jpg', 'http://demo.himall.kuaidiantong.cn/LimitTimeBuy/Detail/43', '0', '3');
INSERT INTO `himall_imageads` VALUES ('13', '0', '/Storage/Plat/ImageAd/201702141128065019620.jpg', 'http://demo.himall.kuaidiantong.cn/LimitTimeBuy/Detail/44', '0', '3');
INSERT INTO `himall_imageads` VALUES ('14', '0', '/Storage/Plat/ImageAd/201702141456590341400.jpg', 'http://demo.himall.kuaidiantong.cn/LimitTimeBuy/Detail/43', '0', '1');
INSERT INTO `himall_imageads` VALUES ('15', '0', '/Storage/Plat/ImageAd/201702141457061523020.jpg', 'http://demo.himall.kuaidiantong.cn/product/detail/701', '0', '1');
INSERT INTO `himall_imageads` VALUES ('16', '0', '/Storage/Plat/ImageAd/201702141703459833250.jpg', 'http://demo.himall.kuaidiantong.cn/m-wap/topic/detail/54', '0', '6');
INSERT INTO `himall_imageads` VALUES ('17', '0', '/Storage/Plat/ImageAd/201702141700011816110.jpg', 'http://demo.himall.kuaidiantong.cn/m-wap/topic/detail/54', '0', '6');
INSERT INTO `himall_imageads` VALUES ('18', '0', '/Storage/Plat/ImageAd/201702141700147587450.jpg', 'http://demo.himall.kuaidiantong.cn/m-wap/topic/detail/54', '0', '6');
INSERT INTO `himall_imageads` VALUES ('19', '0', '/Storage/Plat/ImageAd/201702141700462909120.jpg', 'http://demo.himall.kuaidiantong.cn/m-wap/topic/detail/54', '0', '6');
INSERT INTO `himall_imageads` VALUES ('20', '0', '/Storage/Plat/ImageAd/201702141701212821850.jpg', 'http://demo.himall.kuaidiantong.cn/m-wap/topic/detail/54', '0', '6');
INSERT INTO `himall_imageads` VALUES ('21', '0', '/Storage/Plat/ImageAd/201702141354215889220.jpg', '/', '0', '5');
INSERT INTO `himall_imageads` VALUES ('22', '0', '/Storage/Plat/ImageAd/201702141354375654110.jpg', '/', '0', '5');
INSERT INTO `himall_imageads` VALUES ('1523', '0', '', '', '1', '0');
INSERT INTO `himall_imageads` VALUES ('1524', '0', '', '', '1', '0');
INSERT INTO `himall_imageads` VALUES ('1525', '1', '/Storage/Shop/1/ImageAd/201702161744090582100.jpg', 'http://demo.himall.kuaidiantong.cn/Shop/Home/1', '0', '0');
INSERT INTO `himall_imageads` VALUES ('1526', '1', '/Storage/Shop/1/ImageAd/201702161746347861870.jpg', '/', '0', '0');
INSERT INTO `himall_imageads` VALUES ('1527', '1', '/Storage/Shop/1/ImageAd/201702161746427231790.jpg', '/', '0', '0');
INSERT INTO `himall_imageads` VALUES ('1528', '1', '/Storage/Shop/1/ImageAd/201702161746501768040.jpg', '/', '0', '0');
INSERT INTO `himall_imageads` VALUES ('1529', '1', '/Storage/Shop/1/ImageAd/201702161746280092770.jpg', '/', '1', '0');
INSERT INTO `himall_imageads` VALUES ('1530', '0', '', '', '1', '0');
INSERT INTO `himall_imageads` VALUES ('1531', '0', '', '', '1', '0');
INSERT INTO `himall_imageads` VALUES ('1532', '0', '', '', '1', '0');
INSERT INTO `himall_imageads` VALUES ('1533', '0', '', '', '1', '0');
INSERT INTO `himall_imageads` VALUES ('1534', '0', '', '', '1', '0');
INSERT INTO `himall_imageads` VALUES ('1535', '0', '', '', '1', '0');
INSERT INTO `himall_imageads` VALUES ('1536', '0', '', '', '1', '0');
INSERT INTO `himall_imageads` VALUES ('1537', '0', '', '', '1', '0');
INSERT INTO `himall_imageads` VALUES ('1538', '0', '', '', '1', '0');
INSERT INTO `himall_imageads` VALUES ('1539', '0', '', '', '1', '0');
INSERT INTO `himall_imageads` VALUES ('1540', '0', '', '', '1', '0');
INSERT INTO `himall_imageads` VALUES ('1541', '0', '', '', '1', '0');
INSERT INTO `himall_imageads` VALUES ('1542', '0', '', '', '1', '0');
INSERT INTO `himall_imageads` VALUES ('1543', '0', '', '', '1', '0');
INSERT INTO `himall_imageads` VALUES ('1544', '0', '', '', '1', '0');
INSERT INTO `himall_imageads` VALUES ('1545', '0', '', '', '1', '0');
INSERT INTO `himall_imageads` VALUES ('1546', '0', '', '', '1', '0');
INSERT INTO `himall_imageads` VALUES ('1547', '0', '', '', '1', '0');
INSERT INTO `himall_imageads` VALUES ('1548', '0', '', '', '1', '0');
INSERT INTO `himall_imageads` VALUES ('1549', '0', '', '', '1', '0');
INSERT INTO `himall_imageads` VALUES ('1550', '0', '', '', '1', '0');
INSERT INTO `himall_imageads` VALUES ('1551', '0', '', '', '1', '0');
INSERT INTO `himall_imageads` VALUES ('1552', '0', '', '', '1', '0');
INSERT INTO `himall_imageads` VALUES ('1553', '0', '', '', '1', '0');
INSERT INTO `himall_imageads` VALUES ('1554', '0', '', '', '1', '0');
INSERT INTO `himall_imageads` VALUES ('1555', '0', '', '', '1', '0');
INSERT INTO `himall_imageads` VALUES ('1556', '0', '', '', '1', '0');
INSERT INTO `himall_imageads` VALUES ('1557', '0', '', '', '1', '0');
INSERT INTO `himall_imageads` VALUES ('1558', '0', '', '', '1', '0');
INSERT INTO `himall_imageads` VALUES ('1559', '0', '', '', '1', '0');
INSERT INTO `himall_imageads` VALUES ('1560', '0', '', '', '1', '0');
INSERT INTO `himall_imageads` VALUES ('1561', '0', '', '', '1', '0');
INSERT INTO `himall_imageads` VALUES ('1562', '0', '', '', '1', '0');
INSERT INTO `himall_imageads` VALUES ('1563', '0', '', '', '1', '0');
INSERT INTO `himall_imageads` VALUES ('1564', '0', '', '', '1', '0');
INSERT INTO `himall_imageads` VALUES ('1565', '0', '', '', '1', '0');
INSERT INTO `himall_imageads` VALUES ('1566', '0', '', '', '1', '0');
INSERT INTO `himall_imageads` VALUES ('1567', '0', '', '', '1', '0');
INSERT INTO `himall_imageads` VALUES ('1568', '0', '', '', '1', '0');
INSERT INTO `himall_imageads` VALUES ('1569', '0', '', '', '1', '0');
INSERT INTO `himall_imageads` VALUES ('1570', '0', '', '', '1', '0');
INSERT INTO `himall_imageads` VALUES ('1571', '0', '', '', '1', '0');
INSERT INTO `himall_imageads` VALUES ('1572', '0', '', '', '1', '0');
INSERT INTO `himall_imageads` VALUES ('1573', '0', '', '', '1', '0');
INSERT INTO `himall_imageads` VALUES ('1574', '0', '', '', '1', '0');
INSERT INTO `himall_imageads` VALUES ('1575', '0', '', '', '1', '0');
INSERT INTO `himall_imageads` VALUES ('1576', '0', '', '', '1', '0');
INSERT INTO `himall_imageads` VALUES ('1577', '0', '', '', '1', '0');
INSERT INTO `himall_imageads` VALUES ('1578', '0', '', '', '1', '0');
INSERT INTO `himall_imageads` VALUES ('1579', '0', '', '', '1', '0');
INSERT INTO `himall_imageads` VALUES ('1580', '0', '', '', '1', '0');
INSERT INTO `himall_imageads` VALUES ('1581', '0', '', '', '1', '0');
INSERT INTO `himall_imageads` VALUES ('1582', '0', '', '', '1', '0');
INSERT INTO `himall_imageads` VALUES ('1583', '0', '', '', '1', '0');
INSERT INTO `himall_imageads` VALUES ('1584', '0', '', '', '1', '0');
INSERT INTO `himall_imageads` VALUES ('1585', '0', '', '', '1', '0');
INSERT INTO `himall_imageads` VALUES ('1586', '0', '', '', '1', '0');
INSERT INTO `himall_imageads` VALUES ('1587', '0', '', '', '1', '0');
INSERT INTO `himall_imageads` VALUES ('1588', '0', '', '', '1', '0');
INSERT INTO `himall_imageads` VALUES ('1589', '0', '', '', '1', '0');
INSERT INTO `himall_imageads` VALUES ('1590', '0', '', '', '1', '0');
INSERT INTO `himall_imageads` VALUES ('1591', '0', '', '', '1', '0');
INSERT INTO `himall_imageads` VALUES ('1592', '0', '', '', '1', '0');
INSERT INTO `himall_imageads` VALUES ('1593', '0', '', '', '1', '0');
INSERT INTO `himall_imageads` VALUES ('1594', '0', '', '', '1', '0');
INSERT INTO `himall_imageads` VALUES ('1595', '0', '', '', '1', '0');
INSERT INTO `himall_imageads` VALUES ('1596', '0', '', '', '1', '0');
INSERT INTO `himall_imageads` VALUES ('1597', '0', '', '', '1', '0');
INSERT INTO `himall_imageads` VALUES ('1598', '0', '', '', '1', '0');
INSERT INTO `himall_imageads` VALUES ('1599', '0', '', '', '1', '0');
INSERT INTO `himall_imageads` VALUES ('1600', '0', '', '', '1', '0');
INSERT INTO `himall_imageads` VALUES ('1601', '0', '', '', '1', '0');
INSERT INTO `himall_imageads` VALUES ('1602', '0', '', '', '1', '0');
INSERT INTO `himall_imageads` VALUES ('1603', '0', '', '', '1', '0');
INSERT INTO `himall_imageads` VALUES ('1604', '0', '', '', '1', '0');
INSERT INTO `himall_imageads` VALUES ('1605', '0', '', '', '1', '0');
INSERT INTO `himall_imageads` VALUES ('1606', '0', '', '', '1', '0');
INSERT INTO `himall_imageads` VALUES ('1607', '0', '', '', '1', '0');
INSERT INTO `himall_imageads` VALUES ('1608', '0', '', '', '1', '0');
INSERT INTO `himall_imageads` VALUES ('1609', '0', '', '', '1', '0');
INSERT INTO `himall_imageads` VALUES ('1610', '0', '', '', '1', '0');
INSERT INTO `himall_imageads` VALUES ('1611', '0', '', '', '1', '0');
INSERT INTO `himall_imageads` VALUES ('1612', '0', '', '', '1', '0');
INSERT INTO `himall_imageads` VALUES ('1613', '0', '', '', '1', '0');
INSERT INTO `himall_imageads` VALUES ('1614', '0', '', '', '1', '0');
INSERT INTO `himall_imageads` VALUES ('1615', '0', '', '', '1', '0');
INSERT INTO `himall_imageads` VALUES ('1616', '0', '', '', '1', '0');
INSERT INTO `himall_imageads` VALUES ('1617', '0', '', '', '1', '0');
INSERT INTO `himall_imageads` VALUES ('1618', '0', '', '', '1', '0');
INSERT INTO `himall_imageads` VALUES ('1619', '0', '', '', '1', '0');
INSERT INTO `himall_imageads` VALUES ('1620', '0', '', '', '1', '0');
INSERT INTO `himall_imageads` VALUES ('1621', '0', '', '', '1', '0');
INSERT INTO `himall_imageads` VALUES ('1622', '0', '', '', '1', '0');
INSERT INTO `himall_imageads` VALUES ('1623', '0', '', '', '1', '0');
INSERT INTO `himall_imageads` VALUES ('1624', '0', '', '', '1', '0');
INSERT INTO `himall_imageads` VALUES ('1625', '0', '', '', '1', '0');
INSERT INTO `himall_imageads` VALUES ('1626', '0', '', '', '1', '0');
INSERT INTO `himall_imageads` VALUES ('1627', '0', '', '', '1', '0');
INSERT INTO `himall_imageads` VALUES ('1628', '0', '', '', '1', '0');
INSERT INTO `himall_imageads` VALUES ('1629', '0', '', '', '1', '0');
INSERT INTO `himall_imageads` VALUES ('1630', '0', '', '', '1', '0');
INSERT INTO `himall_imageads` VALUES ('1631', '0', '', '', '1', '0');
INSERT INTO `himall_imageads` VALUES ('1632', '0', '', '', '1', '0');
INSERT INTO `himall_imageads` VALUES ('1633', '0', '', '', '1', '0');
INSERT INTO `himall_imageads` VALUES ('1634', '0', '', '', '1', '0');
INSERT INTO `himall_imageads` VALUES ('1635', '0', '', '', '1', '0');
INSERT INTO `himall_imageads` VALUES ('1636', '0', '', '', '1', '0');
INSERT INTO `himall_imageads` VALUES ('1637', '0', '', '', '1', '0');
INSERT INTO `himall_imageads` VALUES ('1638', '0', '', '', '1', '0');
INSERT INTO `himall_imageads` VALUES ('1639', '0', '', '', '1', '0');
INSERT INTO `himall_imageads` VALUES ('1640', '0', '', '', '1', '0');
INSERT INTO `himall_imageads` VALUES ('1641', '0', '', '', '1', '0');
INSERT INTO `himall_imageads` VALUES ('1642', '0', '', '', '1', '0');
INSERT INTO `himall_imageads` VALUES ('1643', '0', '', '', '1', '0');
INSERT INTO `himall_imageads` VALUES ('1644', '0', '', '', '1', '0');
INSERT INTO `himall_imageads` VALUES ('1645', '0', '', '', '1', '0');
INSERT INTO `himall_imageads` VALUES ('1646', '0', '', '', '1', '0');
INSERT INTO `himall_imageads` VALUES ('1647', '0', '', '', '1', '0');
INSERT INTO `himall_imageads` VALUES ('1648', '0', '', '', '1', '0');
INSERT INTO `himall_imageads` VALUES ('1649', '0', '', '', '1', '0');
INSERT INTO `himall_imageads` VALUES ('1650', '0', '', '', '1', '0');
INSERT INTO `himall_imageads` VALUES ('1651', '0', '', '', '1', '0');
INSERT INTO `himall_imageads` VALUES ('1652', '0', '', '', '1', '0');
INSERT INTO `himall_imageads` VALUES ('1653', '0', '', '', '1', '0');
INSERT INTO `himall_imageads` VALUES ('1654', '0', '', '', '1', '0');
INSERT INTO `himall_imageads` VALUES ('1655', '0', '', '', '1', '0');
INSERT INTO `himall_imageads` VALUES ('1656', '0', '', '', '1', '0');
INSERT INTO `himall_imageads` VALUES ('1657', '0', '', '', '1', '0');
INSERT INTO `himall_imageads` VALUES ('1658', '0', '', '', '1', '0');
INSERT INTO `himall_imageads` VALUES ('1659', '0', '', '', '1', '0');
INSERT INTO `himall_imageads` VALUES ('1660', '0', '', '', '1', '0');
INSERT INTO `himall_imageads` VALUES ('1661', '0', '', '', '1', '0');
INSERT INTO `himall_imageads` VALUES ('1662', '0', '', '', '1', '0');
INSERT INTO `himall_imageads` VALUES ('1663', '0', '', '', '1', '0');
INSERT INTO `himall_imageads` VALUES ('1664', '0', '', '', '1', '0');
INSERT INTO `himall_imageads` VALUES ('1665', '0', '', '', '1', '0');
INSERT INTO `himall_imageads` VALUES ('1666', '0', '', '', '1', '0');
INSERT INTO `himall_imageads` VALUES ('1667', '0', '', '', '1', '0');
INSERT INTO `himall_imageads` VALUES ('1668', '0', '', '', '1', '0');
INSERT INTO `himall_imageads` VALUES ('1669', '0', '', '', '1', '0');
INSERT INTO `himall_imageads` VALUES ('1670', '0', '', '', '1', '0');
INSERT INTO `himall_imageads` VALUES ('1671', '0', '', '', '1', '0');
INSERT INTO `himall_imageads` VALUES ('1672', '0', '', '', '1', '0');
INSERT INTO `himall_imageads` VALUES ('1673', '0', '', '', '1', '0');
INSERT INTO `himall_imageads` VALUES ('1674', '0', '', '', '1', '0');
INSERT INTO `himall_imageads` VALUES ('1675', '0', '', '', '1', '0');
INSERT INTO `himall_imageads` VALUES ('1676', '0', '', '', '1', '0');
INSERT INTO `himall_imageads` VALUES ('1677', '0', '', '', '1', '0');
INSERT INTO `himall_imageads` VALUES ('1678', '0', '', '', '1', '0');
INSERT INTO `himall_imageads` VALUES ('1679', '0', '', '', '1', '0');
INSERT INTO `himall_imageads` VALUES ('1680', '0', '', '', '1', '0');
INSERT INTO `himall_imageads` VALUES ('1681', '0', '', '', '1', '0');
INSERT INTO `himall_imageads` VALUES ('1682', '0', '', '', '1', '0');
INSERT INTO `himall_imageads` VALUES ('1683', '0', '', '', '1', '0');
INSERT INTO `himall_imageads` VALUES ('1684', '0', '', '', '1', '0');
INSERT INTO `himall_imageads` VALUES ('1685', '0', '', '', '1', '0');
INSERT INTO `himall_imageads` VALUES ('1686', '0', '', '', '1', '0');
INSERT INTO `himall_imageads` VALUES ('1687', '0', '', '', '1', '0');
INSERT INTO `himall_imageads` VALUES ('1688', '0', '', '', '1', '0');
INSERT INTO `himall_imageads` VALUES ('1689', '0', '', '', '1', '0');
INSERT INTO `himall_imageads` VALUES ('1690', '0', '', '', '1', '0');
INSERT INTO `himall_imageads` VALUES ('1691', '0', '', '', '1', '0');
INSERT INTO `himall_imageads` VALUES ('1692', '0', '', '', '1', '0');
INSERT INTO `himall_imageads` VALUES ('1693', '0', '', '', '1', '0');
INSERT INTO `himall_imageads` VALUES ('1694', '0', '', '', '1', '0');
INSERT INTO `himall_imageads` VALUES ('1695', '0', '', '', '1', '0');
INSERT INTO `himall_imageads` VALUES ('1696', '0', '', '', '1', '0');
INSERT INTO `himall_imageads` VALUES ('1697', '0', '', '', '1', '0');
INSERT INTO `himall_imageads` VALUES ('1698', '0', '', '', '1', '0');
INSERT INTO `himall_imageads` VALUES ('1699', '0', '', '', '1', '0');
INSERT INTO `himall_imageads` VALUES ('1700', '0', '', '', '1', '0');
INSERT INTO `himall_imageads` VALUES ('1701', '0', '', '', '1', '0');
INSERT INTO `himall_imageads` VALUES ('1702', '0', '', '', '1', '0');
INSERT INTO `himall_imageads` VALUES ('1703', '0', '', '', '1', '0');
INSERT INTO `himall_imageads` VALUES ('1704', '0', '', '', '1', '0');
INSERT INTO `himall_imageads` VALUES ('1705', '0', '', '', '1', '0');
INSERT INTO `himall_imageads` VALUES ('1706', '0', '', '', '1', '0');
INSERT INTO `himall_imageads` VALUES ('1707', '0', '', '', '1', '0');
INSERT INTO `himall_imageads` VALUES ('1708', '0', '', '', '1', '0');
INSERT INTO `himall_imageads` VALUES ('1709', '0', '', '', '1', '0');
INSERT INTO `himall_imageads` VALUES ('1710', '0', '', '', '1', '0');
INSERT INTO `himall_imageads` VALUES ('1711', '0', '', '', '1', '0');
INSERT INTO `himall_imageads` VALUES ('1712', '0', '', '', '1', '0');
INSERT INTO `himall_imageads` VALUES ('1713', '0', '', '', '1', '0');
INSERT INTO `himall_imageads` VALUES ('1714', '0', '', '', '1', '0');
INSERT INTO `himall_imageads` VALUES ('1715', '0', '', '', '1', '0');
INSERT INTO `himall_imageads` VALUES ('1716', '0', '', '', '1', '0');
INSERT INTO `himall_imageads` VALUES ('1717', '0', '', '', '1', '0');
INSERT INTO `himall_imageads` VALUES ('1718', '0', '', '', '1', '0');
INSERT INTO `himall_imageads` VALUES ('1719', '0', '', '', '1', '0');
INSERT INTO `himall_imageads` VALUES ('1720', '0', '', '', '1', '0');
INSERT INTO `himall_imageads` VALUES ('1721', '0', '', '', '1', '0');
INSERT INTO `himall_imageads` VALUES ('1722', '0', '', '', '1', '0');
INSERT INTO `himall_imageads` VALUES ('1723', '0', '', '', '1', '0');
INSERT INTO `himall_imageads` VALUES ('1724', '0', '', '', '1', '0');
INSERT INTO `himall_imageads` VALUES ('1725', '0', '', '', '1', '0');
INSERT INTO `himall_imageads` VALUES ('1726', '0', '', '', '1', '0');
INSERT INTO `himall_imageads` VALUES ('1727', '0', '', '', '1', '0');
INSERT INTO `himall_imageads` VALUES ('1728', '0', '', '', '1', '0');
INSERT INTO `himall_imageads` VALUES ('1729', '0', '', '', '1', '0');
INSERT INTO `himall_imageads` VALUES ('1730', '0', '', '', '1', '0');
INSERT INTO `himall_imageads` VALUES ('1731', '0', '', '', '1', '0');
INSERT INTO `himall_imageads` VALUES ('1732', '0', '', '', '1', '0');
INSERT INTO `himall_imageads` VALUES ('1733', '0', '', '', '1', '0');
INSERT INTO `himall_imageads` VALUES ('1734', '0', '', '', '1', '0');
INSERT INTO `himall_imageads` VALUES ('1735', '0', '', '', '1', '0');
INSERT INTO `himall_imageads` VALUES ('1736', '0', '', '', '1', '0');
INSERT INTO `himall_imageads` VALUES ('1737', '0', '', '', '1', '0');
INSERT INTO `himall_imageads` VALUES ('1738', '0', '', '', '1', '0');
INSERT INTO `himall_imageads` VALUES ('1739', '0', '', '', '1', '0');
INSERT INTO `himall_imageads` VALUES ('1740', '0', '', '', '1', '0');
INSERT INTO `himall_imageads` VALUES ('1741', '0', '', '', '1', '0');
INSERT INTO `himall_imageads` VALUES ('1742', '0', '', '', '1', '0');
INSERT INTO `himall_imageads` VALUES ('1743', '0', '', '', '1', '0');
INSERT INTO `himall_imageads` VALUES ('1744', '0', '', '', '1', '0');
INSERT INTO `himall_imageads` VALUES ('1745', '0', '', '', '1', '0');
INSERT INTO `himall_imageads` VALUES ('1746', '0', '', '', '1', '0');
INSERT INTO `himall_imageads` VALUES ('1747', '0', '', '', '1', '0');
INSERT INTO `himall_imageads` VALUES ('3269', '306', '', '', '0', '0');
INSERT INTO `himall_imageads` VALUES ('3270', '306', '', '', '0', '0');
INSERT INTO `himall_imageads` VALUES ('3271', '306', '', '', '0', '0');
INSERT INTO `himall_imageads` VALUES ('3272', '306', '', '', '0', '0');
INSERT INTO `himall_imageads` VALUES ('3273', '306', '', '', '1', '0');
INSERT INTO `himall_imageads` VALUES ('3274', '309', '', '', '0', '0');
INSERT INTO `himall_imageads` VALUES ('3275', '309', '', '', '0', '0');
INSERT INTO `himall_imageads` VALUES ('3276', '309', '', '', '0', '0');
INSERT INTO `himall_imageads` VALUES ('3277', '309', '', '', '0', '0');
INSERT INTO `himall_imageads` VALUES ('3278', '309', '', '', '1', '0');
INSERT INTO `himall_imageads` VALUES ('3279', '308', '', '', '0', '0');
INSERT INTO `himall_imageads` VALUES ('3280', '308', '', '', '0', '0');
INSERT INTO `himall_imageads` VALUES ('3281', '308', '', '', '0', '0');
INSERT INTO `himall_imageads` VALUES ('3282', '308', '', '', '0', '0');
INSERT INTO `himall_imageads` VALUES ('3283', '308', '', '', '1', '0');
INSERT INTO `himall_imageads` VALUES ('3284', '358', '', '', '0', '0');
INSERT INTO `himall_imageads` VALUES ('3285', '358', '', '', '0', '0');
INSERT INTO `himall_imageads` VALUES ('3286', '358', '', '', '0', '0');
INSERT INTO `himall_imageads` VALUES ('3287', '358', '', '', '0', '0');
INSERT INTO `himall_imageads` VALUES ('3288', '358', '', '', '1', '0');

-- ----------------------------
-- Table structure for `himall_integralmallads`
-- ----------------------------
DROP TABLE IF EXISTS `himall_integralmallads`;
CREATE TABLE `himall_integralmallads` (
  `Id` bigint(20) NOT NULL AUTO_INCREMENT,
  `ActivityType` int(11) NOT NULL COMMENT '活动类型',
  `ActivityId` bigint(20) NOT NULL COMMENT '活动编号',
  `Cover` varchar(255) DEFAULT NULL COMMENT '显示图片',
  `ShowStatus` int(11) DEFAULT NULL COMMENT '显示状态',
  `ShowPlatform` int(11) DEFAULT NULL COMMENT '显示平台',
  PRIMARY KEY (`Id`)
) ENGINE=InnoDB AUTO_INCREMENT=5 DEFAULT CHARSET=utf8;

-- ----------------------------
-- Records of himall_integralmallads
-- ----------------------------
INSERT INTO `himall_integralmallads` VALUES ('3', '2', '155', '/Storage/Plat/WeiActivity/WeiActivity_20170214105428946248.jpg', '1', '2');
INSERT INTO `himall_integralmallads` VALUES ('4', '1', '154', '/Storage/Plat/WeiActivity/WeiActivity_20170214104941480463.jpg', '1', '2');

-- ----------------------------
-- Table structure for `himall_inviterecord`
-- ----------------------------
DROP TABLE IF EXISTS `himall_inviterecord`;
CREATE TABLE `himall_inviterecord` (
  `Id` bigint(11) NOT NULL AUTO_INCREMENT,
  `UserName` varchar(100) NOT NULL COMMENT '用户名',
  `RegName` varchar(100) NOT NULL COMMENT '邀请的用户',
  `InviteIntegral` int(11) NOT NULL COMMENT '邀请获得的积分',
  `RegIntegral` int(11) DEFAULT NULL COMMENT '被邀请获得的积分',
  `RegTime` datetime DEFAULT NULL COMMENT '注册时间',
  `UserId` bigint(20) DEFAULT NULL COMMENT '用户ID',
  `RegUserId` bigint(20) DEFAULT NULL COMMENT '被邀请的用户ID',
  `RecordTime` datetime DEFAULT NULL COMMENT '获得积分时间',
  PRIMARY KEY (`Id`),
  KEY `InviteMember` (`UserId`) USING BTREE,
  KEY `RegMember` (`RegUserId`) USING BTREE,
  CONSTRAINT `InviteMember` FOREIGN KEY (`UserId`) REFERENCES `himall_members` (`Id`) ON DELETE CASCADE,
  CONSTRAINT `RegMember` FOREIGN KEY (`RegUserId`) REFERENCES `himall_members` (`Id`) ON DELETE CASCADE
) ENGINE=InnoDB AUTO_INCREMENT=3 DEFAULT CHARSET=utf8 ROW_FORMAT=COMPACT;

-- ----------------------------
-- Records of himall_inviterecord
-- ----------------------------

-- ----------------------------
-- Table structure for `himall_inviterule`
-- ----------------------------
DROP TABLE IF EXISTS `himall_inviterule`;
CREATE TABLE `himall_inviterule` (
  `Id` bigint(11) NOT NULL AUTO_INCREMENT,
  `InviteIntegral` int(11) DEFAULT NULL COMMENT '邀请能获得的积分',
  `RegIntegral` int(11) DEFAULT NULL COMMENT '被邀请能获得的积分',
  `ShareTitle` varchar(100) DEFAULT NULL COMMENT '分享标题',
  `ShareDesc` varchar(1000) DEFAULT NULL COMMENT '分享详细',
  `ShareIcon` varchar(200) DEFAULT NULL COMMENT '分享图标',
  `ShareRule` varchar(1000) DEFAULT NULL COMMENT '分享规则',
  PRIMARY KEY (`Id`)
) ENGINE=InnoDB AUTO_INCREMENT=4 DEFAULT CHARSET=utf8 ROW_FORMAT=COMPACT;

-- ----------------------------
-- Records of himall_inviterule
-- ----------------------------

-- ----------------------------
-- Table structure for `himall_invoicecontext`
-- ----------------------------
DROP TABLE IF EXISTS `himall_invoicecontext`;
CREATE TABLE `himall_invoicecontext` (
  `Id` bigint(20) NOT NULL AUTO_INCREMENT,
  `Name` varchar(50) NOT NULL COMMENT '发票名称',
  PRIMARY KEY (`Id`)
) ENGINE=InnoDB AUTO_INCREMENT=49 DEFAULT CHARSET=utf8 ROW_FORMAT=COMPACT;

-- ----------------------------
-- Records of himall_invoicecontext
-- ----------------------------
INSERT INTO `himall_invoicecontext` VALUES ('47', '个人');
INSERT INTO `himall_invoicecontext` VALUES ('48', '公司');

-- ----------------------------
-- Table structure for `himall_invoicetitle`
-- ----------------------------
DROP TABLE IF EXISTS `himall_invoicetitle`;
CREATE TABLE `himall_invoicetitle` (
  `Id` bigint(20) NOT NULL AUTO_INCREMENT,
  `UserId` bigint(20) NOT NULL COMMENT '用户ID',
  `Name` varchar(200) DEFAULT NULL COMMENT '抬头名称',
  `IsDefault` tinyint(4) NOT NULL COMMENT '是否默认',
  PRIMARY KEY (`Id`)
) ENGINE=InnoDB AUTO_INCREMENT=21 DEFAULT CHARSET=utf8 ROW_FORMAT=COMPACT;

-- ----------------------------
-- Records of himall_invoicetitle
-- ----------------------------

-- ----------------------------
-- Table structure for `himall_label`
-- ----------------------------
DROP TABLE IF EXISTS `himall_label`;
CREATE TABLE `himall_label` (
  `Id` bigint(20) NOT NULL AUTO_INCREMENT,
  `LabelName` varchar(50) NOT NULL COMMENT '标签名称',
  PRIMARY KEY (`Id`)
) ENGINE=InnoDB AUTO_INCREMENT=55 DEFAULT CHARSET=utf8;

-- ----------------------------
-- Records of himall_label
-- ----------------------------
INSERT INTO `himall_label` VALUES ('33', '清雅');
INSERT INTO `himall_label` VALUES ('34', '购物狂');
INSERT INTO `himall_label` VALUES ('35', '常客');

-- ----------------------------
-- Table structure for `himall_limittimemarket`
-- ----------------------------
DROP TABLE IF EXISTS `himall_limittimemarket`;
CREATE TABLE `himall_limittimemarket` (
  `Id` bigint(20) NOT NULL AUTO_INCREMENT,
  `Title` varchar(100) NOT NULL COMMENT '标题',
  `ProductId` bigint(20) NOT NULL,
  `ProductName` varchar(100) NOT NULL COMMENT '商品名称',
  `CategoryName` varchar(100) NOT NULL COMMENT '分类名称',
  `AuditStatus` smallint(6) NOT NULL COMMENT '审核状态',
  `AuditTime` datetime NOT NULL COMMENT '审核时间',
  `ShopId` bigint(20) NOT NULL,
  `ShopName` varchar(100) NOT NULL COMMENT '店铺名称',
  `Price` decimal(18,2) NOT NULL COMMENT '价格',
  `RecentMonthPrice` decimal(18,2) NOT NULL COMMENT '最近一个月的价格',
  `StartTime` datetime NOT NULL COMMENT '开始日期',
  `EndTime` datetime NOT NULL COMMENT '结束日期',
  `Stock` int(11) NOT NULL COMMENT '库存',
  `SaleCount` int(11) NOT NULL COMMENT '销售数量',
  `CancelReson` text NOT NULL COMMENT '取消原因',
  `MaxSaleCount` int(11) NOT NULL COMMENT '限量购买',
  `ProductAd` varchar(100) NOT NULL COMMENT '商品广告',
  `MinPrice` decimal(18,2) NOT NULL COMMENT '最小价格',
  `ImagePath` varchar(100) NOT NULL COMMENT '图片Path',
  PRIMARY KEY (`Id`)
) ENGINE=InnoDB AUTO_INCREMENT=12 DEFAULT CHARSET=utf8 ROW_FORMAT=COMPACT;

-- ----------------------------
-- Records of himall_limittimemarket
-- ----------------------------

-- ----------------------------
-- Table structure for `himall_logs`
-- ----------------------------
DROP TABLE IF EXISTS `himall_logs`;
CREATE TABLE `himall_logs` (
  `Id` bigint(20) NOT NULL AUTO_INCREMENT,
  `ShopId` bigint(20) NOT NULL,
  `PageUrl` varchar(1000) NOT NULL,
  `Date` datetime NOT NULL,
  `UserName` varchar(100) NOT NULL,
  `IPAddress` varchar(100) NOT NULL,
  `Description` varchar(1000) NOT NULL,
  PRIMARY KEY (`Id`)
) ENGINE=InnoDB AUTO_INCREMENT=5841 DEFAULT CHARSET=utf8 ROW_FORMAT=COMPACT;

-- ----------------------------
-- Records of himall_logs
-- ----------------------------
INSERT INTO `himall_logs` VALUES ('4608', '0', 'ProductType/SaveModel', '2017-02-13 17:26:46', 'admin', '120.26.125.164', '修改平台类目,操作记录:id:0 ');
INSERT INTO `himall_logs` VALUES ('4609', '0', 'Category/Add', '2017-02-13 17:27:03', 'admin', '120.26.125.164', '添加平台分类,操作记录:');
INSERT INTO `himall_logs` VALUES ('4610', '0', 'Category/Add', '2017-02-13 17:27:19', 'admin', '120.26.125.164', '添加平台分类,操作记录:');
INSERT INTO `himall_logs` VALUES ('4611', '0', 'Category/Add', '2017-02-13 17:27:28', 'admin', '120.26.125.164', '添加平台分类,操作记录:');
INSERT INTO `himall_logs` VALUES ('4612', '0', 'Category/Add', '2017-02-13 17:27:50', 'admin', '120.26.125.164', '添加平台分类,操作记录:');
INSERT INTO `himall_logs` VALUES ('4613', '0', 'Category/Add', '2017-02-13 17:28:03', 'admin', '120.26.125.164', '添加平台分类,操作记录:');
INSERT INTO `himall_logs` VALUES ('4614', '1', '/Product/Create', '2017-02-13 17:32:49', 'selleradmin', '120.26.125.164', '商家发布商品，Id=0, 名称=三只松鼠_开口松子218gx2袋零食坚果特产炒货东北红松子原味 [成功]');
INSERT INTO `himall_logs` VALUES ('4615', '0', 'Category/Add', '2017-02-13 17:33:13', 'admin', '120.26.125.164', '添加平台分类,操作记录:');
INSERT INTO `himall_logs` VALUES ('4616', '0', 'Category/Add', '2017-02-13 17:33:22', 'admin', '120.26.125.164', '添加平台分类,操作记录:');
INSERT INTO `himall_logs` VALUES ('4617', '1', '/Product/Create', '2017-02-13 17:36:12', 'selleradmin', '120.26.125.164', '商家发布商品，Id=0, 名称=三只松鼠_坚果组合613g零食坚果特产碧根果夏威夷果开口松子原味 [成功]');
INSERT INTO `himall_logs` VALUES ('4618', '1', '/Product/Create', '2017-02-13 17:39:25', 'selleradmin', '120.26.125.164', '商家发布商品，Id=0, 名称=三只松鼠 坚果炒货 休闲零食 纸皮核桃210g/袋 [成功]');
INSERT INTO `himall_logs` VALUES ('4619', '1', '/Product/Create', '2017-02-13 17:42:07', 'selleradmin', '120.26.125.164', '商家发布商品，Id=0, 名称=卫龙 休闲零食 辣条 小面筋 办公室休闲食品 22g*20包(新老包装随机发货) [成功]');
INSERT INTO `himall_logs` VALUES ('4620', '0', 'ProductType/SaveModel', '2017-02-13 17:47:20', 'admin', '120.26.125.164', '修改平台类目,操作记录:id:0 ');
INSERT INTO `himall_logs` VALUES ('4621', '0', 'Category/Add', '2017-02-13 17:47:35', 'admin', '120.26.125.164', '添加平台分类,操作记录:');
INSERT INTO `himall_logs` VALUES ('4622', '0', 'Category/Add', '2017-02-13 17:47:44', 'admin', '120.26.125.164', '添加平台分类,操作记录:');
INSERT INTO `himall_logs` VALUES ('4623', '0', 'Category/Add', '2017-02-13 17:47:51', 'admin', '120.26.125.164', '添加平台分类,操作记录:');
INSERT INTO `himall_logs` VALUES ('4624', '0', 'Category/Add', '2017-02-13 17:48:01', 'admin', '120.26.125.164', '添加平台分类,操作记录:');
INSERT INTO `himall_logs` VALUES ('4625', '0', 'Category/Add', '2017-02-13 17:48:14', 'admin', '120.26.125.164', '添加平台分类,操作记录:');
INSERT INTO `himall_logs` VALUES ('4626', '1', '/Product/Create', '2017-02-13 17:48:54', 'selleradmin', '120.26.125.164', '商家发布商品，Id=0, 名称=卫龙 休闲零食 亲嘴条 辣条 400g/袋 [成功]');
INSERT INTO `himall_logs` VALUES ('4627', '0', 'Category/Add', '2017-02-13 17:50:28', 'admin', '120.26.125.164', '添加平台分类,操作记录:');
INSERT INTO `himall_logs` VALUES ('4628', '1', '/Product/Create', '2017-02-13 17:53:10', 'selleradmin', '120.26.125.164', '商家发布商品，Id=0, 名称=ONLY2017早春新品宽松猫咪图案假两件针织衫女L|117124507 G43花灰 170/88A/L [成功]');
INSERT INTO `himall_logs` VALUES ('4629', '1', '/Product/Create', '2017-02-13 17:55:41', 'selleradmin', '120.26.125.164', '商家发布商品，Id=0, 名称=ONLY2017早春新品大V领宽松下摆开衩长袖针织衫女ES|117124502 F17庆典红 165/84A/M [成功]');
INSERT INTO `himall_logs` VALUES ('4630', '1', '/Product/Create', '2017-02-13 17:58:45', 'selleradmin', '120.26.125.164', '商家发布商品，Id=0, 名称=ONLY2016早春新品拼色宽松太空棉卫衣女E|11639R511 07B酒红色 165/84A/M [成功]');
INSERT INTO `himall_logs` VALUES ('4631', '1', '/Product/Create', '2017-02-13 18:01:31', 'selleradmin', '120.26.125.164', '商家发布商品，Id=0, 名称=ONLY春季新品含莱卡面料五分袖修身露肩一字领针织连衣裙女E|116361504 010黑 175/92A/XL [成功]');
INSERT INTO `himall_logs` VALUES ('4632', '1', '/Product/Create', '2017-02-13 18:03:48', 'selleradmin', '120.26.125.164', '商家发布商品，Id=0, 名称=ONLY春季新品纯棉修身高腰镂空蕾丝连衣裙女L|116307501 021奶白 155/76A/XS [成功]');
INSERT INTO `himall_logs` VALUES ('4633', '1', '/Product/Create', '2017-02-13 18:06:20', 'selleradmin', '120.26.125.164', '商家发布商品，Id=0, 名称=ONLY2016春季新品T恤衬衫叠搭纯棉两件套连衣裙女T|116360504 10D炭花灰 165/84A/M [成功]');
INSERT INTO `himall_logs` VALUES ('4634', '1', 'category/CreateCategory', '2017-02-13 18:06:38', 'selleradmin', '120.26.125.164', '创建店铺分类,操作记录:pid:0 name:衣服 ');
INSERT INTO `himall_logs` VALUES ('4635', '1', 'category/CreateCategory', '2017-02-13 18:06:42', 'selleradmin', '120.26.125.164', '创建店铺分类,操作记录:pid:350 name:女装 ');
INSERT INTO `himall_logs` VALUES ('4636', '1', 'category/CreateCategory', '2017-02-13 18:06:47', 'selleradmin', '120.26.125.164', '创建店铺分类,操作记录:pid:0 name:零食 ');
INSERT INTO `himall_logs` VALUES ('4637', '1', 'category/CreateCategory', '2017-02-13 18:06:54', 'selleradmin', '120.26.125.164', '创建店铺分类,操作记录:pid:352 name:松子 ');
INSERT INTO `himall_logs` VALUES ('4638', '1', 'category/CreateCategory', '2017-02-13 18:07:02', 'selleradmin', '120.26.125.164', '创建店铺分类,操作记录:pid:352 name:核桃 ');
INSERT INTO `himall_logs` VALUES ('4639', '1', '/Product/Edit', '2017-02-13 18:07:21', 'selleradmin', '120.26.125.164', '商家修改商品，Id=709, 名称=ONLY2016春季新品T恤衬衫叠搭纯棉两件套连衣裙女T|116360504 10D炭花灰 165/84A/M [成功]');
INSERT INTO `himall_logs` VALUES ('4640', '1', '/Product/Edit', '2017-02-13 18:07:37', 'selleradmin', '120.26.125.164', '商家修改商品，Id=708, 名称=ONLY春季新品纯棉修身高腰镂空蕾丝连衣裙女L|116307501 021奶白 155/76A/XS [成功]');
INSERT INTO `himall_logs` VALUES ('4641', '1', '/Product/Edit', '2017-02-13 18:07:51', 'selleradmin', '120.26.125.164', '商家修改商品，Id=707, 名称=ONLY春季新品含莱卡面料五分袖修身露肩一字领针织连衣裙女E|116361504 010黑 175/92A/XL [成功]');
INSERT INTO `himall_logs` VALUES ('4642', '1', '/Product/Edit', '2017-02-13 18:08:11', 'selleradmin', '120.26.125.164', '商家修改商品，Id=703, 名称=卫龙 休闲零食 亲嘴条 辣条 400g/袋 [成功]');
INSERT INTO `himall_logs` VALUES ('4643', '1', '/Product/Edit', '2017-02-13 18:08:28', 'selleradmin', '120.26.125.164', '商家修改商品，Id=701, 名称=三只松鼠 坚果炒货 休闲零食 纸皮核桃210g/袋 [成功]');
INSERT INTO `himall_logs` VALUES ('4644', '1', '/Product/Edit', '2017-02-13 18:09:02', 'selleradmin', '120.26.125.164', '商家修改商品，Id=700, 名称=三只松鼠_坚果组合613g零食坚果特产碧根果夏威夷果开口松子原味 [成功]');
INSERT INTO `himall_logs` VALUES ('4645', '1', '/Product/Create', '2017-02-13 18:11:32', 'selleradmin', '120.26.125.164', '商家发布商品，Id=0, 名称=ONLY2016早春新品纯棉宽松徽章贴布牛仔背带裙女T|116342524 390洗水牛仔蓝(928) 155/76A/XS [成功]');
INSERT INTO `himall_logs` VALUES ('4646', '0', 'product/BatchAudit', '2017-02-13 18:12:01', 'admin', '120.26.125.164', '批量审核商品状态,操作记录:');
INSERT INTO `himall_logs` VALUES ('4647', '1', '/Product/Edit', '2017-02-14 09:14:22', 'selleradmin', '120.26.125.164', '商家修改商品，Id=699, 名称=三只松鼠_开口松子218gx2袋零食坚果特产炒货东北红松子原味 [成功]');
INSERT INTO `himall_logs` VALUES ('4648', '1', '/Product/Edit', '2017-02-14 09:14:53', 'selleradmin', '120.26.125.164', '商家修改商品，Id=700, 名称=三只松鼠_坚果组合613g零食坚果特产碧根果夏威夷果开口松子原味 [成功]');
INSERT INTO `himall_logs` VALUES ('4649', '0', 'product/BatchAudit', '2017-02-14 09:15:59', 'admin', '120.26.125.164', '批量审核商品状态,操作记录:');
INSERT INTO `himall_logs` VALUES ('4650', '1', '/Product/Create', '2017-02-14 09:31:16', 'selleradmin', '120.26.125.164', '商家发布商品，Id=0, 名称=FOREVER21 甜美花朵抽褶吊带连衣裙 黑色/铁锈色 S [成功]');
INSERT INTO `himall_logs` VALUES ('4651', '1', '/Product/Create', '2017-02-14 09:35:31', 'selleradmin', '120.26.125.164', '商家发布商品，Id=0, 名称=[Forever21 Contemporary]纯色优雅及膝短袖连衣裙 香草色 S [成功]');
INSERT INTO `himall_logs` VALUES ('4652', '1', '/Product/Create', '2017-02-14 09:39:10', 'selleradmin', '120.26.125.164', '商家发布商品，Id=0, 名称=XX FOREVER21 短款撞色条纹无袖针织衫 红色/白色 M [成功]');
INSERT INTO `himall_logs` VALUES ('4653', '0', 'Category/Add', '2017-02-14 09:39:56', 'admin', '120.26.125.164', '添加平台分类,操作记录:');
INSERT INTO `himall_logs` VALUES ('4654', '0', 'Category/Add', '2017-02-14 09:40:06', 'admin', '120.26.125.164', '添加平台分类,操作记录:');
INSERT INTO `himall_logs` VALUES ('4655', '0', 'Category/Add', '2017-02-14 09:40:20', 'admin', '120.26.125.164', '添加平台分类,操作记录:');
INSERT INTO `himall_logs` VALUES ('4656', '0', 'ProductType/SaveModel', '2017-02-14 10:07:41', 'admin', '120.26.125.164', '修改平台类目,操作记录:id:0 ');
INSERT INTO `himall_logs` VALUES ('4657', '0', 'Category/Edit', '2017-02-14 10:07:49', 'admin', '120.26.125.164', '修改平台分类,操作记录:Id:14 ');
INSERT INTO `himall_logs` VALUES ('4658', '0', 'Category/Edit', '2017-02-14 10:07:54', 'admin', '120.26.125.164', '修改平台分类,操作记录:Id:15 ');
INSERT INTO `himall_logs` VALUES ('4659', '0', 'Category/Edit', '2017-02-14 10:08:00', 'admin', '120.26.125.164', '修改平台分类,操作记录:Id:16 ');
INSERT INTO `himall_logs` VALUES ('4660', '1', '/Product/Create', '2017-02-14 10:15:00', 'selleradmin', '120.26.125.164', '商家发布商品，Id=0, 名称=Apple MacBook Air 13.3英寸笔记本电脑 银色(Core i5 处理器/8GB内存/128GB SSD闪存 MMGF2CH/A) [成功]');
INSERT INTO `himall_logs` VALUES ('4661', '1', '/Product/Create', '2017-02-14 10:19:20', 'selleradmin', '120.26.125.164', '商家发布商品，Id=0, 名称=Apple MacBook Pro 15.4英寸笔记本电脑 银色(Core i7 处理器/16GB内存/256GB SSD闪存/Retina屏 MJLQ2CH/A) [成功]');
INSERT INTO `himall_logs` VALUES ('4662', '0', 'Category/Add', '2017-02-14 10:20:54', 'admin', '120.26.125.164', '添加平台分类,操作记录:');
INSERT INTO `himall_logs` VALUES ('4663', '0', 'Category/Add', '2017-02-14 10:21:00', 'admin', '120.26.125.164', '添加平台分类,操作记录:');
INSERT INTO `himall_logs` VALUES ('4664', '0', 'Category/Add', '2017-02-14 10:21:06', 'admin', '120.26.125.164', '添加平台分类,操作记录:');
INSERT INTO `himall_logs` VALUES ('4665', '0', 'Category/Add', '2017-02-14 10:21:35', 'admin', '120.26.125.164', '添加平台分类,操作记录:');
INSERT INTO `himall_logs` VALUES ('4666', '0', 'Category/Add', '2017-02-14 10:21:42', 'admin', '120.26.125.164', '添加平台分类,操作记录:');
INSERT INTO `himall_logs` VALUES ('4667', '0', 'Category/Add', '2017-02-14 10:21:57', 'admin', '120.26.125.164', '添加平台分类,操作记录:');
INSERT INTO `himall_logs` VALUES ('4668', '0', 'Category/Add', '2017-02-14 10:22:06', 'admin', '120.26.125.164', '添加平台分类,操作记录:');
INSERT INTO `himall_logs` VALUES ('4669', '0', 'ProductType/SaveModel', '2017-02-14 10:28:51', 'admin', '120.26.125.164', '修改平台类目,操作记录:id:0 ');
INSERT INTO `himall_logs` VALUES ('4670', '0', 'Category/Edit', '2017-02-14 10:29:09', 'admin', '120.26.125.164', '修改平台分类,操作记录:Id:17 ');
INSERT INTO `himall_logs` VALUES ('4671', '0', 'Category/Edit', '2017-02-14 10:29:13', 'admin', '120.26.125.164', '修改平台分类,操作记录:Id:18 ');
INSERT INTO `himall_logs` VALUES ('4672', '0', 'Category/Edit', '2017-02-14 10:29:17', 'admin', '120.26.125.164', '修改平台分类,操作记录:Id:19 ');
INSERT INTO `himall_logs` VALUES ('4673', '1', '/Product/Create', '2017-02-14 10:31:34', 'selleradmin', '120.26.125.164', '商家发布商品，Id=0, 名称=宇食俱进厄瓜多尔白虾大虾南美活冻海鲜水产海虾 1700克40-50白虾 [成功]');
INSERT INTO `himall_logs` VALUES ('4674', '0', 'ProductType/SaveModel', '2017-02-14 10:33:27', 'admin', '120.26.125.164', '修改平台类目,操作记录:id:0 ');
INSERT INTO `himall_logs` VALUES ('4675', '0', 'Brand/Edit', '2017-02-14 10:36:20', 'admin', '120.26.125.164', '编辑品牌,操作记录:');
INSERT INTO `himall_logs` VALUES ('4676', '0', 'ProductType/SaveModel', '2017-02-14 10:38:00', 'admin', '120.26.125.164', '修改平台类目,操作记录:id:0 ');
INSERT INTO `himall_logs` VALUES ('4677', '0', 'Category/Edit', '2017-02-14 10:38:08', 'admin', '120.26.125.164', '修改平台分类,操作记录:Id:20 ');
INSERT INTO `himall_logs` VALUES ('4678', '0', 'Category/Edit', '2017-02-14 10:38:17', 'admin', '120.26.125.164', '修改平台分类,操作记录:Id:21 ');
INSERT INTO `himall_logs` VALUES ('4679', '0', 'Category/Edit', '2017-02-14 10:38:22', 'admin', '120.26.125.164', '修改平台分类,操作记录:Id:22 ');
INSERT INTO `himall_logs` VALUES ('4680', '0', 'Category/Edit', '2017-02-14 10:38:26', 'admin', '120.26.125.164', '修改平台分类,操作记录:Id:23 ');
INSERT INTO `himall_logs` VALUES ('4681', '0', 'Brand/Edit', '2017-02-14 10:40:34', 'admin', '120.26.125.164', '编辑品牌,操作记录:');
INSERT INTO `himall_logs` VALUES ('4682', '0', 'Brand/Edit', '2017-02-14 10:41:22', 'admin', '120.26.125.164', '编辑品牌,操作记录:');
INSERT INTO `himall_logs` VALUES ('4683', '1', '/Product/Create', '2017-02-14 10:42:14', 'selleradmin', '120.26.125.164', '商家发布商品，Id=0, 名称=欧莱雅水能润泽双效洁面膏100+50ml [成功]');
INSERT INTO `himall_logs` VALUES ('4684', '0', 'ProductType/SaveModel', '2017-02-14 10:43:55', 'admin', '120.26.125.164', '修改平台类目,操作记录:id:87 ');
INSERT INTO `himall_logs` VALUES ('4685', '0', 'Gift/Edit', '2017-02-14 10:44:15', 'admin', '120.26.125.164', '操作礼品信息,操作记录:');
INSERT INTO `himall_logs` VALUES ('4686', '0', 'ProductType/SaveModel', '2017-02-14 10:45:36', 'admin', '120.26.125.164', '修改平台类目,操作记录:id:84 ');
INSERT INTO `himall_logs` VALUES ('4687', '0', 'ProductType/SaveModel', '2017-02-14 10:46:14', 'admin', '120.26.125.164', '修改平台类目,操作记录:id:0 ');
INSERT INTO `himall_logs` VALUES ('4688', '0', 'ProductType/SaveModel', '2017-02-14 10:46:57', 'admin', '120.26.125.164', '修改平台类目,操作记录:id:0 ');
INSERT INTO `himall_logs` VALUES ('4689', '0', 'ProductType/SaveModel', '2017-02-14 10:47:10', 'admin', '120.26.125.164', '修改平台类目,操作记录:id:0 ');
INSERT INTO `himall_logs` VALUES ('4690', '0', 'ProductType/SaveModel', '2017-02-14 10:47:23', 'admin', '120.26.125.164', '修改平台类目,操作记录:id:0 ');
INSERT INTO `himall_logs` VALUES ('4691', '1', '/Product/Create', '2017-02-14 10:47:39', 'selleradmin', '120.26.125.164', '商家发布商品，Id=0, 名称=贝德玛（Bioderma）深层舒妍卸妆水 舒缓保湿粉水（干性中性敏感肌法国版/海外版随机发）500ml  [成功]');
INSERT INTO `himall_logs` VALUES ('4692', '0', 'ProductType/SaveModel', '2017-02-14 10:47:44', 'admin', '120.26.125.164', '修改平台类目,操作记录:id:0 ');
INSERT INTO `himall_logs` VALUES ('4693', '0', 'ProductType/SaveModel', '2017-02-14 10:47:57', 'admin', '120.26.125.164', '修改平台类目,操作记录:id:0 ');
INSERT INTO `himall_logs` VALUES ('4694', '0', 'ProductType/SaveModel', '2017-02-14 10:48:09', 'admin', '120.26.125.164', '修改平台类目,操作记录:id:0 ');
INSERT INTO `himall_logs` VALUES ('4695', '0', 'product/BatchAudit', '2017-02-14 10:48:17', 'admin', '120.26.125.164', '批量审核商品状态,操作记录:');
INSERT INTO `himall_logs` VALUES ('4696', '1', 'category/CreateCategory', '2017-02-14 10:48:47', 'selleradmin', '120.26.125.164', '创建店铺分类,操作记录:pid:0 name:生鲜 ');
INSERT INTO `himall_logs` VALUES ('4697', '1', 'category/CreateCategory', '2017-02-14 10:48:54', 'selleradmin', '120.26.125.164', '创建店铺分类,操作记录:pid:355 name:虾类 ');
INSERT INTO `himall_logs` VALUES ('4698', '1', 'category/CreateCategory', '2017-02-14 10:49:00', 'selleradmin', '120.26.125.164', '创建店铺分类,操作记录:pid:0 name:电脑 ');
INSERT INTO `himall_logs` VALUES ('4699', '1', 'category/CreateCategory', '2017-02-14 10:49:05', 'selleradmin', '120.26.125.164', '创建店铺分类,操作记录:pid:357 name:笔记本 ');
INSERT INTO `himall_logs` VALUES ('4700', '1', 'category/CreateCategory', '2017-02-14 10:49:29', 'selleradmin', '120.26.125.164', '创建店铺分类,操作记录:pid:0 name:个护 ');
INSERT INTO `himall_logs` VALUES ('4701', '1', 'category/CreateCategory', '2017-02-14 10:49:36', 'selleradmin', '120.26.125.164', '创建店铺分类,操作记录:pid:359 name:洁面 ');
INSERT INTO `himall_logs` VALUES ('4702', '1', 'category/UpdateName', '2017-02-14 10:50:31', 'selleradmin', '120.26.125.164', '修改店铺分类名称,操作记录:id:360 name:洁面/卸妆 ');
INSERT INTO `himall_logs` VALUES ('4703', '1', '/Product/Edit', '2017-02-14 10:50:43', 'selleradmin', '120.26.125.164', '商家修改商品，Id=718, 名称=贝德玛（Bioderma）深层舒妍卸妆水 舒缓保湿粉水（干性中性敏感肌法国版/海外版随机发）500ml  [成功]');
INSERT INTO `himall_logs` VALUES ('4704', '1', '/Product/Edit', '2017-02-14 10:50:55', 'selleradmin', '120.26.125.164', '商家修改商品，Id=717, 名称=欧莱雅水能润泽双效洁面膏100+50ml [成功]');
INSERT INTO `himall_logs` VALUES ('4705', '1', '/Product/Edit', '2017-02-14 10:51:11', 'selleradmin', '120.26.125.164', '商家修改商品，Id=716, 名称=宇食俱进厄瓜多尔白虾大虾南美活冻海鲜水产海虾 1700克40-50白虾 [成功]');
INSERT INTO `himall_logs` VALUES ('4706', '1', '/Product/Edit', '2017-02-14 10:51:21', 'selleradmin', '120.26.125.164', '商家修改商品，Id=715, 名称=Apple MacBook Pro 15.4英寸笔记本电脑 银色(Core i7 处理器/16GB内存/256GB SSD闪存/Retina屏 MJLQ2CH/A) [成功]');
INSERT INTO `himall_logs` VALUES ('4707', '1', '/Product/Edit', '2017-02-14 10:51:32', 'selleradmin', '120.26.125.164', '商家修改商品，Id=714, 名称=Apple MacBook Air 13.3英寸笔记本电脑 银色(Core i5 处理器/8GB内存/128GB SSD闪存 MMGF2CH/A) [成功]');
INSERT INTO `himall_logs` VALUES ('4708', '1', '/Product/Edit', '2017-02-14 10:51:44', 'selleradmin', '120.26.125.164', '商家修改商品，Id=713, 名称=XX FOREVER21 短款撞色条纹无袖针织衫 红色/白色 M [成功]');
INSERT INTO `himall_logs` VALUES ('4709', '1', '/Product/Edit', '2017-02-14 10:52:03', 'selleradmin', '120.26.125.164', '商家修改商品，Id=708, 名称=ONLY春季新品纯棉修身高腰镂空蕾丝连衣裙女L|116307501 021奶白 155/76A/XS [成功]');
INSERT INTO `himall_logs` VALUES ('4710', '0', 'product/BatchAudit', '2017-02-14 10:52:17', 'admin', '120.26.125.164', '批量审核商品状态,操作记录:');
INSERT INTO `himall_logs` VALUES ('4711', '0', 'Brand/Edit', '2017-02-14 11:00:24', 'admin', '120.26.125.164', '编辑品牌,操作记录:');
INSERT INTO `himall_logs` VALUES ('4712', '0', 'ProductType/SaveModel', '2017-02-14 11:05:52', 'admin', '120.26.125.164', '修改平台类目,操作记录:id:93 ');
INSERT INTO `himall_logs` VALUES ('4713', '0', 'Category/Add', '2017-02-14 11:09:44', 'admin', '120.26.125.164', '添加平台分类,操作记录:');
INSERT INTO `himall_logs` VALUES ('4714', '0', 'Category/Add', '2017-02-14 11:11:07', 'admin', '120.26.125.164', '添加平台分类,操作记录:');
INSERT INTO `himall_logs` VALUES ('4715', '0', 'Category/Add', '2017-02-14 11:11:29', 'admin', '120.26.125.164', '添加平台分类,操作记录:');
INSERT INTO `himall_logs` VALUES ('4716', '0', 'Category/Add', '2017-02-14 11:12:03', 'admin', '120.26.125.164', '添加平台分类,操作记录:');
INSERT INTO `himall_logs` VALUES ('4717', '0', 'Category/DeleteCategoryById', '2017-02-14 11:12:16', 'admin', '120.26.125.164', '删除平台分类,操作记录:Id:27 ');
INSERT INTO `himall_logs` VALUES ('4718', '0', 'Category/Add', '2017-02-14 11:12:26', 'admin', '120.26.125.164', '添加平台分类,操作记录:');
INSERT INTO `himall_logs` VALUES ('4719', '0', 'Category/Add', '2017-02-14 11:12:45', 'admin', '120.26.125.164', '添加平台分类,操作记录:');
INSERT INTO `himall_logs` VALUES ('4720', '0', 'Category/Add', '2017-02-14 11:12:53', 'admin', '120.26.125.164', '添加平台分类,操作记录:');
INSERT INTO `himall_logs` VALUES ('4721', '0', 'Category/Add', '2017-02-14 11:13:14', 'admin', '120.26.125.164', '添加平台分类,操作记录:');
INSERT INTO `himall_logs` VALUES ('4722', '0', 'Category/Add', '2017-02-14 11:13:38', 'admin', '120.26.125.164', '添加平台分类,操作记录:');
INSERT INTO `himall_logs` VALUES ('4723', '0', 'Category/Add', '2017-02-14 11:13:54', 'admin', '120.26.125.164', '添加平台分类,操作记录:');
INSERT INTO `himall_logs` VALUES ('4724', '0', 'Category/Add', '2017-02-14 11:14:07', 'admin', '120.26.125.164', '添加平台分类,操作记录:');
INSERT INTO `himall_logs` VALUES ('4725', '0', 'Category/Add', '2017-02-14 11:14:29', 'admin', '120.26.125.164', '添加平台分类,操作记录:');
INSERT INTO `himall_logs` VALUES ('4726', '0', 'Category/Add', '2017-02-14 11:14:51', 'admin', '120.26.125.164', '添加平台分类,操作记录:');
INSERT INTO `himall_logs` VALUES ('4727', '0', 'Category/Add', '2017-02-14 11:16:15', 'admin', '120.26.125.164', '添加平台分类,操作记录:');
INSERT INTO `himall_logs` VALUES ('4728', '0', 'Category/Add', '2017-02-14 11:16:40', 'admin', '120.26.125.164', '添加平台分类,操作记录:');
INSERT INTO `himall_logs` VALUES ('4729', '0', 'Category/Edit', '2017-02-14 11:18:21', 'admin', '120.26.125.164', '修改平台分类,操作记录:Id:8 ');
INSERT INTO `himall_logs` VALUES ('4730', '0', 'Category/Add', '2017-02-14 11:18:54', 'admin', '120.26.125.164', '添加平台分类,操作记录:');
INSERT INTO `himall_logs` VALUES ('4731', '0', 'Category/Add', '2017-02-14 11:19:14', 'admin', '120.26.125.164', '添加平台分类,操作记录:');
INSERT INTO `himall_logs` VALUES ('4732', '0', 'Category/Add', '2017-02-14 11:19:29', 'admin', '120.26.125.164', '添加平台分类,操作记录:');
INSERT INTO `himall_logs` VALUES ('4733', '0', 'Category/Add', '2017-02-14 11:19:45', 'admin', '120.26.125.164', '添加平台分类,操作记录:');
INSERT INTO `himall_logs` VALUES ('4734', '0', 'Category/Add', '2017-02-14 11:20:05', 'admin', '120.26.125.164', '添加平台分类,操作记录:');
INSERT INTO `himall_logs` VALUES ('4735', '1', '/Product/BatchSaleOff', '2017-02-14 11:27:34', 'selleradmin', '120.26.125.164', '商家商品批量下架，Ids=710,711,712');
INSERT INTO `himall_logs` VALUES ('4736', '1', '/Product/BatchSaleOff', '2017-02-14 11:27:46', 'selleradmin', '120.26.125.164', '商家商品批量下架，Ids=706');
INSERT INTO `himall_logs` VALUES ('4737', '1', '/Product/BatchSaleOff', '2017-02-14 11:27:57', 'selleradmin', '120.26.125.164', '商家商品批量下架，Ids=715');
INSERT INTO `himall_logs` VALUES ('4738', '1', '/Product/BatchOnSale', '2017-02-14 11:30:45', 'selleradmin', '120.26.125.164', '商家商品批量上架，Ids=715,712,711,710,706');
INSERT INTO `himall_logs` VALUES ('4739', '0', 'LimitTimeBuy/AuditItem', '2017-02-14 11:45:50', 'admin', '120.26.125.164', '审核商品状态,操作记录:');
INSERT INTO `himall_logs` VALUES ('4740', '0', 'LimitTimeBuy/AuditItem', '2017-02-14 11:45:55', 'admin', '120.26.125.164', '审核商品状态,操作记录:');
INSERT INTO `himall_logs` VALUES ('4741', '0', 'LimitTimeBuy/AuditItem', '2017-02-14 11:45:59', 'admin', '120.26.125.164', '审核商品状态,操作记录:');
INSERT INTO `himall_logs` VALUES ('4742', '0', 'LimitTimeBuy/AuditItem', '2017-02-14 11:46:03', 'admin', '120.26.125.164', '审核商品状态,操作记录:');
INSERT INTO `himall_logs` VALUES ('4743', '0', 'LimitTimeBuy/AuditItem', '2017-02-14 11:46:07', 'admin', '120.26.125.164', '审核商品状态,操作记录:');
INSERT INTO `himall_logs` VALUES ('4744', '0', 'Category/Edit', '2017-02-14 14:06:39', 'admin', '120.26.125.164', '修改平台分类,操作记录:Id:1 ');
INSERT INTO `himall_logs` VALUES ('4745', '0', 'Category/Add', '2017-02-14 14:08:25', 'admin', '120.26.125.164', '添加平台分类,操作记录:');
INSERT INTO `himall_logs` VALUES ('4746', '0', 'Category/Edit', '2017-02-14 14:08:45', 'admin', '120.26.125.164', '修改平台分类,操作记录:Id:20 ');
INSERT INTO `himall_logs` VALUES ('4747', '0', 'Category/Edit', '2017-02-14 14:09:00', 'admin', '120.26.125.164', '修改平台分类,操作记录:Id:41 ');
INSERT INTO `himall_logs` VALUES ('4748', '1', '/Product/Create', '2017-02-14 14:10:56', 'selleradmin', '120.26.125.164', '商家发布商品，Id=0, 名称=资生堂洗颜专科柔澈泡沫洁面乳１２０ｇ [成功]');
INSERT INTO `himall_logs` VALUES ('4749', '0', 'Category/Add', '2017-02-14 14:11:42', 'admin', '120.26.125.164', '添加平台分类,操作记录:');
INSERT INTO `himall_logs` VALUES ('4750', '1', '/Product/Create', '2017-02-14 14:13:39', 'selleradmin', '120.26.125.164', '商家发布商品，Id=0, 名称=欧莱雅（LOREAL）男士火山岩控油清痘洁面膏100ml [成功]');
INSERT INTO `himall_logs` VALUES ('4751', '0', 'Category/Add', '2017-02-14 14:13:52', 'admin', '120.26.125.164', '添加平台分类,操作记录:');
INSERT INTO `himall_logs` VALUES ('4752', '0', 'Category/Add', '2017-02-14 14:14:05', 'admin', '120.26.125.164', '添加平台分类,操作记录:');
INSERT INTO `himall_logs` VALUES ('4753', '0', 'Category/Add', '2017-02-14 14:14:13', 'admin', '120.26.125.164', '添加平台分类,操作记录:');
INSERT INTO `himall_logs` VALUES ('4754', '0', 'Category/Add', '2017-02-14 14:14:35', 'admin', '120.26.125.164', '添加平台分类,操作记录:');
INSERT INTO `himall_logs` VALUES ('4755', '0', 'Category/Add', '2017-02-14 14:14:54', 'admin', '120.26.125.164', '添加平台分类,操作记录:');
INSERT INTO `himall_logs` VALUES ('4756', '0', 'Category/Add', '2017-02-14 14:15:12', 'admin', '120.26.125.164', '添加平台分类,操作记录:');
INSERT INTO `himall_logs` VALUES ('4757', '0', 'Category/Add', '2017-02-14 14:15:21', 'admin', '120.26.125.164', '添加平台分类,操作记录:');
INSERT INTO `himall_logs` VALUES ('4758', '0', 'Category/Add', '2017-02-14 14:15:30', 'admin', '120.26.125.164', '添加平台分类,操作记录:');
INSERT INTO `himall_logs` VALUES ('4759', '0', 'Category/Add', '2017-02-14 14:15:52', 'admin', '120.26.125.164', '添加平台分类,操作记录:');
INSERT INTO `himall_logs` VALUES ('4760', '0', 'Category/Add', '2017-02-14 14:16:00', 'admin', '120.26.125.164', '添加平台分类,操作记录:');
INSERT INTO `himall_logs` VALUES ('4761', '0', 'Category/Add', '2017-02-14 14:16:17', 'admin', '120.26.125.164', '添加平台分类,操作记录:');
INSERT INTO `himall_logs` VALUES ('4762', '0', 'Category/Add', '2017-02-14 14:16:31', 'admin', '120.26.125.164', '添加平台分类,操作记录:');
INSERT INTO `himall_logs` VALUES ('4763', '1', '/Product/Create', '2017-02-14 14:16:32', 'selleradmin', '120.26.125.164', '商家发布商品，Id=0, 名称=丝塔芙(Cetaphil)洁面乳118ml [成功]');
INSERT INTO `himall_logs` VALUES ('4764', '0', 'Category/Add', '2017-02-14 14:16:47', 'admin', '120.26.125.164', '添加平台分类,操作记录:');
INSERT INTO `himall_logs` VALUES ('4765', '0', 'Category/Add', '2017-02-14 14:17:12', 'admin', '120.26.125.164', '添加平台分类,操作记录:');
INSERT INTO `himall_logs` VALUES ('4766', '0', 'Category/Add', '2017-02-14 14:17:31', 'admin', '120.26.125.164', '添加平台分类,操作记录:');
INSERT INTO `himall_logs` VALUES ('4767', '0', 'Category/Add', '2017-02-14 14:17:47', 'admin', '120.26.125.164', '添加平台分类,操作记录:');
INSERT INTO `himall_logs` VALUES ('4768', '0', 'Category/Add', '2017-02-14 14:17:58', 'admin', '120.26.125.164', '添加平台分类,操作记录:');
INSERT INTO `himall_logs` VALUES ('4769', '0', 'Category/Add', '2017-02-14 14:18:56', 'admin', '120.26.125.164', '添加平台分类,操作记录:');
INSERT INTO `himall_logs` VALUES ('4770', '1', '/Product/Create', '2017-02-14 14:19:02', 'selleradmin', '120.26.125.164', '商家发布商品，Id=0, 名称=Clinique倩碧液体洁面皂温和型200ml [成功]');
INSERT INTO `himall_logs` VALUES ('4771', '0', 'Category/Add', '2017-02-14 14:19:34', 'admin', '120.26.125.164', '添加平台分类,操作记录:');
INSERT INTO `himall_logs` VALUES ('4772', '1', '/Product/Create', '2017-02-14 14:21:01', 'selleradmin', '120.26.125.164', '商家发布商品，Id=0, 名称=露得清深层净化洗面乳2支装100g*2 [成功]');
INSERT INTO `himall_logs` VALUES ('4773', '1', '/Product/BatchSaleOff', '2017-02-14 14:21:45', 'selleradmin', '120.26.125.164', '商家商品批量下架，Ids=718,715,712,711');
INSERT INTO `himall_logs` VALUES ('4774', '1', '/Product/BatchSaleOff', '2017-02-14 14:22:00', 'selleradmin', '120.26.125.164', '商家商品批量下架，Ids=703');
INSERT INTO `himall_logs` VALUES ('4775', '0', 'Category/Add', '2017-02-14 14:23:19', 'admin', '120.26.125.164', '添加平台分类,操作记录:');
INSERT INTO `himall_logs` VALUES ('4776', '0', 'Category/Add', '2017-02-14 14:23:34', 'admin', '120.26.125.164', '添加平台分类,操作记录:');
INSERT INTO `himall_logs` VALUES ('4777', '0', 'Category/Add', '2017-02-14 14:23:53', 'admin', '120.26.125.164', '添加平台分类,操作记录:');
INSERT INTO `himall_logs` VALUES ('4778', '0', 'Category/Add', '2017-02-14 14:24:32', 'admin', '120.26.125.164', '添加平台分类,操作记录:');
INSERT INTO `himall_logs` VALUES ('4779', '0', 'Category/Add', '2017-02-14 14:24:40', 'admin', '120.26.125.164', '添加平台分类,操作记录:');
INSERT INTO `himall_logs` VALUES ('4780', '0', 'Category/Add', '2017-02-14 14:24:52', 'admin', '120.26.125.164', '添加平台分类,操作记录:');
INSERT INTO `himall_logs` VALUES ('4781', '0', 'Category/Add', '2017-02-14 14:25:09', 'admin', '120.26.125.164', '添加平台分类,操作记录:');
INSERT INTO `himall_logs` VALUES ('4782', '0', 'Category/Add', '2017-02-14 14:25:27', 'admin', '120.26.125.164', '添加平台分类,操作记录:');
INSERT INTO `himall_logs` VALUES ('4783', '0', 'Category/Add', '2017-02-14 14:25:35', 'admin', '120.26.125.164', '添加平台分类,操作记录:');
INSERT INTO `himall_logs` VALUES ('4784', '0', 'Category/Add', '2017-02-14 14:25:51', 'admin', '120.26.125.164', '添加平台分类,操作记录:');
INSERT INTO `himall_logs` VALUES ('4785', '1', '/Product/Create', '2017-02-14 14:26:18', 'selleradmin', '120.26.125.164', '商家发布商品，Id=0, 名称=2016秋冬新款女装中长款羊毛大衣修身显瘦风衣西装格子毛呢外套女 [成功]');
INSERT INTO `himall_logs` VALUES ('4786', '0', 'Category/Add', '2017-02-14 14:26:29', 'admin', '120.26.125.164', '添加平台分类,操作记录:');
INSERT INTO `himall_logs` VALUES ('4787', '1', '/Product/Edit', '2017-02-14 14:26:31', 'selleradmin', '120.26.125.164', '商家修改商品，Id=724, 名称=2016秋冬新款女装中长款羊毛大衣修身显瘦风衣西装格子毛呢外套女 [成功]');
INSERT INTO `himall_logs` VALUES ('4788', '0', 'Category/Add', '2017-02-14 14:26:40', 'admin', '120.26.125.164', '添加平台分类,操作记录:');
INSERT INTO `himall_logs` VALUES ('4789', '0', 'Category/Add', '2017-02-14 14:26:48', 'admin', '120.26.125.164', '添加平台分类,操作记录:');
INSERT INTO `himall_logs` VALUES ('4790', '0', 'product/BatchAudit', '2017-02-14 14:27:02', 'admin', '120.26.125.164', '批量审核商品状态,操作记录:');
INSERT INTO `himall_logs` VALUES ('4791', '0', 'Category/Add', '2017-02-14 14:27:05', 'admin', '120.26.125.164', '添加平台分类,操作记录:');
INSERT INTO `himall_logs` VALUES ('4792', '1', '/Product/Delete', '2017-02-14 14:27:19', 'selleradmin', '120.26.125.164', '商家删除商品，Ids=724');
INSERT INTO `himall_logs` VALUES ('4793', '0', 'Category/Add', '2017-02-14 14:27:22', 'admin', '120.26.125.164', '添加平台分类,操作记录:');
INSERT INTO `himall_logs` VALUES ('4794', '0', 'Category/Add', '2017-02-14 14:27:32', 'admin', '120.26.125.164', '添加平台分类,操作记录:');
INSERT INTO `himall_logs` VALUES ('4795', '0', 'Category/Add', '2017-02-14 14:27:46', 'admin', '120.26.125.164', '添加平台分类,操作记录:');
INSERT INTO `himall_logs` VALUES ('4796', '0', 'Category/Add', '2017-02-14 14:27:52', 'admin', '120.26.125.164', '添加平台分类,操作记录:');
INSERT INTO `himall_logs` VALUES ('4797', '0', 'Category/Add', '2017-02-14 14:28:04', 'admin', '120.26.125.164', '添加平台分类,操作记录:');
INSERT INTO `himall_logs` VALUES ('4798', '0', 'Category/Add', '2017-02-14 14:28:11', 'admin', '120.26.125.164', '添加平台分类,操作记录:');
INSERT INTO `himall_logs` VALUES ('4799', '0', 'Category/Add', '2017-02-14 14:28:18', 'admin', '120.26.125.164', '添加平台分类,操作记录:');
INSERT INTO `himall_logs` VALUES ('4800', '0', 'Category/Add', '2017-02-14 14:28:31', 'admin', '120.26.125.164', '添加平台分类,操作记录:');
INSERT INTO `himall_logs` VALUES ('4801', '1', '/Product/Create', '2017-02-14 14:28:50', 'selleradmin', '120.26.125.164', '商家发布商品，Id=0, 名称=2016秋冬新款女装中长款羊毛大衣修身显瘦风衣西装格子毛呢外套女 [成功]');
INSERT INTO `himall_logs` VALUES ('4802', '0', 'Category/Add', '2017-02-14 14:28:51', 'admin', '120.26.125.164', '添加平台分类,操作记录:');
INSERT INTO `himall_logs` VALUES ('4803', '0', 'Category/Add', '2017-02-14 14:29:07', 'admin', '120.26.125.164', '添加平台分类,操作记录:');
INSERT INTO `himall_logs` VALUES ('4804', '0', 'Category/Add', '2017-02-14 14:29:26', 'admin', '120.26.125.164', '添加平台分类,操作记录:');
INSERT INTO `himall_logs` VALUES ('4805', '0', 'Category/Add', '2017-02-14 14:29:35', 'admin', '120.26.125.164', '添加平台分类,操作记录:');
INSERT INTO `himall_logs` VALUES ('4806', '0', 'Category/Add', '2017-02-14 14:29:54', 'admin', '120.26.125.164', '添加平台分类,操作记录:');
INSERT INTO `himall_logs` VALUES ('4807', '0', 'Category/Add', '2017-02-14 14:30:02', 'admin', '120.26.125.164', '添加平台分类,操作记录:');
INSERT INTO `himall_logs` VALUES ('4808', '0', 'Category/Add', '2017-02-14 14:30:19', 'admin', '120.26.125.164', '添加平台分类,操作记录:');
INSERT INTO `himall_logs` VALUES ('4809', '0', 'Category/Add', '2017-02-14 14:30:27', 'admin', '120.26.125.164', '添加平台分类,操作记录:');
INSERT INTO `himall_logs` VALUES ('4810', '0', 'Category/Add', '2017-02-14 14:30:33', 'admin', '120.26.125.164', '添加平台分类,操作记录:');
INSERT INTO `himall_logs` VALUES ('4811', '0', 'Category/Add', '2017-02-14 14:30:43', 'admin', '120.26.125.164', '添加平台分类,操作记录:');
INSERT INTO `himall_logs` VALUES ('4812', '0', 'Category/Add', '2017-02-14 14:30:59', 'admin', '120.26.125.164', '添加平台分类,操作记录:');
INSERT INTO `himall_logs` VALUES ('4813', '0', 'Category/Add', '2017-02-14 14:31:25', 'admin', '120.26.125.164', '添加平台分类,操作记录:');
INSERT INTO `himall_logs` VALUES ('4814', '0', 'Category/Add', '2017-02-14 14:31:32', 'admin', '120.26.125.164', '添加平台分类,操作记录:');
INSERT INTO `himall_logs` VALUES ('4815', '0', 'Category/Add', '2017-02-14 14:31:40', 'admin', '120.26.125.164', '添加平台分类,操作记录:');
INSERT INTO `himall_logs` VALUES ('4816', '0', 'Category/Add', '2017-02-14 14:31:47', 'admin', '120.26.125.164', '添加平台分类,操作记录:');
INSERT INTO `himall_logs` VALUES ('4817', '0', 'Category/Edit', '2017-02-14 14:31:55', 'admin', '120.26.125.164', '修改平台分类,操作记录:Id:101 ');
INSERT INTO `himall_logs` VALUES ('4818', '0', 'Category/Add', '2017-02-14 14:32:15', 'admin', '120.26.125.164', '添加平台分类,操作记录:');
INSERT INTO `himall_logs` VALUES ('4819', '0', 'Category/Add', '2017-02-14 14:32:24', 'admin', '120.26.125.164', '添加平台分类,操作记录:');
INSERT INTO `himall_logs` VALUES ('4820', '0', 'Category/Add', '2017-02-14 14:32:32', 'admin', '120.26.125.164', '添加平台分类,操作记录:');
INSERT INTO `himall_logs` VALUES ('4821', '1', '/Product/Create', '2017-02-14 14:32:43', 'selleradmin', '120.26.125.164', '商家发布商品，Id=0, 名称=佐露丝女装2017新款韩版麂皮毛毛绒外套女中长款秋冬保暖加绒大衣宽松风衣潮 浅灰 S [成功]');
INSERT INTO `himall_logs` VALUES ('4822', '0', 'Category/Add', '2017-02-14 14:32:54', 'admin', '120.26.125.164', '添加平台分类,操作记录:');
INSERT INTO `himall_logs` VALUES ('4823', '0', 'Category/Add', '2017-02-14 14:33:09', 'admin', '120.26.125.164', '添加平台分类,操作记录:');
INSERT INTO `himall_logs` VALUES ('4824', '0', 'Category/Add', '2017-02-14 14:33:20', 'admin', '120.26.125.164', '添加平台分类,操作记录:');
INSERT INTO `himall_logs` VALUES ('4825', '0', 'Category/Add', '2017-02-14 14:33:28', 'admin', '120.26.125.164', '添加平台分类,操作记录:');
INSERT INTO `himall_logs` VALUES ('4826', '0', 'Category/Add', '2017-02-14 14:33:34', 'admin', '120.26.125.164', '添加平台分类,操作记录:');
INSERT INTO `himall_logs` VALUES ('4827', '0', 'Category/Add', '2017-02-14 14:33:43', 'admin', '120.26.125.164', '添加平台分类,操作记录:');
INSERT INTO `himall_logs` VALUES ('4828', '0', 'Category/Add', '2017-02-14 14:33:51', 'admin', '120.26.125.164', '添加平台分类,操作记录:');
INSERT INTO `himall_logs` VALUES ('4829', '0', 'Category/Add', '2017-02-14 14:34:15', 'admin', '120.26.125.164', '添加平台分类,操作记录:');
INSERT INTO `himall_logs` VALUES ('4830', '0', 'Category/Add', '2017-02-14 14:34:22', 'admin', '120.26.125.164', '添加平台分类,操作记录:');
INSERT INTO `himall_logs` VALUES ('4831', '0', 'Category/Add', '2017-02-14 14:34:40', 'admin', '120.26.125.164', '添加平台分类,操作记录:');
INSERT INTO `himall_logs` VALUES ('4832', '0', 'Category/Add', '2017-02-14 14:34:48', 'admin', '120.26.125.164', '添加平台分类,操作记录:');
INSERT INTO `himall_logs` VALUES ('4833', '1', '/Product/Create', '2017-02-14 14:34:50', 'selleradmin', '120.26.125.164', '商家发布商品，Id=0, 名称=秀族 2016秋装新款韩版毛呢外套女装宽松粉色大衣中长款 [成功]');
INSERT INTO `himall_logs` VALUES ('4834', '0', 'Category/Add', '2017-02-14 14:35:10', 'admin', '120.26.125.164', '添加平台分类,操作记录:');
INSERT INTO `himall_logs` VALUES ('4835', '0', 'Category/Add', '2017-02-14 14:35:27', 'admin', '120.26.125.164', '添加平台分类,操作记录:');
INSERT INTO `himall_logs` VALUES ('4836', '0', 'Category/Add', '2017-02-14 14:35:34', 'admin', '120.26.125.164', '添加平台分类,操作记录:');
INSERT INTO `himall_logs` VALUES ('4837', '0', 'Category/Add', '2017-02-14 14:35:42', 'admin', '120.26.125.164', '添加平台分类,操作记录:');
INSERT INTO `himall_logs` VALUES ('4838', '0', 'Category/Add', '2017-02-14 14:35:48', 'admin', '120.26.125.164', '添加平台分类,操作记录:');
INSERT INTO `himall_logs` VALUES ('4839', '0', 'Category/Add', '2017-02-14 14:36:02', 'admin', '120.26.125.164', '添加平台分类,操作记录:');
INSERT INTO `himall_logs` VALUES ('4840', '0', 'Category/Add', '2017-02-14 14:36:39', 'admin', '120.26.125.164', '添加平台分类,操作记录:');
INSERT INTO `himall_logs` VALUES ('4841', '0', 'Category/Add', '2017-02-14 14:36:47', 'admin', '120.26.125.164', '添加平台分类,操作记录:');
INSERT INTO `himall_logs` VALUES ('4842', '0', 'Category/Add', '2017-02-14 14:37:03', 'admin', '120.26.125.164', '添加平台分类,操作记录:');
INSERT INTO `himall_logs` VALUES ('4843', '1', '/Product/Create', '2017-02-14 14:37:13', 'selleradmin', '120.26.125.164', '商家发布商品，Id=0, 名称=米兰茵韩版茧型加棉羊毛呢子外套中长款宽松加厚羊绒大衣女装 [成功]');
INSERT INTO `himall_logs` VALUES ('4844', '0', 'Category/Add', '2017-02-14 14:37:30', 'admin', '120.26.125.164', '添加平台分类,操作记录:');
INSERT INTO `himall_logs` VALUES ('4845', '0', 'Category/Add', '2017-02-14 14:37:45', 'admin', '120.26.125.164', '添加平台分类,操作记录:');
INSERT INTO `himall_logs` VALUES ('4846', '0', 'Category/Add', '2017-02-14 14:37:55', 'admin', '120.26.125.164', '添加平台分类,操作记录:');
INSERT INTO `himall_logs` VALUES ('4847', '0', 'Category/Add', '2017-02-14 14:38:18', 'admin', '120.26.125.164', '添加平台分类,操作记录:');
INSERT INTO `himall_logs` VALUES ('4848', '0', 'Category/Add', '2017-02-14 14:38:45', 'admin', '120.26.125.164', '添加平台分类,操作记录:');
INSERT INTO `himall_logs` VALUES ('4849', '0', 'Category/Add', '2017-02-14 14:39:05', 'admin', '120.26.125.164', '添加平台分类,操作记录:');
INSERT INTO `himall_logs` VALUES ('4850', '0', 'Category/Add', '2017-02-14 14:39:14', 'admin', '120.26.125.164', '添加平台分类,操作记录:');
INSERT INTO `himall_logs` VALUES ('4851', '0', 'Category/Add', '2017-02-14 14:42:10', 'admin', '120.26.125.164', '添加平台分类,操作记录:');
INSERT INTO `himall_logs` VALUES ('4852', '0', 'Category/Add', '2017-02-14 14:42:24', 'admin', '120.26.125.164', '添加平台分类,操作记录:');
INSERT INTO `himall_logs` VALUES ('4853', '1', '/Product/Create', '2017-02-14 14:42:57', 'selleradmin', '120.26.125.164', '商家发布商品，Id=0, 名称=2017秋冬加厚韩国韩范宽松中长款毛呢外套显瘦纯色大翻领 [成功]');
INSERT INTO `himall_logs` VALUES ('4854', '0', 'Category/Add', '2017-02-14 14:43:19', 'admin', '120.26.125.164', '添加平台分类,操作记录:');
INSERT INTO `himall_logs` VALUES ('4855', '0', 'Category/Add', '2017-02-14 14:43:28', 'admin', '120.26.125.164', '添加平台分类,操作记录:');
INSERT INTO `himall_logs` VALUES ('4856', '1', '/Product/Create', '2017-02-14 14:44:05', 'selleradmin', '120.26.125.164', '商家发布商品，Id=0, 名称=2017秋冬加厚韩国韩范宽松中长款毛呢外套显瘦纯色大翻领 [成功]');
INSERT INTO `himall_logs` VALUES ('4857', '0', 'Category/Add', '2017-02-14 14:44:19', 'admin', '120.26.125.164', '添加平台分类,操作记录:');
INSERT INTO `himall_logs` VALUES ('4858', '0', 'Category/Add', '2017-02-14 14:44:26', 'admin', '120.26.125.164', '添加平台分类,操作记录:');
INSERT INTO `himall_logs` VALUES ('4859', '1', '/Product/Delete', '2017-02-14 14:44:29', 'selleradmin', '120.26.125.164', '商家删除商品，Ids=729');
INSERT INTO `himall_logs` VALUES ('4860', '0', 'Category/Add', '2017-02-14 14:44:38', 'admin', '120.26.125.164', '添加平台分类,操作记录:');
INSERT INTO `himall_logs` VALUES ('4861', '0', 'Category/Add', '2017-02-14 14:44:45', 'admin', '120.26.125.164', '添加平台分类,操作记录:');
INSERT INTO `himall_logs` VALUES ('4862', '0', 'Category/Add', '2017-02-14 14:44:51', 'admin', '120.26.125.164', '添加平台分类,操作记录:');
INSERT INTO `himall_logs` VALUES ('4863', '0', 'Category/Add', '2017-02-14 14:45:24', 'admin', '120.26.125.164', '添加平台分类,操作记录:');
INSERT INTO `himall_logs` VALUES ('4864', '0', 'Category/Add', '2017-02-14 14:45:41', 'admin', '120.26.125.164', '添加平台分类,操作记录:');
INSERT INTO `himall_logs` VALUES ('4865', '0', 'Category/Add', '2017-02-14 14:46:13', 'admin', '120.26.125.164', '添加平台分类,操作记录:');
INSERT INTO `himall_logs` VALUES ('4866', '0', 'Category/Add', '2017-02-14 14:46:21', 'admin', '120.26.125.164', '添加平台分类,操作记录:');
INSERT INTO `himall_logs` VALUES ('4867', '0', 'Category/Add', '2017-02-14 14:46:41', 'admin', '120.26.125.164', '添加平台分类,操作记录:');
INSERT INTO `himall_logs` VALUES ('4868', '0', 'Category/Add', '2017-02-14 14:46:51', 'admin', '120.26.125.164', '添加平台分类,操作记录:');
INSERT INTO `himall_logs` VALUES ('4869', '0', 'Category/Add', '2017-02-14 14:46:58', 'admin', '120.26.125.164', '添加平台分类,操作记录:');
INSERT INTO `himall_logs` VALUES ('4870', '0', 'Category/Add', '2017-02-14 14:47:05', 'admin', '120.26.125.164', '添加平台分类,操作记录:');
INSERT INTO `himall_logs` VALUES ('4871', '0', 'Category/Add', '2017-02-14 14:47:20', 'admin', '120.26.125.164', '添加平台分类,操作记录:');
INSERT INTO `himall_logs` VALUES ('4872', '0', 'Category/Add', '2017-02-14 14:47:28', 'admin', '120.26.125.164', '添加平台分类,操作记录:');
INSERT INTO `himall_logs` VALUES ('4873', '0', 'product/BatchAudit', '2017-02-14 14:48:58', 'admin', '120.26.125.164', '批量审核商品状态,操作记录:');
INSERT INTO `himall_logs` VALUES ('4874', '0', 'ProductType/SaveModel', '2017-02-14 14:49:41', 'admin', '120.26.125.164', '修改平台类目,操作记录:id:0 ');
INSERT INTO `himall_logs` VALUES ('4875', '0', 'ProductType/SaveModel', '2017-02-14 14:49:48', 'admin', '120.26.125.164', '修改平台类目,操作记录:id:0 ');
INSERT INTO `himall_logs` VALUES ('4876', '0', 'Category/Add', '2017-02-14 14:50:07', 'admin', '120.26.125.164', '添加平台分类,操作记录:');
INSERT INTO `himall_logs` VALUES ('4877', '0', 'Category/Add', '2017-02-14 14:50:15', 'admin', '120.26.125.164', '添加平台分类,操作记录:');
INSERT INTO `himall_logs` VALUES ('4878', '0', 'Category/Edit', '2017-02-14 14:57:48', 'admin', '120.26.125.164', '修改平台分类,操作记录:Id:8 ');
INSERT INTO `himall_logs` VALUES ('4879', '0', 'Category/Edit', '2017-02-14 14:58:06', 'admin', '120.26.125.164', '修改平台分类,操作记录:Id:1 ');
INSERT INTO `himall_logs` VALUES ('4880', '0', 'Category/Edit', '2017-02-14 14:58:35', 'admin', '120.26.125.164', '修改平台分类,操作记录:Id:20 ');
INSERT INTO `himall_logs` VALUES ('4881', '0', 'Category/Edit', '2017-02-14 14:59:05', 'admin', '120.26.125.164', '修改平台分类,操作记录:Id:39 ');
INSERT INTO `himall_logs` VALUES ('4882', '0', 'Category/Edit', '2017-02-14 14:59:26', 'admin', '120.26.125.164', '修改平台分类,操作记录:Id:40 ');
INSERT INTO `himall_logs` VALUES ('4883', '0', 'Category/Edit', '2017-02-14 14:59:34', 'admin', '120.26.125.164', '修改平台分类,操作记录:Id:41 ');
INSERT INTO `himall_logs` VALUES ('4884', '0', 'Category/Edit', '2017-02-14 14:59:50', 'admin', '120.26.125.164', '修改平台分类,操作记录:Id:42 ');
INSERT INTO `himall_logs` VALUES ('4885', '0', 'Category/Edit', '2017-02-14 14:59:59', 'admin', '120.26.125.164', '修改平台分类,操作记录:Id:44 ');
INSERT INTO `himall_logs` VALUES ('4886', '0', 'Category/Edit', '2017-02-14 15:00:09', 'admin', '120.26.125.164', '修改平台分类,操作记录:Id:43 ');
INSERT INTO `himall_logs` VALUES ('4887', '0', 'Category/Edit', '2017-02-14 15:00:27', 'admin', '120.26.125.164', '修改平台分类,操作记录:Id:45 ');
INSERT INTO `himall_logs` VALUES ('4888', '0', 'Category/Edit', '2017-02-14 15:00:39', 'admin', '120.26.125.164', '修改平台分类,操作记录:Id:151 ');
INSERT INTO `himall_logs` VALUES ('4889', '0', 'Category/Edit', '2017-02-14 15:00:45', 'admin', '120.26.125.164', '修改平台分类,操作记录:Id:152 ');
INSERT INTO `himall_logs` VALUES ('4890', '0', 'Category/Edit', '2017-02-14 15:01:09', 'admin', '120.26.125.164', '修改平台分类,操作记录:Id:24 ');
INSERT INTO `himall_logs` VALUES ('4891', '0', 'Category/Edit', '2017-02-14 15:01:27', 'admin', '120.26.125.164', '修改平台分类,操作记录:Id:17 ');
INSERT INTO `himall_logs` VALUES ('4892', '0', 'Category/Edit', '2017-02-14 15:01:37', 'admin', '120.26.125.164', '修改平台分类,操作记录:Id:25 ');
INSERT INTO `himall_logs` VALUES ('4893', '0', 'Category/Edit', '2017-02-14 15:01:56', 'admin', '120.26.125.164', '修改平台分类,操作记录:Id:14 ');
INSERT INTO `himall_logs` VALUES ('4894', '0', 'LimitTimeBuy/AuditItem', '2017-02-14 15:09:29', 'admin', '120.26.125.164', '审核商品状态,操作记录:');
INSERT INTO `himall_logs` VALUES ('4895', '1', '/Product/Create', '2017-02-14 15:32:56', 'selleradmin', '120.26.125.164', '商家发布商品，Id=0, 名称=蔓斯菲尔 设计师椅 简约时尚休闲塑料椅 创意电脑椅子 办公餐椅 会议椅 [成功]');
INSERT INTO `himall_logs` VALUES ('4896', '0', 'product/BatchAudit', '2017-02-14 15:33:10', 'admin', '120.26.125.164', '批量审核商品状态,操作记录:');
INSERT INTO `himall_logs` VALUES ('4897', '1', '/Product/Create', '2017-02-14 15:37:47', 'selleradmin', '120.26.125.164', '商家发布商品，Id=0, 名称=全实木电脑桌书桌办公桌 [成功]');
INSERT INTO `himall_logs` VALUES ('4898', '0', 'product/BatchAudit', '2017-02-14 15:37:54', 'admin', '120.26.125.164', '批量审核商品状态,操作记录:');
INSERT INTO `himall_logs` VALUES ('4899', '1', '/Product/Create', '2017-02-14 15:44:53', 'selleradmin', '120.26.125.164', '商家发布商品，Id=0, 名称=丹麦依诺维绅 功能沙发床 时尚沙发 书房必用 小鸟 [成功]');
INSERT INTO `himall_logs` VALUES ('4900', '0', 'product/BatchAudit', '2017-02-14 15:45:18', 'admin', '120.26.125.164', '批量审核商品状态,操作记录:');
INSERT INTO `himall_logs` VALUES ('4901', '0', 'LimitTimeBuy/AuditItem', '2017-02-14 15:53:12', 'admin', '120.26.125.164', '审核商品状态,操作记录:');
INSERT INTO `himall_logs` VALUES ('4902', '1', '/Product/Create', '2017-02-14 15:54:22', 'selleradmin', '120.26.125.164', '商家发布商品，Id=0, 名称=原色木质简约现代艺术 家居配饰 软装配饰 可调光 木制DIY蘑菇台灯 [成功]');
INSERT INTO `himall_logs` VALUES ('4903', '0', 'product/BatchAudit', '2017-02-14 15:54:30', 'admin', '120.26.125.164', '批量审核商品状态,操作记录:');
INSERT INTO `himall_logs` VALUES ('4904', '1', '/Product/Create', '2017-02-14 15:59:54', 'selleradmin', '120.26.125.164', '商家发布商品，Id=0, 名称=惠宝隆无铅水晶红酒醒酒器蜗牛形干红葡萄酒醒酒壶分酒器500ml [成功]');
INSERT INTO `himall_logs` VALUES ('4905', '0', 'product/BatchAudit', '2017-02-14 16:00:01', 'admin', '120.26.125.164', '批量审核商品状态,操作记录:');
INSERT INTO `himall_logs` VALUES ('4906', '0', 'LimitTimeBuy/AuditItem', '2017-02-14 16:02:08', 'admin', '120.26.125.164', '审核商品状态,操作记录:');
INSERT INTO `himall_logs` VALUES ('4907', '0', 'LimitTimeBuy/AuditItem', '2017-02-14 16:02:13', 'admin', '120.26.125.164', '审核商品状态,操作记录:');
INSERT INTO `himall_logs` VALUES ('4908', '0', 'LimitTimeBuy/AuditItem', '2017-02-14 16:03:53', 'admin', '120.26.125.164', '审核商品状态,操作记录:');
INSERT INTO `himall_logs` VALUES ('4909', '0', 'LimitTimeBuy/AuditItem', '2017-02-14 16:04:55', 'admin', '120.26.125.164', '审核商品状态,操作记录:');
INSERT INTO `himall_logs` VALUES ('4910', '0', 'LimitTimeBuy/AuditItem', '2017-02-14 16:06:05', 'admin', '120.26.125.164', '审核商品状态,操作记录:');
INSERT INTO `himall_logs` VALUES ('4911', '0', 'LimitTimeBuy/AuditItem', '2017-02-14 16:06:46', 'admin', '120.26.125.164', '审核商品状态,操作记录:');
INSERT INTO `himall_logs` VALUES ('4912', '0', 'LimitTimeBuy/AuditItem', '2017-02-14 16:07:54', 'admin', '120.26.125.164', '审核商品状态,操作记录:');
INSERT INTO `himall_logs` VALUES ('4913', '0', 'LimitTimeBuy/AuditItem', '2017-02-14 16:08:04', 'admin', '120.26.125.164', '审核商品状态,操作记录:');
INSERT INTO `himall_logs` VALUES ('4914', '1', '/Product/Create', '2017-02-14 16:11:42', 'selleradmin', '120.26.125.164', '商家发布商品，Id=0, 名称=妮维雅男士水活多效洁面乳100g [成功]');
INSERT INTO `himall_logs` VALUES ('4915', '1', '/Product/Create', '2017-02-14 16:13:14', 'selleradmin', '120.26.125.164', '商家发布商品，Id=0, 名称=怡鲜来 法国新鲜冷冻银鳕鱼中段 200g 进口海鲜水产 深海野生鳕鱼 [成功]');
INSERT INTO `himall_logs` VALUES ('4916', '1', '/Product/Create', '2017-02-14 16:14:19', 'selleradmin', '120.26.125.164', '商家发布商品，Id=0, 名称=妮维雅男士水活畅透精华洁面液150ml [成功]');
INSERT INTO `himall_logs` VALUES ('4917', '0', 'Category/Add', '2017-02-14 16:15:28', 'admin', '120.26.125.164', '添加平台分类,操作记录:');
INSERT INTO `himall_logs` VALUES ('4918', '0', 'Category/Add', '2017-02-14 16:16:00', 'admin', '120.26.125.164', '添加平台分类,操作记录:');
INSERT INTO `himall_logs` VALUES ('4919', '1', '/Product/Create', '2017-02-14 16:17:33', 'selleradmin', '120.26.125.164', '商家发布商品，Id=0, 名称=联想（Lenovo）Y50p-70 15.6英寸游戏笔记本电脑（I5-4210H 1T GTX960M升级版 ） [成功]');
INSERT INTO `himall_logs` VALUES ('4920', '1', '/Product/Create', '2017-02-14 16:18:19', 'selleradmin', '120.26.125.164', '商家发布商品，Id=0, 名称=红霞草莓 3斤 单果20-30克 新鲜水果 SG [成功]');
INSERT INTO `himall_logs` VALUES ('4921', '1', '/Product/Create', '2017-02-14 16:20:06', 'selleradmin', '120.26.125.164', '商家发布商品，Id=0, 名称=华硕（ASUS）FX50VX 15.6英寸游戏本（I7-6700 8G 1T GTX950M 2GB Win10 黑红） [成功]');
INSERT INTO `himall_logs` VALUES ('4922', '1', '/Product/Edit', '2017-02-14 16:20:26', 'selleradmin', '120.26.125.164', '商家修改商品，Id=736, 名称=妮维雅男士水活多效洁面乳100g [成功]');
INSERT INTO `himall_logs` VALUES ('4923', '0', 'product/BatchAudit', '2017-02-14 16:20:36', 'admin', '120.26.125.164', '批量审核商品状态,操作记录:');
INSERT INTO `himall_logs` VALUES ('4924', '1', '/Product/Create', '2017-02-14 16:21:09', 'selleradmin', '120.26.125.164', '商家发布商品，Id=0, 名称=怡鲜来 阿根廷红虾2000g 4斤/盒 大号L2级 40-60尾 [成功]');
INSERT INTO `himall_logs` VALUES ('4925', '0', 'LimitTimeBuy/AuditItem', '2017-02-14 16:21:29', 'admin', '120.26.125.164', '审核商品状态,操作记录:');
INSERT INTO `himall_logs` VALUES ('4926', '0', 'LimitTimeBuy/AuditItem', '2017-02-14 16:21:33', 'admin', '120.26.125.164', '审核商品状态,操作记录:');
INSERT INTO `himall_logs` VALUES ('4927', '0', 'Category/Add', '2017-02-14 16:24:24', 'admin', '120.26.125.164', '添加平台分类,操作记录:');
INSERT INTO `himall_logs` VALUES ('4928', '0', 'Category/Add', '2017-02-14 16:24:54', 'admin', '120.26.125.164', '添加平台分类,操作记录:');
INSERT INTO `himall_logs` VALUES ('4929', '1', '/Product/Create', '2017-02-14 16:27:55', 'selleradmin', '120.26.125.164', '商家发布商品，Id=0, 名称=勇艺达小勇机器人Y50B 太空银 家庭陪伴 启智教育 声控智能家居 视频监控 [成功]');
INSERT INTO `himall_logs` VALUES ('4930', '0', 'product/BatchAudit', '2017-02-14 16:34:01', 'admin', '120.26.125.164', '批量审核商品状态,操作记录:');
INSERT INTO `himall_logs` VALUES ('4931', '0', 'product/BatchAudit', '2017-02-14 16:34:04', 'admin', '120.26.125.164', '批量审核商品状态,操作记录:');
INSERT INTO `himall_logs` VALUES ('4932', '0', 'product/BatchAudit', '2017-02-14 16:34:09', 'admin', '120.26.125.164', '批量审核商品状态,操作记录:');
INSERT INTO `himall_logs` VALUES ('4933', '0', 'product/BatchAudit', '2017-02-14 16:34:14', 'admin', '120.26.125.164', '批量审核商品状态,操作记录:');
INSERT INTO `himall_logs` VALUES ('4934', '0', 'product/BatchAudit', '2017-02-14 16:34:17', 'admin', '120.26.125.164', '批量审核商品状态,操作记录:');
INSERT INTO `himall_logs` VALUES ('4935', '0', 'product/BatchAudit', '2017-02-14 16:34:21', 'admin', '120.26.125.164', '批量审核商品状态,操作记录:');
INSERT INTO `himall_logs` VALUES ('4936', '0', 'product/BatchAudit', '2017-02-14 16:34:25', 'admin', '120.26.125.164', '批量审核商品状态,操作记录:');
INSERT INTO `himall_logs` VALUES ('4937', '0', 'Category/Add', '2017-02-14 16:34:26', 'admin', '120.26.125.164', '添加平台分类,操作记录:');
INSERT INTO `himall_logs` VALUES ('4938', '0', 'product/BatchAudit', '2017-02-14 16:34:27', 'admin', '120.26.125.164', '批量审核商品状态,操作记录:');
INSERT INTO `himall_logs` VALUES ('4939', '0', 'product/BatchAudit', '2017-02-14 16:34:30', 'admin', '120.26.125.164', '批量审核商品状态,操作记录:');
INSERT INTO `himall_logs` VALUES ('4940', '1', '/Product/Create', '2017-02-14 16:37:01', 'selleradmin', '120.26.125.164', '商家发布商品，Id=0, 名称=SK-II 神仙水sk2护肤精华露 160ml [成功]');
INSERT INTO `himall_logs` VALUES ('4941', '1', '/Product/Create', '2017-02-14 16:42:45', 'selleradmin', '120.26.125.164', '商家发布商品，Id=0, 名称=新西兰蔓越莓蜂蜜480g 进口蜂蜜选新西兰蜂蜜品牌 NatureBeing [成功]');
INSERT INTO `himall_logs` VALUES ('4942', '0', 'product/BatchAudit', '2017-02-14 17:25:44', 'admin', '120.26.125.164', '批量审核商品状态,操作记录:');
INSERT INTO `himall_logs` VALUES ('4943', '0', 'product/BatchAudit', '2017-02-14 17:25:48', 'admin', '120.26.125.164', '批量审核商品状态,操作记录:');
INSERT INTO `himall_logs` VALUES ('4944', '1', '/Product/Edit', '2017-02-15 11:20:08', 'selleradmin', '222.240.184.122', '商家修改商品，Id=742, 名称=怡鲜来 阿根廷红虾2000g 4斤/盒 大号L2级 40-60尾 [成功]');
INSERT INTO `himall_logs` VALUES ('4945', '0', '/Shop/Auditing/306', '2017-02-15 11:20:49', 'himalldemouser', '218.247.15.226', '开店审核页面，店铺Id=306,状态为：Open, 说明是：');
INSERT INTO `himall_logs` VALUES ('4946', '0', 'product/BatchAudit', '2017-02-15 11:20:58', 'admin', '222.240.184.122', '批量审核商品状态,操作记录:');
INSERT INTO `himall_logs` VALUES ('4947', '0', 'Brand/Edit', '2017-02-15 14:53:53', 'admin', '222.240.184.122', '编辑品牌,操作记录:');
INSERT INTO `himall_logs` VALUES ('4948', '0', 'Brand/Edit', '2017-02-15 15:07:04', 'admin', '222.240.184.122', '编辑品牌,操作记录:');
INSERT INTO `himall_logs` VALUES ('4949', '0', 'Brand/Edit', '2017-02-15 15:07:12', 'admin', '222.240.184.122', '编辑品牌,操作记录:');
INSERT INTO `himall_logs` VALUES ('4950', '0', 'Brand/Edit', '2017-02-15 15:07:20', 'admin', '222.240.184.122', '编辑品牌,操作记录:');
INSERT INTO `himall_logs` VALUES ('4951', '0', 'Brand/Edit', '2017-02-15 15:07:39', 'admin', '222.240.184.122', '编辑品牌,操作记录:');
INSERT INTO `himall_logs` VALUES ('4952', '0', 'Brand/Edit', '2017-02-15 15:07:47', 'admin', '222.240.184.122', '编辑品牌,操作记录:');
INSERT INTO `himall_logs` VALUES ('4953', '0', 'Brand/Edit', '2017-02-15 15:07:54', 'admin', '222.240.184.122', '编辑品牌,操作记录:');
INSERT INTO `himall_logs` VALUES ('4954', '0', 'Brand/Edit', '2017-02-15 15:08:01', 'admin', '222.240.184.122', '编辑品牌,操作记录:');
INSERT INTO `himall_logs` VALUES ('4955', '0', 'Brand/Edit', '2017-02-15 15:08:21', 'admin', '222.240.184.122', '编辑品牌,操作记录:');
INSERT INTO `himall_logs` VALUES ('4956', '0', 'Brand/Edit', '2017-02-15 15:08:29', 'admin', '222.240.184.122', '编辑品牌,操作记录:');
INSERT INTO `himall_logs` VALUES ('4957', '0', 'Brand/Edit', '2017-02-15 15:08:36', 'admin', '222.240.184.122', '编辑品牌,操作记录:');
INSERT INTO `himall_logs` VALUES ('4958', '0', 'Brand/Edit', '2017-02-15 15:08:47', 'admin', '222.240.184.122', '编辑品牌,操作记录:');
INSERT INTO `himall_logs` VALUES ('4959', '0', 'Brand/Edit', '2017-02-15 15:09:48', 'admin', '222.240.184.122', '编辑品牌,操作记录:');
INSERT INTO `himall_logs` VALUES ('4960', '0', 'Brand/Edit', '2017-02-15 15:09:56', 'admin', '222.240.184.122', '编辑品牌,操作记录:');
INSERT INTO `himall_logs` VALUES ('4961', '0', 'Brand/Edit', '2017-02-15 15:10:04', 'admin', '222.240.184.122', '编辑品牌,操作记录:');
INSERT INTO `himall_logs` VALUES ('4962', '0', 'Brand/Edit', '2017-02-15 15:10:12', 'admin', '222.240.184.122', '编辑品牌,操作记录:');
INSERT INTO `himall_logs` VALUES ('4963', '0', 'Brand/Edit', '2017-02-15 15:10:19', 'admin', '222.240.184.122', '编辑品牌,操作记录:');
INSERT INTO `himall_logs` VALUES ('4964', '0', 'Brand/Edit', '2017-02-15 15:10:37', 'admin', '222.240.184.122', '编辑品牌,操作记录:');
INSERT INTO `himall_logs` VALUES ('4965', '0', 'Brand/Edit', '2017-02-15 15:10:44', 'admin', '222.240.184.122', '编辑品牌,操作记录:');
INSERT INTO `himall_logs` VALUES ('4966', '0', 'Brand/Edit', '2017-02-15 15:10:53', 'admin', '222.240.184.122', '编辑品牌,操作记录:');
INSERT INTO `himall_logs` VALUES ('4967', '0', 'Brand/Edit', '2017-02-15 15:11:01', 'admin', '222.240.184.122', '编辑品牌,操作记录:');
INSERT INTO `himall_logs` VALUES ('4968', '0', 'Brand/Edit', '2017-02-15 15:11:10', 'admin', '222.240.184.122', '编辑品牌,操作记录:');
INSERT INTO `himall_logs` VALUES ('4969', '0', 'Brand/Edit', '2017-02-15 15:11:19', 'admin', '222.240.184.122', '编辑品牌,操作记录:');
INSERT INTO `himall_logs` VALUES ('4970', '0', 'Brand/Edit', '2017-02-15 15:11:28', 'admin', '222.240.184.122', '编辑品牌,操作记录:');
INSERT INTO `himall_logs` VALUES ('4971', '0', 'Brand/Edit', '2017-02-15 15:11:37', 'admin', '222.240.184.122', '编辑品牌,操作记录:');
INSERT INTO `himall_logs` VALUES ('4972', '0', 'Brand/Edit', '2017-02-15 15:11:46', 'admin', '222.240.184.122', '编辑品牌,操作记录:');
INSERT INTO `himall_logs` VALUES ('4973', '0', 'Brand/Edit', '2017-02-15 15:11:55', 'admin', '222.240.184.122', '编辑品牌,操作记录:');
INSERT INTO `himall_logs` VALUES ('4974', '0', 'Brand/Edit', '2017-02-15 15:12:55', 'admin', '222.240.184.122', '编辑品牌,操作记录:');
INSERT INTO `himall_logs` VALUES ('4975', '0', 'Brand/Edit', '2017-02-15 15:13:05', 'admin', '222.240.184.122', '编辑品牌,操作记录:');
INSERT INTO `himall_logs` VALUES ('4976', '0', 'Brand/Edit', '2017-02-15 15:13:17', 'admin', '222.240.184.122', '编辑品牌,操作记录:');
INSERT INTO `himall_logs` VALUES ('4977', '0', 'Brand/Edit', '2017-02-15 15:13:28', 'admin', '222.240.184.122', '编辑品牌,操作记录:');
INSERT INTO `himall_logs` VALUES ('4978', '0', 'Brand/Edit', '2017-02-15 15:13:41', 'admin', '222.240.184.122', '编辑品牌,操作记录:');
INSERT INTO `himall_logs` VALUES ('4979', '0', 'Brand/Edit', '2017-02-15 15:13:51', 'admin', '222.240.184.122', '编辑品牌,操作记录:');
INSERT INTO `himall_logs` VALUES ('4980', '0', 'Brand/Edit', '2017-02-15 15:14:00', 'admin', '222.240.184.122', '编辑品牌,操作记录:');
INSERT INTO `himall_logs` VALUES ('4981', '1', 'Manager/Add', '2017-02-15 17:15:05', 'selleradmin', '222.240.184.122', '添加卖家子帐号,操作记录:');
INSERT INTO `himall_logs` VALUES ('4982', '1', 'Manager/Change', '2017-02-15 17:16:35', 'selleradmin', '222.240.184.122', '修改商家管理员,操作记录:');
INSERT INTO `himall_logs` VALUES ('4983', '0', 'ProductType/SaveModel', '2017-02-16 11:00:45', 'admin', '222.240.184.122', '修改平台类目,操作记录:id:88 ');
INSERT INTO `himall_logs` VALUES ('4984', '1', '/Product/Edit', '2017-02-16 11:04:44', 'selleradmin', '222.240.184.122', '商家修改商品，Id=731, 名称=蔓斯菲尔 设计师椅 简约时尚休闲塑料椅 创意电脑椅子 办公餐椅 会议椅 [成功]');
INSERT INTO `himall_logs` VALUES ('4985', '1', '/Product/Edit', '2017-02-16 11:05:53', 'selleradmin', '222.240.184.122', '商家修改商品，Id=731, 名称=蔓斯菲尔 设计师椅 简约时尚休闲塑料椅 创意电脑椅子 办公餐椅 会议椅 [成功]');
INSERT INTO `himall_logs` VALUES ('4986', '1', '/Product/Edit', '2017-02-16 11:06:55', 'selleradmin', '222.240.184.122', '商家修改商品，Id=731, 名称=蔓斯菲尔 设计师椅 简约时尚休闲塑料椅 创意电脑椅子 办公餐椅 会议椅 [成功]');
INSERT INTO `himall_logs` VALUES ('4987', '0', 'product/BatchAudit', '2017-02-16 11:07:33', 'admin', '222.240.184.122', '批量审核商品状态,操作记录:');
INSERT INTO `himall_logs` VALUES ('4988', '0', 'ProductType/SaveModel', '2017-02-16 11:11:06', 'admin', '222.240.184.122', '修改平台类目,操作记录:id:88 ');
INSERT INTO `himall_logs` VALUES ('4989', '1', '/Product/Edit', '2017-02-16 11:12:11', 'selleradmin', '222.240.184.122', '商家修改商品，Id=732, 名称=全实木电脑桌书桌办公桌 [成功]');
INSERT INTO `himall_logs` VALUES ('4990', '0', 'product/BatchAudit', '2017-02-16 11:12:22', 'admin', '222.240.184.122', '批量审核商品状态,操作记录:');
INSERT INTO `himall_logs` VALUES ('4991', '1', '/Product/Create', '2017-02-16 11:24:44', 'selleradmin', '222.240.184.122', '商家发布商品，Id=0, 名称=棉麻布艺禅修加厚加大榻榻米地板圆形坐垫飘窗禅修瑜伽打坐垫55CM [成功]');
INSERT INTO `himall_logs` VALUES ('4992', '0', 'product/BatchAudit', '2017-02-16 11:24:55', 'admin', '222.240.184.122', '批量审核商品状态,操作记录:');
INSERT INTO `himall_logs` VALUES ('4993', '0', 'Gift/Edit', '2017-02-16 11:27:40', 'admin', '222.240.184.122', '操作礼品信息,操作记录:');
INSERT INTO `himall_logs` VALUES ('4994', '0', 'Gift/Edit', '2017-02-16 11:31:05', 'admin', '222.240.184.122', '操作礼品信息,操作记录:');
INSERT INTO `himall_logs` VALUES ('4995', '0', 'Gift/Edit', '2017-02-16 11:34:29', 'admin', '222.240.184.122', '操作礼品信息,操作记录:');
INSERT INTO `himall_logs` VALUES ('4996', '1', '/Product/Create', '2017-02-16 11:35:03', 'selleradmin', '222.240.184.122', '商家发布商品，Id=0, 名称=北欧全实木床 简约美式实木北欧家具套装 [成功]');
INSERT INTO `himall_logs` VALUES ('4997', '0', 'product/BatchAudit', '2017-02-16 11:35:10', 'admin', '222.240.184.122', '批量审核商品状态,操作记录:');
INSERT INTO `himall_logs` VALUES ('4998', '0', 'Gift/Edit', '2017-02-16 11:36:13', 'admin', '222.240.184.122', '操作礼品信息,操作记录:');
INSERT INTO `himall_logs` VALUES ('4999', '0', 'Gift/Edit', '2017-02-16 11:38:23', 'admin', '222.240.184.122', '操作礼品信息,操作记录:');
INSERT INTO `himall_logs` VALUES ('5000', '0', 'Gift/Edit', '2017-02-16 11:38:30', 'admin', '222.240.184.122', '操作礼品信息,操作记录:');
INSERT INTO `himall_logs` VALUES ('5001', '0', 'Gift/Edit', '2017-02-16 11:40:50', 'admin', '222.240.184.122', '操作礼品信息,操作记录:');
INSERT INTO `himall_logs` VALUES ('5002', '0', 'Gift/Edit', '2017-02-16 11:42:59', 'admin', '222.240.184.122', '操作礼品信息,操作记录:');
INSERT INTO `himall_logs` VALUES ('5003', '0', 'Gift/Edit', '2017-02-16 11:45:13', 'admin', '222.240.184.122', '操作礼品信息,操作记录:');
INSERT INTO `himall_logs` VALUES ('5004', '1', '/Product/Create', '2017-02-16 11:46:28', 'selleradmin', '222.240.184.122', '商家发布商品，Id=0, 名称=多功能 无网研磨 易清洗 全钢 304不锈钢 豆浆机 [成功]');
INSERT INTO `himall_logs` VALUES ('5005', '0', 'product/BatchAudit', '2017-02-16 11:46:50', 'admin', '222.240.184.122', '批量审核商品状态,操作记录:');
INSERT INTO `himall_logs` VALUES ('5006', '0', 'Category/Add', '2017-02-16 11:55:00', 'admin', '222.240.184.122', '添加平台分类,操作记录:');
INSERT INTO `himall_logs` VALUES ('5007', '0', 'Category/Add', '2017-02-16 11:55:17', 'admin', '222.240.184.122', '添加平台分类,操作记录:');
INSERT INTO `himall_logs` VALUES ('5008', '1', '/Product/Create', '2017-02-16 12:01:21', 'selleradmin', '222.240.184.122', '商家发布商品，Id=0, 名称=积家（Jaeger）Master Control大师系列机械男表Q1552520 银色 [成功]');
INSERT INTO `himall_logs` VALUES ('5009', '0', 'product/BatchAudit', '2017-02-16 12:01:32', 'admin', '222.240.184.122', '批量审核商品状态,操作记录:');
INSERT INTO `himall_logs` VALUES ('5010', '0', '/Shop/Auditing/308', '2017-02-16 13:49:15', 'admin', '222.240.184.122', '开店审核页面，店铺Id=308,状态为：Open, 说明是：');
INSERT INTO `himall_logs` VALUES ('5011', '0', '/Shop/EditPersonal/308', '2017-02-16 13:50:37', 'admin', '222.240.184.122', '修改店铺信息，Id=308');
INSERT INTO `himall_logs` VALUES ('5012', '0', '/Shop/Auditing/309', '2017-02-16 13:56:18', 'admin', '222.240.184.122', '开店审核页面，店铺Id=309,状态为：Open, 说明是：');
INSERT INTO `himall_logs` VALUES ('5013', '0', '/Shop/EditPersonal/309', '2017-02-16 13:56:30', 'admin', '222.240.184.122', '修改店铺信息，Id=309');
INSERT INTO `himall_logs` VALUES ('5014', '1', '/Product/Edit', '2017-02-16 15:36:21', 'selleradmin', '222.240.184.122', '商家修改商品，Id=740, 名称=红霞草莓 3斤 单果20-30克 新鲜水果 SG [成功]');
INSERT INTO `himall_logs` VALUES ('5015', '0', 'product/BatchAudit', '2017-02-16 15:36:34', 'admin', '222.240.184.122', '批量审核商品状态,操作记录:');
INSERT INTO `himall_logs` VALUES ('5016', '1', '/Product/Edit', '2017-02-16 15:44:08', 'selleradmin', '222.240.184.122', '商家修改商品，Id=742, 名称=怡鲜来 阿根廷红虾2000g 4斤/盒 大号L2级 40-60尾 [成功]');
INSERT INTO `himall_logs` VALUES ('5017', '0', 'product/BatchAudit', '2017-02-16 15:44:16', 'admin', '222.240.184.122', '批量审核商品状态,操作记录:');
INSERT INTO `himall_logs` VALUES ('5018', '1', 'Navigation/Add', '2017-02-16 17:51:08', 'selleradmin', '222.240.184.122', '新增导航,操作记录:');
INSERT INTO `himall_logs` VALUES ('5019', '1', 'Navigation/Add', '2017-02-16 17:51:31', 'selleradmin', '222.240.184.122', '新增导航,操作记录:');
INSERT INTO `himall_logs` VALUES ('5020', '1', 'Navigation/Edit', '2017-02-16 17:52:02', 'selleradmin', '222.240.184.122', '编辑导航,操作记录:');
INSERT INTO `himall_logs` VALUES ('5021', '1', 'Navigation/Add', '2017-02-16 17:52:56', 'selleradmin', '222.240.184.122', '新增导航,操作记录:');
INSERT INTO `himall_logs` VALUES ('5022', '1', 'Navigation/Add', '2017-02-16 17:53:27', 'selleradmin', '222.240.184.122', '新增导航,操作记录:');
INSERT INTO `himall_logs` VALUES ('5023', '1', 'Navigation/Add', '2017-02-16 17:53:52', 'selleradmin', '222.240.184.122', '新增导航,操作记录:');
INSERT INTO `himall_logs` VALUES ('5024', '1', 'Navigation/Add', '2017-02-16 17:54:19', 'selleradmin', '222.240.184.122', '新增导航,操作记录:');
INSERT INTO `himall_logs` VALUES ('5755', '0', 'Category/Add', '2017-09-26 14:48:49', 'admin', '118.249.108.34', '添加平台分类,操作记录:');
INSERT INTO `himall_logs` VALUES ('5756', '1', '/Product/Create', '2017-09-26 15:33:23', 'wzp', '182.92.246.151', '商家发布商品，Id=0, 名称=小米手环 [成功]');
INSERT INTO `himall_logs` VALUES ('5757', '1', '/Product/Delete', '2017-09-26 15:40:17', 'wzp', '182.92.246.165', '商家删除商品，Ids=1158');
INSERT INTO `himall_logs` VALUES ('5758', '1', '/Product/Create', '2017-09-26 17:26:00', 'wzp', '182.92.246.196', '商家发布商品，Id=0, 名称=小米手环 [成功]');
INSERT INTO `himall_logs` VALUES ('5759', '1', '/Product/Create', '2017-09-26 17:33:34', 'wzp', '182.92.246.196', '商家发布商品，Id=0, 名称=Haier海尔 [成功]');
INSERT INTO `himall_logs` VALUES ('5760', '1', '/Product/Create', '2017-09-26 17:36:17', 'wzp', '182.92.246.196', '商家发布商品，Id=0, 名称=美国OION空气净化器 [成功]');
INSERT INTO `himall_logs` VALUES ('5761', '1', '/Product/Create', '2017-09-26 17:38:52', 'wzp', '182.92.246.196', '商家发布商品，Id=0, 名称=科沃斯地宝灵犀扫地机器人 [成功]');
INSERT INTO `himall_logs` VALUES ('5762', '0', 'Category/Add', '2017-09-26 17:41:54', 'admin', '118.249.108.34', '添加平台分类,操作记录:');
INSERT INTO `himall_logs` VALUES ('5763', '0', 'Category/Edit', '2017-09-26 17:42:18', 'admin', '118.249.108.34', '修改平台分类,操作记录:Id:161 ');
INSERT INTO `himall_logs` VALUES ('5764', '1', '/Product/Create', '2017-09-26 17:45:16', 'wzp', '182.92.246.196', '商家发布商品，Id=0, 名称=德瑞仕破壁料理机 [成功]');
INSERT INTO `himall_logs` VALUES ('5765', '0', 'ProductType/SaveModel', '2017-09-26 20:51:24', 'admin', '118.250.184.169', '修改平台类目,操作记录:id:87 ');
INSERT INTO `himall_logs` VALUES ('5766', '0', 'ProductType/SaveModel', '2017-09-26 20:51:29', 'admin', '113.247.21.37', '修改平台类目,操作记录:id:87 ');
INSERT INTO `himall_logs` VALUES ('5767', '1', '/Product/Create', '2017-09-26 20:55:32', 'wzp', '182.92.246.196', '商家发布商品，Id=0, 名称=1 [成功]');
INSERT INTO `himall_logs` VALUES ('5768', '1', 'category/DeleteCategoryById', '2017-09-26 20:55:46', 'wzp', '113.247.21.37', '删除店铺分类,操作记录:id:351 ');
INSERT INTO `himall_logs` VALUES ('5769', '1', 'category/UpdateName', '2017-09-26 20:55:49', 'wzp', '118.250.184.169', '修改店铺分类名称,操作记录:id:350 name:衣服 ');
INSERT INTO `himall_logs` VALUES ('5770', '0', 'ProductType/SaveModel', '2017-09-26 21:06:53', 'admin', '118.250.184.169', '修改平台类目,操作记录:id:96 ');
INSERT INTO `himall_logs` VALUES ('5771', '0', 'Category/Add', '2017-09-26 21:08:28', 'admin', '118.250.184.169', '添加平台分类,操作记录:');
INSERT INTO `himall_logs` VALUES ('5772', '0', 'Category/Add', '2017-09-26 21:08:58', 'admin', '118.250.184.169', '添加平台分类,操作记录:');
INSERT INTO `himall_logs` VALUES ('5773', '309', '/Product/Create', '2017-09-27 16:44:01', '小豆子ye', '106.15.218.19', '商家发布商品，Id=0, 名称=测试商品一 [成功]');
INSERT INTO `himall_logs` VALUES ('5774', '309', '/Product/Create', '2017-09-27 16:50:57', '小豆子ye', '106.15.218.19', '商家发布商品，Id=0, 名称=测试商品2 [成功]');
INSERT INTO `himall_logs` VALUES ('5775', '309', '/Product/Create', '2017-09-28 11:28:14', '小豆子ye', '106.15.218.19', '商家发布商品，Id=0, 名称=测试商品四，市场价100，商城价90，团购价80 [成功]');
INSERT INTO `himall_logs` VALUES ('5776', '0', '/Shop/EditPersonal/308', '2017-09-29 10:20:45', 'admin', '182.92.246.174', '修改店铺信息，Id=308');
INSERT INTO `himall_logs` VALUES ('5777', '0', '/Shop/EditPersonal/306', '2017-09-29 10:23:18', 'admin', '182.92.246.174', '修改店铺信息，Id=306');
INSERT INTO `himall_logs` VALUES ('5778', '309', '/Product/Create', '2017-09-29 10:25:54', '小豆子ye', '182.92.246.151', '商家发布商品，Id=0, 名称=测试商品4 [成功]');
INSERT INTO `himall_logs` VALUES ('5779', '0', '/Shop/Edit/1', '2017-09-29 10:26:20', 'admin', '182.92.246.173', '修改店铺信息，Id=1');
INSERT INTO `himall_logs` VALUES ('5780', '0', '/Shop/EditPersonal/309', '2017-09-29 10:28:11', 'admin', '182.92.246.174', '修改店铺信息，Id=309');
INSERT INTO `himall_logs` VALUES ('5781', '309', 'category/CreateCategory', '2017-09-29 10:59:30', '小豆子ye', '118.249.111.25', '创建店铺分类,操作记录:pid:0 name:美发 ');
INSERT INTO `himall_logs` VALUES ('5782', '306', 'category/CreateCategory', '2017-09-29 11:04:12', 'zhangwb', '118.249.111.25', '创建店铺分类,操作记录:pid:0 name:美食 ');
INSERT INTO `himall_logs` VALUES ('5783', '306', 'category/CreateCategory', '2017-09-29 11:04:20', 'zhangwb', '118.249.111.25', '创建店铺分类,操作记录:pid:392 name:面 ');
INSERT INTO `himall_logs` VALUES ('5784', '306', '/Product/Create', '2017-09-29 11:13:34', 'zhangwb', '182.92.246.151', '商家发布商品，Id=0, 名称=爆椒牛肉面 [成功]');
INSERT INTO `himall_logs` VALUES ('5785', '306', '/Product/Create', '2017-09-29 14:24:33', 'zhangwb', '182.92.246.151', '商家发布商品，Id=0, 名称=招牌兰州拉面 [成功]');
INSERT INTO `himall_logs` VALUES ('5786', '306', '/Product/Create', '2017-09-29 14:26:30', 'zhangwb', '182.92.246.151', '商家发布商品，Id=0, 名称=岐山臊子面 [成功]');
INSERT INTO `himall_logs` VALUES ('5787', '306', '/Product/Edit', '2017-09-29 14:27:01', 'zhangwb', '182.92.246.161', '商家修改商品，Id=1170, 名称=招牌兰州拉面 [成功]');
INSERT INTO `himall_logs` VALUES ('5788', '308', 'category/CreateCategory', '2017-09-29 14:30:04', '小二xx', '118.249.111.25', '创建店铺分类,操作记录:pid:0 name:衣服 ');
INSERT INTO `himall_logs` VALUES ('5789', '308', 'category/CreateCategory', '2017-09-29 14:30:13', '小二xx', '118.249.111.25', '创建店铺分类,操作记录:pid:0 name:裤子 ');
INSERT INTO `himall_logs` VALUES ('5790', '308', '/Product/Create', '2017-09-29 14:35:08', '小二xx', '182.92.246.151', '商家发布商品，Id=0, 名称=最新春款女风衣 [成功]');
INSERT INTO `himall_logs` VALUES ('5791', '308', '/Product/Create', '2017-09-29 14:36:58', '小二xx', '182.92.246.151', '商家发布商品，Id=0, 名称=时尚条纹衫 [成功]');
INSERT INTO `himall_logs` VALUES ('5792', '309', '/Product/Create', '2017-09-29 14:41:06', '小豆子ye', '182.92.246.196', '商家发布商品，Id=0, 名称=明星发型设计 [成功]');
INSERT INTO `himall_logs` VALUES ('5793', '309', '/Product/Create', '2017-09-29 14:42:52', '小豆子ye', '182.92.246.196', '商家发布商品，Id=0, 名称=时尚烫染设计 [成功]');
INSERT INTO `himall_logs` VALUES ('5794', '0', '/Shop/Edit/1', '2017-10-04 00:23:28', 'admin', '106.11.144.145', '修改店铺信息，Id=1');
INSERT INTO `himall_logs` VALUES ('5795', '0', '/Shop/EditPersonal/308', '2017-10-04 00:23:53', 'admin', '106.11.144.134', '修改店铺信息，Id=308');
INSERT INTO `himall_logs` VALUES ('5796', '0', '/Shop/Edit/349', '2017-10-05 18:15:52', 'admin', '106.11.144.145', '修改店铺信息，Id=349');
INSERT INTO `himall_logs` VALUES ('5797', '0', '/Shop/Auditing/358', '2017-10-09 10:53:24', 'admin', '106.11.144.152', '开店审核页面，店铺Id=358,状态为：Open, 说明是：');
INSERT INTO `himall_logs` VALUES ('5798', '0', '/Shop/Auditing/359', '2017-10-09 18:02:33', 'admin', '182.92.246.178', '开店审核页面，店铺Id=359,状态为：Open, 说明是：');
INSERT INTO `himall_logs` VALUES ('5799', '0', '/Shop/Auditing/360', '2017-10-09 22:42:03', 'admin', '106.11.144.152', '开店审核页面，店铺Id=360,状态为：Open, 说明是：');
INSERT INTO `himall_logs` VALUES ('5800', '0', '/Shop/Auditing/361', '2017-10-09 22:53:10', 'admin', '106.11.144.152', '开店审核页面，店铺Id=361,状态为：Open, 说明是：');
INSERT INTO `himall_logs` VALUES ('5801', '0', '/Shop/FreezeShop/', '2017-10-09 22:54:17', 'admin', '106.11.144.147', '冻结店铺信息，Id=357');
INSERT INTO `himall_logs` VALUES ('5802', '0', '/Shop/FreezeShop/', '2017-10-09 22:54:23', 'admin', '106.11.144.147', '冻结店铺信息，Id=358');
INSERT INTO `himall_logs` VALUES ('5803', '0', '/Shop/FreezeShop/', '2017-10-09 22:54:34', 'admin', '106.11.144.147', '冻结店铺信息，Id=308');
INSERT INTO `himall_logs` VALUES ('5804', '0', '/Shop/FreezeShop/', '2017-10-09 22:54:37', 'admin', '106.11.144.147', '冻结店铺信息，Id=306');
INSERT INTO `himall_logs` VALUES ('5805', '0', '/Shop/Auditing/362', '2017-10-09 23:14:14', 'admin', '106.11.144.152', '开店审核页面，店铺Id=362,状态为：Open, 说明是：');
INSERT INTO `himall_logs` VALUES ('5806', '0', '/Shop/Auditing/363', '2017-10-09 23:40:37', 'admin', '182.92.246.178', '开店审核页面，店铺Id=363,状态为：Open, 说明是：');
INSERT INTO `himall_logs` VALUES ('5807', '0', '/Shop/Auditing/365', '2017-10-10 00:40:57', 'admin', '106.11.144.152', '开店审核页面，店铺Id=365,状态为：Open, 说明是：');
INSERT INTO `himall_logs` VALUES ('5808', '0', '/Shop/Auditing/364', '2017-10-10 00:41:17', 'admin', '106.11.144.152', '开店审核页面，店铺Id=364,状态为：Open, 说明是：');
INSERT INTO `himall_logs` VALUES ('5809', '0', '/Shop/FreezeShop/', '2017-10-10 15:26:01', 'admin', '106.11.144.147', '解冻店铺信息，Id=308');
INSERT INTO `himall_logs` VALUES ('5810', '0', '/Shop/Auditing/369', '2017-10-14 09:54:47', 'admin', '106.11.144.152', '开店审核页面，店铺Id=369,状态为：Open, 说明是：');
INSERT INTO `himall_logs` VALUES ('5811', '0', '/Shop/Auditing/372', '2017-10-14 12:32:22', 'admin', '106.15.218.29', '开店审核页面，店铺Id=372,状态为：Open, 说明是：');
INSERT INTO `himall_logs` VALUES ('5812', '0', '/Shop/Auditing/373', '2017-10-15 14:46:48', 'admin', '106.11.144.152', '开店审核页面，店铺Id=373,状态为：Open, 说明是：');
INSERT INTO `himall_logs` VALUES ('5813', '0', '/Shop/Auditing/374', '2017-10-15 14:47:12', 'admin', '106.11.144.152', '开店审核页面，店铺Id=374,状态为：Open, 说明是：');
INSERT INTO `himall_logs` VALUES ('5814', '0', '/Shop/Auditing/375', '2017-10-16 16:17:35', 'admin', '106.15.218.29', '开店审核页面，店铺Id=375,状态为：Open, 说明是：');
INSERT INTO `himall_logs` VALUES ('5815', '0', '/Shop/Auditing/376', '2017-10-16 16:17:47', 'admin', '106.15.218.29', '开店审核页面，店铺Id=376,状态为：Open, 说明是：');
INSERT INTO `himall_logs` VALUES ('5816', '0', '/Shop/Auditing/377', '2017-10-17 15:10:00', 'admin', '106.15.218.29', '开店审核页面，店铺Id=377,状态为：Open, 说明是：');
INSERT INTO `himall_logs` VALUES ('5817', '0', '/Admin/Capital/WithDraw', '2017-10-17 18:34:29', 'admin', '106.15.218.19', '会员提现审核失败，会员Id=707,状态为：WithDrawSuccess, 说明是：test');
INSERT INTO `himall_logs` VALUES ('5818', '0', '/Shop/Auditing/379', '2017-10-18 16:45:17', 'admin', '106.15.218.29', '开店审核页面，店铺Id=379,状态为：Open, 说明是：');
INSERT INTO `himall_logs` VALUES ('5819', '0', '/Shop/Auditing/381', '2017-10-18 17:04:40', 'admin', '106.15.218.29', '开店审核页面，店铺Id=381,状态为：Open, 说明是：');
INSERT INTO `himall_logs` VALUES ('5820', '0', '/Shop/Auditing/382', '2017-10-18 17:28:15', 'admin', '106.15.218.29', '开店审核页面，店铺Id=382,状态为：Open, 说明是：');
INSERT INTO `himall_logs` VALUES ('5821', '0', 'product/BatchAudit', '2017-11-01 14:15:04', 'admin', '127.0.0.1', '批量审核商品状态,操作记录:');
INSERT INTO `himall_logs` VALUES ('5822', '0', 'product/BatchAudit', '2017-11-01 14:15:34', 'admin', '127.0.0.1', '批量审核商品状态,操作记录:');
INSERT INTO `himall_logs` VALUES ('5823', '0', 'product/BatchAudit', '2017-11-01 14:15:38', 'admin', '127.0.0.1', '批量审核商品状态,操作记录:');
INSERT INTO `himall_logs` VALUES ('5824', '1', '/Product/BatchOnSale', '2017-11-01 14:16:25', 'seller', '::1', '商家商品批量上架，Ids=1273,1272,1271');
INSERT INTO `himall_logs` VALUES ('5825', '0', 'product/BatchAudit', '2017-11-01 14:17:41', 'admin', '127.0.0.1', '批量审核商品状态,操作记录:');
INSERT INTO `himall_logs` VALUES ('5826', '1', '/Product/Edit', '2017-11-01 14:21:10', 'seller', '::1', '商家修改商品，Id=1273, 名称=湘西腊肉 [失败]');
INSERT INTO `himall_logs` VALUES ('5827', '1', '/Product/Edit', '2017-11-01 14:21:14', 'seller', '::1', '商家修改商品，Id=1273, 名称=湘西腊肉 [失败]');
INSERT INTO `himall_logs` VALUES ('5828', '1', '/Product/Edit', '2017-11-01 14:21:21', 'seller', '::1', '商家修改商品，Id=1273, 名称=湘西腊肉 [失败]');
INSERT INTO `himall_logs` VALUES ('5829', '1', '/Product/Edit', '2017-11-01 14:22:54', 'seller', '::1', '商家修改商品，Id=1273, 名称=湘西腊肉 [失败]');
INSERT INTO `himall_logs` VALUES ('5830', '1', '/Product/Edit', '2017-11-01 14:23:33', 'seller', '::1', '商家修改商品，Id=1273, 名称=湘西腊肉 [失败]');
INSERT INTO `himall_logs` VALUES ('5831', '1', '/Product/Edit', '2017-11-01 14:24:25', 'seller', '::1', '商家修改商品，Id=1273, 名称=湘西腊肉 [失败]');
INSERT INTO `himall_logs` VALUES ('5832', '1', '/Product/Edit', '2017-11-01 14:24:56', 'seller', '::1', '商家修改商品，Id=1273, 名称=湘西腊肉 [失败]');
INSERT INTO `himall_logs` VALUES ('5833', '1', '/Product/Edit', '2017-11-01 14:25:14', 'seller', '::1', '商家修改商品，Id=1273, 名称=湘西腊肉 [失败]');
INSERT INTO `himall_logs` VALUES ('5834', '1', '/Product/Edit', '2017-11-01 14:25:49', 'seller', '::1', '商家修改商品，Id=1273, 名称=湘西腊肉 [失败]');
INSERT INTO `himall_logs` VALUES ('5835', '1', '/Product/Edit', '2017-11-01 14:30:06', 'seller', '::1', '商家修改商品，Id=1273, 名称=湘西腊肉 [失败]');
INSERT INTO `himall_logs` VALUES ('5836', '1', '/Product/Edit', '2017-11-01 14:31:16', 'seller', '::1', '商家修改商品，Id=1273, 名称=湘西腊肉 [失败]');
INSERT INTO `himall_logs` VALUES ('5837', '1', '/Product/Delete', '2017-11-01 14:31:32', 'seller', '::1', '商家删除商品，Ids=1271,1272,1273');
INSERT INTO `himall_logs` VALUES ('5838', '1', '/Product/Edit', '2017-11-01 14:33:35', 'seller', '::1', '商家修改商品，Id=749, 名称=积家（Jaeger）Master Control大师系列机械男表Q1552520 银色 [成功]');
INSERT INTO `himall_logs` VALUES ('5839', '1', '/Product/Delete', '2017-11-01 14:33:56', 'seller', '::1', '商家删除商品，Ids=1270,1199,1164,1163,1162,1161,1160,1159');
INSERT INTO `himall_logs` VALUES ('5840', '1', '/Product/Create', '2017-11-01 14:44:42', 'seller', '::1', '商家发布商品，Id=0, 名称=1111 [成功]');

-- ----------------------------
-- Table structure for `himall_managers`
-- ----------------------------
DROP TABLE IF EXISTS `himall_managers`;
CREATE TABLE `himall_managers` (
  `Id` bigint(20) NOT NULL AUTO_INCREMENT,
  `ShopId` bigint(20) NOT NULL,
  `RoleId` bigint(20) NOT NULL COMMENT '角色ID',
  `UserName` varchar(100) NOT NULL COMMENT '用户名称',
  `Password` varchar(100) NOT NULL COMMENT '密码',
  `PasswordSalt` varchar(100) NOT NULL COMMENT '密码加盐',
  `CreateDate` datetime NOT NULL COMMENT '创建日期',
  `Remark` varchar(1000) DEFAULT NULL,
  `RealName` varchar(1000) DEFAULT NULL COMMENT '真实名称',
  PRIMARY KEY (`Id`)
) ENGINE=InnoDB AUTO_INCREMENT=463 DEFAULT CHARSET=utf8 ROW_FORMAT=COMPACT;

-- ----------------------------
-- Records of himall_managers
-- ----------------------------
INSERT INTO `himall_managers` VALUES ('383', '1', '49', 'selleradmin:seller', '00c0f7cc4f3f86b177452d4404ca684c', '31090574-abf6-489b-bb34-22049d1ab800', '2017-02-15 17:15:05', '', '商家');
INSERT INTO `himall_managers` VALUES ('419', '1', '0', 'seller', '017dd7bc9b0c9a1f84e355219bceeeb0', 'd7da31e9-4d33-475b-a33f-c0a4d3ac76f5', '2017-09-26 13:55:39', null, null);
INSERT INTO `himall_managers` VALUES ('420', '0', '0', 'admin', 'bd95c53e49685e713025178cd63cbfc0', 'b9911a9a-dcfb-4faf-abf5-a05825cd1d4d', '2017-09-26 13:55:39', null, null);
INSERT INTO `himall_managers` VALUES ('443', '368', '0', '1399999999', '3ccf126456da970a7797af3ecc565bd0', '485b9d32b70684c719bc', '2017-10-13 23:01:15', null, null);
INSERT INTO `himall_managers` VALUES ('444', '369', '0', '159999999999', '7e88eeadf055f5b57ec3c3d66c6c8285', '4ee3bbdd542ea3af5590', '2017-10-14 09:53:54', null, null);
INSERT INTO `himall_managers` VALUES ('447', '372', '0', '19999999999', '382c3cd66eb09553c86b28f187fae1d3', '4841991e92e2ab9e7d04', '2017-10-14 12:06:30', null, null);
INSERT INTO `himall_managers` VALUES ('448', '373', '0', '19999999999', 'f1cced8242d98e2427977027357c7b7f', '487f99999199a9ae58df', '2017-10-14 23:03:41', null, null);
INSERT INTO `himall_managers` VALUES ('449', '374', '0', '19999999999', 'e21714b0a3fd81c01e31deaee8a8e32f', '4dbbb31e4f25e6d72d80', '2017-10-15 14:10:57', null, null);
INSERT INTO `himall_managers` VALUES ('450', '375', '0', '199999999999', '368a3b6d6f5c4637fa3f07e60940dda7', '479db76ca536650dae0e', '2017-10-16 03:30:03', null, null);
INSERT INTO `himall_managers` VALUES ('451', '376', '0', '18999999999999', 'c57455700957f19eab3b955a1e9d6fee', '42f99bd070b236f68e46', '2017-10-16 14:27:40', null, null);
INSERT INTO `himall_managers` VALUES ('452', '377', '0', '19999999999', '3fdb65c1868aefb4c02443f5b7922da1', '4a26924e92a2d9af4316', '2017-10-17 14:47:53', null, null);
INSERT INTO `himall_managers` VALUES ('453', '378', '0', 'f999999', '1e523fa3026e259f376011c55bac7c79', '4a8dbcce47edaec2f328', '2017-10-17 17:47:10', null, null);
INSERT INTO `himall_managers` VALUES ('454', '379', '0', '1999999999', 'cdb74f85260d89196a1c87db051183e1', '436cbfefb11fcc8fffa2', '2017-10-18 16:36:02', null, null);
INSERT INTO `himall_managers` VALUES ('455', '380', '0', '199999999999', 'd18559513e0ae72ca0f8c464c377f140', '4fe3953f87fcdb62da85', '2017-10-18 16:42:45', null, null);
INSERT INTO `himall_managers` VALUES ('456', '381', '0', '1999999999', '9462ec4569e8e26b606e453c3461cc38', '4982854ab41f1c45234a', '2017-10-18 16:54:43', null, null);
INSERT INTO `himall_managers` VALUES ('457', '382', '0', '17888888', '257eea0fc22d376f27daaab14d018f94', '45f1a936023d0cfb9e39', '2017-10-18 17:20:03', null, null);
INSERT INTO `himall_managers` VALUES ('458', '383', '0', '1388888', 'd8199f2857d951fc08cfa3fb5d6e66c3', '49c38b3f0268c831fd4f', '2017-10-18 17:47:13', null, null);
INSERT INTO `himall_managers` VALUES ('459', '384', '0', '188888', 'f14e8540bba7335d41d97b67d983878b', '403884899591d2a4943b', '2017-10-18 18:05:06', null, null);
INSERT INTO `himall_managers` VALUES ('460', '385', '0', '1824888888888', '25e498fca5e35b47c5ef7d9719eea5b7', '47a7abf86b7917a3bddf', '2017-10-18 18:12:21', null, null);
INSERT INTO `himall_managers` VALUES ('461', '386', '0', '1588888888', '837ecfae05f94d26cc35941c93410753', '4dd8a30bc27e60f72d16', '2017-10-19 10:00:57', null, null);
INSERT INTO `himall_managers` VALUES ('462', '387', '0', '138888888888', '79b94c7fe41c319a0044088106d68d6a', '4eac8cb326c25ead47bb', '2017-10-21 12:54:21', null, null);

-- ----------------------------
-- Table structure for `himall_marketservicerecord`
-- ----------------------------
DROP TABLE IF EXISTS `himall_marketservicerecord`;
CREATE TABLE `himall_marketservicerecord` (
  `Id` bigint(20) NOT NULL AUTO_INCREMENT,
  `MarketServiceId` bigint(20) NOT NULL,
  `StartTime` datetime NOT NULL COMMENT '开始时间',
  `EndTime` datetime NOT NULL COMMENT '结束时间',
  `BuyTime` datetime NOT NULL COMMENT '购买时间',
  `SettlementFlag` int(16) unsigned zerofill NOT NULL,
  `Price` decimal(18,2) NOT NULL DEFAULT '0.00' COMMENT '服务购买价格',
  PRIMARY KEY (`Id`),
  KEY `FK_Himall_MarketServiceRecord_Himall_ActiveMarketService` (`MarketServiceId`) USING BTREE,
  CONSTRAINT `himall_marketservicerecord_ibfk_1` FOREIGN KEY (`MarketServiceId`) REFERENCES `himall_activemarketservice` (`Id`)
) ENGINE=InnoDB AUTO_INCREMENT=212 DEFAULT CHARSET=utf8 ROW_FORMAT=COMPACT;

-- ----------------------------
-- Records of himall_marketservicerecord
-- ----------------------------
INSERT INTO `himall_marketservicerecord` VALUES ('101', '38', '2017-02-14 11:21:28', '2018-02-14 11:21:28', '2017-02-14 11:21:28', '0000000000000001', '0.00');
INSERT INTO `himall_marketservicerecord` VALUES ('102', '38', '2018-02-14 11:21:28', '2019-02-14 11:21:28', '2017-02-14 11:21:37', '0000000000000001', '0.00');
INSERT INTO `himall_marketservicerecord` VALUES ('103', '39', '2017-02-14 11:22:31', '2018-02-14 11:22:31', '2017-02-14 11:22:31', '0000000000000001', '0.00');
INSERT INTO `himall_marketservicerecord` VALUES ('104', '40', '2017-02-14 11:35:34', '2017-03-14 11:35:34', '2017-02-14 11:35:34', '0000000000000001', '0.00');
INSERT INTO `himall_marketservicerecord` VALUES ('105', '41', '2017-02-14 11:38:30', '2018-02-14 11:38:30', '2017-02-14 11:38:30', '0000000000000001', '0.00');
INSERT INTO `himall_marketservicerecord` VALUES ('106', '42', '2017-02-14 11:55:57', '2018-02-14 11:55:57', '2017-02-14 11:55:57', '0000000000000001', '0.00');
INSERT INTO `himall_marketservicerecord` VALUES ('107', '42', '2018-02-14 11:55:57', '2019-02-14 11:55:57', '2017-02-14 11:56:02', '0000000000000001', '0.00');
INSERT INTO `himall_marketservicerecord` VALUES ('108', '43', '2017-02-16 13:50:59', '2018-02-16 13:50:59', '2017-02-16 13:50:59', '0000000000000001', '0.00');
INSERT INTO `himall_marketservicerecord` VALUES ('109', '44', '2017-02-16 13:56:50', '2018-02-16 13:56:50', '2017-02-16 13:56:50', '0000000000000001', '0.00');
INSERT INTO `himall_marketservicerecord` VALUES ('110', '45', '2017-02-16 13:57:01', '2018-02-16 13:57:01', '2017-02-16 13:57:01', '0000000000000001', '0.00');
INSERT INTO `himall_marketservicerecord` VALUES ('207', '65', '2017-09-27 17:32:28', '2017-10-27 17:32:28', '2017-09-27 17:32:28', '0000000000000001', '0.00');
INSERT INTO `himall_marketservicerecord` VALUES ('208', '66', '2017-09-29 14:09:31', '2018-02-28 14:09:31', '2017-09-29 14:09:31', '0000000000000001', '0.00');
INSERT INTO `himall_marketservicerecord` VALUES ('209', '67', '2017-09-29 15:35:02', '2018-02-28 15:35:02', '2017-09-29 15:35:02', '0000000000000001', '0.00');
INSERT INTO `himall_marketservicerecord` VALUES ('210', '68', '2017-10-02 15:42:17', '2018-04-02 15:42:17', '2017-10-02 15:42:17', '0000000000000001', '0.00');
INSERT INTO `himall_marketservicerecord` VALUES ('211', '69', '2017-10-02 15:42:46', '2018-04-02 15:42:46', '2017-10-02 15:42:46', '0000000000000001', '0.00');

-- ----------------------------
-- Table structure for `himall_marketsetting`
-- ----------------------------
DROP TABLE IF EXISTS `himall_marketsetting`;
CREATE TABLE `himall_marketsetting` (
  `Id` int(11) NOT NULL AUTO_INCREMENT,
  `TypeId` int(11) NOT NULL COMMENT '营销类型ID',
  `Price` decimal(18,2) NOT NULL COMMENT '营销使用价格（/月）',
  PRIMARY KEY (`Id`)
) ENGINE=InnoDB AUTO_INCREMENT=12 DEFAULT CHARSET=utf8 ROW_FORMAT=COMPACT;

-- ----------------------------
-- Records of himall_marketsetting
-- ----------------------------
INSERT INTO `himall_marketsetting` VALUES ('7', '5', '0.00');
INSERT INTO `himall_marketsetting` VALUES ('8', '1', '0.00');
INSERT INTO `himall_marketsetting` VALUES ('9', '4', '0.00');
INSERT INTO `himall_marketsetting` VALUES ('10', '2', '0.00');
INSERT INTO `himall_marketsetting` VALUES ('11', '3', '0.00');

-- ----------------------------
-- Table structure for `himall_marketsettingmeta`
-- ----------------------------
DROP TABLE IF EXISTS `himall_marketsettingmeta`;
CREATE TABLE `himall_marketsettingmeta` (
  `Id` int(11) NOT NULL AUTO_INCREMENT,
  `MarketId` int(11) NOT NULL,
  `MetaKey` varchar(100) NOT NULL,
  `MetaValue` text,
  PRIMARY KEY (`Id`),
  KEY `FK_Hiamll_MarketSettingMeta_ToSetting` (`MarketId`) USING BTREE,
  CONSTRAINT `himall_marketsettingmeta_ibfk_1` FOREIGN KEY (`MarketId`) REFERENCES `himall_marketsetting` (`Id`)
) ENGINE=InnoDB AUTO_INCREMENT=6 DEFAULT CHARSET=utf8 ROW_FORMAT=COMPACT;

-- ----------------------------
-- Records of himall_marketsettingmeta
-- ----------------------------
INSERT INTO `himall_marketsettingmeta` VALUES ('5', '8', 'Categories', '洗面奶,电子产品,服装,食品');

-- ----------------------------
-- Table structure for `himall_memberactivitydegree`
-- ----------------------------
DROP TABLE IF EXISTS `himall_memberactivitydegree`;
CREATE TABLE `himall_memberactivitydegree` (
  `Id` bigint(20) NOT NULL AUTO_INCREMENT,
  `UserId` bigint(20) NOT NULL DEFAULT '0' COMMENT '会员编号',
  `OneMonth` bit(1) NOT NULL DEFAULT b'0' COMMENT '是否为一个月活跃用户',
  `ThreeMonth` bit(1) NOT NULL DEFAULT b'0' COMMENT '是否为三个月活跃用户',
  `SixMonth` bit(1) NOT NULL DEFAULT b'0' COMMENT '是否为六个月活跃用户',
  `OneMonthEffectiveTime` datetime DEFAULT NULL COMMENT '一个月活跃会员有效时间',
  `ThreeMonthEffectiveTime` datetime DEFAULT NULL COMMENT '三个月活跃会员有效时间',
  `SixMonthEffectiveTime` datetime DEFAULT NULL COMMENT '六个月活跃会员有效时间',
  PRIMARY KEY (`Id`)
) ENGINE=InnoDB AUTO_INCREMENT=3 DEFAULT CHARSET=utf8;

-- ----------------------------
-- Records of himall_memberactivitydegree
-- ----------------------------

-- ----------------------------
-- Table structure for `himall_memberbuycategory`
-- ----------------------------
DROP TABLE IF EXISTS `himall_memberbuycategory`;
CREATE TABLE `himall_memberbuycategory` (
  `Id` bigint(20) NOT NULL AUTO_INCREMENT,
  `UserId` bigint(20) NOT NULL COMMENT '会员ID',
  `CategoryId` bigint(20) NOT NULL COMMENT '类别ID',
  `OrdersCount` int(11) NOT NULL DEFAULT '0' COMMENT '购买次数',
  PRIMARY KEY (`Id`)
) ENGINE=InnoDB AUTO_INCREMENT=72 DEFAULT CHARSET=utf8;

-- ----------------------------
-- Records of himall_memberbuycategory
-- ----------------------------
INSERT INTO `himall_memberbuycategory` VALUES ('12', '569', '1', '11');
INSERT INTO `himall_memberbuycategory` VALUES ('13', '569', '8', '4');
INSERT INTO `himall_memberbuycategory` VALUES ('70', '640', '20', '1');
INSERT INTO `himall_memberbuycategory` VALUES ('71', '655', '20', '4');

-- ----------------------------
-- Table structure for `himall_membercommission`
-- ----------------------------
DROP TABLE IF EXISTS `himall_membercommission`;
CREATE TABLE `himall_membercommission` (
  `Id` int(11) NOT NULL AUTO_INCREMENT,
  `CType` int(11) DEFAULT NULL COMMENT '1、开团奖励2、邀请奖励3、每单返现',
  `OrderId` bigint(20) DEFAULT NULL,
  `ActiveId` bigint(20) DEFAULT NULL,
  `MemberId` bigint(20) DEFAULT NULL,
  `InCome` decimal(18,2) DEFAULT NULL,
  `GetTime` datetime DEFAULT NULL,
  PRIMARY KEY (`Id`)
) ENGINE=MyISAM AUTO_INCREMENT=42 DEFAULT CHARSET=utf8;

-- ----------------------------
-- Records of himall_membercommission
-- ----------------------------
INSERT INTO `himall_membercommission` VALUES ('2', '1', '2017101429194858', '124', '702', '0.02', '2017-10-14 16:43:11');
INSERT INTO `himall_membercommission` VALUES ('3', '3', '2017101409876338', '123', '707', '0.02', '2017-10-14 18:46:22');
INSERT INTO `himall_membercommission` VALUES ('4', '2', '2017101409876338', '123', '707', '0.01', '2017-10-14 18:46:22');
INSERT INTO `himall_membercommission` VALUES ('5', '1', '2017101489836459', '125', '707', '0.04', '2017-10-14 19:39:31');
INSERT INTO `himall_membercommission` VALUES ('6', '3', '2017101415814352', '125', '707', '0.03', '2017-10-14 19:40:09');
INSERT INTO `himall_membercommission` VALUES ('7', '2', '2017101415814352', '125', '0', '0.01', '2017-10-14 19:40:09');
INSERT INTO `himall_membercommission` VALUES ('8', '1', '2017101578963583', '123', '708', '0.03', '2017-10-15 16:41:29');
INSERT INTO `himall_membercommission` VALUES ('9', '1', '2017101606197914', '130', '707', '0.04', '2017-10-16 09:58:59');
INSERT INTO `himall_membercommission` VALUES ('10', '1', '2017101623934439', '130', '708', '0.04', '2017-10-16 10:16:35');
INSERT INTO `himall_membercommission` VALUES ('11', '1', '2017101634885211', '129', '707', '0.03', '2017-10-16 11:28:25');
INSERT INTO `himall_membercommission` VALUES ('12', '3', '2017101692670530', '129', '707', '0.05', '2017-10-16 11:31:31');
INSERT INTO `himall_membercommission` VALUES ('13', '2', '2017101692670530', '129', '707', '0.01', '2017-10-16 11:31:31');
INSERT INTO `himall_membercommission` VALUES ('14', '3', '2017101634949829', '130', '707', '0.02', '2017-10-16 11:47:50');
INSERT INTO `himall_membercommission` VALUES ('15', '3', '2017101634949829', '130', '722', '0.02', '2017-10-16 11:47:50');
INSERT INTO `himall_membercommission` VALUES ('16', '2', '2017101634949829', '130', '722', '0.03', '2017-10-16 11:47:50');
INSERT INTO `himall_membercommission` VALUES ('17', '1', '2017101662489253', '125', '708', '0.04', '2017-10-16 11:51:29');
INSERT INTO `himall_membercommission` VALUES ('18', '1', '2017101663223467', '130', '708', '0.04', '2017-10-16 12:14:04');
INSERT INTO `himall_membercommission` VALUES ('19', '1', '2017101634657944', '131', '707', '0.30', '2017-10-16 14:00:42');
INSERT INTO `himall_membercommission` VALUES ('20', '3', '2017101683793679', '131', '707', '0.02', '2017-10-16 14:05:26');
INSERT INTO `himall_membercommission` VALUES ('21', '2', '2017101683793679', '131', '0', '0.01', '2017-10-16 14:05:26');
INSERT INTO `himall_membercommission` VALUES ('22', '1', '2017101636071290', '133', '707', '0.03', '2017-10-16 14:09:39');
INSERT INTO `himall_membercommission` VALUES ('23', '3', '2017101652475786', '131', '707', '0.02', '2017-10-16 14:30:03');
INSERT INTO `himall_membercommission` VALUES ('24', '3', '2017101652475786', '131', '722', '0.02', '2017-10-16 14:30:03');
INSERT INTO `himall_membercommission` VALUES ('25', '2', '2017101652475786', '131', '722', '0.01', '2017-10-16 14:30:03');
INSERT INTO `himall_membercommission` VALUES ('26', '1', '2017101671382758', '132', '707', '0.04', '2017-10-16 14:45:44');
INSERT INTO `himall_membercommission` VALUES ('27', '3', '2017101624982324', '132', '707', '0.03', '2017-10-16 14:51:21');
INSERT INTO `himall_membercommission` VALUES ('28', '2', '2017101624982324', '132', '707', '0.02', '2017-10-16 14:51:21');
INSERT INTO `himall_membercommission` VALUES ('29', '3', '2017101695379952', '133', '707', '0.02', '2017-10-16 15:19:39');
INSERT INTO `himall_membercommission` VALUES ('30', '2', '2017101695379952', '133', '707', '0.01', '2017-10-16 15:19:39');
INSERT INTO `himall_membercommission` VALUES ('31', '3', '2017101662322841', '133', '707', '0.02', '2017-10-16 15:22:14');
INSERT INTO `himall_membercommission` VALUES ('32', '3', '2017101662322841', '133', '722', '0.02', '2017-10-16 15:22:14');
INSERT INTO `himall_membercommission` VALUES ('33', '2', '2017101662322841', '133', '707', '0.01', '2017-10-16 15:22:14');
INSERT INTO `himall_membercommission` VALUES ('34', '1', '2017101668913632', '132', '715', '0.04', '2017-10-16 16:45:38');
INSERT INTO `himall_membercommission` VALUES ('35', '3', '2017101715824343', '132', '715', '0.03', '2017-10-17 14:50:59');
INSERT INTO `himall_membercommission` VALUES ('36', '2', '2017101715824343', '132', '715', '0.02', '2017-10-17 14:50:59');
INSERT INTO `himall_membercommission` VALUES ('37', '1', '2017101700248663', '136', '718', '5.00', '2017-10-17 16:34:16');
INSERT INTO `himall_membercommission` VALUES ('38', '1', '2017101829835258', '125', '708', '0.04', '2017-10-18 12:15:12');
INSERT INTO `himall_membercommission` VALUES ('39', '3', '2017101806421582', '125', '708', '0.03', '2017-10-18 20:27:39');
INSERT INTO `himall_membercommission` VALUES ('40', '2', '2017101806421582', '125', '708', '0.01', '2017-10-18 20:27:39');
INSERT INTO `himall_membercommission` VALUES ('41', '1', '2017102214227987', '133', '708', '0.03', '2017-10-22 06:38:26');

-- ----------------------------
-- Table structure for `himall_memberconsumestatistics`
-- ----------------------------
DROP TABLE IF EXISTS `himall_memberconsumestatistics`;
CREATE TABLE `himall_memberconsumestatistics` (
  `Id` bigint(20) NOT NULL AUTO_INCREMENT,
  `UserId` bigint(20) NOT NULL,
  `ShopId` bigint(20) NOT NULL COMMENT '门店Id',
  `NetAmount` decimal(10,2) NOT NULL COMMENT '净消费金额(退款需要维护)',
  `OrderNumber` bigint(20) NOT NULL COMMENT '消费次数(退款不维护)',
  PRIMARY KEY (`Id`)
) ENGINE=InnoDB DEFAULT CHARSET=utf8;

-- ----------------------------
-- Records of himall_memberconsumestatistics
-- ----------------------------

-- ----------------------------
-- Table structure for `himall_membercontacts`
-- ----------------------------
DROP TABLE IF EXISTS `himall_membercontacts`;
CREATE TABLE `himall_membercontacts` (
  `Id` bigint(20) NOT NULL AUTO_INCREMENT,
  `UserId` bigint(20) NOT NULL COMMENT '用户ID',
  `UserType` int(11) NOT NULL COMMENT '用户类型(0 Email  1 SMS)',
  `ServiceProvider` varchar(100) NOT NULL COMMENT '插件名称',
  `Contact` varchar(100) NOT NULL COMMENT '联系号码',
  PRIMARY KEY (`Id`)
) ENGINE=InnoDB AUTO_INCREMENT=420 DEFAULT CHARSET=utf8 ROW_FORMAT=COMPACT;

-- ----------------------------
-- Records of himall_membercontacts
-- ----------------------------
INSERT INTO `himall_membercontacts` VALUES ('324', '570', '0', 'Himall.Plugin.Message.SMS', '1333333');
INSERT INTO `himall_membercontacts` VALUES ('325', '578', '0', 'Himall.Plugin.Message.SMS', '1333333');
INSERT INTO `himall_membercontacts` VALUES ('326', '597', '0', 'Himall.Plugin.Message.Email', '1111@qq.com');
INSERT INTO `himall_membercontacts` VALUES ('327', '600', '0', 'Himall.Plugin.Message.Email', '1111@qq.com');
INSERT INTO `himall_membercontacts` VALUES ('328', '620', '0', 'Himall.Plugin.Message.Email', 'n@163.com');
INSERT INTO `himall_membercontacts` VALUES ('345', '600', '0', 'Himall.Plugin.Message.SMS', '2222');
INSERT INTO `himall_membercontacts` VALUES ('346', '1', '1', 'Himall.Plugin.Message.Email', '2222');
INSERT INTO `himall_membercontacts` VALUES ('347', '1', '1', 'Himall.Plugin.Message.SMS', '2222');
INSERT INTO `himall_membercontacts` VALUES ('348', '657', '0', 'Himall.Plugin.Message.SMS', '4444');
INSERT INTO `himall_membercontacts` VALUES ('349', '348', '1', 'Himall.Plugin.Message.SMS', '4444');
INSERT INTO `himall_membercontacts` VALUES ('350', '658', '0', 'Himall.Plugin.Message.SMS', '4444');
INSERT INTO `himall_membercontacts` VALUES ('351', '349', '1', 'Himall.Plugin.Message.SMS', '444');
INSERT INTO `himall_membercontacts` VALUES ('354', '660', '0', 'Himall.Plugin.Message.SMS', '555');
INSERT INTO `himall_membercontacts` VALUES ('355', '351', '1', 'Himall.Plugin.Message.SMS', '5555');
INSERT INTO `himall_membercontacts` VALUES ('357', '664', '0', 'Himall.Plugin.Message.SMS', '5555');
INSERT INTO `himall_membercontacts` VALUES ('358', '353', '1', 'Himall.Plugin.Message.SMS', '5555');
INSERT INTO `himall_membercontacts` VALUES ('362', '667', '0', 'Himall.Plugin.Message.SMS', '5555');
INSERT INTO `himall_membercontacts` VALUES ('363', '356', '1', 'Himall.Plugin.Message.SMS', '555');
INSERT INTO `himall_membercontacts` VALUES ('364', '671', '0', 'Himall.Plugin.Message.SMS', '5556');
INSERT INTO `himall_membercontacts` VALUES ('365', '357', '1', 'Himall.Plugin.Message.SMS', '666');
INSERT INTO `himall_membercontacts` VALUES ('366', '681', '0', 'Himall.Plugin.Message.SMS', '666');
INSERT INTO `himall_membercontacts` VALUES ('367', '358', '1', 'Himall.Plugin.Message.SMS', '6667');
INSERT INTO `himall_membercontacts` VALUES ('371', '360', '1', 'Himall.Plugin.Message.SMS', '151777');
INSERT INTO `himall_membercontacts` VALUES ('373', '361', '1', 'Himall.Plugin.Message.SMS', '7777');
INSERT INTO `himall_membercontacts` VALUES ('375', '362', '1', 'Himall.Plugin.Message.SMS', '7777');
INSERT INTO `himall_membercontacts` VALUES ('378', '688', '0', 'Himall.Plugin.Message.SMS', '777');
INSERT INTO `himall_membercontacts` VALUES ('379', '364', '1', 'Himall.Plugin.Message.SMS', '7777');
INSERT INTO `himall_membercontacts` VALUES ('380', '689', '0', 'Himall.Plugin.Message.SMS', '15111081346');
INSERT INTO `himall_membercontacts` VALUES ('381', '365', '1', 'Himall.Plugin.Message.SMS', '15111081346');
INSERT INTO `himall_membercontacts` VALUES ('383', '695', '0', 'Himall.Plugin.Message.SMS', '13548773663');
INSERT INTO `himall_membercontacts` VALUES ('386', '701', '0', 'Himall.Plugin.Message.SMS', '15107189540');
INSERT INTO `himall_membercontacts` VALUES ('387', '369', '1', 'Himall.Plugin.Message.SMS', '15107189540');
INSERT INTO `himall_membercontacts` VALUES ('391', '706', '0', 'Himall.Plugin.Message.SMS', '13203130616');
INSERT INTO `himall_membercontacts` VALUES ('393', '711', '0', 'Himall.Plugin.Message.SMS', '13969562959');
INSERT INTO `himall_membercontacts` VALUES ('394', '373', '1', 'Himall.Plugin.Message.SMS', '13969562959');
INSERT INTO `himall_membercontacts` VALUES ('395', '713', '0', 'Himall.Plugin.Message.SMS', '15226450520');
INSERT INTO `himall_membercontacts` VALUES ('396', '374', '1', 'Himall.Plugin.Message.SMS', '15226450520');
INSERT INTO `himall_membercontacts` VALUES ('397', '720', '0', 'Himall.Plugin.Message.SMS', '17730025879');
INSERT INTO `himall_membercontacts` VALUES ('398', '375', '1', 'Himall.Plugin.Message.SMS', '17730025879');
INSERT INTO `himall_membercontacts` VALUES ('399', '725', '0', 'Himall.Plugin.Message.SMS', '18563529771');
INSERT INTO `himall_membercontacts` VALUES ('400', '376', '1', 'Himall.Plugin.Message.SMS', '18563529771');
INSERT INTO `himall_membercontacts` VALUES ('401', '728', '0', 'Himall.Plugin.Message.SMS', '18758908253');
INSERT INTO `himall_membercontacts` VALUES ('402', '377', '1', 'Himall.Plugin.Message.SMS', '18758908253');
INSERT INTO `himall_membercontacts` VALUES ('403', '737', '0', 'Himall.Plugin.Message.SMS', '13937208017');
INSERT INTO `himall_membercontacts` VALUES ('404', '379', '1', 'Himall.Plugin.Message.SMS', '13937208017');
INSERT INTO `himall_membercontacts` VALUES ('405', '738', '0', 'Himall.Plugin.Message.SMS', '18663704055');
INSERT INTO `himall_membercontacts` VALUES ('406', '739', '0', 'Himall.Plugin.Message.SMS', '13854501329');
INSERT INTO `himall_membercontacts` VALUES ('407', '381', '1', 'Himall.Plugin.Message.SMS', '13854501329');
INSERT INTO `himall_membercontacts` VALUES ('408', '740', '0', 'Himall.Plugin.Message.SMS', '17060460123');
INSERT INTO `himall_membercontacts` VALUES ('409', '382', '1', 'Himall.Plugin.Message.SMS', '17060460123');
INSERT INTO `himall_membercontacts` VALUES ('410', '741', '0', 'Himall.Plugin.Message.SMS', '13576694992');
INSERT INTO `himall_membercontacts` VALUES ('411', '383', '1', 'Himall.Plugin.Message.SMS', '13576694992');
INSERT INTO `himall_membercontacts` VALUES ('412', '742', '0', 'Himall.Plugin.Message.SMS', '18898547358');
INSERT INTO `himall_membercontacts` VALUES ('413', '384', '1', 'Himall.Plugin.Message.SMS', '18898547358');
INSERT INTO `himall_membercontacts` VALUES ('414', '743', '0', 'Himall.Plugin.Message.SMS', '18248733111');
INSERT INTO `himall_membercontacts` VALUES ('415', '385', '1', 'Himall.Plugin.Message.SMS', '18248733111');
INSERT INTO `himall_membercontacts` VALUES ('416', '745', '0', 'Himall.Plugin.Message.SMS', '15079875850');
INSERT INTO `himall_membercontacts` VALUES ('417', '386', '1', 'Himall.Plugin.Message.SMS', '15079875850');
INSERT INTO `himall_membercontacts` VALUES ('418', '747', '0', 'Himall.Plugin.Message.SMS', '13142222751');
INSERT INTO `himall_membercontacts` VALUES ('419', '387', '1', 'Himall.Plugin.Message.SMS', '13142222751');

-- ----------------------------
-- Table structure for `himall_membergrade`
-- ----------------------------
DROP TABLE IF EXISTS `himall_membergrade`;
CREATE TABLE `himall_membergrade` (
  `Id` bigint(20) NOT NULL AUTO_INCREMENT,
  `GradeName` varchar(100) NOT NULL COMMENT '会员等级名称',
  `Integral` int(11) NOT NULL COMMENT '该等级所需积分',
  `Remark` varchar(1000) DEFAULT NULL COMMENT '描述',
  `Discount` decimal(8,2) NOT NULL DEFAULT '10.00',
  PRIMARY KEY (`Id`)
) ENGINE=InnoDB AUTO_INCREMENT=8 DEFAULT CHARSET=utf8 ROW_FORMAT=COMPACT;

-- ----------------------------
-- Records of himall_membergrade
-- ----------------------------
INSERT INTO `himall_membergrade` VALUES ('6', '普通会员', '0', null, '9.00');
INSERT INTO `himall_membergrade` VALUES ('7', '黄金会员', '5000', null, '8.00');

-- ----------------------------
-- Table structure for `himall_membergroup`
-- ----------------------------
DROP TABLE IF EXISTS `himall_membergroup`;
CREATE TABLE `himall_membergroup` (
  `Id` bigint(20) NOT NULL AUTO_INCREMENT COMMENT 'Id',
  `ShopId` bigint(20) NOT NULL DEFAULT '0' COMMENT '门店编号',
  `StatisticsType` int(11) NOT NULL COMMENT '统计类型',
  `Total` int(11) NOT NULL COMMENT '统计数量',
  PRIMARY KEY (`Id`)
) ENGINE=InnoDB AUTO_INCREMENT=13 DEFAULT CHARSET=utf8;

-- ----------------------------
-- Records of himall_membergroup
-- ----------------------------

-- ----------------------------
-- Table structure for `himall_memberintegral`
-- ----------------------------
DROP TABLE IF EXISTS `himall_memberintegral`;
CREATE TABLE `himall_memberintegral` (
  `Id` bigint(20) NOT NULL AUTO_INCREMENT,
  `MemberId` bigint(20) DEFAULT NULL COMMENT '会员ID',
  `UserName` varchar(100) NOT NULL COMMENT '用户名称',
  `HistoryIntegrals` int(11) NOT NULL COMMENT '用户历史积分',
  `AvailableIntegrals` int(11) NOT NULL COMMENT '用户可用积分',
  PRIMARY KEY (`Id`),
  KEY `FK_Member_MemberIntegral` (`MemberId`) USING BTREE,
  CONSTRAINT `himall_memberintegral_ibfk_1` FOREIGN KEY (`MemberId`) REFERENCES `himall_members` (`Id`)
) ENGINE=InnoDB AUTO_INCREMENT=200 DEFAULT CHARSET=utf8 ROW_FORMAT=COMPACT;

-- ----------------------------
-- Records of himall_memberintegral
-- ----------------------------

-- ----------------------------
-- Table structure for `himall_memberintegralexchangerules`
-- ----------------------------
DROP TABLE IF EXISTS `himall_memberintegralexchangerules`;
CREATE TABLE `himall_memberintegralexchangerules` (
  `Id` bigint(20) NOT NULL AUTO_INCREMENT,
  `IntegralPerMoney` int(11) NOT NULL COMMENT '一块钱对应多少积分',
  `MoneyPerIntegral` int(11) NOT NULL COMMENT '一个积分对应多少钱',
  PRIMARY KEY (`Id`)
) ENGINE=InnoDB AUTO_INCREMENT=3 DEFAULT CHARSET=utf8 ROW_FORMAT=COMPACT;

-- ----------------------------
-- Records of himall_memberintegralexchangerules
-- ----------------------------
INSERT INTO `himall_memberintegralexchangerules` VALUES ('2', '100', '0');

-- ----------------------------
-- Table structure for `himall_memberintegralrecord`
-- ----------------------------
DROP TABLE IF EXISTS `himall_memberintegralrecord`;
CREATE TABLE `himall_memberintegralrecord` (
  `Id` bigint(20) NOT NULL AUTO_INCREMENT,
  `MemberId` bigint(20) NOT NULL,
  `UserName` varchar(100) NOT NULL COMMENT '用户名称',
  `TypeId` int(11) NOT NULL COMMENT '兑换类型（登录、下单等）',
  `Integral` int(11) NOT NULL COMMENT '积分数量',
  `RecordDate` datetime DEFAULT NULL COMMENT '记录日期',
  `ReMark` varchar(100) DEFAULT NULL COMMENT '说明',
  PRIMARY KEY (`Id`),
  KEY `fk_MemberId_Members` (`MemberId`) USING BTREE,
  CONSTRAINT `himall_memberintegralrecord_ibfk_1` FOREIGN KEY (`MemberId`) REFERENCES `himall_members` (`Id`)
) ENGINE=InnoDB AUTO_INCREMENT=2148 DEFAULT CHARSET=utf8 ROW_FORMAT=COMPACT;

-- ----------------------------
-- Records of himall_memberintegralrecord
-- ----------------------------

-- ----------------------------
-- Table structure for `himall_memberintegralrecordaction`
-- ----------------------------
DROP TABLE IF EXISTS `himall_memberintegralrecordaction`;
CREATE TABLE `himall_memberintegralrecordaction` (
  `Id` bigint(20) NOT NULL AUTO_INCREMENT,
  `IntegralRecordId` bigint(20) NOT NULL COMMENT '积分兑换ID',
  `VirtualItemTypeId` int(11) DEFAULT NULL COMMENT '兑换虚拟物l类型ID',
  `VirtualItemId` bigint(20) NOT NULL COMMENT '虚拟物ID',
  PRIMARY KEY (`Id`),
  KEY `fk_IntegralRecordId_MemberIntegralRecord` (`IntegralRecordId`) USING BTREE,
  CONSTRAINT `himall_memberintegralrecordaction_ibfk_1` FOREIGN KEY (`IntegralRecordId`) REFERENCES `himall_memberintegralrecord` (`Id`)
) ENGINE=InnoDB AUTO_INCREMENT=533 DEFAULT CHARSET=utf8 ROW_FORMAT=COMPACT;

-- ----------------------------
-- Records of himall_memberintegralrecordaction
-- ----------------------------

-- ----------------------------
-- Table structure for `himall_memberintegralrule`
-- ----------------------------
DROP TABLE IF EXISTS `himall_memberintegralrule`;
CREATE TABLE `himall_memberintegralrule` (
  `Id` bigint(20) NOT NULL AUTO_INCREMENT,
  `TypeId` int(11) NOT NULL COMMENT '积分规则类型ID',
  `Integral` int(11) NOT NULL COMMENT '规则对应的积分数量',
  PRIMARY KEY (`Id`)
) ENGINE=InnoDB AUTO_INCREMENT=6 DEFAULT CHARSET=utf8 ROW_FORMAT=COMPACT;

-- ----------------------------
-- Records of himall_memberintegralrule
-- ----------------------------
INSERT INTO `himall_memberintegralrule` VALUES ('1', '5', '0');
INSERT INTO `himall_memberintegralrule` VALUES ('2', '6', '0');
INSERT INTO `himall_memberintegralrule` VALUES ('3', '7', '0');
INSERT INTO `himall_memberintegralrule` VALUES ('4', '9', '0');

-- ----------------------------
-- Table structure for `himall_memberlabel`
-- ----------------------------
DROP TABLE IF EXISTS `himall_memberlabel`;
CREATE TABLE `himall_memberlabel` (
  `Id` bigint(20) NOT NULL AUTO_INCREMENT COMMENT 'Id',
  `MemId` bigint(20) NOT NULL COMMENT '会员ID',
  `LabelId` bigint(20) NOT NULL COMMENT '标签Id',
  PRIMARY KEY (`Id`)
) ENGINE=InnoDB AUTO_INCREMENT=397 DEFAULT CHARSET=utf8;

-- ----------------------------
-- Records of himall_memberlabel
-- ----------------------------

-- ----------------------------
-- Table structure for `himall_memberopenids`
-- ----------------------------
DROP TABLE IF EXISTS `himall_memberopenids`;
CREATE TABLE `himall_memberopenids` (
  `Id` bigint(20) NOT NULL AUTO_INCREMENT,
  `UserId` bigint(20) NOT NULL COMMENT '用户ID',
  `OpenId` varchar(100) DEFAULT NULL COMMENT '微信OpenID',
  `UnionOpenId` varchar(100) DEFAULT NULL COMMENT '开发平台Openid',
  `UnionId` varchar(100) DEFAULT NULL COMMENT '开发平台Unionid',
  `ServiceProvider` varchar(100) NOT NULL COMMENT '插件名称（Himall.Plugin.OAuth.WeiXin）',
  `AppIdType` int(255) NOT NULL,
  PRIMARY KEY (`Id`),
  KEY `FK_Member_MemberOpenId` (`UserId`) USING BTREE,
  CONSTRAINT `himall_memberopenids_ibfk_1` FOREIGN KEY (`UserId`) REFERENCES `himall_members` (`Id`) ON DELETE CASCADE
) ENGINE=InnoDB AUTO_INCREMENT=245 DEFAULT CHARSET=utf8 ROW_FORMAT=COMPACT;

-- ----------------------------
-- Records of himall_memberopenids
-- ----------------------------
INSERT INTO `himall_memberopenids` VALUES ('214', '698', 'oi80Q0b8IEtkHAp_2NQdXCj4p1Gw', '', '', 'WeiXinSmallProg', '1');
INSERT INTO `himall_memberopenids` VALUES ('215', '699', 'oi80Q0W86Pgg868_xGpT3yAYB_kk', '', '', 'WeiXinSmallProg', '1');
INSERT INTO `himall_memberopenids` VALUES ('216', '700', 'oi80Q0SmLP4oxFCkSNs1BSrk0f6I', '', '', 'WeiXinSmallProg', '1');
INSERT INTO `himall_memberopenids` VALUES ('217', '702', 'oi80Q0YJCvXnbFmgxFUQ46BDEA_E', '', '', 'WeiXinSmallProg', '1');

-- ----------------------------
-- Table structure for `himall_members`
-- ----------------------------
DROP TABLE IF EXISTS `himall_members`;
CREATE TABLE `himall_members` (
  `Id` bigint(20) NOT NULL AUTO_INCREMENT,
  `UserName` varchar(100) NOT NULL COMMENT '名称',
  `Password` varchar(100) NOT NULL COMMENT '密码',
  `PasswordSalt` varchar(100) NOT NULL COMMENT '密码加盐',
  `Nick` varchar(50) DEFAULT NULL COMMENT '昵称',
  `Sex` int(11) DEFAULT NULL COMMENT '性别',
  `Email` varchar(100) DEFAULT NULL COMMENT '邮件',
  `CreateDate` datetime NOT NULL COMMENT '创建日期',
  `TopRegionId` int(11) NOT NULL COMMENT '省份ID',
  `RegionId` int(11) NOT NULL COMMENT '省市区ID',
  `RealName` varchar(100) DEFAULT NULL COMMENT '真实姓名',
  `CellPhone` varchar(100) DEFAULT NULL COMMENT '电话',
  `QQ` varchar(100) DEFAULT NULL COMMENT 'QQ',
  `Address` varchar(100) DEFAULT NULL COMMENT '街道地址',
  `Disabled` tinyint(1) NOT NULL COMMENT '是否禁用',
  `LastLoginDate` datetime NOT NULL COMMENT '最后登录日期',
  `OrderNumber` int(11) NOT NULL COMMENT '下单次数',
  `TotalAmount` decimal(18,2) NOT NULL DEFAULT '0.00' COMMENT '总消费金额（不排除退款）',
  `Expenditure` decimal(18,2) NOT NULL DEFAULT '0.00' COMMENT '总消费金额（不排除退款）',
  `Points` int(11) NOT NULL,
  `Photo` varchar(100) DEFAULT NULL COMMENT '头像',
  `ParentSellerId` bigint(20) NOT NULL DEFAULT '0' COMMENT '商家父账号ID',
  `Remark` varchar(1000) DEFAULT NULL,
  `PayPwd` varchar(100) DEFAULT NULL COMMENT '支付密码',
  `PayPwdSalt` varchar(100) DEFAULT NULL COMMENT '支付密码加密字符',
  `InviteUserId` bigint(20) DEFAULT NULL,
  `ShareUserId` bigint(20) DEFAULT NULL COMMENT '分销员Id',
  `BirthDay` date DEFAULT NULL COMMENT '会员生日',
  `Occupation` varchar(15) DEFAULT NULL COMMENT '职业',
  `NetAmount` decimal(18,2) NOT NULL DEFAULT '0.00' COMMENT '净消费金额（排除退款）',
  `LastConsumptionTime` datetime DEFAULT NULL COMMENT '最后消费时间',
  `Hobby` varchar(100) DEFAULT NULL COMMENT '爱好',
  `GroupNotice` varchar(2000) DEFAULT NULL COMMENT '团购须知',
  PRIMARY KEY (`Id`),
  UNIQUE KEY `IX_UserName` (`UserName`) USING BTREE,
  KEY `IX_Email` (`Email`) USING BTREE,
  KEY `IX_CellPhone` (`CellPhone`) USING BTREE
) ENGINE=InnoDB AUTO_INCREMENT=748 DEFAULT CHARSET=utf8 ROW_FORMAT=COMPACT;

-- ----------------------------
-- Records of himall_members
-- ----------------------------
INSERT INTO `himall_members` VALUES ('569', 'seller', '017dd7bc9b0c9a1f84e355219bceeeb0', 'd7da31e9-4d33-475b-a33f-c0a4d3ac76f5', null, null, null, '2017-09-26 13:55:39', '0', '0', null, null, null, null, '0', '2017-11-01 14:08:52', '0', '0.00', '0.00', '0', null, '0', null, null, null, null, null, null, null, '0.00', null, null, null);
INSERT INTO `himall_members` VALUES ('698', 'wx111', '0b49aba4397779958218b95cd8afec34', 'o4ee3920766eb40dd216a', '1111', null, null, '2017-10-13 23:14:00', '0', '0', '', null, null, null, '0', '2017-10-13 23:14:00', '0', '0.00', '0.00', '0', '/Storage/Member/698/headImage.jpg', '0', null, null, null, null, null, null, null, '0.00', null, null, null);
INSERT INTO `himall_members` VALUES ('699', 'wx1111', 'dd275cabed439ae5101dd0f1fbbb2481', 'o4572a7203f5dedb39e16', '谭', null, null, '2017-10-14 00:00:38', '0', '0', '', null, null, null, '0', '2017-10-14 00:00:38', '0', '0.00', '0.00', '0', '/Storage/Member/699/headImage.jpg', '0', null, null, null, null, null, null, null, '0.00', null, null, null);
INSERT INTO `himall_members` VALUES ('700', 'w1111111', '54df975d7a520b715abaf0c28a1b4788', 'o4be69a9f3b04e8350fba', '展1111111111', null, null, '2017-10-14 02:09:40', '0', '0', '', null, null, null, '0', '2017-10-14 02:09:40', '0', '0.00', '0.00', '0', '/Storage/Member/700/headImage.jpg', '0', null, null, null, null, null, null, null, '0.00', null, null, null);
INSERT INTO `himall_members` VALUES ('701', '1111111111111', '7e88eeadf055f5b57ec3c3d66c6c8285', '4ee3bbdd542ea3af5590', '1111111111', null, '', '2017-10-14 09:53:53', '0', '0', '1', '15', null, null, '0', '2017-10-17 18:12:27', '0', '0.00', '0.00', '0', null, '0', null, null, null, null, null, null, null, '0.00', null, null, null);
INSERT INTO `himall_members` VALUES ('702', 'w1111', 'f551fc4f5e47a0f1ef43d13ddaed1f29', 'o4078ba29e47038744875', '不弃', null, null, '2017-10-14 10:24:49', '0', '0', '', null, null, null, '0', '2017-10-14 10:24:49', '0', '0.00', '0.00', '0', '/Storage/Member/702/headImage.jpg', '0', null, null, null, null, null, null, null, '0.00', null, null, null);

-- ----------------------------
-- Table structure for `himall_membersignin`
-- ----------------------------
DROP TABLE IF EXISTS `himall_membersignin`;
CREATE TABLE `himall_membersignin` (
  `Id` bigint(20) NOT NULL AUTO_INCREMENT,
  `UserId` bigint(20) NOT NULL COMMENT '用户ID',
  `LastSignTime` datetime DEFAULT NULL COMMENT '最近签到时间',
  `DurationDay` int(11) NOT NULL DEFAULT '0' COMMENT '持续签到天数 每周期后清零',
  `DurationDaySum` int(11) NOT NULL DEFAULT '0' COMMENT '持续签到天数总数 非连续周期清零',
  `SignDaySum` bigint(20) NOT NULL DEFAULT '0' COMMENT '签到总天数',
  PRIMARY KEY (`Id`),
  KEY `IDX_Himall_MenIn_UserId` (`UserId`) USING BTREE
) ENGINE=InnoDB AUTO_INCREMENT=93 DEFAULT CHARSET=utf8 ROW_FORMAT=COMPACT;

-- ----------------------------
-- Records of himall_membersignin
-- ----------------------------
INSERT INTO `himall_membersignin` VALUES ('55', '570', '2017-02-14 10:16:59', '1', '1', '1');
INSERT INTO `himall_membersignin` VALUES ('56', '576', '2016-02-15 11:00:19', '0', '0', '0');
INSERT INTO `himall_membersignin` VALUES ('57', '577', '2017-02-16 15:27:17', '1', '1', '1');
INSERT INTO `himall_membersignin` VALUES ('58', '569', '2016-02-15 14:15:38', '0', '0', '0');
INSERT INTO `himall_membersignin` VALUES ('59', '572', '2016-02-15 14:23:09', '0', '0', '0');
INSERT INTO `himall_membersignin` VALUES ('60', '583', '2017-02-16 10:03:00', '2', '2', '2');
INSERT INTO `himall_membersignin` VALUES ('61', '590', '2017-02-15 19:22:36', '1', '1', '1');
INSERT INTO `himall_membersignin` VALUES ('62', '592', '2016-02-16 09:03:12', '0', '0', '0');
INSERT INTO `himall_membersignin` VALUES ('63', '593', '2017-02-16 09:16:20', '1', '1', '1');
INSERT INTO `himall_membersignin` VALUES ('64', '579', '2016-02-16 09:55:19', '0', '0', '0');
INSERT INTO `himall_membersignin` VALUES ('65', '596', '2016-02-16 10:46:27', '0', '0', '0');
INSERT INTO `himall_membersignin` VALUES ('66', '598', '2016-02-16 13:30:30', '0', '0', '0');
INSERT INTO `himall_membersignin` VALUES ('67', '599', '2016-02-16 13:51:18', '0', '0', '0');
INSERT INTO `himall_membersignin` VALUES ('68', '584', '2016-02-16 14:21:25', '0', '0', '0');
INSERT INTO `himall_membersignin` VALUES ('69', '608', '2016-02-16 15:16:48', '0', '0', '0');
INSERT INTO `himall_membersignin` VALUES ('70', '610', '2017-02-16 17:18:29', '1', '1', '1');
INSERT INTO `himall_membersignin` VALUES ('71', '612', '2016-02-16 16:58:16', '0', '0', '0');
INSERT INTO `himall_membersignin` VALUES ('72', '614', '2016-02-16 17:34:20', '0', '0', '0');
INSERT INTO `himall_membersignin` VALUES ('73', '621', '2016-02-17 19:21:30', '0', '0', '0');
INSERT INTO `himall_membersignin` VALUES ('74', '622', '2016-02-17 21:22:55', '0', '0', '0');
INSERT INTO `himall_membersignin` VALUES ('75', '624', '2016-02-18 10:45:01', '0', '0', '0');
INSERT INTO `himall_membersignin` VALUES ('76', '626', '2016-02-18 13:06:07', '0', '0', '0');
INSERT INTO `himall_membersignin` VALUES ('77', '633', '2017-02-19 16:16:09', '1', '1', '1');
INSERT INTO `himall_membersignin` VALUES ('78', '635', '2016-02-20 11:16:40', '0', '0', '0');
INSERT INTO `himall_membersignin` VALUES ('79', '636', '2016-02-20 11:53:43', '0', '0', '0');
INSERT INTO `himall_membersignin` VALUES ('80', '605', '2016-02-20 14:56:03', '0', '0', '0');

-- ----------------------------
-- Table structure for `himall_menus`
-- ----------------------------
DROP TABLE IF EXISTS `himall_menus`;
CREATE TABLE `himall_menus` (
  `Id` bigint(20) NOT NULL AUTO_INCREMENT,
  `ParentId` bigint(20) NOT NULL COMMENT '上级ID',
  `ShopId` bigint(20) NOT NULL COMMENT '店铺ID',
  `Title` varchar(10) NOT NULL COMMENT '标题',
  `Url` varchar(200) DEFAULT NULL COMMENT '链接地址',
  `Depth` smallint(6) NOT NULL COMMENT '深度',
  `Sequence` smallint(6) NOT NULL,
  `FullIdPath` varchar(100) NOT NULL COMMENT '全路径',
  `Platform` int(11) NOT NULL COMMENT '终端',
  `UrlType` int(11) DEFAULT NULL COMMENT 'url类型',
  PRIMARY KEY (`Id`)
) ENGINE=InnoDB AUTO_INCREMENT=73 DEFAULT CHARSET=utf8 ROW_FORMAT=COMPACT;

-- ----------------------------
-- Records of himall_menus
-- ----------------------------
INSERT INTO `himall_menus` VALUES ('65', '0', '0', '商城', '', '1', '1', '1', '1', '0');
INSERT INTO `himall_menus` VALUES ('66', '0', '0', '全员开店', 'http://demo.himall.kuaidiantong.cn/m-wap/home/RecruitPlan', '1', '1', '1', '1', '6');
INSERT INTO `himall_menus` VALUES ('67', '0', '0', '活动中心', '', '1', '1', '1', '1', '0');
INSERT INTO `himall_menus` VALUES ('68', '67', '0', '大转盘', 'http://demo.himall.kuaidiantong.cn/m-Mobile/BigWheel/index/155', '2', '1', '1', '1', '6');
INSERT INTO `himall_menus` VALUES ('69', '67', '0', '刮刮卡', 'http://demo.himall.kuaidiantong.cn/m-Mobile/ScratchCard/index/154', '2', '1', '1', '1', '6');
INSERT INTO `himall_menus` VALUES ('70', '67', '0', '签到', 'http://demo.himall.kuaidiantong.cn/m-wap/SignIn/', '2', '1', '1', '1', '6');
INSERT INTO `himall_menus` VALUES ('71', '65', '0', '首页', 'http://demo.himall.kuaidiantong.cn/m-WeiXin/', '2', '1', '1', '1', '1');
INSERT INTO `himall_menus` VALUES ('72', '65', '0', '微店', 'http://demo.himall.kuaidiantong.cn/m-WeiXin/vshop/list', '2', '1', '1', '1', '2');

-- ----------------------------
-- Table structure for `himall_messagelog`
-- ----------------------------
DROP TABLE IF EXISTS `himall_messagelog`;
CREATE TABLE `himall_messagelog` (
  `Id` bigint(20) NOT NULL AUTO_INCREMENT,
  `ShopId` bigint(20) DEFAULT NULL,
  `TypeId` varchar(100) DEFAULT NULL,
  `MessageContent` char(1) DEFAULT NULL,
  `SendTime` datetime DEFAULT NULL,
  PRIMARY KEY (`Id`)
) ENGINE=InnoDB AUTO_INCREMENT=2070 DEFAULT CHARSET=utf8 ROW_FORMAT=COMPACT;

-- ----------------------------
-- Records of himall_messagelog
-- ----------------------------
INSERT INTO `himall_messagelog` VALUES ('875', '0', '短信', '尊', '2017-02-14 10:16:37');
INSERT INTO `himall_messagelog` VALUES ('876', '0', '短信', '尊', '2017-02-15 11:19:31');
INSERT INTO `himall_messagelog` VALUES ('877', '0', '短信', '尊', '2017-02-15 19:00:22');
INSERT INTO `himall_messagelog` VALUES ('878', '0', '短信', '尊', '2017-02-16 13:41:07');
INSERT INTO `himall_messagelog` VALUES ('1662', '0', '短信', '尊', '2017-09-27 09:22:21');
INSERT INTO `himall_messagelog` VALUES ('1663', '0', '短信', '尊', '2017-09-27 09:54:45');
INSERT INTO `himall_messagelog` VALUES ('1664', '0', '短信', '尊', '2017-09-27 10:06:43');
INSERT INTO `himall_messagelog` VALUES ('1665', '0', '短信', '尊', '2017-09-27 10:08:50');
INSERT INTO `himall_messagelog` VALUES ('1666', '0', '短信', '尊', '2017-09-27 10:13:04');
INSERT INTO `himall_messagelog` VALUES ('1667', '0', '短信', '尊', '2017-09-27 15:38:18');
INSERT INTO `himall_messagelog` VALUES ('1668', '0', '短信', '尊', '2017-09-27 15:48:20');
INSERT INTO `himall_messagelog` VALUES ('1669', '309', '短信', '尊', '2017-09-28 11:34:10');
INSERT INTO `himall_messagelog` VALUES ('1670', '309', '短信', '尊', '2017-09-29 09:55:59');
INSERT INTO `himall_messagelog` VALUES ('1671', '309', '短信', '尊', '2017-09-29 10:00:18');
INSERT INTO `himall_messagelog` VALUES ('1672', '0', '短信', '尊', '2017-09-29 10:38:05');
INSERT INTO `himall_messagelog` VALUES ('1673', '308', '短信', '尊', '2017-09-29 15:42:55');
INSERT INTO `himall_messagelog` VALUES ('1674', '309', '短信', '尊', '2017-09-29 15:43:21');
INSERT INTO `himall_messagelog` VALUES ('1675', '308', '短信', '尊', '2017-09-29 15:43:48');
INSERT INTO `himall_messagelog` VALUES ('1676', '308', '短信', '尊', '2017-09-29 15:44:16');
INSERT INTO `himall_messagelog` VALUES ('1677', '306', '短信', '尊', '2017-09-29 16:08:29');
INSERT INTO `himall_messagelog` VALUES ('1678', '309', '短信', '尊', '2017-09-29 16:14:08');
INSERT INTO `himall_messagelog` VALUES ('1679', '309', '短信', '尊', '2017-09-29 16:16:47');
INSERT INTO `himall_messagelog` VALUES ('1680', '309', '短信', '尊', '2017-09-29 16:18:39');
INSERT INTO `himall_messagelog` VALUES ('1681', '309', '短信', '尊', '2017-09-29 16:18:39');
INSERT INTO `himall_messagelog` VALUES ('1682', '309', '短信', '尊', '2017-09-29 20:31:38');
INSERT INTO `himall_messagelog` VALUES ('1683', '0', '短信', '尊', '2017-09-29 20:32:03');
INSERT INTO `himall_messagelog` VALUES ('1684', '309', '短信', '尊', '2017-09-29 20:48:44');
INSERT INTO `himall_messagelog` VALUES ('1685', '0', '短信', '尊', '2017-09-29 20:48:52');
INSERT INTO `himall_messagelog` VALUES ('1686', '309', '短信', '尊', '2017-09-29 20:55:08');
INSERT INTO `himall_messagelog` VALUES ('1687', '309', '短信', '尊', '2017-09-29 21:06:31');
INSERT INTO `himall_messagelog` VALUES ('1688', '0', '短信', '尊', '2017-09-29 21:06:40');
INSERT INTO `himall_messagelog` VALUES ('1689', '309', '短信', '尊', '2017-09-30 09:12:50');
INSERT INTO `himall_messagelog` VALUES ('1690', '0', '短信', '尊', '2017-09-30 09:13:18');
INSERT INTO `himall_messagelog` VALUES ('1691', '306', '短信', '尊', '2017-09-30 09:38:07');
INSERT INTO `himall_messagelog` VALUES ('1692', '308', '短信', '尊', '2017-09-30 16:13:12');
INSERT INTO `himall_messagelog` VALUES ('1693', '308', '短信', '尊', '2017-09-30 16:15:50');
INSERT INTO `himall_messagelog` VALUES ('1694', '309', '短信', '尊', '2017-09-30 16:52:52');
INSERT INTO `himall_messagelog` VALUES ('1695', '0', '短信', '尊', '2017-09-30 16:53:43');
INSERT INTO `himall_messagelog` VALUES ('1696', '309', '短信', '尊', '2017-10-02 00:05:53');
INSERT INTO `himall_messagelog` VALUES ('1697', '0', '短信', '尊', '2017-10-02 00:06:24');
INSERT INTO `himall_messagelog` VALUES ('1698', '0', '短信', '尊', '2017-10-02 00:06:34');
INSERT INTO `himall_messagelog` VALUES ('1699', '309', '短信', '尊', '2017-10-02 00:09:32');
INSERT INTO `himall_messagelog` VALUES ('1700', '0', '短信', '尊', '2017-10-02 00:09:40');
INSERT INTO `himall_messagelog` VALUES ('1701', '309', '短信', '尊', '2017-10-02 10:17:24');
INSERT INTO `himall_messagelog` VALUES ('1702', '0', '短信', '尊', '2017-10-02 10:19:31');
INSERT INTO `himall_messagelog` VALUES ('1703', '309', '短信', '尊', '2017-10-02 13:09:25');
INSERT INTO `himall_messagelog` VALUES ('1704', '309', '短信', '尊', '2017-10-02 13:33:19');
INSERT INTO `himall_messagelog` VALUES ('1705', '0', '短信', '尊', '2017-10-02 13:33:41');
INSERT INTO `himall_messagelog` VALUES ('1706', '0', '短信', '尊', '2017-10-02 13:33:56');
INSERT INTO `himall_messagelog` VALUES ('1707', '309', '短信', '尊', '2017-10-03 16:54:18');
INSERT INTO `himall_messagelog` VALUES ('1708', '0', '短信', '尊', '2017-10-03 16:55:03');
INSERT INTO `himall_messagelog` VALUES ('1709', '309', '短信', '尊', '2017-10-03 17:47:57');
INSERT INTO `himall_messagelog` VALUES ('1710', '0', '短信', '尊', '2017-10-03 17:48:04');
INSERT INTO `himall_messagelog` VALUES ('1711', '309', '短信', '尊', '2017-10-03 22:37:09');
INSERT INTO `himall_messagelog` VALUES ('1712', '0', '短信', '尊', '2017-10-03 22:37:38');
INSERT INTO `himall_messagelog` VALUES ('1713', '0', '短信', '尊', '2017-10-04 08:59:47');
INSERT INTO `himall_messagelog` VALUES ('1714', '0', '短信', '尊', '2017-10-04 09:10:43');
INSERT INTO `himall_messagelog` VALUES ('1715', '0', '短信', '尊', '2017-10-04 09:43:49');
INSERT INTO `himall_messagelog` VALUES ('1716', '0', '短信', '尊', '2017-10-04 09:44:36');
INSERT INTO `himall_messagelog` VALUES ('1717', '309', '短信', '尊', '2017-10-04 10:44:21');
INSERT INTO `himall_messagelog` VALUES ('1718', '309', '短信', '尊', '2017-10-04 10:44:36');
INSERT INTO `himall_messagelog` VALUES ('1719', '0', '短信', '尊', '2017-10-04 12:01:21');
INSERT INTO `himall_messagelog` VALUES ('1720', '0', '短信', '尊', '2017-10-04 12:16:07');
INSERT INTO `himall_messagelog` VALUES ('1721', '0', '短信', '尊', '2017-10-04 12:19:31');
INSERT INTO `himall_messagelog` VALUES ('1722', '0', '短信', '尊', '2017-10-04 12:21:42');
INSERT INTO `himall_messagelog` VALUES ('1723', '0', '短信', '尊', '2017-10-04 12:37:23');
INSERT INTO `himall_messagelog` VALUES ('1724', '0', '短信', '尊', '2017-10-04 12:42:33');
INSERT INTO `himall_messagelog` VALUES ('1725', '0', '短信', '尊', '2017-10-04 12:55:17');
INSERT INTO `himall_messagelog` VALUES ('1726', '0', '短信', '尊', '2017-10-04 15:41:04');
INSERT INTO `himall_messagelog` VALUES ('1727', '0', '短信', '尊', '2017-10-04 17:43:20');
INSERT INTO `himall_messagelog` VALUES ('1728', '0', '短信', '尊', '2017-10-04 18:34:41');
INSERT INTO `himall_messagelog` VALUES ('1729', '0', '短信', '尊', '2017-10-04 18:43:32');
INSERT INTO `himall_messagelog` VALUES ('1730', '0', '短信', '尊', '2017-10-04 18:53:46');
INSERT INTO `himall_messagelog` VALUES ('1731', '0', '短信', '尊', '2017-10-04 20:19:42');
INSERT INTO `himall_messagelog` VALUES ('1732', '0', '短信', '尊', '2017-10-04 20:31:31');
INSERT INTO `himall_messagelog` VALUES ('1733', '0', '短信', '尊', '2017-10-04 20:37:02');
INSERT INTO `himall_messagelog` VALUES ('1734', '0', '短信', '尊', '2017-10-04 20:42:08');
INSERT INTO `himall_messagelog` VALUES ('1735', '0', '短信', '尊', '2017-10-04 20:45:31');
INSERT INTO `himall_messagelog` VALUES ('1736', '0', '短信', '尊', '2017-10-04 20:45:47');
INSERT INTO `himall_messagelog` VALUES ('1737', '0', '短信', '尊', '2017-10-04 20:51:01');
INSERT INTO `himall_messagelog` VALUES ('1738', '0', '短信', '尊', '2017-10-04 21:19:59');
INSERT INTO `himall_messagelog` VALUES ('1739', '309', '短信', '尊', '2017-10-04 23:00:20');
INSERT INTO `himall_messagelog` VALUES ('1740', '0', '短信', '尊', '2017-10-05 01:00:00');
INSERT INTO `himall_messagelog` VALUES ('1741', '309', '短信', '尊', '2017-10-05 14:06:18');
INSERT INTO `himall_messagelog` VALUES ('1742', '0', '短信', '尊', '2017-10-05 14:06:46');
INSERT INTO `himall_messagelog` VALUES ('1743', '0', '短信', '尊', '2017-10-05 19:34:58');
INSERT INTO `himall_messagelog` VALUES ('1744', '0', '短信', '尊', '2017-10-05 19:36:40');
INSERT INTO `himall_messagelog` VALUES ('1745', '309', '短信', '尊', '2017-10-05 20:20:01');
INSERT INTO `himall_messagelog` VALUES ('1746', '0', '短信', '尊', '2017-10-05 20:20:41');
INSERT INTO `himall_messagelog` VALUES ('1747', '309', '短信', '尊', '2017-10-05 20:24:39');
INSERT INTO `himall_messagelog` VALUES ('1748', '309', '短信', '尊', '2017-10-05 20:24:39');
INSERT INTO `himall_messagelog` VALUES ('1749', '309', '短信', '尊', '2017-10-05 20:25:22');
INSERT INTO `himall_messagelog` VALUES ('1750', '309', '短信', '尊', '2017-10-05 20:58:24');
INSERT INTO `himall_messagelog` VALUES ('1751', '309', '短信', '尊', '2017-10-05 21:06:31');
INSERT INTO `himall_messagelog` VALUES ('1752', '309', '短信', '尊', '2017-10-05 21:08:46');
INSERT INTO `himall_messagelog` VALUES ('1753', '0', '短信', '尊', '2017-10-05 22:10:56');
INSERT INTO `himall_messagelog` VALUES ('1754', '309', '短信', '尊', '2017-10-05 22:12:10');
INSERT INTO `himall_messagelog` VALUES ('1755', '0', '短信', '尊', '2017-10-05 22:12:28');
INSERT INTO `himall_messagelog` VALUES ('1756', '309', '短信', '尊', '2017-10-05 22:31:11');
INSERT INTO `himall_messagelog` VALUES ('1757', '0', '短信', '尊', '2017-10-05 22:36:46');
INSERT INTO `himall_messagelog` VALUES ('1758', '0', '短信', '尊', '2017-10-06 02:41:09');
INSERT INTO `himall_messagelog` VALUES ('1759', '309', '短信', '尊', '2017-10-07 08:58:01');
INSERT INTO `himall_messagelog` VALUES ('1760', '309', '短信', '尊', '2017-10-07 13:05:03');
INSERT INTO `himall_messagelog` VALUES ('1761', '309', '短信', '尊', '2017-10-07 23:24:55');
INSERT INTO `himall_messagelog` VALUES ('1762', '0', '短信', '尊', '2017-10-07 23:25:27');
INSERT INTO `himall_messagelog` VALUES ('1763', '309', '短信', '尊', '2017-10-08 18:24:27');
INSERT INTO `himall_messagelog` VALUES ('1764', '0', '短信', '尊', '2017-10-08 18:24:34');
INSERT INTO `himall_messagelog` VALUES ('1765', '309', '短信', '尊', '2017-10-08 18:27:59');
INSERT INTO `himall_messagelog` VALUES ('1766', '0', '短信', '尊', '2017-10-08 18:28:05');
INSERT INTO `himall_messagelog` VALUES ('1767', '309', '短信', '尊', '2017-10-08 23:35:24');
INSERT INTO `himall_messagelog` VALUES ('1768', '0', '短信', '尊', '2017-10-08 23:35:32');
INSERT INTO `himall_messagelog` VALUES ('1769', '309', '短信', '尊', '2017-10-08 23:43:00');
INSERT INTO `himall_messagelog` VALUES ('1770', '0', '短信', '尊', '2017-10-08 23:43:25');
INSERT INTO `himall_messagelog` VALUES ('1771', '309', '短信', '尊', '2017-10-09 00:17:31');
INSERT INTO `himall_messagelog` VALUES ('1772', '0', '短信', '尊', '2017-10-09 00:17:39');
INSERT INTO `himall_messagelog` VALUES ('1773', '309', '短信', '尊', '2017-10-09 00:26:13');
INSERT INTO `himall_messagelog` VALUES ('1774', '0', '短信', '尊', '2017-10-09 00:26:20');
INSERT INTO `himall_messagelog` VALUES ('1775', '309', '短信', '尊', '2017-10-09 09:02:57');
INSERT INTO `himall_messagelog` VALUES ('1776', '0', '短信', '尊', '2017-10-09 09:03:28');
INSERT INTO `himall_messagelog` VALUES ('1777', '0', '短信', '尊', '2017-10-09 09:45:53');
INSERT INTO `himall_messagelog` VALUES ('1778', '309', '短信', '尊', '2017-10-09 09:51:43');
INSERT INTO `himall_messagelog` VALUES ('1779', '0', '短信', '尊', '2017-10-09 09:52:12');
INSERT INTO `himall_messagelog` VALUES ('1780', '309', '短信', '尊', '2017-10-09 09:53:35');
INSERT INTO `himall_messagelog` VALUES ('1781', '0', '短信', '尊', '2017-10-09 09:53:53');
INSERT INTO `himall_messagelog` VALUES ('1782', '309', '短信', '尊', '2017-10-09 10:03:40');
INSERT INTO `himall_messagelog` VALUES ('1783', '0', '短信', '尊', '2017-10-09 10:03:47');
INSERT INTO `himall_messagelog` VALUES ('1784', '309', '短信', '尊', '2017-10-09 10:28:52');
INSERT INTO `himall_messagelog` VALUES ('1785', '309', '短信', '尊', '2017-10-09 10:47:08');
INSERT INTO `himall_messagelog` VALUES ('1786', '0', '短信', '尊', '2017-10-09 10:53:24');
INSERT INTO `himall_messagelog` VALUES ('1787', '309', '短信', '尊', '2017-10-09 14:02:02');
INSERT INTO `himall_messagelog` VALUES ('1788', '0', '短信', '尊', '2017-10-09 14:02:10');
INSERT INTO `himall_messagelog` VALUES ('1789', '309', '短信', '尊', '2017-10-09 14:05:00');
INSERT INTO `himall_messagelog` VALUES ('1790', '0', '短信', '尊', '2017-10-09 14:07:34');
INSERT INTO `himall_messagelog` VALUES ('1791', '309', '短信', '尊', '2017-10-09 15:13:27');
INSERT INTO `himall_messagelog` VALUES ('1792', '0', '短信', '尊', '2017-10-09 15:14:00');
INSERT INTO `himall_messagelog` VALUES ('1793', '350', '短信', '尊', '2017-10-09 15:27:11');
INSERT INTO `himall_messagelog` VALUES ('1794', '309', '短信', '尊', '2017-10-09 15:34:37');
INSERT INTO `himall_messagelog` VALUES ('1795', '0', '短信', '尊', '2017-10-09 15:35:06');
INSERT INTO `himall_messagelog` VALUES ('1796', '309', '短信', '尊', '2017-10-09 17:14:46');
INSERT INTO `himall_messagelog` VALUES ('1797', '0', '短信', '尊', '2017-10-09 17:15:40');
INSERT INTO `himall_messagelog` VALUES ('1798', '309', '短信', '尊', '2017-10-09 17:22:54');
INSERT INTO `himall_messagelog` VALUES ('1799', '0', '短信', '尊', '2017-10-09 17:23:02');
INSERT INTO `himall_messagelog` VALUES ('1800', '309', '短信', '尊', '2017-10-09 17:33:24');
INSERT INTO `himall_messagelog` VALUES ('1801', '0', '短信', '尊', '2017-10-09 17:33:31');
INSERT INTO `himall_messagelog` VALUES ('1802', '309', '短信', '尊', '2017-10-09 17:34:24');
INSERT INTO `himall_messagelog` VALUES ('1803', '0', '短信', '尊', '2017-10-09 17:34:31');
INSERT INTO `himall_messagelog` VALUES ('1804', '0', '短信', '尊', '2017-10-09 17:57:47');
INSERT INTO `himall_messagelog` VALUES ('1805', '0', '短信', '尊', '2017-10-09 18:02:33');
INSERT INTO `himall_messagelog` VALUES ('1806', '309', '短信', '尊', '2017-10-09 18:38:23');
INSERT INTO `himall_messagelog` VALUES ('1807', '309', '短信', '尊', '2017-10-09 18:41:16');
INSERT INTO `himall_messagelog` VALUES ('1808', '0', '短信', '尊', '2017-10-09 22:35:36');
INSERT INTO `himall_messagelog` VALUES ('1809', '0', '短信', '尊', '2017-10-09 22:42:03');
INSERT INTO `himall_messagelog` VALUES ('1810', '0', '短信', '尊', '2017-10-09 22:48:58');
INSERT INTO `himall_messagelog` VALUES ('1811', '0', '短信', '尊', '2017-10-09 22:53:10');
INSERT INTO `himall_messagelog` VALUES ('1812', '0', '短信', '尊', '2017-10-09 23:12:39');
INSERT INTO `himall_messagelog` VALUES ('1813', '0', '短信', '尊', '2017-10-09 23:14:14');
INSERT INTO `himall_messagelog` VALUES ('1814', '0', '短信', '尊', '2017-10-09 23:36:10');
INSERT INTO `himall_messagelog` VALUES ('1815', '0', '短信', '尊', '2017-10-09 23:40:37');
INSERT INTO `himall_messagelog` VALUES ('1816', '0', '短信', '尊', '2017-10-09 23:47:08');
INSERT INTO `himall_messagelog` VALUES ('1817', '363', '短信', '尊', '2017-10-09 23:47:16');
INSERT INTO `himall_messagelog` VALUES ('1818', '0', '短信', '尊', '2017-10-09 23:47:23');
INSERT INTO `himall_messagelog` VALUES ('1819', '0', '短信', '尊', '2017-10-10 00:34:42');
INSERT INTO `himall_messagelog` VALUES ('1820', '0', '短信', '尊', '2017-10-10 00:40:57');
INSERT INTO `himall_messagelog` VALUES ('1821', '0', '短信', '尊', '2017-10-10 00:41:17');
INSERT INTO `himall_messagelog` VALUES ('1822', '0', '短信', '尊', '2017-10-10 00:59:36');
INSERT INTO `himall_messagelog` VALUES ('1823', '0', '短信', '尊', '2017-10-10 01:06:51');
INSERT INTO `himall_messagelog` VALUES ('1824', '363', '短信', '尊', '2017-10-10 09:57:01');
INSERT INTO `himall_messagelog` VALUES ('1825', '0', '短信', '尊', '2017-10-10 09:57:10');
INSERT INTO `himall_messagelog` VALUES ('1826', '362', '短信', '尊', '2017-10-10 10:31:19');
INSERT INTO `himall_messagelog` VALUES ('1827', '0', '短信', '尊', '2017-10-10 10:31:45');
INSERT INTO `himall_messagelog` VALUES ('1828', '362', '短信', '尊', '2017-10-10 10:55:06');
INSERT INTO `himall_messagelog` VALUES ('1829', '0', '短信', '尊', '2017-10-10 10:55:28');
INSERT INTO `himall_messagelog` VALUES ('1830', '362', '短信', '尊', '2017-10-10 11:07:17');
INSERT INTO `himall_messagelog` VALUES ('1831', '0', '短信', '尊', '2017-10-10 11:07:38');
INSERT INTO `himall_messagelog` VALUES ('1832', '363', '短信', '尊', '2017-10-10 11:53:57');
INSERT INTO `himall_messagelog` VALUES ('1833', '0', '短信', '尊', '2017-10-10 11:54:09');
INSERT INTO `himall_messagelog` VALUES ('1834', '363', '短信', '尊', '2017-10-10 11:59:56');
INSERT INTO `himall_messagelog` VALUES ('1835', '0', '短信', '尊', '2017-10-10 12:00:04');
INSERT INTO `himall_messagelog` VALUES ('1836', '363', '短信', '尊', '2017-10-10 14:12:07');
INSERT INTO `himall_messagelog` VALUES ('1837', '0', '短信', '尊', '2017-10-10 14:12:34');
INSERT INTO `himall_messagelog` VALUES ('1838', '363', '短信', '尊', '2017-10-10 14:14:33');
INSERT INTO `himall_messagelog` VALUES ('1839', '0', '短信', '尊', '2017-10-10 14:14:45');
INSERT INTO `himall_messagelog` VALUES ('1840', '363', '短信', '尊', '2017-10-10 14:34:20');
INSERT INTO `himall_messagelog` VALUES ('1841', '0', '短信', '尊', '2017-10-10 14:34:27');
INSERT INTO `himall_messagelog` VALUES ('1842', '363', '短信', '尊', '2017-10-10 14:34:46');
INSERT INTO `himall_messagelog` VALUES ('1843', '0', '短信', '尊', '2017-10-10 14:34:53');
INSERT INTO `himall_messagelog` VALUES ('1844', '363', '短信', '尊', '2017-10-10 14:42:43');
INSERT INTO `himall_messagelog` VALUES ('1845', '363', '短信', '尊', '2017-10-10 14:55:46');
INSERT INTO `himall_messagelog` VALUES ('1846', '0', '短信', '尊', '2017-10-10 14:55:52');
INSERT INTO `himall_messagelog` VALUES ('1847', '363', '短信', '尊', '2017-10-10 15:38:19');
INSERT INTO `himall_messagelog` VALUES ('1848', '0', '短信', '尊', '2017-10-10 15:38:27');
INSERT INTO `himall_messagelog` VALUES ('1849', '363', '短信', '尊', '2017-10-10 15:46:06');
INSERT INTO `himall_messagelog` VALUES ('1850', '0', '短信', '尊', '2017-10-10 15:46:17');
INSERT INTO `himall_messagelog` VALUES ('1851', '363', '短信', '尊', '2017-10-10 16:53:56');
INSERT INTO `himall_messagelog` VALUES ('1852', '0', '短信', '尊', '2017-10-10 16:55:04');
INSERT INTO `himall_messagelog` VALUES ('1853', '363', '短信', '尊', '2017-10-10 17:01:05');
INSERT INTO `himall_messagelog` VALUES ('1854', '0', '短信', '尊', '2017-10-10 17:01:14');
INSERT INTO `himall_messagelog` VALUES ('1855', '309', '短信', '尊', '2017-10-10 19:28:34');
INSERT INTO `himall_messagelog` VALUES ('1856', '0', '短信', '尊', '2017-10-10 21:01:06');
INSERT INTO `himall_messagelog` VALUES ('1857', '309', '短信', '尊', '2017-10-10 21:05:03');
INSERT INTO `himall_messagelog` VALUES ('1858', '362', '短信', '尊', '2017-10-10 21:05:49');
INSERT INTO `himall_messagelog` VALUES ('1859', '363', '短信', '尊', '2017-10-10 22:41:33');
INSERT INTO `himall_messagelog` VALUES ('1860', '0', '短信', '尊', '2017-10-10 22:42:39');
INSERT INTO `himall_messagelog` VALUES ('1861', '363', '短信', '尊', '2017-10-11 16:13:46');
INSERT INTO `himall_messagelog` VALUES ('1862', '363', '短信', '尊', '2017-10-11 16:38:43');
INSERT INTO `himall_messagelog` VALUES ('1863', '0', '短信', '尊', '2017-10-11 16:38:51');
INSERT INTO `himall_messagelog` VALUES ('1864', '363', '短信', '尊', '2017-10-11 17:01:57');
INSERT INTO `himall_messagelog` VALUES ('1865', '0', '短信', '尊', '2017-10-11 17:02:19');
INSERT INTO `himall_messagelog` VALUES ('1866', '363', '短信', '尊', '2017-10-11 17:29:23');
INSERT INTO `himall_messagelog` VALUES ('1867', '363', '短信', '尊', '2017-10-11 22:12:30');
INSERT INTO `himall_messagelog` VALUES ('1868', '0', '短信', '尊', '2017-10-11 22:12:39');
INSERT INTO `himall_messagelog` VALUES ('1869', '363', '短信', '尊', '2017-10-11 22:15:46');
INSERT INTO `himall_messagelog` VALUES ('1870', '0', '短信', '尊', '2017-10-11 22:16:00');
INSERT INTO `himall_messagelog` VALUES ('1871', '363', '短信', '尊', '2017-10-11 22:20:40');
INSERT INTO `himall_messagelog` VALUES ('1872', '0', '短信', '尊', '2017-10-11 22:20:47');
INSERT INTO `himall_messagelog` VALUES ('1873', '363', '短信', '尊', '2017-10-11 22:23:44');
INSERT INTO `himall_messagelog` VALUES ('1874', '0', '短信', '尊', '2017-10-11 22:23:54');
INSERT INTO `himall_messagelog` VALUES ('1875', '363', '短信', '尊', '2017-10-11 22:26:19');
INSERT INTO `himall_messagelog` VALUES ('1876', '0', '短信', '尊', '2017-10-11 22:26:38');
INSERT INTO `himall_messagelog` VALUES ('1877', '0', '短信', '尊', '2017-10-11 22:26:58');
INSERT INTO `himall_messagelog` VALUES ('1878', '363', '短信', '尊', '2017-10-12 10:27:49');
INSERT INTO `himall_messagelog` VALUES ('1879', '363', '短信', '尊', '2017-10-12 10:37:58');
INSERT INTO `himall_messagelog` VALUES ('1880', '363', '短信', '尊', '2017-10-12 10:39:44');
INSERT INTO `himall_messagelog` VALUES ('1881', '363', '短信', '尊', '2017-10-12 11:28:32');
INSERT INTO `himall_messagelog` VALUES ('1882', '0', '短信', '尊', '2017-10-12 11:28:40');
INSERT INTO `himall_messagelog` VALUES ('1883', '363', '短信', '尊', '2017-10-12 11:33:42');
INSERT INTO `himall_messagelog` VALUES ('1884', '363', '短信', '尊', '2017-10-12 11:34:08');
INSERT INTO `himall_messagelog` VALUES ('1885', '0', '短信', '尊', '2017-10-12 11:47:50');
INSERT INTO `himall_messagelog` VALUES ('1886', '363', '短信', '尊', '2017-10-12 12:04:18');
INSERT INTO `himall_messagelog` VALUES ('1887', '0', '短信', '尊', '2017-10-12 12:04:38');
INSERT INTO `himall_messagelog` VALUES ('1888', '363', '短信', '尊', '2017-10-12 12:08:46');
INSERT INTO `himall_messagelog` VALUES ('1889', '0', '短信', '尊', '2017-10-12 12:08:54');
INSERT INTO `himall_messagelog` VALUES ('1890', '363', '短信', '尊', '2017-10-12 12:13:31');
INSERT INTO `himall_messagelog` VALUES ('1891', '0', '短信', '尊', '2017-10-12 12:13:41');
INSERT INTO `himall_messagelog` VALUES ('1892', '0', '短信', '尊', '2017-10-12 14:20:55');
INSERT INTO `himall_messagelog` VALUES ('1893', '363', '短信', '尊', '2017-10-12 14:47:36');
INSERT INTO `himall_messagelog` VALUES ('1894', '0', '短信', '尊', '2017-10-12 14:48:01');
INSERT INTO `himall_messagelog` VALUES ('1895', '363', '短信', '尊', '2017-10-12 14:48:54');
INSERT INTO `himall_messagelog` VALUES ('1896', '363', '短信', '尊', '2017-10-12 14:52:36');
INSERT INTO `himall_messagelog` VALUES ('1897', '0', '短信', '尊', '2017-10-12 14:52:42');
INSERT INTO `himall_messagelog` VALUES ('1898', '363', '短信', '尊', '2017-10-12 15:03:38');
INSERT INTO `himall_messagelog` VALUES ('1899', '0', '短信', '尊', '2017-10-12 15:04:09');
INSERT INTO `himall_messagelog` VALUES ('1900', '363', '短信', '尊', '2017-10-12 15:04:25');
INSERT INTO `himall_messagelog` VALUES ('1901', '363', '短信', '尊', '2017-10-12 15:06:17');
INSERT INTO `himall_messagelog` VALUES ('1902', '0', '短信', '尊', '2017-10-12 15:06:24');
INSERT INTO `himall_messagelog` VALUES ('1903', '0', '短信', '尊', '2017-10-12 15:07:09');
INSERT INTO `himall_messagelog` VALUES ('1904', '363', '短信', '尊', '2017-10-12 15:09:23');
INSERT INTO `himall_messagelog` VALUES ('1905', '0', '短信', '尊', '2017-10-12 15:09:31');
INSERT INTO `himall_messagelog` VALUES ('1906', '363', '短信', '尊', '2017-10-12 16:08:58');
INSERT INTO `himall_messagelog` VALUES ('1907', '0', '短信', '尊', '2017-10-12 16:09:06');
INSERT INTO `himall_messagelog` VALUES ('1908', '363', '短信', '尊', '2017-10-12 16:10:35');
INSERT INTO `himall_messagelog` VALUES ('1909', '0', '短信', '尊', '2017-10-12 16:10:45');
INSERT INTO `himall_messagelog` VALUES ('1910', '363', '短信', '尊', '2017-10-12 16:14:01');
INSERT INTO `himall_messagelog` VALUES ('1911', '0', '短信', '尊', '2017-10-12 16:14:23');
INSERT INTO `himall_messagelog` VALUES ('1912', '363', '短信', '尊', '2017-10-12 16:18:51');
INSERT INTO `himall_messagelog` VALUES ('1913', '363', '短信', '尊', '2017-10-12 16:21:57');
INSERT INTO `himall_messagelog` VALUES ('1914', '0', '短信', '尊', '2017-10-12 16:28:35');
INSERT INTO `himall_messagelog` VALUES ('1915', '363', '短信', '尊', '2017-10-12 19:32:14');
INSERT INTO `himall_messagelog` VALUES ('1916', '0', '短信', '尊', '2017-10-12 19:32:20');
INSERT INTO `himall_messagelog` VALUES ('1917', '363', '短信', '尊', '2017-10-12 19:32:49');
INSERT INTO `himall_messagelog` VALUES ('1918', '0', '短信', '尊', '2017-10-12 19:32:56');
INSERT INTO `himall_messagelog` VALUES ('1919', '363', '短信', '尊', '2017-10-12 20:02:48');
INSERT INTO `himall_messagelog` VALUES ('1920', '363', '短信', '尊', '2017-10-12 20:35:13');
INSERT INTO `himall_messagelog` VALUES ('1921', '0', '短信', '尊', '2017-10-12 20:35:30');
INSERT INTO `himall_messagelog` VALUES ('1922', '363', '短信', '尊', '2017-10-12 20:37:11');
INSERT INTO `himall_messagelog` VALUES ('1923', '0', '短信', '尊', '2017-10-12 20:37:19');
INSERT INTO `himall_messagelog` VALUES ('1924', '363', '短信', '尊', '2017-10-12 20:38:21');
INSERT INTO `himall_messagelog` VALUES ('1925', '0', '短信', '尊', '2017-10-12 20:38:40');
INSERT INTO `himall_messagelog` VALUES ('1926', '363', '短信', '尊', '2017-10-13 07:47:40');
INSERT INTO `himall_messagelog` VALUES ('1927', '0', '短信', '尊', '2017-10-13 07:48:29');
INSERT INTO `himall_messagelog` VALUES ('1928', '363', '短信', '尊', '2017-10-13 09:28:05');
INSERT INTO `himall_messagelog` VALUES ('1929', '0', '短信', '尊', '2017-10-13 09:28:13');
INSERT INTO `himall_messagelog` VALUES ('1930', '363', '短信', '尊', '2017-10-13 09:30:33');
INSERT INTO `himall_messagelog` VALUES ('1931', '0', '短信', '尊', '2017-10-13 09:30:44');
INSERT INTO `himall_messagelog` VALUES ('1932', '363', '短信', '尊', '2017-10-13 11:18:29');
INSERT INTO `himall_messagelog` VALUES ('1933', '0', '短信', '尊', '2017-10-13 11:19:07');
INSERT INTO `himall_messagelog` VALUES ('1934', '363', '短信', '尊', '2017-10-13 11:30:12');
INSERT INTO `himall_messagelog` VALUES ('1935', '363', '短信', '尊', '2017-10-13 12:15:14');
INSERT INTO `himall_messagelog` VALUES ('1936', '363', '短信', '尊', '2017-10-13 14:38:41');
INSERT INTO `himall_messagelog` VALUES ('1937', '0', '短信', '尊', '2017-10-13 14:39:11');
INSERT INTO `himall_messagelog` VALUES ('1938', '363', '短信', '尊', '2017-10-13 14:51:40');
INSERT INTO `himall_messagelog` VALUES ('1939', '0', '短信', '尊', '2017-10-13 14:51:47');
INSERT INTO `himall_messagelog` VALUES ('1940', '363', '短信', '尊', '2017-10-13 14:55:21');
INSERT INTO `himall_messagelog` VALUES ('1941', '0', '短信', '尊', '2017-10-13 14:55:44');
INSERT INTO `himall_messagelog` VALUES ('1942', '363', '短信', '尊', '2017-10-13 15:23:37');
INSERT INTO `himall_messagelog` VALUES ('1943', '0', '短信', '尊', '2017-10-13 15:24:04');
INSERT INTO `himall_messagelog` VALUES ('1944', '363', '短信', '尊', '2017-10-13 16:17:52');
INSERT INTO `himall_messagelog` VALUES ('1945', '0', '短信', '尊', '2017-10-13 16:18:17');
INSERT INTO `himall_messagelog` VALUES ('1946', '363', '短信', '尊', '2017-10-13 16:42:31');
INSERT INTO `himall_messagelog` VALUES ('1947', '0', '短信', '尊', '2017-10-13 16:42:39');
INSERT INTO `himall_messagelog` VALUES ('1948', '363', '短信', '尊', '2017-10-13 16:47:55');
INSERT INTO `himall_messagelog` VALUES ('1949', '0', '短信', '尊', '2017-10-13 16:48:12');
INSERT INTO `himall_messagelog` VALUES ('1950', '363', '短信', '尊', '2017-10-13 17:12:25');
INSERT INTO `himall_messagelog` VALUES ('1951', '363', '短信', '尊', '2017-10-13 17:15:32');
INSERT INTO `himall_messagelog` VALUES ('1952', '363', '短信', '尊', '2017-10-13 17:18:01');
INSERT INTO `himall_messagelog` VALUES ('1953', '0', '短信', '尊', '2017-10-13 17:19:36');
INSERT INTO `himall_messagelog` VALUES ('1954', '309', '短信', '尊', '2017-10-13 17:19:57');
INSERT INTO `himall_messagelog` VALUES ('1955', '0', '短信', '尊', '2017-10-13 17:23:06');
INSERT INTO `himall_messagelog` VALUES ('1956', '363', '短信', '尊', '2017-10-13 17:27:40');
INSERT INTO `himall_messagelog` VALUES ('1957', '0', '短信', '尊', '2017-10-13 17:28:09');
INSERT INTO `himall_messagelog` VALUES ('1958', '363', '短信', '尊', '2017-10-13 17:29:24');
INSERT INTO `himall_messagelog` VALUES ('1959', '0', '短信', '尊', '2017-10-13 17:29:31');
INSERT INTO `himall_messagelog` VALUES ('1960', '0', '短信', '尊', '2017-10-13 21:38:15');
INSERT INTO `himall_messagelog` VALUES ('1961', '0', '短信', '尊', '2017-10-13 22:35:27');
INSERT INTO `himall_messagelog` VALUES ('1962', '0', '短信', '尊', '2017-10-13 22:37:17');
INSERT INTO `himall_messagelog` VALUES ('1963', '0', '短信', '尊', '2017-10-13 22:57:48');
INSERT INTO `himall_messagelog` VALUES ('1964', '0', '短信', '尊', '2017-10-13 23:00:56');
INSERT INTO `himall_messagelog` VALUES ('1965', '0', '短信', '尊', '2017-10-13 23:03:21');
INSERT INTO `himall_messagelog` VALUES ('1966', '0', '短信', '尊', '2017-10-14 09:53:04');
INSERT INTO `himall_messagelog` VALUES ('1967', '0', '短信', '尊', '2017-10-14 09:54:47');
INSERT INTO `himall_messagelog` VALUES ('1968', '0', '短信', '尊', '2017-10-14 11:49:42');
INSERT INTO `himall_messagelog` VALUES ('1969', '0', '短信', '尊', '2017-10-14 11:59:09');
INSERT INTO `himall_messagelog` VALUES ('1970', '0', '短信', '尊', '2017-10-14 12:06:03');
INSERT INTO `himall_messagelog` VALUES ('1971', '0', '短信', '尊', '2017-10-14 12:32:22');
INSERT INTO `himall_messagelog` VALUES ('1972', '372', '短信', '尊', '2017-10-14 12:51:46');
INSERT INTO `himall_messagelog` VALUES ('1973', '0', '短信', '尊', '2017-10-14 12:51:53');
INSERT INTO `himall_messagelog` VALUES ('1974', '369', '短信', '尊', '2017-10-14 16:28:30');
INSERT INTO `himall_messagelog` VALUES ('1975', '0', '短信', '尊', '2017-10-14 16:28:55');
INSERT INTO `himall_messagelog` VALUES ('1976', '369', '短信', '尊', '2017-10-14 16:42:54');
INSERT INTO `himall_messagelog` VALUES ('1977', '0', '短信', '尊', '2017-10-14 16:43:11');
INSERT INTO `himall_messagelog` VALUES ('1978', '372', '短信', '尊', '2017-10-14 18:46:13');
INSERT INTO `himall_messagelog` VALUES ('1979', '0', '短信', '尊', '2017-10-14 18:46:22');
INSERT INTO `himall_messagelog` VALUES ('1980', '372', '短信', '尊', '2017-10-14 19:39:23');
INSERT INTO `himall_messagelog` VALUES ('1981', '0', '短信', '尊', '2017-10-14 19:39:31');
INSERT INTO `himall_messagelog` VALUES ('1982', '372', '短信', '尊', '2017-10-14 19:39:55');
INSERT INTO `himall_messagelog` VALUES ('1983', '0', '短信', '尊', '2017-10-14 19:40:09');
INSERT INTO `himall_messagelog` VALUES ('1984', '0', '短信', '尊', '2017-10-14 23:03:14');
INSERT INTO `himall_messagelog` VALUES ('1985', '372', '短信', '尊', '2017-10-14 23:26:44');
INSERT INTO `himall_messagelog` VALUES ('1986', '372', '短信', '尊', '2017-10-14 23:27:31');
INSERT INTO `himall_messagelog` VALUES ('1987', '369', '短信', '尊', '2017-10-14 23:31:34');
INSERT INTO `himall_messagelog` VALUES ('1988', '0', '短信', '尊', '2017-10-15 14:09:21');
INSERT INTO `himall_messagelog` VALUES ('1989', '372', '短信', '尊', '2017-10-15 14:25:58');
INSERT INTO `himall_messagelog` VALUES ('1990', '372', '短信', '尊', '2017-10-15 14:45:17');
INSERT INTO `himall_messagelog` VALUES ('1991', '0', '短信', '尊', '2017-10-15 14:46:48');
INSERT INTO `himall_messagelog` VALUES ('1992', '0', '短信', '尊', '2017-10-15 14:47:12');
INSERT INTO `himall_messagelog` VALUES ('1993', '372', '短信', '尊', '2017-10-15 16:38:51');
INSERT INTO `himall_messagelog` VALUES ('1994', '0', '短信', '尊', '2017-10-15 16:41:29');
INSERT INTO `himall_messagelog` VALUES ('1995', '373', '短信', '尊', '2017-10-15 17:24:02');
INSERT INTO `himall_messagelog` VALUES ('1996', '0', '短信', '尊', '2017-10-16 03:28:52');
INSERT INTO `himall_messagelog` VALUES ('1997', '373', '短信', '尊', '2017-10-16 07:37:22');
INSERT INTO `himall_messagelog` VALUES ('1998', '372', '短信', '尊', '2017-10-16 09:58:27');
INSERT INTO `himall_messagelog` VALUES ('1999', '0', '短信', '尊', '2017-10-16 09:58:59');
INSERT INTO `himall_messagelog` VALUES ('2000', '369', '短信', '尊', '2017-10-16 10:09:37');
INSERT INTO `himall_messagelog` VALUES ('2001', '372', '短信', '尊', '2017-10-16 10:15:52');
INSERT INTO `himall_messagelog` VALUES ('2002', '0', '短信', '尊', '2017-10-16 10:16:35');
INSERT INTO `himall_messagelog` VALUES ('2003', '372', '短信', '尊', '2017-10-16 10:31:49');
INSERT INTO `himall_messagelog` VALUES ('2004', '0', '短信', '尊', '2017-10-16 10:32:27');
INSERT INTO `himall_messagelog` VALUES ('2005', '372', '短信', '尊', '2017-10-16 11:27:54');
INSERT INTO `himall_messagelog` VALUES ('2006', '0', '短信', '尊', '2017-10-16 11:28:25');
INSERT INTO `himall_messagelog` VALUES ('2007', '372', '短信', '尊', '2017-10-16 11:31:12');
INSERT INTO `himall_messagelog` VALUES ('2008', '0', '短信', '尊', '2017-10-16 11:31:31');
INSERT INTO `himall_messagelog` VALUES ('2009', '372', '短信', '尊', '2017-10-16 11:47:24');
INSERT INTO `himall_messagelog` VALUES ('2010', '0', '短信', '尊', '2017-10-16 11:47:50');
INSERT INTO `himall_messagelog` VALUES ('2011', '372', '短信', '尊', '2017-10-16 11:47:58');
INSERT INTO `himall_messagelog` VALUES ('2012', '0', '短信', '尊', '2017-10-16 11:48:04');
INSERT INTO `himall_messagelog` VALUES ('2013', '0', '短信', '尊', '2017-10-16 11:51:29');
INSERT INTO `himall_messagelog` VALUES ('2014', '372', '短信', '尊', '2017-10-16 12:12:45');
INSERT INTO `himall_messagelog` VALUES ('2015', '0', '短信', '尊', '2017-10-16 12:14:04');
INSERT INTO `himall_messagelog` VALUES ('2016', '372', '短信', '尊', '2017-10-16 14:00:34');
INSERT INTO `himall_messagelog` VALUES ('2017', '0', '短信', '尊', '2017-10-16 14:00:42');
INSERT INTO `himall_messagelog` VALUES ('2018', '372', '短信', '尊', '2017-10-16 14:05:19');
INSERT INTO `himall_messagelog` VALUES ('2019', '0', '短信', '尊', '2017-10-16 14:05:26');
INSERT INTO `himall_messagelog` VALUES ('2020', '372', '短信', '尊', '2017-10-16 14:09:32');
INSERT INTO `himall_messagelog` VALUES ('2021', '372', '短信', '尊', '2017-10-16 14:09:33');
INSERT INTO `himall_messagelog` VALUES ('2022', '0', '短信', '尊', '2017-10-16 14:09:39');
INSERT INTO `himall_messagelog` VALUES ('2023', '0', '短信', '尊', '2017-10-16 14:27:01');
INSERT INTO `himall_messagelog` VALUES ('2024', '372', '短信', '尊', '2017-10-16 14:29:55');
INSERT INTO `himall_messagelog` VALUES ('2025', '0', '短信', '尊', '2017-10-16 14:30:03');
INSERT INTO `himall_messagelog` VALUES ('2026', '372', '短信', '尊', '2017-10-16 14:45:11');
INSERT INTO `himall_messagelog` VALUES ('2027', '0', '短信', '尊', '2017-10-16 14:45:44');
INSERT INTO `himall_messagelog` VALUES ('2028', '372', '短信', '尊', '2017-10-16 14:51:13');
INSERT INTO `himall_messagelog` VALUES ('2029', '0', '短信', '尊', '2017-10-16 14:51:21');
INSERT INTO `himall_messagelog` VALUES ('2030', '372', '短信', '尊', '2017-10-16 15:19:31');
INSERT INTO `himall_messagelog` VALUES ('2031', '0', '短信', '尊', '2017-10-16 15:19:39');
INSERT INTO `himall_messagelog` VALUES ('2032', '372', '短信', '尊', '2017-10-16 15:22:03');
INSERT INTO `himall_messagelog` VALUES ('2033', '0', '短信', '尊', '2017-10-16 15:22:14');
INSERT INTO `himall_messagelog` VALUES ('2034', '374', '短信', '尊', '2017-10-16 16:02:59');
INSERT INTO `himall_messagelog` VALUES ('2035', '0', '短信', '尊', '2017-10-16 16:17:35');
INSERT INTO `himall_messagelog` VALUES ('2036', '0', '短信', '尊', '2017-10-16 16:17:47');
INSERT INTO `himall_messagelog` VALUES ('2037', '375', '短信', '尊', '2017-10-16 16:23:09');
INSERT INTO `himall_messagelog` VALUES ('2038', '375', '短信', '尊', '2017-10-16 16:24:33');
INSERT INTO `himall_messagelog` VALUES ('2039', '372', '短信', '尊', '2017-10-16 16:45:31');
INSERT INTO `himall_messagelog` VALUES ('2040', '0', '短信', '尊', '2017-10-16 16:45:38');
INSERT INTO `himall_messagelog` VALUES ('2041', '372', '短信', '尊', '2017-10-17 14:37:29');
INSERT INTO `himall_messagelog` VALUES ('2042', '0', '短信', '尊', '2017-10-17 14:47:19');
INSERT INTO `himall_messagelog` VALUES ('2043', '372', '短信', '尊', '2017-10-17 14:50:40');
INSERT INTO `himall_messagelog` VALUES ('2044', '0', '短信', '尊', '2017-10-17 14:50:59');
INSERT INTO `himall_messagelog` VALUES ('2045', '0', '短信', '尊', '2017-10-17 15:10:00');
INSERT INTO `himall_messagelog` VALUES ('2046', '375', '短信', '尊', '2017-10-17 16:33:36');
INSERT INTO `himall_messagelog` VALUES ('2047', '372', '短信', '尊', '2017-10-18 12:15:05');
INSERT INTO `himall_messagelog` VALUES ('2048', '0', '短信', '尊', '2017-10-18 12:15:12');
INSERT INTO `himall_messagelog` VALUES ('2049', '0', '短信', '尊', '2017-10-18 15:57:06');
INSERT INTO `himall_messagelog` VALUES ('2050', '0', '短信', '尊', '2017-10-18 16:35:21');
INSERT INTO `himall_messagelog` VALUES ('2051', '0', '短信', '尊', '2017-10-18 16:42:14');
INSERT INTO `himall_messagelog` VALUES ('2052', '0', '短信', '尊', '2017-10-18 16:45:17');
INSERT INTO `himall_messagelog` VALUES ('2053', '0', '短信', '尊', '2017-10-18 16:53:56');
INSERT INTO `himall_messagelog` VALUES ('2054', '0', '短信', '尊', '2017-10-18 17:04:40');
INSERT INTO `himall_messagelog` VALUES ('2055', '0', '短信', '尊', '2017-10-18 17:19:33');
INSERT INTO `himall_messagelog` VALUES ('2056', '0', '短信', '尊', '2017-10-18 17:28:15');
INSERT INTO `himall_messagelog` VALUES ('2057', '0', '短信', '尊', '2017-10-18 17:46:26');
INSERT INTO `himall_messagelog` VALUES ('2058', '0', '短信', '尊', '2017-10-18 18:01:24');
INSERT INTO `himall_messagelog` VALUES ('2059', '0', '短信', '尊', '2017-10-18 18:11:49');
INSERT INTO `himall_messagelog` VALUES ('2060', '372', '短信', '尊', '2017-10-18 20:27:25');
INSERT INTO `himall_messagelog` VALUES ('2061', '0', '短信', '尊', '2017-10-18 20:27:39');
INSERT INTO `himall_messagelog` VALUES ('2062', '0', '短信', '尊', '2017-10-19 07:26:28');
INSERT INTO `himall_messagelog` VALUES ('2063', '0', '短信', '尊', '2017-10-19 09:59:57');
INSERT INTO `himall_messagelog` VALUES ('2064', '0', '短信', '尊', '2017-10-19 10:04:09');
INSERT INTO `himall_messagelog` VALUES ('2065', '0', '短信', '尊', '2017-10-21 12:52:21');
INSERT INTO `himall_messagelog` VALUES ('2066', '372', '短信', '尊', '2017-10-22 06:37:44');
INSERT INTO `himall_messagelog` VALUES ('2067', '0', '短信', '尊', '2017-10-22 06:38:26');
INSERT INTO `himall_messagelog` VALUES ('2068', '372', '短信', '尊', '2017-10-22 07:37:26');
INSERT INTO `himall_messagelog` VALUES ('2069', '372', '短信', '尊', '2017-10-22 07:46:39');

-- ----------------------------
-- Table structure for `himall_mobilehomeproducts`
-- ----------------------------
DROP TABLE IF EXISTS `himall_mobilehomeproducts`;
CREATE TABLE `himall_mobilehomeproducts` (
  `Id` bigint(20) NOT NULL AUTO_INCREMENT,
  `ShopId` bigint(20) NOT NULL,
  `PlatFormType` int(11) NOT NULL COMMENT '终端类型(微信、WAP）',
  `Sequence` smallint(6) NOT NULL COMMENT '顺序',
  `ProductId` bigint(20) NOT NULL COMMENT '商品ID',
  PRIMARY KEY (`Id`),
  KEY `FK_Himall_MobileHomeProducts_Himall_Products` (`ProductId`) USING BTREE,
  CONSTRAINT `himall_mobilehomeproducts_ibfk_1` FOREIGN KEY (`ProductId`) REFERENCES `himall_products` (`Id`)
) ENGINE=InnoDB AUTO_INCREMENT=135 DEFAULT CHARSET=utf8 ROW_FORMAT=COMPACT;

-- ----------------------------
-- Records of himall_mobilehomeproducts
-- ----------------------------
INSERT INTO `himall_mobilehomeproducts` VALUES ('104', '0', '3', '1', '734');
INSERT INTO `himall_mobilehomeproducts` VALUES ('105', '0', '3', '1', '735');
INSERT INTO `himall_mobilehomeproducts` VALUES ('106', '0', '3', '1', '736');
INSERT INTO `himall_mobilehomeproducts` VALUES ('107', '0', '3', '1', '737');
INSERT INTO `himall_mobilehomeproducts` VALUES ('109', '0', '3', '1', '739');
INSERT INTO `himall_mobilehomeproducts` VALUES ('110', '0', '3', '1', '740');
INSERT INTO `himall_mobilehomeproducts` VALUES ('111', '0', '3', '1', '741');
INSERT INTO `himall_mobilehomeproducts` VALUES ('112', '0', '3', '1', '742');
INSERT INTO `himall_mobilehomeproducts` VALUES ('113', '0', '3', '1', '743');
INSERT INTO `himall_mobilehomeproducts` VALUES ('114', '0', '3', '1', '719');
INSERT INTO `himall_mobilehomeproducts` VALUES ('115', '1', '1', '1', '704');
INSERT INTO `himall_mobilehomeproducts` VALUES ('116', '1', '1', '1', '705');
INSERT INTO `himall_mobilehomeproducts` VALUES ('117', '1', '1', '1', '706');
INSERT INTO `himall_mobilehomeproducts` VALUES ('118', '1', '1', '1', '707');
INSERT INTO `himall_mobilehomeproducts` VALUES ('119', '1', '1', '1', '708');
INSERT INTO `himall_mobilehomeproducts` VALUES ('120', '1', '1', '1', '719');
INSERT INTO `himall_mobilehomeproducts` VALUES ('121', '1', '1', '1', '720');
INSERT INTO `himall_mobilehomeproducts` VALUES ('122', '1', '1', '1', '721');
INSERT INTO `himall_mobilehomeproducts` VALUES ('123', '1', '1', '1', '722');
INSERT INTO `himall_mobilehomeproducts` VALUES ('124', '1', '1', '1', '723');
INSERT INTO `himall_mobilehomeproducts` VALUES ('125', '1', '1', '1', '731');
INSERT INTO `himall_mobilehomeproducts` VALUES ('126', '1', '1', '1', '732');
INSERT INTO `himall_mobilehomeproducts` VALUES ('127', '1', '1', '1', '733');
INSERT INTO `himall_mobilehomeproducts` VALUES ('128', '1', '1', '1', '734');
INSERT INTO `himall_mobilehomeproducts` VALUES ('129', '0', '3', '1', '708');
INSERT INTO `himall_mobilehomeproducts` VALUES ('130', '0', '3', '1', '720');
INSERT INTO `himall_mobilehomeproducts` VALUES ('131', '0', '3', '1', '721');
INSERT INTO `himall_mobilehomeproducts` VALUES ('132', '0', '3', '1', '722');
INSERT INTO `himall_mobilehomeproducts` VALUES ('133', '0', '3', '1', '732');
INSERT INTO `himall_mobilehomeproducts` VALUES ('134', '0', '3', '1', '733');

-- ----------------------------
-- Table structure for `himall_mobilehometopics`
-- ----------------------------
DROP TABLE IF EXISTS `himall_mobilehometopics`;
CREATE TABLE `himall_mobilehometopics` (
  `Id` bigint(20) NOT NULL AUTO_INCREMENT,
  `ShopId` bigint(20) NOT NULL DEFAULT '0' COMMENT '店铺ID',
  `Platform` int(11) NOT NULL COMMENT '终端',
  `TopicId` bigint(20) NOT NULL COMMENT '专题ID',
  `Sequence` int(11) NOT NULL DEFAULT '0',
  PRIMARY KEY (`Id`),
  KEY `FK__Himall_Mo__Topic__02C769E9` (`TopicId`) USING BTREE,
  CONSTRAINT `himall_mobilehometopics_ibfk_1` FOREIGN KEY (`TopicId`) REFERENCES `himall_topics` (`Id`)
) ENGINE=InnoDB AUTO_INCREMENT=12 DEFAULT CHARSET=utf8 ROW_FORMAT=COMPACT;

-- ----------------------------
-- Records of himall_mobilehometopics
-- ----------------------------

-- ----------------------------
-- Table structure for `himall_moduleproducts`
-- ----------------------------
DROP TABLE IF EXISTS `himall_moduleproducts`;
CREATE TABLE `himall_moduleproducts` (
  `Id` bigint(20) NOT NULL AUTO_INCREMENT,
  `ModuleId` bigint(20) NOT NULL COMMENT '模块ID',
  `ProductId` bigint(20) NOT NULL COMMENT '商品ID',
  `DisplaySequence` bigint(20) NOT NULL,
  PRIMARY KEY (`Id`),
  KEY `FK_Product_ModuleProduct` (`ProductId`) USING BTREE,
  KEY `FK_TopicModule_ModuleProduct` (`ModuleId`) USING BTREE,
  CONSTRAINT `himall_moduleproducts_ibfk_1` FOREIGN KEY (`ProductId`) REFERENCES `himall_products` (`Id`) ON DELETE CASCADE,
  CONSTRAINT `himall_moduleproducts_ibfk_2` FOREIGN KEY (`ModuleId`) REFERENCES `himall_topicmodules` (`Id`) ON DELETE CASCADE
) ENGINE=InnoDB AUTO_INCREMENT=964 DEFAULT CHARSET=utf8 ROW_FORMAT=COMPACT;

-- ----------------------------
-- Records of himall_moduleproducts
-- ----------------------------
INSERT INTO `himall_moduleproducts` VALUES ('723', '213', '706', '1');
INSERT INTO `himall_moduleproducts` VALUES ('724', '213', '707', '2');
INSERT INTO `himall_moduleproducts` VALUES ('725', '213', '708', '3');
INSERT INTO `himall_moduleproducts` VALUES ('726', '213', '709', '4');
INSERT INTO `himall_moduleproducts` VALUES ('727', '213', '710', '5');
INSERT INTO `himall_moduleproducts` VALUES ('728', '213', '711', '6');
INSERT INTO `himall_moduleproducts` VALUES ('729', '213', '712', '7');
INSERT INTO `himall_moduleproducts` VALUES ('730', '213', '713', '8');
INSERT INTO `himall_moduleproducts` VALUES ('731', '214', '732', '1');
INSERT INTO `himall_moduleproducts` VALUES ('732', '214', '733', '2');
INSERT INTO `himall_moduleproducts` VALUES ('733', '214', '734', '3');
INSERT INTO `himall_moduleproducts` VALUES ('734', '215', '716', '1');
INSERT INTO `himall_moduleproducts` VALUES ('735', '215', '740', '2');
INSERT INTO `himall_moduleproducts` VALUES ('736', '215', '742', '3');
INSERT INTO `himall_moduleproducts` VALUES ('737', '216', '708', '1');
INSERT INTO `himall_moduleproducts` VALUES ('738', '216', '709', '2');
INSERT INTO `himall_moduleproducts` VALUES ('739', '216', '710', '3');
INSERT INTO `himall_moduleproducts` VALUES ('740', '216', '711', '4');
INSERT INTO `himall_moduleproducts` VALUES ('741', '216', '715', '5');
INSERT INTO `himall_moduleproducts` VALUES ('742', '216', '716', '6');
INSERT INTO `himall_moduleproducts` VALUES ('743', '216', '717', '7');
INSERT INTO `himall_moduleproducts` VALUES ('744', '216', '718', '8');
INSERT INTO `himall_moduleproducts` VALUES ('745', '217', '708', '1');
INSERT INTO `himall_moduleproducts` VALUES ('746', '217', '709', '2');
INSERT INTO `himall_moduleproducts` VALUES ('747', '217', '710', '3');
INSERT INTO `himall_moduleproducts` VALUES ('748', '217', '711', '4');
INSERT INTO `himall_moduleproducts` VALUES ('749', '217', '715', '5');
INSERT INTO `himall_moduleproducts` VALUES ('750', '217', '716', '6');
INSERT INTO `himall_moduleproducts` VALUES ('751', '217', '717', '7');
INSERT INTO `himall_moduleproducts` VALUES ('752', '217', '718', '8');
INSERT INTO `himall_moduleproducts` VALUES ('753', '218', '746', '1');
INSERT INTO `himall_moduleproducts` VALUES ('754', '218', '747', '2');
INSERT INTO `himall_moduleproducts` VALUES ('755', '219', '714', '1');
INSERT INTO `himall_moduleproducts` VALUES ('756', '219', '715', '2');
INSERT INTO `himall_moduleproducts` VALUES ('757', '219', '716', '3');
INSERT INTO `himall_moduleproducts` VALUES ('758', '219', '718', '4');
INSERT INTO `himall_moduleproducts` VALUES ('759', '220', '709', '1');
INSERT INTO `himall_moduleproducts` VALUES ('760', '220', '710', '2');
INSERT INTO `himall_moduleproducts` VALUES ('761', '220', '712', '3');
INSERT INTO `himall_moduleproducts` VALUES ('762', '220', '713', '4');
INSERT INTO `himall_moduleproducts` VALUES ('763', '221', '699', '1');
INSERT INTO `himall_moduleproducts` VALUES ('764', '221', '700', '2');
INSERT INTO `himall_moduleproducts` VALUES ('765', '221', '701', '3');
INSERT INTO `himall_moduleproducts` VALUES ('766', '221', '702', '4');
INSERT INTO `himall_moduleproducts` VALUES ('837', '245', '705', '1');
INSERT INTO `himall_moduleproducts` VALUES ('838', '245', '706', '2');
INSERT INTO `himall_moduleproducts` VALUES ('839', '245', '707', '3');
INSERT INTO `himall_moduleproducts` VALUES ('840', '245', '708', '4');
INSERT INTO `himall_moduleproducts` VALUES ('841', '245', '709', '5');
INSERT INTO `himall_moduleproducts` VALUES ('842', '245', '710', '6');
INSERT INTO `himall_moduleproducts` VALUES ('843', '246', '699', '1');
INSERT INTO `himall_moduleproducts` VALUES ('844', '246', '700', '2');
INSERT INTO `himall_moduleproducts` VALUES ('845', '246', '701', '3');
INSERT INTO `himall_moduleproducts` VALUES ('846', '246', '702', '4');
INSERT INTO `himall_moduleproducts` VALUES ('847', '246', '703', '5');
INSERT INTO `himall_moduleproducts` VALUES ('860', '250', '699', '1');
INSERT INTO `himall_moduleproducts` VALUES ('861', '250', '700', '2');
INSERT INTO `himall_moduleproducts` VALUES ('862', '250', '701', '3');
INSERT INTO `himall_moduleproducts` VALUES ('863', '250', '702', '4');
INSERT INTO `himall_moduleproducts` VALUES ('864', '251', '705', '1');
INSERT INTO `himall_moduleproducts` VALUES ('865', '251', '706', '2');
INSERT INTO `himall_moduleproducts` VALUES ('866', '251', '707', '3');
INSERT INTO `himall_moduleproducts` VALUES ('867', '251', '708', '4');
INSERT INTO `himall_moduleproducts` VALUES ('868', '252', '732', '1');
INSERT INTO `himall_moduleproducts` VALUES ('869', '252', '733', '2');
INSERT INTO `himall_moduleproducts` VALUES ('870', '252', '746', '3');
INSERT INTO `himall_moduleproducts` VALUES ('871', '252', '747', '4');
INSERT INTO `himall_moduleproducts` VALUES ('905', '260', '731', '1');
INSERT INTO `himall_moduleproducts` VALUES ('906', '260', '732', '2');
INSERT INTO `himall_moduleproducts` VALUES ('907', '260', '733', '3');
INSERT INTO `himall_moduleproducts` VALUES ('908', '260', '734', '4');
INSERT INTO `himall_moduleproducts` VALUES ('909', '260', '735', '5');
INSERT INTO `himall_moduleproducts` VALUES ('910', '260', '746', '6');
INSERT INTO `himall_moduleproducts` VALUES ('911', '260', '747', '7');
INSERT INTO `himall_moduleproducts` VALUES ('912', '260', '748', '8');
INSERT INTO `himall_moduleproducts` VALUES ('926', '264', '699', '1');
INSERT INTO `himall_moduleproducts` VALUES ('927', '264', '700', '2');
INSERT INTO `himall_moduleproducts` VALUES ('928', '264', '701', '3');
INSERT INTO `himall_moduleproducts` VALUES ('929', '264', '702', '4');
INSERT INTO `himall_moduleproducts` VALUES ('930', '265', '704', '1');
INSERT INTO `himall_moduleproducts` VALUES ('931', '265', '706', '2');
INSERT INTO `himall_moduleproducts` VALUES ('932', '265', '707', '3');
INSERT INTO `himall_moduleproducts` VALUES ('933', '265', '708', '4');
INSERT INTO `himall_moduleproducts` VALUES ('934', '266', '732', '1');
INSERT INTO `himall_moduleproducts` VALUES ('935', '266', '733', '2');
INSERT INTO `himall_moduleproducts` VALUES ('936', '266', '746', '3');
INSERT INTO `himall_moduleproducts` VALUES ('937', '266', '747', '4');
INSERT INTO `himall_moduleproducts` VALUES ('938', '267', '699', '1');
INSERT INTO `himall_moduleproducts` VALUES ('939', '267', '700', '2');
INSERT INTO `himall_moduleproducts` VALUES ('940', '267', '701', '3');
INSERT INTO `himall_moduleproducts` VALUES ('941', '267', '702', '4');
INSERT INTO `himall_moduleproducts` VALUES ('942', '268', '704', '1');
INSERT INTO `himall_moduleproducts` VALUES ('943', '268', '706', '2');
INSERT INTO `himall_moduleproducts` VALUES ('944', '268', '707', '3');
INSERT INTO `himall_moduleproducts` VALUES ('945', '268', '708', '4');
INSERT INTO `himall_moduleproducts` VALUES ('946', '269', '732', '1');
INSERT INTO `himall_moduleproducts` VALUES ('947', '269', '733', '2');
INSERT INTO `himall_moduleproducts` VALUES ('948', '269', '734', '3');
INSERT INTO `himall_moduleproducts` VALUES ('949', '269', '747', '4');
INSERT INTO `himall_moduleproducts` VALUES ('957', '273', '746', '1');
INSERT INTO `himall_moduleproducts` VALUES ('958', '273', '747', '2');
INSERT INTO `himall_moduleproducts` VALUES ('959', '274', '740', '1');
INSERT INTO `himall_moduleproducts` VALUES ('960', '274', '742', '2');
INSERT INTO `himall_moduleproducts` VALUES ('961', '274', '745', '3');
INSERT INTO `himall_moduleproducts` VALUES ('962', '275', '736', '1');
INSERT INTO `himall_moduleproducts` VALUES ('963', '275', '738', '2');

-- ----------------------------
-- Table structure for `himall_openids`
-- ----------------------------
DROP TABLE IF EXISTS `himall_openids`;
CREATE TABLE `himall_openids` (
  `Id` bigint(20) NOT NULL AUTO_INCREMENT,
  `OpenId` varchar(100) NOT NULL,
  `SubscribeTime` date NOT NULL COMMENT '关注时间',
  `IsSubscribe` tinyint(1) NOT NULL COMMENT '是否关注',
  PRIMARY KEY (`Id`)
) ENGINE=InnoDB AUTO_INCREMENT=90 DEFAULT CHARSET=utf8 ROW_FORMAT=COMPACT;

-- ----------------------------
-- Records of himall_openids
-- ----------------------------
INSERT INTO `himall_openids` VALUES ('53', 'osRzujnV44PGEjHC3RQLjz_sSOns', '2017-02-14', '0');
INSERT INTO `himall_openids` VALUES ('54', 'osRzujpcj-0WQ1uZkFaYtNmxa4Ks', '2017-02-15', '1');
INSERT INTO `himall_openids` VALUES ('55', 'osRzujnEX_BwUMkhdogT1VEeWwUM', '2017-02-15', '1');
INSERT INTO `himall_openids` VALUES ('56', 'osRzujk8ZflD_KJ3AgAn2RXoei6c', '2017-02-15', '1');
INSERT INTO `himall_openids` VALUES ('57', 'osRzujmxZeGp-BxEKRMBWDi3twnc', '2017-02-15', '1');
INSERT INTO `himall_openids` VALUES ('58', 'osRzujtdockO04twenh94cxUQGYs', '2017-02-15', '1');
INSERT INTO `himall_openids` VALUES ('59', 'osRzujv1ppYBgCOH6jELknzizD5Q', '2017-02-15', '1');
INSERT INTO `himall_openids` VALUES ('60', 'osRzujrSbbxR-Or1Scm3A-6-G1Ew', '2017-02-15', '1');
INSERT INTO `himall_openids` VALUES ('61', 'osRzujumj_Udj3j47OhHbwZh0e3Y', '2017-02-15', '1');
INSERT INTO `himall_openids` VALUES ('62', 'osRzujqSiz1OIET8bB3QhYTzVZas', '2017-02-15', '1');
INSERT INTO `himall_openids` VALUES ('63', 'osRzujmmOjwifzqzy3i0BDPv7dtM', '2017-02-16', '1');
INSERT INTO `himall_openids` VALUES ('64', 'osRzujjZ6zhVqSfGEDg3v7u5ST28', '2017-02-16', '1');
INSERT INTO `himall_openids` VALUES ('65', 'osRzujkWnc36WvfADuElWyPLJU6A', '2017-02-16', '1');
INSERT INTO `himall_openids` VALUES ('66', 'osRzujptg_Z1IVcYK9IyJrRqHuOk', '2017-02-16', '1');
INSERT INTO `himall_openids` VALUES ('67', 'osRzujqe-TjrA5yuQYa-ucKR_GAw', '2017-02-16', '0');
INSERT INTO `himall_openids` VALUES ('68', 'osRzujgRQTWVVDiE3kjUafSgw8sE', '2017-02-16', '0');
INSERT INTO `himall_openids` VALUES ('69', 'osRzujpzI_LfVTb7OTGYhjoZlIps', '2017-02-16', '1');
INSERT INTO `himall_openids` VALUES ('70', 'osRzujjcXp1LNKAASrmWxhpDMpYo', '2017-02-17', '1');
INSERT INTO `himall_openids` VALUES ('71', 'osRzujpDrkHB55Vy2NFv0JmqX6eg', '2017-02-17', '0');
INSERT INTO `himall_openids` VALUES ('72', 'osRzujjOQjkFPy1lO6qISTEtad3A', '2017-02-17', '0');
INSERT INTO `himall_openids` VALUES ('73', 'osRzujiSQ0xWSVk2FU2_fhim6MbM', '2017-02-17', '0');
INSERT INTO `himall_openids` VALUES ('74', 'osRzujtMdf50f8IH7ThQjKJy0lPc', '2017-02-17', '1');
INSERT INTO `himall_openids` VALUES ('75', 'osRzujndcnAkn6KK4HYfnshXs4So', '2017-02-17', '0');
INSERT INTO `himall_openids` VALUES ('76', 'osRzujuMuMuYvr-YH-n_-nPC28m0', '2017-02-17', '1');
INSERT INTO `himall_openids` VALUES ('77', 'osRzujm-lmb7Df6p3ZP7tkSuCjg4', '2017-02-18', '1');
INSERT INTO `himall_openids` VALUES ('78', 'osRzujpL2x3ixjb08dmFOJVTD6o8', '2017-02-18', '1');
INSERT INTO `himall_openids` VALUES ('79', 'osRzujk9ngTkTC-r5_ifZ2PJ-aqI', '2017-02-18', '1');
INSERT INTO `himall_openids` VALUES ('80', 'osRzujgRZeUEG5035DfDXFT6ns4U', '2017-02-18', '1');
INSERT INTO `himall_openids` VALUES ('81', 'osRzujt-v1zlFcN6taoDp69fNsQA', '2017-02-19', '1');
INSERT INTO `himall_openids` VALUES ('82', 'osRzujsAbFXWf8IVV8ZkOBK-rM5M', '2017-02-19', '0');
INSERT INTO `himall_openids` VALUES ('83', 'osRzujj9GLw5DylvchO0gjiwE3z0', '2017-02-19', '1');
INSERT INTO `himall_openids` VALUES ('84', 'osRzujtiNxpyrMBGM8n5wiZw3bB4', '2017-02-19', '0');
INSERT INTO `himall_openids` VALUES ('85', 'osRzujkdOZu8zS-7cubjyGjJQDZM', '2017-02-20', '0');
INSERT INTO `himall_openids` VALUES ('86', 'osRzujm_1YtQwgIQegnxhrIfslPc', '2017-02-20', '1');
INSERT INTO `himall_openids` VALUES ('87', 'osRzujpb4f5djp3nNjUbdX87xCos', '2017-02-20', '1');
INSERT INTO `himall_openids` VALUES ('88', 'osRzujnMvev_ybwX5AEa6hJpgxlM', '2017-02-20', '1');
INSERT INTO `himall_openids` VALUES ('89', 'osRzujl0LTenSQH4VnD-YNcJFz2I', '2017-02-20', '0');

-- ----------------------------
-- Table structure for `himall_ordercomments`
-- ----------------------------
DROP TABLE IF EXISTS `himall_ordercomments`;
CREATE TABLE `himall_ordercomments` (
  `Id` bigint(20) NOT NULL AUTO_INCREMENT,
  `OrderId` bigint(20) NOT NULL COMMENT '订单ID',
  `ShopId` bigint(20) NOT NULL COMMENT '店铺ID',
  `ShopName` varchar(100) NOT NULL COMMENT '店铺名称',
  `UserId` bigint(20) NOT NULL COMMENT '用户ID',
  `UserName` varchar(100) NOT NULL COMMENT '用户名称',
  `CommentDate` datetime NOT NULL COMMENT '评价日期',
  `PackMark` int(11) NOT NULL COMMENT '包装评分',
  `DeliveryMark` int(11) NOT NULL COMMENT '物流评分',
  `ServiceMark` int(11) NOT NULL COMMENT '服务评分',
  PRIMARY KEY (`Id`),
  KEY `FK_Order_OrderComment` (`OrderId`) USING BTREE,
  CONSTRAINT `himall_ordercomments_ibfk_1` FOREIGN KEY (`OrderId`) REFERENCES `himall_orders` (`Id`) ON DELETE CASCADE
) ENGINE=InnoDB AUTO_INCREMENT=224 DEFAULT CHARSET=utf8 ROW_FORMAT=COMPACT;

-- ----------------------------
-- Records of himall_ordercomments
-- ----------------------------
INSERT INTO `himall_ordercomments` VALUES ('177', '2017021424058141', '1', '官方自营店', '569', 'selleradmin', '2017-02-14 10:37:10', '5', '5', '5');

-- ----------------------------
-- Table structure for `himall_ordercomplaints`
-- ----------------------------
DROP TABLE IF EXISTS `himall_ordercomplaints`;
CREATE TABLE `himall_ordercomplaints` (
  `Id` bigint(20) NOT NULL AUTO_INCREMENT,
  `OrderId` bigint(20) NOT NULL COMMENT '订单ID',
  `Status` int(11) NOT NULL COMMENT '审核状态',
  `ShopId` bigint(20) NOT NULL COMMENT '店铺ID',
  `ShopName` varchar(100) NOT NULL COMMENT '店铺名称',
  `ShopPhone` varchar(100) NOT NULL COMMENT '店铺联系方式',
  `UserId` bigint(20) NOT NULL COMMENT '用户ID',
  `UserName` varchar(100) NOT NULL COMMENT '用户名称',
  `UserPhone` varchar(100) DEFAULT NULL COMMENT '用户联系方式',
  `ComplaintDate` datetime NOT NULL COMMENT '投诉日期',
  `ComplaintReason` varchar(1000) NOT NULL COMMENT '投诉原因',
  `SellerReply` varchar(1000) DEFAULT NULL COMMENT '商家反馈信息',
  PRIMARY KEY (`Id`),
  KEY `FK_Order_OrderComplaint` (`OrderId`) USING BTREE,
  CONSTRAINT `himall_ordercomplaints_ibfk_1` FOREIGN KEY (`OrderId`) REFERENCES `himall_orders` (`Id`) ON DELETE CASCADE
) ENGINE=InnoDB AUTO_INCREMENT=30 DEFAULT CHARSET=utf8 ROW_FORMAT=COMPACT;

-- ----------------------------
-- Records of himall_ordercomplaints
-- ----------------------------
INSERT INTO `himall_ordercomplaints` VALUES ('26', '2017021424058141', '1', '1', '官方自营店', '876588888', '569', 'selleradmin', '18671303232', '2017-02-14 11:00:10', '感觉不像正品', '');

-- ----------------------------
-- Table structure for `himall_orderexpressdata`
-- ----------------------------
DROP TABLE IF EXISTS `himall_orderexpressdata`;
CREATE TABLE `himall_orderexpressdata` (
  `Id` bigint(20) NOT NULL AUTO_INCREMENT,
  `CompanyCode` varchar(50) NOT NULL,
  `ExpressNumber` varchar(50) NOT NULL,
  `DataContent` varchar(2000) DEFAULT NULL,
  PRIMARY KEY (`Id`)
) ENGINE=InnoDB DEFAULT CHARSET=utf8;

-- ----------------------------
-- Records of himall_orderexpressdata
-- ----------------------------

-- ----------------------------
-- Table structure for `himall_orderitems`
-- ----------------------------
DROP TABLE IF EXISTS `himall_orderitems`;
CREATE TABLE `himall_orderitems` (
  `Id` bigint(20) NOT NULL AUTO_INCREMENT COMMENT '主键',
  `OrderId` bigint(20) NOT NULL COMMENT '订单ID',
  `ShopId` bigint(20) NOT NULL COMMENT '店铺ID',
  `ProductId` bigint(20) NOT NULL COMMENT '商品ID',
  `SkuId` varchar(100) DEFAULT NULL COMMENT 'SKUId',
  `SKU` varchar(100) DEFAULT NULL COMMENT 'SKU表SKU字段',
  `Quantity` bigint(20) NOT NULL COMMENT '购买数量',
  `ReturnQuantity` bigint(20) NOT NULL COMMENT '退货数量',
  `CostPrice` decimal(18,2) NOT NULL COMMENT '成本价',
  `SalePrice` decimal(18,2) NOT NULL COMMENT '销售价',
  `DiscountAmount` decimal(18,2) NOT NULL COMMENT '优惠金额',
  `RealTotalPrice` decimal(18,2) NOT NULL COMMENT '实际应付金额',
  `RefundPrice` decimal(18,2) NOT NULL COMMENT '退款价格',
  `ProductName` varchar(100) NOT NULL COMMENT '商品名称',
  `Color` varchar(100) DEFAULT NULL COMMENT 'SKU颜色',
  `Size` varchar(100) DEFAULT NULL COMMENT 'SKU尺寸',
  `Version` varchar(100) DEFAULT NULL COMMENT 'SKU版本',
  `ThumbnailsUrl` varchar(100) DEFAULT NULL COMMENT '缩略图',
  `CommisRate` decimal(18,2) NOT NULL COMMENT '分佣比例',
  `EnabledRefundAmount` decimal(18,2) DEFAULT NULL COMMENT '可退金额',
  `IsLimitBuy` tinyint(1) NOT NULL DEFAULT '0' COMMENT '是否为限时购商品',
  `DistributionRate` decimal(6,2) DEFAULT NULL COMMENT '分销比例',
  `EnabledRefundIntegral` decimal(18,2) DEFAULT NULL COMMENT '可退积分抵扣金额',
  `CouponDiscount` decimal(18,2) NOT NULL DEFAULT '0.00' COMMENT '优惠券抵扣金额',
  `FullDiscount` decimal(18,2) NOT NULL DEFAULT '0.00' COMMENT '满额减平摊到订单项的金额',
  PRIMARY KEY (`Id`),
  KEY `FK_Order_OrderItem` (`OrderId`) USING BTREE,
  CONSTRAINT `himall_orderitems_ibfk_1` FOREIGN KEY (`OrderId`) REFERENCES `himall_orders` (`Id`) ON DELETE CASCADE
) ENGINE=InnoDB AUTO_INCREMENT=2143 DEFAULT CHARSET=utf8 ROW_FORMAT=COMPACT;

-- ----------------------------
-- Records of himall_orderitems
-- ----------------------------
INSERT INTO `himall_orderitems` VALUES ('1088', '2017021424058141', '1', '703', '703_0_0_0', null, '1', '0', '0.00', '10.80', '0.00', '10.80', '0.00', '卫龙 休闲零食 亲嘴条 辣条 400g/袋', null, null, null, '/Storage/Shop/1/Products/703', '0.00', null, '0', null, null, '0.00', '0.00');
INSERT INTO `himall_orderitems` VALUES ('1102', '2017021415584089', '1', '702', '702_0_0_0', null, '1', '0', '0.00', '11.90', '0.00', '11.90', '0.00', '卫龙 休闲零食 辣条 小面筋 办公室休闲食品 22g*20包(新老包装随机发货)', null, null, null, '/Storage/Shop/1/Products/702', '0.00', null, '0', null, null, '0.00', '0.00');
INSERT INTO `himall_orderitems` VALUES ('1108', '2017021401188226', '1', '700', '700_0_0_0', null, '1', '0', '0.00', '59.90', '0.00', '59.90', '0.00', '三只松鼠_坚果组合613g零食坚果特产碧根果夏威夷果开口松子原味', null, null, null, '/Storage/Shop/1/Products/700', '0.00', null, '0', null, null, '0.00', '0.00');
INSERT INTO `himall_orderitems` VALUES ('1114', '2017021422975289', '1', '704', '704_0_0_0', null, '1', '0', '0.00', '499.00', '0.00', '499.00', '0.00', 'ONLY2017早春新品宽松猫咪图案假两件针织衫女L|117124507 G43花灰 170/88A/L', null, null, null, '/Storage/Shop/1/Products/704', '0.00', null, '0', null, null, '0.00', '0.00');
INSERT INTO `himall_orderitems` VALUES ('1115', '2017021406305794', '1', '704', '704_0_0_0', null, '1', '0', '0.00', '499.00', '0.00', '499.00', '0.00', 'ONLY2017早春新品宽松猫咪图案假两件针织衫女L|117124507 G43花灰 170/88A/L', null, null, null, '/Storage/Shop/1/Products/704', '0.00', null, '0', null, null, '0.00', '0.00');
INSERT INTO `himall_orderitems` VALUES ('1120', '2017021407936918', '1', '705', '705_0_0_0', null, '1', '0', '0.00', '399.00', '0.00', '399.00', '0.00', 'ONLY2017早春新品大V领宽松下摆开衩长袖针织衫女ES|117124502 F17庆典红 165/84A/M', null, null, null, '/Storage/Shop/1/Products/705', '0.00', '399.00', '0', null, '0.00', '0.00', '0.00');
INSERT INTO `himall_orderitems` VALUES ('1132', '2017021401046371', '1', '707', '707_655_663_0', null, '1', '0', '0.00', '175.00', '0.00', '175.00', '0.00', 'ONLY春季新品含莱卡面料五分袖修身露肩一字领针织连衣裙女E|116361504 010黑 175/92A/XL', '黑色', '175/92(L)', null, '/Storage/Shop/1/Products/707', '0.00', null, '0', null, null, '0.00', '0.00');
INSERT INTO `himall_orderitems` VALUES ('2119', '2017101634949829', '372', '1262', '1262_0_0_0', null, '1', '0', '0.10', '0.06', '0.00', '0.06', '0.00', '男士洗面', null, null, null, null, '0.00', '0.06', '0', null, '0.00', '0.00', '0.00');
INSERT INTO `himall_orderitems` VALUES ('2130', '2017101662322841', '372', '1265', '1265_0_0_0', null, '1', '0', '0.10', '0.06', '0.00', '0.06', '0.00', '正式测试2', null, null, null, null, '0.00', '0.06', '0', null, '0.00', '0.00', '0.00');
INSERT INTO `himall_orderitems` VALUES ('2135', '2017101762709756', '372', '1265', '1265_0_0_0', null, '1', '0', '0.10', '0.10', '0.00', '0.10', '0.00', '正式测试2', null, null, null, null, '0.00', null, '0', null, null, '0.00', '0.00');
INSERT INTO `himall_orderitems` VALUES ('2141', '2017102233081626', '372', '1261', '1261_0_0_0', null, '1', '0', '0.10', '0.10', '0.00', '0.10', '0.00', '养生按摩洗发', null, null, null, null, '0.00', null, '0', null, null, '0.00', '0.00');

-- ----------------------------
-- Table structure for `himall_orderoperationlogs`
-- ----------------------------
DROP TABLE IF EXISTS `himall_orderoperationlogs`;
CREATE TABLE `himall_orderoperationlogs` (
  `Id` bigint(20) NOT NULL AUTO_INCREMENT,
  `OrderId` bigint(20) NOT NULL COMMENT '订单ID',
  `Operator` varchar(100) NOT NULL COMMENT '操作者',
  `OperateDate` datetime NOT NULL COMMENT '操作日期',
  `OperateContent` varchar(1000) DEFAULT NULL COMMENT '操作内容',
  PRIMARY KEY (`Id`),
  KEY `FK_Order_OrderOperationLog` (`OrderId`) USING BTREE,
  CONSTRAINT `himall_orderoperationlogs_ibfk_1` FOREIGN KEY (`OrderId`) REFERENCES `himall_orders` (`Id`) ON DELETE CASCADE
) ENGINE=InnoDB AUTO_INCREMENT=1490 DEFAULT CHARSET=utf8 ROW_FORMAT=COMPACT;

-- ----------------------------
-- Records of himall_orderoperationlogs
-- ----------------------------
INSERT INTO `himall_orderoperationlogs` VALUES ('904', '2017021424058141', 'selleradmin', '2017-02-14 10:36:35', '商家发货');
INSERT INTO `himall_orderoperationlogs` VALUES ('905', '2017021424058141', 'selleradmin', '2017-02-14 10:36:46', '会员确认收货');
INSERT INTO `himall_orderoperationlogs` VALUES ('915', '2017021401188226', 'admin', '2017-02-14 15:00:34', '平台确认收到订单货款');
INSERT INTO `himall_orderoperationlogs` VALUES ('932', '2017021406305794', 'selleradmin', '2017-02-14 15:07:44', '会员取消订单');
INSERT INTO `himall_orderoperationlogs` VALUES ('937', '2017021407936918', 'admin', '2017-02-14 15:12:20', '平台确认收到订单货款');
INSERT INTO `himall_orderoperationlogs` VALUES ('948', '2017021401046371', 'admin', '2017-02-14 15:25:11', '平台确认收到订单货款');
INSERT INTO `himall_orderoperationlogs` VALUES ('951', '2017021401046371', 'selleradmin', '2017-02-14 15:25:48', '商家发货');

-- ----------------------------
-- Table structure for `himall_orderpay`
-- ----------------------------
DROP TABLE IF EXISTS `himall_orderpay`;
CREATE TABLE `himall_orderpay` (
  `Id` bigint(20) NOT NULL AUTO_INCREMENT,
  `PayId` bigint(20) NOT NULL,
  `OrderId` bigint(20) NOT NULL,
  `PayState` tinyint(1) unsigned zerofill NOT NULL COMMENT '支付状态',
  `PayTime` datetime DEFAULT NULL COMMENT '支付时间',
  PRIMARY KEY (`Id`)
) ENGINE=InnoDB AUTO_INCREMENT=1280 DEFAULT CHARSET=utf8 ROW_FORMAT=COMPACT;

-- ----------------------------
-- Records of himall_orderpay
-- ----------------------------
INSERT INTO `himall_orderpay` VALUES ('729', '20170214685943010', '2017021468594301', '0', null);
INSERT INTO `himall_orderpay` VALUES ('730', '20170214831563960', '2017021483156396', '1', '2017-02-14 10:32:58');
INSERT INTO `himall_orderpay` VALUES ('731', '20170214796664500', '2017021479666450', '1', '2017-02-14 10:34:35');
INSERT INTO `himall_orderpay` VALUES ('732', '20170214240581410', '2017021424058141', '1', '2017-02-14 10:36:11');
INSERT INTO `himall_orderpay` VALUES ('733', '20170214532448330', '2017021453244833', '1', '2017-02-14 10:40:33');
INSERT INTO `himall_orderpay` VALUES ('734', '20170214547584410', '2017021454758441', '1', '2017-02-14 10:41:02');
INSERT INTO `himall_orderpay` VALUES ('735', '20170214905672370', '2017021490567237', '1', '2017-02-14 10:41:48');
INSERT INTO `himall_orderpay` VALUES ('736', '20170214958830440', '2017021495883044', '1', '2017-02-14 10:42:23');
INSERT INTO `himall_orderpay` VALUES ('737', '20170214786577720', '2017021478657772', '1', '2017-02-14 10:43:41');
INSERT INTO `himall_orderpay` VALUES ('738', '20170214856088070', '2017021485608807', '1', '2017-02-14 10:50:07');
INSERT INTO `himall_orderpay` VALUES ('739', '20170214326357930', '2017021432635793', '1', '2017-02-14 10:50:27');
INSERT INTO `himall_orderpay` VALUES ('740', '20170214952757420', '2017021495275742', '1', '2017-02-14 10:50:47');
INSERT INTO `himall_orderpay` VALUES ('741', '20170214490333750', '2017021449033375', '1', '2017-02-14 10:51:12');
INSERT INTO `himall_orderpay` VALUES ('742', '20170214962970020', '2017021496297002', '1', '2017-02-14 10:51:46');
INSERT INTO `himall_orderpay` VALUES ('743', '20170214946074030', '2017021494607403', '1', '2017-02-14 14:59:28');
INSERT INTO `himall_orderpay` VALUES ('744', '20170214409707430', '2017021440970743', '1', '2017-02-14 14:59:49');
INSERT INTO `himall_orderpay` VALUES ('745', '20170215084464080', '2017021508446408', '0', null);
INSERT INTO `himall_orderpay` VALUES ('746', '20170216929526542', '2017021692952654', '0', null);
INSERT INTO `himall_orderpay` VALUES ('747', '20170216868072612', '2017021686807261', '0', null);
INSERT INTO `himall_orderpay` VALUES ('748', '20170217271032822', '2017021727103282', '0', null);
INSERT INTO `himall_orderpay` VALUES ('1096', '20170928930297395', '2017092893029739', '0', null);
INSERT INTO `himall_orderpay` VALUES ('1097', '20170929390763045', '2017092939076304', '0', null);
INSERT INTO `himall_orderpay` VALUES ('1098', '20170929578790245', '2017092957879024', '0', null);
INSERT INTO `himall_orderpay` VALUES ('1099', '20170929782850325', '2017092978285032', '0', null);
INSERT INTO `himall_orderpay` VALUES ('1100', '20170929320606315', '2017092932060631', '0', null);
INSERT INTO `himall_orderpay` VALUES ('1101', '20170929524784125', '2017092952478412', '0', null);
INSERT INTO `himall_orderpay` VALUES ('1102', '20170929981380095', '2017092998138009', '0', null);
INSERT INTO `himall_orderpay` VALUES ('1103', '20170929590284665', '2017092959028466', '0', null);
INSERT INTO `himall_orderpay` VALUES ('1104', '20170929936262595', '2017092993626259', '0', null);
INSERT INTO `himall_orderpay` VALUES ('1105', '20170929699566275', '2017092969956627', '0', null);
INSERT INTO `himall_orderpay` VALUES ('1106', '20170929560286035', '2017092956028603', '0', null);
INSERT INTO `himall_orderpay` VALUES ('1107', '20170929810131365', '2017092981013136', '1', '2017-09-29 20:32:02');
INSERT INTO `himall_orderpay` VALUES ('1108', '20170929955339885', '2017092995533988', '1', '2017-09-29 20:48:50');
INSERT INTO `himall_orderpay` VALUES ('1109', '20170929687248525', '2017092968724852', '0', null);
INSERT INTO `himall_orderpay` VALUES ('1110', '20170929300994375', '2017092930099437', '1', '2017-09-29 21:06:39');
INSERT INTO `himall_orderpay` VALUES ('1111', '20170930905561105', '2017093090556110', '1', '2017-09-30 09:13:16');
INSERT INTO `himall_orderpay` VALUES ('1112', '20170930140878955', '2017093014087895', '0', null);
INSERT INTO `himall_orderpay` VALUES ('1113', '20170930989830275', '2017093098983027', '0', null);
INSERT INTO `himall_orderpay` VALUES ('1114', '20170930495870165', '2017093049587016', '0', null);
INSERT INTO `himall_orderpay` VALUES ('1115', '20170930777662145', '2017093077766214', '1', '2017-09-30 16:53:30');
INSERT INTO `himall_orderpay` VALUES ('1116', '20171002753888155', '2017100275388815', '1', '2017-10-02 00:06:20');
INSERT INTO `himall_orderpay` VALUES ('1117', '20171002011498885', '2017100201149888', '1', '2017-10-02 00:09:38');
INSERT INTO `himall_orderpay` VALUES ('1118', '20171002115729415', '2017100211572941', '1', '2017-10-02 10:19:19');
INSERT INTO `himall_orderpay` VALUES ('1119', '20171002089263605', '2017100208926360', '0', null);
INSERT INTO `himall_orderpay` VALUES ('1120', '20171002907628745', '2017100290762874', '1', '2017-10-02 13:33:39');
INSERT INTO `himall_orderpay` VALUES ('1121', '20171003416631825', '2017100341663182', '1', '2017-10-03 16:55:00');
INSERT INTO `himall_orderpay` VALUES ('1122', '20171003471613115', '2017100347161311', '1', '2017-10-03 17:48:02');
INSERT INTO `himall_orderpay` VALUES ('1123', '20171003364348065', '2017100336434806', '1', '2017-10-03 22:37:35');
INSERT INTO `himall_orderpay` VALUES ('1124', '20171004927974665', '2017100492797466', '0', null);
INSERT INTO `himall_orderpay` VALUES ('1125', '20171004770307155', '2017100477030715', '0', null);
INSERT INTO `himall_orderpay` VALUES ('1126', '20171004484535355', '2017100448453535', '1', '2017-10-10 21:01:06');
INSERT INTO `himall_orderpay` VALUES ('1127', '20171005975019205', '2017100597501920', '1', '2017-10-05 14:06:34');
INSERT INTO `himall_orderpay` VALUES ('1128', '20171005862084125', '2017100586208412', '1', '2017-10-05 20:20:30');
INSERT INTO `himall_orderpay` VALUES ('1129', '20171005441078285', '2017100544107828', '0', null);
INSERT INTO `himall_orderpay` VALUES ('1130', '20171005773351165', '2017100577335116', '0', null);
INSERT INTO `himall_orderpay` VALUES ('1131', '20171005212286465', '2017100521228646', '0', null);
INSERT INTO `himall_orderpay` VALUES ('1132', '20171005858859805', '2017100585885980', '0', null);
INSERT INTO `himall_orderpay` VALUES ('1133', '20171005843778585', '2017100584377858', '0', null);
INSERT INTO `himall_orderpay` VALUES ('1134', '20171005377506035', '2017100537750603', '0', null);
INSERT INTO `himall_orderpay` VALUES ('1135', '20171005470962915', '2017100547096291', '1', '2017-10-05 22:12:17');
INSERT INTO `himall_orderpay` VALUES ('1136', '20171005520319005', '2017100552031900', '1', '2017-10-06 02:41:07');
INSERT INTO `himall_orderpay` VALUES ('1137', '20171007217205315', '2017100721720531', '0', null);
INSERT INTO `himall_orderpay` VALUES ('1138', '20171007772523725', '2017100777252372', '0', null);
INSERT INTO `himall_orderpay` VALUES ('1139', '20171007544646905', '2017100754464690', '1', '2017-10-07 23:25:25');
INSERT INTO `himall_orderpay` VALUES ('1140', '20171008680125585', '2017100868012558', '1', '2017-10-08 18:24:32');
INSERT INTO `himall_orderpay` VALUES ('1141', '20171008443346955', '2017100844334695', '1', '2017-10-08 18:28:04');
INSERT INTO `himall_orderpay` VALUES ('1142', '20171008294464595', '2017100829446459', '1', '2017-10-08 23:35:31');
INSERT INTO `himall_orderpay` VALUES ('1143', '20171008188790925', '2017100818879092', '1', '2017-10-08 23:43:23');
INSERT INTO `himall_orderpay` VALUES ('1144', '20171009927288165', '2017100992728816', '1', '2017-10-09 00:17:38');
INSERT INTO `himall_orderpay` VALUES ('1145', '20171009176881515', '2017100917688151', '1', '2017-10-09 00:26:19');
INSERT INTO `himall_orderpay` VALUES ('1146', '20171009776883895', '2017100977688389', '1', '2017-10-09 09:03:27');
INSERT INTO `himall_orderpay` VALUES ('1147', '20171009365977575', '2017100936597757', '1', '2017-10-09 09:52:11');
INSERT INTO `himall_orderpay` VALUES ('1148', '20171009462258235', '2017100946225823', '1', '2017-10-09 09:53:52');
INSERT INTO `himall_orderpay` VALUES ('1149', '20171009818436145', '2017100981843614', '1', '2017-10-09 10:03:45');
INSERT INTO `himall_orderpay` VALUES ('1150', '20171009089106775', '2017100908910677', '0', null);
INSERT INTO `himall_orderpay` VALUES ('1151', '20171009499975645', '2017100949997564', '0', null);
INSERT INTO `himall_orderpay` VALUES ('1152', '20171009403421445', '2017100940342144', '1', '2017-10-09 14:02:08');
INSERT INTO `himall_orderpay` VALUES ('1153', '20171009914807365', '2017100991480736', '1', '2017-10-09 14:07:32');
INSERT INTO `himall_orderpay` VALUES ('1154', '20171009206930475', '2017100920693047', '1', '2017-10-09 15:13:57');
INSERT INTO `himall_orderpay` VALUES ('1155', '20171009697679995', '2017100969767999', '1', '2017-10-09 15:35:04');
INSERT INTO `himall_orderpay` VALUES ('1156', '20171009164064375', '2017100916406437', '1', '2017-10-09 17:15:37');
INSERT INTO `himall_orderpay` VALUES ('1157', '20171009357378525', '2017100935737852', '1', '2017-10-09 17:22:59');
INSERT INTO `himall_orderpay` VALUES ('1158', '20171009947615485', '2017100994761548', '1', '2017-10-09 17:33:29');
INSERT INTO `himall_orderpay` VALUES ('1159', '20171009953968245', '2017100995396824', '1', '2017-10-09 17:34:29');
INSERT INTO `himall_orderpay` VALUES ('1160', '20171009614987805', '2017100961498780', '0', null);
INSERT INTO `himall_orderpay` VALUES ('1161', '20171009104333125', '2017100910433312', '0', null);
INSERT INTO `himall_orderpay` VALUES ('1162', '20171009817846265', '2017100981784626', '1', '2017-10-09 23:47:22');
INSERT INTO `himall_orderpay` VALUES ('1163', '20171010297206405', '2017101029720640', '1', '2017-10-10 09:57:07');
INSERT INTO `himall_orderpay` VALUES ('1164', '20171010330388275', '2017101033038827', '1', '2017-10-10 10:31:43');
INSERT INTO `himall_orderpay` VALUES ('1165', '20171010303226795', '2017101030322679', '1', '2017-10-10 10:55:25');
INSERT INTO `himall_orderpay` VALUES ('1166', '20171010119226365', '2017101011922636', '1', '2017-10-10 11:07:36');
INSERT INTO `himall_orderpay` VALUES ('1167', '20171010326217945', '2017101032621794', '1', '2017-10-10 11:54:07');
INSERT INTO `himall_orderpay` VALUES ('1168', '20171010037053265', '2017101003705326', '1', '2017-10-10 12:00:02');
INSERT INTO `himall_orderpay` VALUES ('1169', '20171010904021045', '2017101090402104', '1', '2017-10-10 14:12:32');
INSERT INTO `himall_orderpay` VALUES ('1170', '20171010022132105', '2017101002213210', '1', '2017-10-10 14:14:43');
INSERT INTO `himall_orderpay` VALUES ('1171', '20171010348525495', '2017101034852549', '1', '2017-10-10 14:34:26');
INSERT INTO `himall_orderpay` VALUES ('1172', '20171010575803115', '2017101057580311', '1', '2017-10-10 14:34:52');
INSERT INTO `himall_orderpay` VALUES ('1173', '20171010633327515', '2017101063332751', '0', null);
INSERT INTO `himall_orderpay` VALUES ('1174', '20171010600292615', '2017101060029261', '1', '2017-10-10 14:55:51');
INSERT INTO `himall_orderpay` VALUES ('1175', '20171010303093195', '2017101030309319', '1', '2017-10-10 15:38:27');
INSERT INTO `himall_orderpay` VALUES ('1176', '20171010126367295', '2017101012636729', '1', '2017-10-10 15:46:16');
INSERT INTO `himall_orderpay` VALUES ('1177', '20171010584843275', '2017101058484327', '1', '2017-10-10 16:55:03');
INSERT INTO `himall_orderpay` VALUES ('1178', '20171010040810965', '2017101004081096', '1', '2017-10-10 17:01:12');
INSERT INTO `himall_orderpay` VALUES ('1179', '20171010155607665', '2017101015560766', '0', null);
INSERT INTO `himall_orderpay` VALUES ('1180', '20171010700676245', '2017101070067624', '0', null);
INSERT INTO `himall_orderpay` VALUES ('1181', '20171010453246215', '2017101045324621', '1', '2017-10-12 11:47:49');
INSERT INTO `himall_orderpay` VALUES ('1182', '20171010445998625', '2017101044599862', '1', '2017-10-10 22:42:38');
INSERT INTO `himall_orderpay` VALUES ('1183', '20171011852883565', '2017101185288356', '0', null);
INSERT INTO `himall_orderpay` VALUES ('1184', '20171011527932715', '2017101152793271', '1', '2017-10-11 16:38:49');
INSERT INTO `himall_orderpay` VALUES ('1185', '20171011778350185', '2017101177835018', '1', '2017-10-11 17:02:17');
INSERT INTO `himall_orderpay` VALUES ('1186', '20171011152109885', '2017101115210988', '1', '2017-10-11 22:12:37');
INSERT INTO `himall_orderpay` VALUES ('1187', '20171011654348515', '2017101165434851', '1', '2017-10-11 22:15:58');
INSERT INTO `himall_orderpay` VALUES ('1188', '20171011798710785', '2017101179871078', '1', '2017-10-11 22:20:45');
INSERT INTO `himall_orderpay` VALUES ('1189', '20171011354659795', '2017101135465979', '1', '2017-10-11 22:23:52');
INSERT INTO `himall_orderpay` VALUES ('1190', '20171011284778695', '2017101128477869', '1', '2017-10-11 22:26:26');
INSERT INTO `himall_orderpay` VALUES ('1191', '20171012140313685', '2017101214031368', '0', null);
INSERT INTO `himall_orderpay` VALUES ('1192', '20171012282992575', '2017101228299257', '0', null);
INSERT INTO `himall_orderpay` VALUES ('1193', '20171012658824545', '2017101265882454', '0', null);
INSERT INTO `himall_orderpay` VALUES ('1194', '20171012479536995', '2017101247953699', '1', '2017-10-12 11:28:39');
INSERT INTO `himall_orderpay` VALUES ('1195', '20171012275149815', '2017101227514981', '0', null);
INSERT INTO `himall_orderpay` VALUES ('1196', '20171012290741165', '2017101229074116', '1', '2017-10-12 14:20:53');
INSERT INTO `himall_orderpay` VALUES ('1197', '20171012509350005', '2017101250935000', '1', '2017-10-12 12:04:37');
INSERT INTO `himall_orderpay` VALUES ('1198', '20171012124337815', '2017101212433781', '1', '2017-10-12 12:08:53');
INSERT INTO `himall_orderpay` VALUES ('1199', '20171012150035395', '2017101215003539', '1', '2017-10-12 12:13:41');
INSERT INTO `himall_orderpay` VALUES ('1200', '20171012713613455', '2017101271361345', '1', '2017-10-12 14:47:58');
INSERT INTO `himall_orderpay` VALUES ('1201', '20171012119144685', '2017101211914468', '0', null);
INSERT INTO `himall_orderpay` VALUES ('1202', '20171012494990395', '2017101249499039', '1', '2017-10-12 14:52:41');
INSERT INTO `himall_orderpay` VALUES ('1203', '20171012369679285', '2017101236967928', '1', '2017-10-12 15:04:08');
INSERT INTO `himall_orderpay` VALUES ('1204', '20171012454478815', '2017101245447881', '1', '2017-10-12 15:07:08');
INSERT INTO `himall_orderpay` VALUES ('1205', '20171012278920995', '2017101227892099', '1', '2017-10-12 15:06:23');
INSERT INTO `himall_orderpay` VALUES ('1206', '20171012067958515', '2017101206795851', '1', '2017-10-12 15:09:30');
INSERT INTO `himall_orderpay` VALUES ('1207', '20171012701945905', '2017101270194590', '1', '2017-10-12 16:09:04');
INSERT INTO `himall_orderpay` VALUES ('1208', '20171012385529645', '2017101238552964', '1', '2017-10-12 16:10:43');
INSERT INTO `himall_orderpay` VALUES ('1209', '20171012623036285', '2017101262303628', '1', '2017-10-12 16:14:06');
INSERT INTO `himall_orderpay` VALUES ('1210', '20171012768885375', '2017101276888537', '0', null);
INSERT INTO `himall_orderpay` VALUES ('1211', '20171012741648985', '2017101274164898', '1', '2017-10-12 16:28:33');
INSERT INTO `himall_orderpay` VALUES ('1212', '20171012477323585', '2017101247732358', '1', '2017-10-12 19:32:19');
INSERT INTO `himall_orderpay` VALUES ('1213', '20171012797120515', '2017101279712051', '1', '2017-10-12 19:32:54');
INSERT INTO `himall_orderpay` VALUES ('1214', '20171012951192845', '2017101295119284', '0', null);
INSERT INTO `himall_orderpay` VALUES ('1215', '20171012636517175', '2017101263651717', '1', '2017-10-12 20:35:29');
INSERT INTO `himall_orderpay` VALUES ('1216', '20171012512529415', '2017101251252941', '1', '2017-10-12 20:37:18');
INSERT INTO `himall_orderpay` VALUES ('1217', '20171012180596375', '2017101218059637', '1', '2017-10-12 20:38:38');
INSERT INTO `himall_orderpay` VALUES ('1218', '20171013567097225', '2017101356709722', '1', '2017-10-13 07:48:28');
INSERT INTO `himall_orderpay` VALUES ('1219', '20171013953042475', '2017101395304247', '1', '2017-10-13 09:28:11');
INSERT INTO `himall_orderpay` VALUES ('1220', '20171013157904915', '2017101315790491', '1', '2017-10-13 09:30:41');
INSERT INTO `himall_orderpay` VALUES ('1221', '20171013158663685', '2017101315866368', '1', '2017-10-13 11:19:05');
INSERT INTO `himall_orderpay` VALUES ('1222', '20171013757039305', '2017101375703930', '0', null);
INSERT INTO `himall_orderpay` VALUES ('1223', '20171013019533625', '2017101301953362', '0', null);
INSERT INTO `himall_orderpay` VALUES ('1224', '20171013082162325', '2017101308216232', '1', '2017-10-13 14:39:10');
INSERT INTO `himall_orderpay` VALUES ('1225', '20171013484061215', '2017101348406121', '1', '2017-10-13 14:51:46');
INSERT INTO `himall_orderpay` VALUES ('1226', '20171013159599155', '2017101315959915', '1', '2017-10-13 14:55:43');
INSERT INTO `himall_orderpay` VALUES ('1227', '20171013907510765', '2017101390751076', '1', '2017-10-13 15:24:00');
INSERT INTO `himall_orderpay` VALUES ('1228', '20171013272887145', '2017101327288714', '1', '2017-10-13 16:18:16');
INSERT INTO `himall_orderpay` VALUES ('1229', '20171013302608505', '2017101330260850', '1', '2017-10-13 16:42:38');
INSERT INTO `himall_orderpay` VALUES ('1230', '20171013395830315', '2017101339583031', '1', '2017-10-13 16:48:11');
INSERT INTO `himall_orderpay` VALUES ('1231', '20171013460702445', '2017101346070244', '0', null);
INSERT INTO `himall_orderpay` VALUES ('1232', '20171013195422465', '2017101319542246', '0', null);
INSERT INTO `himall_orderpay` VALUES ('1233', '20171013455419015', '2017101345541901', '0', null);
INSERT INTO `himall_orderpay` VALUES ('1234', '20171013526223965', '2017101352622396', '0', null);
INSERT INTO `himall_orderpay` VALUES ('1235', '20171013966413785', '2017101396641378', '1', '2017-10-13 17:28:07');
INSERT INTO `himall_orderpay` VALUES ('1236', '20171013507427655', '2017101350742765', '1', '2017-10-13 17:29:30');
INSERT INTO `himall_orderpay` VALUES ('1237', '20171014762430995', '2017101476243099', '1', '2017-10-14 12:51:52');
INSERT INTO `himall_orderpay` VALUES ('1238', '20171014955267675', '2017101495526767', '1', '2017-10-14 16:28:53');
INSERT INTO `himall_orderpay` VALUES ('1239', '20171014291948585', '2017101429194858', '1', '2017-10-14 16:43:08');
INSERT INTO `himall_orderpay` VALUES ('1240', '20171014098763385', '2017101409876338', '1', '2017-10-14 18:46:21');
INSERT INTO `himall_orderpay` VALUES ('1241', '20171014898364595', '2017101489836459', '1', '2017-10-14 19:39:29');
INSERT INTO `himall_orderpay` VALUES ('1242', '20171014158143525', '2017101415814352', '1', '2017-10-14 19:40:07');
INSERT INTO `himall_orderpay` VALUES ('1243', '20171014761718855', '2017101476171885', '0', null);
INSERT INTO `himall_orderpay` VALUES ('1244', '20171014441687205', '2017101444168720', '0', null);
INSERT INTO `himall_orderpay` VALUES ('1245', '20171014659564885', '2017101465956488', '0', null);
INSERT INTO `himall_orderpay` VALUES ('1246', '20171015595316415', '2017101559531641', '0', null);
INSERT INTO `himall_orderpay` VALUES ('1247', '20171015789635835', '2017101578963583', '1', '2017-10-15 16:41:27');
INSERT INTO `himall_orderpay` VALUES ('1248', '20171015145360045', '2017101514536004', '0', null);
INSERT INTO `himall_orderpay` VALUES ('1249', '20171016807464165', '2017101680746416', '0', null);
INSERT INTO `himall_orderpay` VALUES ('1250', '20171016061979145', '2017101606197914', '1', '2017-10-16 09:58:57');
INSERT INTO `himall_orderpay` VALUES ('1251', '20171016534092505', '2017101653409250', '0', null);
INSERT INTO `himall_orderpay` VALUES ('1252', '20171016239344395', '2017101623934439', '1', '2017-10-16 10:16:33');
INSERT INTO `himall_orderpay` VALUES ('1253', '20171016461654895', '2017101646165489', '1', '2017-10-16 10:32:26');
INSERT INTO `himall_orderpay` VALUES ('1254', '20171016348852115', '2017101634885211', '1', '2017-10-16 11:28:22');
INSERT INTO `himall_orderpay` VALUES ('1255', '20171016926705305', '2017101692670530', '1', '2017-10-16 11:31:29');
INSERT INTO `himall_orderpay` VALUES ('1256', '20171016349498295', '2017101634949829', '1', '2017-10-16 11:47:29');
INSERT INTO `himall_orderpay` VALUES ('1257', '20171016624892535', '2017101662489253', '1', '2017-10-16 11:51:28');
INSERT INTO `himall_orderpay` VALUES ('1258', '20171016632234675', '2017101663223467', '1', '2017-10-16 12:14:02');
INSERT INTO `himall_orderpay` VALUES ('1259', '20171016346579445', '2017101634657944', '1', '2017-10-16 14:00:40');
INSERT INTO `himall_orderpay` VALUES ('1260', '20171016837936795', '2017101683793679', '1', '2017-10-16 14:05:24');
INSERT INTO `himall_orderpay` VALUES ('1261', '20171016360712905', '2017101636071290', '1', '2017-10-16 14:09:38');
INSERT INTO `himall_orderpay` VALUES ('1262', '20171016907514415', '2017101690751441', '0', null);
INSERT INTO `himall_orderpay` VALUES ('1263', '20171016524757865', '2017101652475786', '1', '2017-10-16 14:30:02');
INSERT INTO `himall_orderpay` VALUES ('1264', '20171016713827585', '2017101671382758', '1', '2017-10-16 14:45:43');
INSERT INTO `himall_orderpay` VALUES ('1265', '20171016249823245', '2017101624982324', '1', '2017-10-16 14:51:20');
INSERT INTO `himall_orderpay` VALUES ('1266', '20171016953799525', '2017101695379952', '1', '2017-10-16 15:19:37');
INSERT INTO `himall_orderpay` VALUES ('1267', '20171016623228415', '2017101662322841', '1', '2017-10-16 15:22:11');
INSERT INTO `himall_orderpay` VALUES ('1268', '20171016720767285', '2017101672076728', '0', null);
INSERT INTO `himall_orderpay` VALUES ('1269', '20171016283309365', '2017101628330936', '0', null);
INSERT INTO `himall_orderpay` VALUES ('1270', '20171016970626785', '2017101697062678', '0', null);
INSERT INTO `himall_orderpay` VALUES ('1271', '20171016689136325', '2017101668913632', '1', '2017-10-16 16:45:37');
INSERT INTO `himall_orderpay` VALUES ('1272', '20171017627097565', '2017101762709756', '0', null);
INSERT INTO `himall_orderpay` VALUES ('1273', '20171017158243435', '2017101715824343', '1', '2017-10-17 14:50:57');
INSERT INTO `himall_orderpay` VALUES ('1274', '20171017002486635', '2017101700248663', '0', null);
INSERT INTO `himall_orderpay` VALUES ('1275', '20171018298352585', '2017101829835258', '1', '2017-10-18 12:15:11');
INSERT INTO `himall_orderpay` VALUES ('1276', '20171018064215825', '2017101806421582', '1', '2017-10-18 20:27:37');
INSERT INTO `himall_orderpay` VALUES ('1277', '20171022142279875', '2017102214227987', '1', '2017-10-22 06:38:24');
INSERT INTO `himall_orderpay` VALUES ('1278', '20171022330816265', '2017102233081626', '0', null);
INSERT INTO `himall_orderpay` VALUES ('1279', '20171022205857545', '2017102220585754', '0', null);

-- ----------------------------
-- Table structure for `himall_orderrefundlogs`
-- ----------------------------
DROP TABLE IF EXISTS `himall_orderrefundlogs`;
CREATE TABLE `himall_orderrefundlogs` (
  `Id` bigint(20) NOT NULL AUTO_INCREMENT,
  `RefundId` bigint(20) NOT NULL COMMENT '售后编号',
  `Operator` varchar(100) NOT NULL COMMENT '操作者',
  `OperateDate` datetime NOT NULL COMMENT '操作日期',
  `OperateContent` varchar(1000) DEFAULT NULL COMMENT '操作内容',
  `ApplyNumber` int(11) DEFAULT NULL COMMENT '申请次数',
  `Step` smallint(6) NOT NULL COMMENT '退款步聚(枚举:CommonModel.Enum.OrderRefundStep)',
  `Remark` varchar(255) DEFAULT NULL COMMENT '备注(买家留言/商家留言/商家拒绝原因/平台退款备注)',
  PRIMARY KEY (`Id`)
) ENGINE=InnoDB AUTO_INCREMENT=371 DEFAULT CHARSET=utf8 COMMENT='订单售后日志表';

-- ----------------------------
-- Records of himall_orderrefundlogs
-- ----------------------------
INSERT INTO `himall_orderrefundlogs` VALUES ('5', '233', 'selleradmin', '2017-02-14 10:19:21', '【待商家审核】不想买了:不想要了', '1', '1', '不想买了:不想要了');
INSERT INTO `himall_orderrefundlogs` VALUES ('6', '233', 'selleradmin', '2017-02-14 10:19:38', '【待平台确认】', '1', '5', '');
INSERT INTO `himall_orderrefundlogs` VALUES ('7', '233', 'admin', '2017-02-14 10:19:51', '【退款成功】', '1', '6', '');
INSERT INTO `himall_orderrefundlogs` VALUES ('8', '234', 'selleradmin', '2017-02-14 10:45:13', '【待商家审核】不想买了', '1', '1', '不想买了');
INSERT INTO `himall_orderrefundlogs` VALUES ('9', '235', 'selleradmin', '2017-02-14 10:46:40', '【待商家审核】其他', '1', '1', '其他');
INSERT INTO `himall_orderrefundlogs` VALUES ('10', '236', 'selleradmin', '2017-02-14 10:47:09', '【待商家审核】质量有问题', '1', '1', '质量有问题');
INSERT INTO `himall_orderrefundlogs` VALUES ('11', '237', 'selleradmin', '2017-02-14 10:47:40', '【待商家审核】不想买了', '1', '1', '不想买了');
INSERT INTO `himall_orderrefundlogs` VALUES ('12', '238', 'selleradmin', '2017-02-14 10:48:11', '【待商家审核】其他', '1', '1', '其他');
INSERT INTO `himall_orderrefundlogs` VALUES ('13', '239', 'selleradmin', '2017-02-14 10:54:21', '【待商家审核】不想买了', '1', '1', '不想买了');
INSERT INTO `himall_orderrefundlogs` VALUES ('14', '240', 'selleradmin', '2017-02-14 10:54:58', '【待商家审核】其他', '1', '1', '其他');
INSERT INTO `himall_orderrefundlogs` VALUES ('15', '241', 'selleradmin', '2017-02-14 10:55:25', '【待商家审核】不想买了', '1', '1', '不想买了');
INSERT INTO `himall_orderrefundlogs` VALUES ('16', '242', 'selleradmin', '2017-02-14 10:55:56', '【待商家审核】其他', '1', '1', '其他');
INSERT INTO `himall_orderrefundlogs` VALUES ('17', '243', 'selleradmin', '2017-02-14 10:56:22', '【待商家审核】其他', '1', '1', '其他');
INSERT INTO `himall_orderrefundlogs` VALUES ('18', '244', 'selleradmin', '2017-02-14 15:12:49', '【待商家审核】其他:物品损坏', '1', '1', '其他:物品损坏');
INSERT INTO `himall_orderrefundlogs` VALUES ('19', '245', 'selleradmin', '2017-02-14 15:13:08', '【待商家审核】其他:物品损坏', '1', '1', '其他:物品损坏');
INSERT INTO `himall_orderrefundlogs` VALUES ('20', '246', 'selleradmin', '2017-02-14 15:13:30', '【待商家审核】其他:物品损坏', '1', '1', '其他:物品损坏');
INSERT INTO `himall_orderrefundlogs` VALUES ('21', '247', 'selleradmin', '2017-02-14 15:13:48', '【待商家审核】其他:物品损坏', '1', '1', '其他:物品损坏');
INSERT INTO `himall_orderrefundlogs` VALUES ('22', '248', 'selleradmin', '2017-02-14 15:14:13', '【待商家审核】其他:物品损坏', '1', '1', '其他:物品损坏');
INSERT INTO `himall_orderrefundlogs` VALUES ('23', '249', 'selleradmin', '2017-02-14 15:21:56', '【待商家审核】不想买了:商品漏发', '1', '1', '不想买了:商品漏发');
INSERT INTO `himall_orderrefundlogs` VALUES ('24', '250', 'selleradmin', '2017-02-14 15:22:24', '【待商家审核】其他:商品漏发', '1', '1', '其他:商品漏发');
INSERT INTO `himall_orderrefundlogs` VALUES ('25', '251', 'selleradmin', '2017-02-14 15:22:44', '【待商家审核】不想买了:商品漏发', '1', '1', '不想买了:商品漏发');
INSERT INTO `himall_orderrefundlogs` VALUES ('26', '252', 'selleradmin', '2017-02-14 15:23:01', '【待商家审核】不想买了:商品漏发', '1', '1', '不想买了:商品漏发');
INSERT INTO `himall_orderrefundlogs` VALUES ('27', '253', 'selleradmin', '2017-02-14 15:23:19', '【待商家审核】其他:商品漏发', '1', '1', '其他:商品漏发');
INSERT INTO `himall_orderrefundlogs` VALUES ('28', '234', '系统Job', '2017-02-15 11:00:00', '【待平台确认】卖家超时未处理，系统自动同意售后', '1', '5', '卖家超时未处理，系统自动同意售后');
INSERT INTO `himall_orderrefundlogs` VALUES ('29', '235', '系统Job', '2017-02-15 11:00:01', '【待平台确认】卖家超时未处理，系统自动同意售后', '1', '5', '卖家超时未处理，系统自动同意售后');
INSERT INTO `himall_orderrefundlogs` VALUES ('30', '236', '系统Job', '2017-02-15 11:00:01', '【待平台确认】卖家超时未处理，系统自动同意售后', '1', '5', '卖家超时未处理，系统自动同意售后');
INSERT INTO `himall_orderrefundlogs` VALUES ('31', '237', '系统Job', '2017-02-15 11:00:01', '【待平台确认】卖家超时未处理，系统自动同意售后', '1', '5', '卖家超时未处理，系统自动同意售后');
INSERT INTO `himall_orderrefundlogs` VALUES ('32', '238', '系统Job', '2017-02-15 11:00:01', '【待平台确认】卖家超时未处理，系统自动同意售后', '1', '5', '卖家超时未处理，系统自动同意售后');
INSERT INTO `himall_orderrefundlogs` VALUES ('33', '239', '系统Job', '2017-02-15 11:00:01', '【待买家寄货】卖家超时未处理，系统自动同意售后', '1', '2', '卖家超时未处理，系统自动同意售后');
INSERT INTO `himall_orderrefundlogs` VALUES ('34', '240', '系统Job', '2017-02-15 11:00:01', '【待买家寄货】卖家超时未处理，系统自动同意售后', '1', '2', '卖家超时未处理，系统自动同意售后');
INSERT INTO `himall_orderrefundlogs` VALUES ('35', '241', '系统Job', '2017-02-15 11:00:01', '【待买家寄货】卖家超时未处理，系统自动同意售后', '1', '2', '卖家超时未处理，系统自动同意售后');
INSERT INTO `himall_orderrefundlogs` VALUES ('36', '242', '系统Job', '2017-02-15 11:00:01', '【待买家寄货】卖家超时未处理，系统自动同意售后', '1', '2', '卖家超时未处理，系统自动同意售后');
INSERT INTO `himall_orderrefundlogs` VALUES ('37', '243', '系统Job', '2017-02-15 11:00:01', '【待买家寄货】卖家超时未处理，系统自动同意售后', '1', '2', '卖家超时未处理，系统自动同意售后');
INSERT INTO `himall_orderrefundlogs` VALUES ('38', '249', '系统Job', '2017-02-15 15:40:00', '【待买家寄货】卖家超时未处理，系统自动同意售后', '1', '2', '卖家超时未处理，系统自动同意售后');
INSERT INTO `himall_orderrefundlogs` VALUES ('39', '250', '系统Job', '2017-02-15 15:40:00', '【待买家寄货】卖家超时未处理，系统自动同意售后', '1', '2', '卖家超时未处理，系统自动同意售后');
INSERT INTO `himall_orderrefundlogs` VALUES ('40', '251', '系统Job', '2017-02-15 15:40:00', '【待买家寄货】卖家超时未处理，系统自动同意售后', '1', '2', '卖家超时未处理，系统自动同意售后');
INSERT INTO `himall_orderrefundlogs` VALUES ('41', '252', '系统Job', '2017-02-15 15:40:00', '【待买家寄货】卖家超时未处理，系统自动同意售后', '1', '2', '卖家超时未处理，系统自动同意售后');
INSERT INTO `himall_orderrefundlogs` VALUES ('42', '253', '系统Job', '2017-02-15 15:40:00', '【待买家寄货】卖家超时未处理，系统自动同意售后', '1', '2', '卖家超时未处理，系统自动同意售后');
INSERT INTO `himall_orderrefundlogs` VALUES ('43', '239', '系统Job', '2017-02-16 11:20:00', '【商家拒绝】买家超时未寄货，系统自动拒绝售后', '1', '4', '买家超时未寄货，系统自动拒绝售后');
INSERT INTO `himall_orderrefundlogs` VALUES ('44', '240', '系统Job', '2017-02-16 11:20:00', '【商家拒绝】买家超时未寄货，系统自动拒绝售后', '1', '4', '买家超时未寄货，系统自动拒绝售后');
INSERT INTO `himall_orderrefundlogs` VALUES ('45', '241', '系统Job', '2017-02-16 11:20:00', '【商家拒绝】买家超时未寄货，系统自动拒绝售后', '1', '4', '买家超时未寄货，系统自动拒绝售后');
INSERT INTO `himall_orderrefundlogs` VALUES ('46', '242', '系统Job', '2017-02-16 11:20:00', '【商家拒绝】买家超时未寄货，系统自动拒绝售后', '1', '4', '买家超时未寄货，系统自动拒绝售后');
INSERT INTO `himall_orderrefundlogs` VALUES ('47', '243', '系统Job', '2017-02-16 11:20:00', '【商家拒绝】买家超时未寄货，系统自动拒绝售后', '1', '4', '买家超时未寄货，系统自动拒绝售后');
INSERT INTO `himall_orderrefundlogs` VALUES ('48', '249', '系统Job', '2017-02-16 15:40:01', '【商家拒绝】买家超时未寄货，系统自动拒绝售后', '1', '4', '买家超时未寄货，系统自动拒绝售后');
INSERT INTO `himall_orderrefundlogs` VALUES ('49', '250', '系统Job', '2017-02-16 15:40:01', '【商家拒绝】买家超时未寄货，系统自动拒绝售后', '1', '4', '买家超时未寄货，系统自动拒绝售后');
INSERT INTO `himall_orderrefundlogs` VALUES ('50', '251', '系统Job', '2017-02-16 15:40:01', '【商家拒绝】买家超时未寄货，系统自动拒绝售后', '1', '4', '买家超时未寄货，系统自动拒绝售后');
INSERT INTO `himall_orderrefundlogs` VALUES ('51', '252', '系统Job', '2017-02-16 15:40:01', '【商家拒绝】买家超时未寄货，系统自动拒绝售后', '1', '4', '买家超时未寄货，系统自动拒绝售后');
INSERT INTO `himall_orderrefundlogs` VALUES ('52', '253', '系统Job', '2017-02-16 15:40:01', '【商家拒绝】买家超时未寄货，系统自动拒绝售后', '1', '4', '买家超时未寄货，系统自动拒绝售后');
INSERT INTO `himall_orderrefundlogs` VALUES ('345', '367', 'wxaj8p4d', '2017-10-10 19:45:21', '【待商家审核】拼团失败，系统处理', '1', '1', '拼团失败，系统处理');
INSERT INTO `himall_orderrefundlogs` VALUES ('346', '367', '系统Job', '2017-10-10 19:45:21', '【待平台确认】拼团失败，系统自动处理', '1', '5', '拼团失败，系统自动处理');
INSERT INTO `himall_orderrefundlogs` VALUES ('347', '368', 'wx09paxp', '2017-10-10 20:16:05', '【待商家审核】拼团失败，系统处理', '1', '1', '拼团失败，系统处理');
INSERT INTO `himall_orderrefundlogs` VALUES ('348', '368', '系统Job', '2017-10-10 20:16:05', '【待平台确认】拼团失败，系统自动处理', '1', '5', '拼团失败，系统自动处理');
INSERT INTO `himall_orderrefundlogs` VALUES ('349', '369', 'wx2b0wye', '2017-10-11 22:12:03', '【待商家审核】拼团失败，系统处理', '1', '1', '拼团失败，系统处理');
INSERT INTO `himall_orderrefundlogs` VALUES ('350', '369', '系统Job', '2017-10-11 22:12:03', '【待平台确认】拼团失败，系统自动处理', '1', '5', '拼团失败，系统自动处理');
INSERT INTO `himall_orderrefundlogs` VALUES ('351', '370', 'wx09paxp', '2017-10-13 14:55:19', '【待商家审核】拼团失败，系统处理', '1', '1', '拼团失败，系统处理');
INSERT INTO `himall_orderrefundlogs` VALUES ('352', '370', '系统Job', '2017-10-13 14:55:19', '【待平台确认】拼团失败，系统自动处理', '1', '5', '拼团失败，系统自动处理');
INSERT INTO `himall_orderrefundlogs` VALUES ('353', '371', 'wx1p9sio', '2017-10-17 20:12:09', '【待商家审核】拼团失败，系统处理', '1', '1', '拼团失败，系统处理');
INSERT INTO `himall_orderrefundlogs` VALUES ('354', '371', '系统Job', '2017-10-17 20:12:09', '【待平台确认】拼团失败，系统自动处理', '1', '5', '拼团失败，系统自动处理');
INSERT INTO `himall_orderrefundlogs` VALUES ('355', '372', 'wx2ueb2b', '2017-10-17 20:12:09', '【待商家审核】拼团失败，系统处理', '1', '1', '拼团失败，系统处理');
INSERT INTO `himall_orderrefundlogs` VALUES ('356', '372', '系统Job', '2017-10-17 20:12:09', '【待平台确认】拼团失败，系统自动处理', '1', '5', '拼团失败，系统自动处理');
INSERT INTO `himall_orderrefundlogs` VALUES ('357', '373', 'wxlf5kfo', '2017-10-17 20:12:10', '【待商家审核】拼团失败，系统处理', '1', '1', '拼团失败，系统处理');
INSERT INTO `himall_orderrefundlogs` VALUES ('358', '373', '系统Job', '2017-10-17 20:12:11', '【待平台确认】拼团失败，系统自动处理', '1', '5', '拼团失败，系统自动处理');
INSERT INTO `himall_orderrefundlogs` VALUES ('359', '374', 'wxdc7spp', '2017-10-17 20:12:11', '【待商家审核】拼团失败，系统处理', '1', '1', '拼团失败，系统处理');
INSERT INTO `himall_orderrefundlogs` VALUES ('360', '374', '系统Job', '2017-10-17 20:12:11', '【待平台确认】拼团失败，系统自动处理', '1', '5', '拼团失败，系统自动处理');
INSERT INTO `himall_orderrefundlogs` VALUES ('361', '375', 'wx03j6k0', '2017-10-18 12:11:53', '【待商家审核】拼团失败，系统处理', '1', '1', '拼团失败，系统处理');
INSERT INTO `himall_orderrefundlogs` VALUES ('362', '375', '系统Job', '2017-10-18 12:11:53', '【待平台确认】拼团失败，系统自动处理', '1', '5', '拼团失败，系统自动处理');
INSERT INTO `himall_orderrefundlogs` VALUES ('363', '376', 'wx03j6k0', '2017-10-18 12:12:04', '【待商家审核】拼团失败，系统处理', '1', '1', '拼团失败，系统处理');
INSERT INTO `himall_orderrefundlogs` VALUES ('364', '376', '系统Job', '2017-10-18 12:12:04', '【待平台确认】拼团失败，系统自动处理', '1', '5', '拼团失败，系统自动处理');
INSERT INTO `himall_orderrefundlogs` VALUES ('365', '377', 'wx03j6k0', '2017-10-18 12:12:55', '【待商家审核】拼团失败，系统处理', '1', '1', '拼团失败，系统处理');
INSERT INTO `himall_orderrefundlogs` VALUES ('366', '377', '系统Job', '2017-10-18 12:12:55', '【待平台确认】拼团失败，系统自动处理', '1', '5', '拼团失败，系统自动处理');
INSERT INTO `himall_orderrefundlogs` VALUES ('367', '378', 'wx03j6k0', '2017-10-18 12:13:20', '【待商家审核】拼团失败，系统处理', '1', '1', '拼团失败，系统处理');
INSERT INTO `himall_orderrefundlogs` VALUES ('368', '378', '系统Job', '2017-10-18 12:13:20', '【待平台确认】拼团失败，系统自动处理', '1', '5', '拼团失败，系统自动处理');
INSERT INTO `himall_orderrefundlogs` VALUES ('369', '379', 'wxgoknmp', '2017-10-21 11:32:06', '【待商家审核】拼团失败，系统处理', '1', '1', '拼团失败，系统处理');
INSERT INTO `himall_orderrefundlogs` VALUES ('370', '379', '系统Job', '2017-10-21 11:32:06', '【待平台确认】拼团失败，系统自动处理', '1', '5', '拼团失败，系统自动处理');

-- ----------------------------
-- Table structure for `himall_orderrefunds`
-- ----------------------------
DROP TABLE IF EXISTS `himall_orderrefunds`;
CREATE TABLE `himall_orderrefunds` (
  `Id` bigint(20) NOT NULL AUTO_INCREMENT,
  `OrderId` bigint(20) NOT NULL COMMENT '订单ID',
  `OrderItemId` bigint(20) NOT NULL COMMENT '订单详情ID',
  `ShopId` bigint(20) NOT NULL COMMENT '店铺ID',
  `ShopName` varchar(100) NOT NULL COMMENT '店铺名称',
  `UserId` bigint(20) NOT NULL COMMENT '用户ID',
  `Applicant` varchar(100) NOT NULL COMMENT '申请内容',
  `ContactPerson` varchar(100) DEFAULT NULL COMMENT '联系人',
  `ContactCellPhone` varchar(100) DEFAULT NULL COMMENT '联系电话',
  `RefundAccount` varchar(100) DEFAULT NULL COMMENT '退款金额',
  `ApplyDate` datetime NOT NULL COMMENT '申请时间',
  `Amount` decimal(18,2) NOT NULL COMMENT '金额',
  `Reason` varchar(1000) NOT NULL COMMENT '退款原因',
  `ReasonDetail` varchar(1000) DEFAULT NULL COMMENT '退款详情',
  `SellerAuditStatus` int(11) NOT NULL COMMENT '商家审核状态',
  `SellerAuditDate` datetime NOT NULL COMMENT '商家审核时间',
  `SellerRemark` varchar(1000) DEFAULT NULL COMMENT '商家注释',
  `ManagerConfirmStatus` int(11) NOT NULL COMMENT '平台审核状态',
  `ManagerConfirmDate` datetime NOT NULL COMMENT '平台审核时间',
  `ManagerRemark` varchar(1000) DEFAULT NULL COMMENT '平台注释',
  `IsReturn` tinyint(1) NOT NULL COMMENT '是否已经退款',
  `ExpressCompanyName` varchar(100) DEFAULT NULL COMMENT '快递公司',
  `ShipOrderNumber` varchar(100) DEFAULT NULL COMMENT '快递单号',
  `Payee` varchar(200) DEFAULT NULL COMMENT '收款人',
  `PayeeAccount` varchar(200) DEFAULT NULL COMMENT '收款人账户',
  `RefundMode` int(11) NOT NULL COMMENT '退款方式',
  `RefundPayStatus` int(11) DEFAULT NULL COMMENT '退款支付状态',
  `RefundPayType` int(11) DEFAULT NULL COMMENT '退款支付类型',
  `BuyerDeliverDate` datetime DEFAULT NULL COMMENT '买家发货时间',
  `SellerConfirmArrivalDate` datetime DEFAULT NULL COMMENT '卖家确认到货时间',
  `RefundBatchNo` varchar(30) DEFAULT NULL COMMENT '退款批次号',
  `RefundPostTime` datetime DEFAULT NULL COMMENT '退款异步提交时间',
  `ReturnQuantity` bigint(20) DEFAULT '0' COMMENT '退货数量',
  `ReturnPlatCommission` decimal(18,2) NOT NULL DEFAULT '0.00' COMMENT '平台佣金退还',
  `ReturnBrokerage` decimal(18,2) NOT NULL DEFAULT '0.00' COMMENT '退还分销佣金',
  `ApplyNumber` int(11) DEFAULT NULL COMMENT '申请次数',
  `CertPic1` varchar(200) DEFAULT NULL COMMENT '凭证图片1',
  `CertPic2` varchar(200) DEFAULT NULL COMMENT '凭证图片2',
  `CertPic3` varchar(200) DEFAULT NULL COMMENT '凭证图片3',
  PRIMARY KEY (`Id`),
  KEY `FK_OrderItem_OrderRefund` (`OrderItemId`) USING BTREE,
  CONSTRAINT `himall_orderrefunds_ibfk_1` FOREIGN KEY (`OrderItemId`) REFERENCES `himall_orderitems` (`Id`) ON DELETE CASCADE
) ENGINE=InnoDB AUTO_INCREMENT=380 DEFAULT CHARSET=utf8 ROW_FORMAT=COMPACT;

-- ----------------------------
-- Records of himall_orderrefunds
-- ----------------------------
INSERT INTO `himall_orderrefunds` VALUES ('248', '2017021407936918', '1120', '1', '官方自营店', '569', 'selleradmin', '小李', '18852416354', null, '2017-02-14 15:14:13', '399.00', '其他', '物品损坏', '1', '2017-02-14 15:14:13', null, '6', '2017-02-14 15:14:13', null, '0', null, null, null, null, '1', null, '3', null, null, null, null, '0', '0.00', '0.00', '1', '', '', '');

-- ----------------------------
-- Table structure for `himall_orders`
-- ----------------------------
DROP TABLE IF EXISTS `himall_orders`;
CREATE TABLE `himall_orders` (
  `Id` bigint(20) NOT NULL,
  `OrderStatus` int(11) NOT NULL COMMENT '订单状态 [Description("待付款")]WaitPay = 1,[Description("待发货")]WaitDelivery,[Description("待收货")]WaitReceiving,[Description("已关闭")]Close,[Description("已完成")]Finish',
  `OrderDate` datetime NOT NULL COMMENT '订单创建日期',
  `CloseReason` varchar(1000) DEFAULT NULL COMMENT '关闭原因',
  `ShopId` bigint(20) NOT NULL COMMENT '店铺ID',
  `ShopName` varchar(100) NOT NULL COMMENT '店铺名称',
  `SellerPhone` varchar(100) DEFAULT NULL COMMENT '商家电话',
  `SellerAddress` varchar(100) DEFAULT NULL COMMENT '商家发货地址',
  `SellerRemark` varchar(1000) DEFAULT NULL COMMENT '商家说明',
  `SellerRemarkFlag` int(11) DEFAULT NULL,
  `UserId` bigint(20) NOT NULL COMMENT '会员ID',
  `UserName` varchar(100) NOT NULL COMMENT '会员名称',
  `UserRemark` varchar(1000) DEFAULT NULL COMMENT '会员留言',
  `ShipTo` varchar(100) NOT NULL COMMENT '收货人',
  `CellPhone` varchar(100) DEFAULT NULL COMMENT '收货人电话',
  `TopRegionId` int(11) NOT NULL COMMENT '收货人地址省份ID',
  `RegionId` int(11) NOT NULL COMMENT '收货人区域ID',
  `RegionFullName` varchar(100) NOT NULL COMMENT '全名的收货地址',
  `Address` varchar(100) NOT NULL COMMENT '收货具体街道信息',
  `ExpressCompanyName` varchar(100) DEFAULT NULL COMMENT '快递公司',
  `Freight` decimal(8,2) NOT NULL COMMENT '运费',
  `ShipOrderNumber` varchar(100) CHARACTER SET utf8mb4 DEFAULT NULL COMMENT '物流订单号',
  `ShippingDate` datetime DEFAULT NULL COMMENT '发货日期',
  `IsPrinted` tinyint(1) NOT NULL COMMENT '是否打印快递单',
  `PaymentTypeName` varchar(100) DEFAULT NULL COMMENT '付款类型名称',
  `PaymentTypeGateway` varchar(100) DEFAULT NULL COMMENT '付款类型使用 插件名称',
  `PaymentType` int(11) NOT NULL,
  `GatewayOrderId` varchar(100) DEFAULT NULL COMMENT '支付接口返回的ID',
  `PayRemark` varchar(1000) DEFAULT NULL COMMENT '付款注释',
  `PayDate` datetime DEFAULT NULL COMMENT '付款日期',
  `InvoiceType` int(11) NOT NULL COMMENT '发票类型',
  `InvoiceTitle` varchar(100) DEFAULT NULL COMMENT '发票抬头',
  `Tax` decimal(8,2) NOT NULL COMMENT '税钱，但是未使用',
  `FinishDate` datetime DEFAULT NULL COMMENT '完成订单日期',
  `ProductTotalAmount` decimal(18,2) NOT NULL COMMENT '商品总金额',
  `RefundTotalAmount` decimal(18,2) NOT NULL COMMENT '退款金额',
  `CommisTotalAmount` decimal(18,2) NOT NULL COMMENT '佣金总金额',
  `RefundCommisAmount` decimal(18,2) NOT NULL COMMENT '退还佣金总金额',
  `ActiveType` int(11) NOT NULL DEFAULT '0' COMMENT '未使用',
  `Platform` int(11) NOT NULL DEFAULT '0' COMMENT '来自哪个终端的订单',
  `DiscountAmount` decimal(18,2) NOT NULL DEFAULT '0.00' COMMENT '针对该订单的优惠金额（用于优惠券）',
  `IntegralDiscount` decimal(18,2) NOT NULL COMMENT '积分优惠金额',
  `InvoiceContext` varchar(50) DEFAULT NULL COMMENT '发票明细',
  `OrderType` int(11) DEFAULT NULL,
  `ShareUserId` bigint(20) DEFAULT NULL COMMENT '分销员Id',
  `OrderRemarks` varchar(200) DEFAULT NULL COMMENT '订单备注(买家留言)',
  `LastModifyTime` datetime DEFAULT NULL COMMENT '最后操作时间',
  `DeliveryType` int(11) NOT NULL COMMENT '发货类型(快递配送,到店自提)',
  `ShopBranchId` bigint(20) DEFAULT NULL COMMENT '门店ID',
  `PickupCode` varchar(20) DEFAULT NULL COMMENT '提货码',
  `TotalAmount` decimal(18,2) NOT NULL DEFAULT '0.00' COMMENT '订单实付金额',
  `ActualPayAmount` decimal(18,2) NOT NULL DEFAULT '0.00' COMMENT '订单实收金额',
  `FullDiscount` decimal(18,2) NOT NULL DEFAULT '0.00' COMMENT '满额减金额',
  `PayCode` varchar(20) DEFAULT NULL COMMENT '消费码',
  PRIMARY KEY (`Id`)
) ENGINE=InnoDB DEFAULT CHARSET=utf8 ROW_FORMAT=COMPACT;

-- ----------------------------
-- Records of himall_orders
-- ----------------------------
INSERT INTO `himall_orders` VALUES ('2017021401046371', '3', '2017-02-14 15:25:05', null, '1', '官方自营店', null, null, '库存不多，需要及时发货', '1', '569', 'selleradmin', null, '小蘑菇', '1811111111111', '1812', '27073', '湖南省 长沙市 芙蓉区 文艺路街道', '湖南大剧院19楼', '顺丰快递', '0.00', '400052211477796', '2017-02-14 15:25:48', '0', '平台线下收款', null, '2', null, '', '2017-02-14 15:25:11', '0', null, '0.00', null, '175.00', '0.00', '0.00', '0.00', '0', '0', '0.00', '0.00', null, null, null, null, '2017-02-14 15:25:48', '0', null, null, '175.00', '175.00', '0.00', null);
INSERT INTO `himall_orders` VALUES ('2017021401188226', '6', '2017-02-14 15:00:28', null, '1', '官方自营店', null, null, null, null, '569', 'selleradmin', null, '小蘑菇', '1811111111', '1812', '27073', '湖南省 长沙市 芙蓉区 文艺路街道', '湖南大剧院19楼', null, '0.00', null, null, '0', '平台线下收款', null, '2', null, '', '2017-02-14 15:00:34', '0', null, '0.00', null, '59.90', '0.00', '0.00', '0.00', '0', '0', '0.00', '0.00', null, null, null, null, '2017-02-14 15:00:34', '1', '26', '17021401188226914', '59.90', '59.90', '0.00', null);
INSERT INTO `himall_orders` VALUES ('2017021406305794', '4', '2017-02-14 15:06:33', null, '1', '官方自营店', null, null, null, null, '569', 'selleradmin', null, '小蘑菇', '18211111111111', '1812', '27073', '湖南省 长沙市 芙蓉区 文艺路街道', '湖南大剧院19楼', null, '0.00', null, null, '0', '', null, '0', null, null, null, '0', null, '0.00', null, '499.00', '0.00', '0.00', '0.00', '0', '0', '0.00', '0.00', null, null, null, null, '2017-02-14 15:07:44', '1', '26', null, '499.00', '0.00', '0.00', null);
INSERT INTO `himall_orders` VALUES ('2017021407936918', '6', '2017-02-14 15:08:21', null, '1', '官方自营店', null, null, null, null, '569', 'selleradmin', null, '小蘑菇', '1811111111', '1812', '27073', '湖南省 长沙市 芙蓉区 文艺路街道', '湖南大剧院19楼', null, '0.00', null, null, '0', '平台线下收款', null, '2', null, '', '2017-02-14 15:12:20', '0', null, '0.00', null, '399.00', '0.00', '0.00', '0.00', '0', '0', '0.00', '0.00', null, null, null, null, '2017-02-14 15:12:20', '1', '26', '17021407936918962', '399.00', '399.00', '0.00', null);
INSERT INTO `himall_orders` VALUES ('2017021415584089', '4', '2017-02-14 14:57:28', '过期没付款，自动关闭', '1', '官方自营店', null, null, null, null, '569', 'selleradmin', null, '小蘑菇', '181111111111', '1812', '27073', '湖南省 长沙市 芙蓉区 文艺路街道', '湖南大剧院19楼', null, '0.00', null, null, '0', '', null, '0', null, null, null, '0', null, '0.00', null, '11.90', '0.00', '0.00', '0.00', '0', '0', '0.00', '0.00', null, null, null, null, '2017-02-14 14:57:28', '1', '26', null, '11.90', '0.00', '0.00', null);
INSERT INTO `himall_orders` VALUES ('2017021422975289', '4', '2017-02-14 15:06:17', '过期没付款，自动关闭', '1', '官方自营店', null, null, null, null, '569', 'selleradmin', null, '小蘑菇', '1111111', '1812', '27073', '湖南省 长沙市 芙蓉区 文艺路街道', '湖南大剧院19楼', null, '0.00', null, null, '0', '', null, '0', null, null, null, '0', null, '0.00', null, '499.00', '0.00', '0.00', '0.00', '0', '0', '0.00', '0.00', null, null, null, null, '2017-02-14 15:06:17', '0', null, null, '499.00', '0.00', '0.00', null);
INSERT INTO `himall_orders` VALUES ('2017021424058141', '5', '2017-02-14 10:36:03', null, '1', '官方自营店', null, null, null, null, '569', 'selleradmin', null, '小蘑菇', '1821111111111', '1812', '27073', '湖南省 长沙市 芙蓉区 文艺路街道', '湖南大剧院19楼', '中通速递', '0.00', '69874569', '2017-02-14 10:36:35', '0', '预付款支付', '', '1', null, null, '2017-02-14 10:36:11', '0', null, '0.00', '2017-02-14 10:36:46', '10.80', '0.00', '0.00', '0.00', '0', '0', '0.00', '0.00', null, null, null, null, '2017-02-14 10:36:46', '0', null, null, '10.80', '10.80', '0.00', null);
INSERT INTO `himall_orders` VALUES ('2017101634949829', '2', '2017-10-16 11:47:24', null, '372', '型屋', null, null, null, null, '702', 'wxojfn23', null, '张三', '18888888888', '1949', '1954', '广东省 广州市 天河区', '某巷某号', null, '0.00', null, null, '0', '微信小程序支付', 'Himall.Plugin.Payment.WeiXinPay_SmallProg', '1', '4200000022201710168375609037', null, '2017-10-16 11:47:29', '0', '', '0.00', null, '0.06', '0.00', '0.00', '0.00', '0', '2', '0.00', '0.00', '', '3', null, '', '2017-10-16 11:47:50', '0', null, null, '0.06', '0.06', '0.00', '626127626127');
INSERT INTO `himall_orders` VALUES ('2017101662322841', '2', '2017-10-16 15:22:03', null, '372', '型屋', null, null, null, null, '702', 'wxojfn23', null, '张三', '18888888888', '1949', '1954', '广东省 广州市 天河区', '某巷某号', null, '0.00', null, null, '0', '微信小程序支付', 'Himall.Plugin.Payment.WeiXinPay_SmallProg', '1', '4200000012201710168415644430', null, '2017-10-16 15:22:11', '0', '', '0.00', null, '0.06', '0.00', '0.00', '0.00', '0', '2', '0.00', '0.00', '', '3', null, '', '2017-10-16 15:22:14', '0', null, null, '0.06', '0.06', '0.00', '765769765769');
INSERT INTO `himall_orders` VALUES ('2017101762709756', '1', '2017-10-17 14:37:29', null, '372', '型屋', null, null, null, null, '727', 'wxq0ml4a', null, '测试', '测试', '1', '3', '北京 北京市 东城区', '测试', null, '0.00', null, null, '0', '', null, '0', null, null, null, '0', '', '0.00', null, '0.10', '0.00', '0.00', '0.00', '0', '2', '0.00', '0.00', '', '3', null, '', '2017-10-17 14:37:29', '0', null, null, '0.10', '0.00', '0.00', null);
INSERT INTO `himall_orders` VALUES ('2017102233081626', '1', '2017-10-22 07:37:25', null, '372', '型屋', null, null, null, null, '708', 'wx03j6k0', null, '杨', '181111111111', '1', '3', '北京 北京市 东城区', '24号', null, '0.00', null, null, '0', '', null, '0', null, null, null, '0', '', '0.00', null, '0.10', '0.00', '0.00', '0.00', '0', '2', '0.00', '0.00', '', '3', null, '', '2017-10-22 07:37:25', '0', null, null, '0.10', '0.00', '0.00', null);

-- ----------------------------
-- Table structure for `himall_paymentconfig`
-- ----------------------------
DROP TABLE IF EXISTS `himall_paymentconfig`;
CREATE TABLE `himall_paymentconfig` (
  `Id` bigint(20) NOT NULL AUTO_INCREMENT,
  `IsCashOnDelivery` tinyint(1) NOT NULL,
  PRIMARY KEY (`Id`)
) ENGINE=InnoDB AUTO_INCREMENT=2 DEFAULT CHARSET=utf8 ROW_FORMAT=COMPACT;

-- ----------------------------
-- Records of himall_paymentconfig
-- ----------------------------
INSERT INTO `himall_paymentconfig` VALUES ('1', '0');

-- ----------------------------
-- Table structure for `himall_pendingsettlementorders`
-- ----------------------------
DROP TABLE IF EXISTS `himall_pendingsettlementorders`;
CREATE TABLE `himall_pendingsettlementorders` (
  `Id` bigint(20) NOT NULL AUTO_INCREMENT COMMENT '编号',
  `ShopId` bigint(20) NOT NULL COMMENT '店铺ID',
  `ShopName` varchar(100) DEFAULT NULL COMMENT '店铺名称',
  `OrderId` bigint(20) NOT NULL COMMENT '订单号',
  `OrderAmount` decimal(18,2) NOT NULL DEFAULT '0.00' COMMENT '订单金额',
  `ProductsAmount` decimal(18,2) NOT NULL DEFAULT '0.00' COMMENT '商品实付金额',
  `FreightAmount` decimal(18,2) NOT NULL DEFAULT '0.00' COMMENT '运费',
  `PlatCommission` decimal(18,2) NOT NULL DEFAULT '0.00' COMMENT '平台佣金',
  `DistributorCommission` decimal(18,2) NOT NULL DEFAULT '0.00' COMMENT '分销佣金',
  `RefundAmount` decimal(18,2) NOT NULL DEFAULT '0.00' COMMENT '退款金额',
  `PlatCommissionReturn` decimal(18,2) NOT NULL DEFAULT '0.00' COMMENT '平台佣金退还',
  `DistributorCommissionReturn` decimal(18,2) NOT NULL DEFAULT '0.00' COMMENT '分销佣金退还',
  `SettlementAmount` decimal(18,2) NOT NULL DEFAULT '0.00' COMMENT '结算金额',
  `OrderFinshTime` datetime NOT NULL COMMENT '订单完成时间',
  `PaymentTypeName` varchar(100) DEFAULT NULL,
  `OpenCommission` decimal(18,2) DEFAULT NULL COMMENT '开团奖励',
  `JoinCommission` decimal(18,2) DEFAULT NULL COMMENT '成团返现',
  PRIMARY KEY (`Id`)
) ENGINE=InnoDB AUTO_INCREMENT=125 DEFAULT CHARSET=utf8 COMMENT='待结算订单表';

-- ----------------------------
-- Records of himall_pendingsettlementorders
-- ----------------------------
INSERT INTO `himall_pendingsettlementorders` VALUES ('100', '363', '殷虎的小微店', '2017101247732358', '0.10', '0.10', '0.00', '0.00', '0.00', '0.00', '0.00', '0.00', '0.10', '2017-10-12 19:59:17', '微信小程序支付', '0.04', '0.00');
INSERT INTO `himall_pendingsettlementorders` VALUES ('101', '363', '殷虎的小微店', '2017101251252941', '0.10', '0.10', '0.00', '0.01', '0.01', '0.00', '0.00', '0.00', '0.08', '2017-10-12 20:38:39', '微信小程序支付', '0.00', '0.00');
INSERT INTO `himall_pendingsettlementorders` VALUES ('102', '363', '殷虎的小微店', '2017101263651717', '0.10', '0.10', '0.00', '0.00', '0.00', '0.00', '0.00', '0.00', '0.10', '2017-10-12 20:38:39', '微信小程序支付', '0.03', '0.00');
INSERT INTO `himall_pendingsettlementorders` VALUES ('103', '363', '殷虎的小微店', '2017101218059637', '0.10', '0.10', '0.00', '0.01', '0.01', '0.00', '0.00', '0.00', '0.08', '2017-10-12 20:38:40', '微信小程序支付', '0.00', '0.00');
INSERT INTO `himall_pendingsettlementorders` VALUES ('104', '363', '殷虎的小微店', '2017101395304247', '0.10', '0.10', '0.00', '0.00', '0.00', '0.00', '0.00', '0.00', '0.10', '2017-10-13 09:30:43', '微信小程序支付', '0.04', '0.00');
INSERT INTO `himall_pendingsettlementorders` VALUES ('105', '363', '殷虎的小微店', '2017101315790491', '0.10', '0.10', '0.00', '0.01', '0.02', '0.00', '0.00', '0.00', '0.07', '2017-10-13 09:30:43', '微信小程序支付', '0.00', '0.00');
INSERT INTO `himall_pendingsettlementorders` VALUES ('106', '363', '殷虎的小微店', '2017101308216232', '0.11', '0.11', '0.00', '0.00', '0.00', '0.00', '0.00', '0.00', '0.11', '2017-10-13 14:55:44', '微信小程序支付', '0.04', '0.00');
INSERT INTO `himall_pendingsettlementorders` VALUES ('107', '363', '殷虎的小微店', '2017101315959915', '0.07', '0.07', '0.00', '0.00', '0.01', '0.00', '0.00', '0.00', '0.06', '2017-10-13 14:55:44', '微信小程序支付', '0.00', '0.00');
INSERT INTO `himall_pendingsettlementorders` VALUES ('108', '363', '殷虎的小微店', '2017101348406121', '0.09', '0.09', '0.00', '0.00', '0.01', '0.00', '0.00', '0.00', '0.08', '2017-10-13 14:55:44', '微信小程序支付', '0.00', '0.00');
INSERT INTO `himall_pendingsettlementorders` VALUES ('109', '363', '殷虎的小微店', '2017101396641378', '0.10', '0.10', '0.00', '0.00', '0.00', '0.00', '0.00', '0.00', '0.10', '2017-10-13 17:29:31', '微信小程序支付', '0.02', '0.00');
INSERT INTO `himall_pendingsettlementorders` VALUES ('110', '363', '殷虎的小微店', '2017101350742765', '0.09', '0.09', '0.00', '0.01', '0.03', '0.00', '0.00', '0.00', '0.05', '2017-10-13 17:29:31', '微信小程序支付', '0.00', '0.00');
INSERT INTO `himall_pendingsettlementorders` VALUES ('111', '372', '绝妙发型屋', '2017101476243099', '0.10', '0.10', '0.00', '0.00', '0.00', '0.00', '0.00', '0.00', '0.10', '2017-10-14 18:46:22', '微信小程序支付', '0.03', '0.00');
INSERT INTO `himall_pendingsettlementorders` VALUES ('112', '372', '绝妙发型屋', '2017101409876338', '0.08', '0.08', '0.00', '0.00', '0.01', '0.00', '0.00', '0.00', '0.07', '2017-10-14 18:46:22', '微信小程序支付', '0.00', '0.00');
INSERT INTO `himall_pendingsettlementorders` VALUES ('113', '372', '绝妙发型屋', '2017101489836459', '0.10', '0.10', '0.00', '0.00', '0.00', '0.00', '0.00', '0.00', '0.10', '2017-10-14 19:40:09', '微信小程序支付', '0.04', '0.00');
INSERT INTO `himall_pendingsettlementorders` VALUES ('114', '372', '绝妙发型屋', '2017101415814352', '0.07', '0.07', '0.00', '0.00', '0.01', '0.00', '0.00', '0.00', '0.06', '2017-10-14 19:40:09', '微信小程序支付', '0.00', '0.00');
INSERT INTO `himall_pendingsettlementorders` VALUES ('115', '372', '绝妙发型屋', '2017101634949829', '0.06', '0.06', '0.00', '0.00', '0.03', '0.00', '0.00', '0.00', '0.03', '2017-10-16 11:47:50', '微信小程序支付', '0.00', '0.00');
INSERT INTO `himall_pendingsettlementorders` VALUES ('116', '372', '绝妙发型屋', '2017101606197914', '0.10', '0.10', '0.00', '0.00', '0.00', '0.00', '0.00', '0.00', '0.10', '2017-10-16 11:47:50', '微信小程序支付', '0.04', '0.00');
INSERT INTO `himall_pendingsettlementorders` VALUES ('117', '372', '绝妙发型屋', '2017101634657944', '0.10', '0.10', '0.00', '0.00', '0.00', '0.00', '0.00', '0.00', '0.10', '2017-10-16 14:30:03', '微信小程序支付', '0.03', '0.00');
INSERT INTO `himall_pendingsettlementorders` VALUES ('118', '372', '绝妙发型屋', '2017101652475786', '0.06', '0.06', '0.00', '0.00', '0.01', '0.00', '0.00', '0.00', '0.05', '2017-10-16 14:30:03', '微信小程序支付', '0.00', '0.00');
INSERT INTO `himall_pendingsettlementorders` VALUES ('119', '372', '绝妙发型屋', '2017101683793679', '0.08', '0.08', '0.00', '0.00', '0.01', '0.00', '0.00', '0.00', '0.07', '2017-10-16 14:30:03', '微信小程序支付', '0.00', '0.00');
INSERT INTO `himall_pendingsettlementorders` VALUES ('120', '372', '绝妙发型屋', '2017101636071290', '0.10', '0.10', '0.00', '0.00', '0.00', '0.00', '0.00', '0.00', '0.10', '2017-10-16 15:22:14', '微信小程序支付', '0.03', '0.00');
INSERT INTO `himall_pendingsettlementorders` VALUES ('121', '372', '绝妙发型屋', '2017101695379952', '0.08', '0.08', '0.00', '0.00', '0.01', '0.00', '0.00', '0.00', '0.07', '2017-10-16 15:22:14', '微信小程序支付', '0.00', '0.00');
INSERT INTO `himall_pendingsettlementorders` VALUES ('122', '372', '绝妙发型屋', '2017101662322841', '0.06', '0.06', '0.00', '0.00', '0.01', '0.00', '0.00', '0.00', '0.05', '2017-10-16 15:22:14', '微信小程序支付', '0.00', '0.00');
INSERT INTO `himall_pendingsettlementorders` VALUES ('123', '372', '绝妙发型屋', '2017101829835258', '0.10', '0.10', '0.00', '0.00', '0.00', '0.00', '0.00', '0.00', '0.10', '2017-10-18 20:27:39', '微信小程序支付', '0.04', '0.00');
INSERT INTO `himall_pendingsettlementorders` VALUES ('124', '372', '绝妙发型屋', '2017101806421582', '0.07', '0.07', '0.00', '0.00', '0.01', '0.00', '0.00', '0.00', '0.06', '2017-10-18 20:27:39', '微信小程序支付', '0.00', '0.00');

-- ----------------------------
-- Table structure for `himall_photospace`
-- ----------------------------
DROP TABLE IF EXISTS `himall_photospace`;
CREATE TABLE `himall_photospace` (
  `Id` bigint(20) NOT NULL AUTO_INCREMENT,
  `PhotoCategoryId` bigint(20) NOT NULL COMMENT '图片分组ID',
  `ShopId` bigint(20) NOT NULL COMMENT '店铺ID',
  `PhotoName` varchar(2000) DEFAULT NULL COMMENT '图片名称',
  `PhotoPath` varchar(2000) DEFAULT NULL COMMENT '图片路径',
  `FileSize` bigint(20) DEFAULT NULL COMMENT '图片大小',
  `UploadTime` datetime DEFAULT NULL COMMENT '图片上传时间',
  `LastUpdateTime` datetime DEFAULT NULL COMMENT '图片最后更新时间',
  PRIMARY KEY (`Id`)
) ENGINE=InnoDB AUTO_INCREMENT=564 DEFAULT CHARSET=utf8;

-- ----------------------------
-- Records of himall_photospace
-- ----------------------------
INSERT INTO `himall_photospace` VALUES ('102', '1', '0', '家装(图片)_02-广告图片 (2).jpg', '/Storage/template/0/20170214/6362268264045115864931243.jpg', '13178', '2017-02-14 15:24:00', '2017-02-14 15:24:00');
INSERT INTO `himall_photospace` VALUES ('103', '1', '0', '家装(图片)_02-广告图片 (3).jpg', '/Storage/template/0/20170214/6362268264084960871575168.jpg', '54656', '2017-02-14 15:24:01', '2017-02-14 15:24:01');
INSERT INTO `himall_photospace` VALUES ('104', '1', '0', '家装(图片)_02-广告图片 (4).jpg', '/Storage/template/0/20170214/6362268264111524105559543.jpg', '32165', '2017-02-14 15:24:01', '2017-02-14 15:24:01');
INSERT INTO `himall_photospace` VALUES ('105', '1', '0', '家装(图片)_02-广告图片 (5).jpg', '/Storage/template/0/20170214/6362268264142675571231653.jpg', '40965', '2017-02-14 15:24:01', '2017-02-14 15:24:01');
INSERT INTO `himall_photospace` VALUES ('106', '1', '0', '家装(图片)_02-广告图片 (6).jpg', '/Storage/template/0/20170214/6362268264163866841702702.jpg', '16228', '2017-02-14 15:24:02', '2017-02-14 15:24:02');
INSERT INTO `himall_photospace` VALUES ('107', '1', '0', '家装(图片)_02-广告图片 (7).jpg', '/Storage/template/0/20170214/6362268264197946038131475.jpg', '44267', '2017-02-14 15:24:02', '2017-02-14 15:24:02');
INSERT INTO `himall_photospace` VALUES ('108', '1', '0', '家装(图片)_02-广告图片 (8).jpg', '/Storage/template/0/20170214/6362268264219433047129941.jpg', '16153', '2017-02-14 15:24:02', '2017-02-14 15:24:02');
INSERT INTO `himall_photospace` VALUES ('109', '1', '0', '家装(图片)_02-广告图片 (9).jpg', '/Storage/template/0/20170214/6362268264251266142802051.jpg', '41881', '2017-02-14 15:24:03', '2017-02-14 15:24:03');
INSERT INTO `himall_photospace` VALUES ('110', '1', '0', '家装(图片)_02-广告图片 (10).jpg', '/Storage/template/0/20170214/6362268264273142136502345.jpg', '16068', '2017-02-14 15:24:03', '2017-02-14 15:24:03');
INSERT INTO `himall_photospace` VALUES ('111', '1', '0', '家装(图片)_02-广告图片 (11).jpg', '/Storage/template/0/20170214/6362268264307811062458536.jpg', '50084', '2017-02-14 15:24:03', '2017-02-14 15:24:03');
INSERT INTO `himall_photospace` VALUES ('112', '1', '0', '轮播1.jpg', '/Storage/template/0/20170214/6362268264368163535344265.jpg', '115249', '2017-02-14 15:24:04', '2017-02-14 15:24:04');
INSERT INTO `himall_photospace` VALUES ('113', '1', '0', '轮播2.jpg', '/Storage/template/0/20170214/6362268264410641849515609.jpg', '72532', '2017-02-14 15:24:04', '2017-02-14 15:24:04');
INSERT INTO `himall_photospace` VALUES ('114', '1', '0', '商品小图-图片导航_52.jpg', '/Storage/template/0/20170214/6362268265840718179075479.jpg', '17994', '2017-02-14 15:24:18', '2017-02-14 15:24:18');
INSERT INTO `himall_photospace` VALUES ('115', '1', '0', '商品小图-图片导航_53.jpg', '/Storage/template/0/20170214/6362268265862002899546528.jpg', '20263', '2017-02-14 15:24:19', '2017-02-14 15:24:19');
INSERT INTO `himall_photospace` VALUES ('116', '1', '0', '商品小图-图片导航_54.jpg', '/Storage/template/0/20170214/6362268265886621086003485.jpg', '20458', '2017-02-14 15:24:19', '2017-02-14 15:24:19');
INSERT INTO `himall_photospace` VALUES ('117', '1', '0', '商品小图-图片导航_57.jpg', '/Storage/template/0/20170214/6362268265904585517947116.jpg', '16380', '2017-02-14 15:24:19', '2017-02-14 15:24:19');
INSERT INTO `himall_photospace` VALUES ('118', '1', '0', '商品小图-图片导航_58.jpg', '/Storage/template/0/20170214/6362268265929390811174828.jpg', '22858', '2017-02-14 15:24:19', '2017-02-14 15:24:19');
INSERT INTO `himall_photospace` VALUES ('119', '1', '0', '商品小图-图片导航_59.jpg', '/Storage/template/0/20170214/6362268265954586149861030.jpg', '19524', '2017-02-14 15:24:20', '2017-02-14 15:24:20');
INSERT INTO `himall_photospace` VALUES ('120', '1', '0', '商品小图-图片导航_77.jpg', '/Storage/template/0/20170214/6362268265977927294561324.jpg', '18240', '2017-02-14 15:24:20', '2017-02-14 15:24:20');
INSERT INTO `himall_photospace` VALUES ('121', '1', '0', '商品小图-图片导航_78.jpg', '/Storage/template/0/20170214/6362268265998236525032373.jpg', '19719', '2017-02-14 15:24:20', '2017-02-14 15:24:20');
INSERT INTO `himall_photospace` VALUES ('122', '1', '0', '商品小图-图片导航_79.jpg', '/Storage/template/0/20170214/6362268266019911064030840.jpg', '17509', '2017-02-14 15:24:20', '2017-02-14 15:24:20');
INSERT INTO `himall_photospace` VALUES ('123', '1', '0', '商品小图-图片导航_82.jpg', '/Storage/template/0/20170214/6362268266043553811960379.jpg', '18474', '2017-02-14 15:24:20', '2017-02-14 15:24:20');
INSERT INTO `himall_photospace` VALUES ('124', '1', '0', '商品小图-图片导航_83.jpg', '/Storage/template/0/20170214/6362268266067773127417336.jpg', '21107', '2017-02-14 15:24:21', '2017-02-14 15:24:21');
INSERT INTO `himall_photospace` VALUES ('125', '1', '0', '商品小图-图片导航_84.jpg', '/Storage/template/0/20170214/6362268266089650462117630.jpg', '18949', '2017-02-14 15:24:21', '2017-02-14 15:24:21');
INSERT INTO `himall_photospace` VALUES ('126', '1', '0', '商品小图-图片导航_102.jpg', '/Storage/template/0/20170214/6362268266113671054345342.jpg', '22332', '2017-02-14 15:24:21', '2017-02-14 15:24:21');
INSERT INTO `himall_photospace` VALUES ('127', '1', '0', '商品小图-图片导航_103.jpg', '/Storage/template/0/20170214/6362268266135933826573054.jpg', '22351', '2017-02-14 15:24:21', '2017-02-14 15:24:21');
INSERT INTO `himall_photospace` VALUES ('128', '1', '0', '商品小图-图片导航_104.jpg', '/Storage/template/0/20170214/6362268266158494481273348.jpg', '24885', '2017-02-14 15:24:22', '2017-02-14 15:24:22');
INSERT INTO `himall_photospace` VALUES ('129', '1', '0', '商品小图-图片导航_107.jpg', '/Storage/template/0/20170214/6362268266183101756730305.jpg', '20328', '2017-02-14 15:24:22', '2017-02-14 15:24:22');
INSERT INTO `himall_photospace` VALUES ('130', '1', '0', '商品小图-图片导航_108.jpg', '/Storage/template/0/20170214/6362268266203709877201354.jpg', '19519', '2017-02-14 15:24:22', '2017-02-14 15:24:22');
INSERT INTO `himall_photospace` VALUES ('131', '1', '0', '商品小图-图片导航_109.jpg', '/Storage/template/0/20170214/6362268266231735555414974.jpg', '24530', '2017-02-14 15:24:22', '2017-02-14 15:24:22');
INSERT INTO `himall_photospace` VALUES ('178', '1', '0', '轮播1.jpg', '/Storage/template/0/20170214/6362268576187693276982090.jpg', '133454', '2017-02-14 16:16:02', '2017-02-14 16:16:02');
INSERT INTO `himall_photospace` VALUES ('179', '1', '0', '轮播2.jpg', '/Storage/template/0/20170214/6362268576277734352310684.jpg', '156115', '2017-02-14 16:16:03', '2017-02-14 16:16:03');
INSERT INTO `himall_photospace` VALUES ('180', '1', '0', '食品(图片)_02.jpg', '/Storage/template/0/20170214/6362268576326948904224598.jpg', '80529', '2017-02-14 16:16:03', '2017-02-14 16:16:03');
INSERT INTO `himall_photospace` VALUES ('181', '1', '0', '食品(图片)_17.jpg', '/Storage/template/0/20170214/6362268576348042934695647.jpg', '18682', '2017-02-14 16:16:03', '2017-02-14 16:16:03');
INSERT INTO `himall_photospace` VALUES ('182', '1', '0', '食品(图片)_35.jpg', '/Storage/template/0/20170214/6362268576369819993694113.jpg', '18389', '2017-02-14 16:16:04', '2017-02-14 16:16:04');
INSERT INTO `himall_photospace` VALUES ('183', '1', '0', '食品(图片)_38.jpg', '/Storage/template/0/20170214/6362268576409762009338039.jpg', '54305', '2017-02-14 16:16:04', '2017-02-14 16:16:04');
INSERT INTO `himall_photospace` VALUES ('184', '1', '0', '食品(图片)_56.jpg', '/Storage/template/0/20170214/6362268576430952829809088.jpg', '18526', '2017-02-14 16:16:04', '2017-02-14 16:16:04');
INSERT INTO `himall_photospace` VALUES ('185', '1', '0', '食品(图片)_59.jpg', '/Storage/template/0/20170214/6362268576478517668493757.jpg', '69446', '2017-02-14 16:16:05', '2017-02-14 16:16:05');
INSERT INTO `himall_photospace` VALUES ('186', '1', '0', '食品(图片)_16.jpg', '/Storage/template/0/20170214/6362268577401460444873746.jpg', '54273', '2017-02-14 16:16:14', '2017-02-14 16:16:14');
INSERT INTO `himall_photospace` VALUES ('187', '1', '0', '食品(图片)_17.jpg', '/Storage/template/0/20170214/6362268577436913196600691.jpg', '36536', '2017-02-14 16:16:14', '2017-02-14 16:16:14');
INSERT INTO `himall_photospace` VALUES ('188', '1', '0', '食品(图片)_18.jpg', '/Storage/template/0/20170214/6362268577463960539516138.jpg', '33405', '2017-02-14 16:16:15', '2017-02-14 16:16:15');
INSERT INTO `himall_photospace` VALUES ('189', '1', '0', '食品(图片)_47.jpg', '/Storage/template/0/20170214/6362268578339644652509631.jpg', '29273', '2017-02-14 16:16:23', '2017-02-14 16:16:23');
INSERT INTO `himall_photospace` VALUES ('190', '1', '0', '食品(图片)_48.jpg', '/Storage/template/0/20170214/6362268578368645998250668.jpg', '29342', '2017-02-14 16:16:24', '2017-02-14 16:16:24');
INSERT INTO `himall_photospace` VALUES ('191', '1', '0', '食品(图片)_49.jpg', '/Storage/template/0/20170214/6362268578397941192166115.jpg', '30888', '2017-02-14 16:16:24', '2017-02-14 16:16:24');
INSERT INTO `himall_photospace` VALUES ('192', '1', '0', '食品(图片)_52.jpg', '/Storage/template/0/20170214/6362268578426753993608980.jpg', '27768', '2017-02-14 16:16:24', '2017-02-14 16:16:24');
INSERT INTO `himall_photospace` VALUES ('193', '1', '0', '食品(图片)_53.jpg', '/Storage/template/0/20170214/6362268578452535519065937.jpg', '24163', '2017-02-14 16:16:25', '2017-02-14 16:16:25');
INSERT INTO `himall_photospace` VALUES ('194', '1', '0', '食品(图片)_54.jpg', '/Storage/template/0/20170214/6362268578480658497279556.jpg', '26801', '2017-02-14 16:16:25', '2017-02-14 16:16:25');
INSERT INTO `himall_photospace` VALUES ('195', '1', '0', '食品(图片)_82.jpg', '/Storage/template/0/20170214/6362268578510153508722421.jpg', '26735', '2017-02-14 16:16:25', '2017-02-14 16:16:25');
INSERT INTO `himall_photospace` VALUES ('196', '1', '0', '食品(图片)_83.jpg', '/Storage/template/0/20170214/6362268578538477666936041.jpg', '30258', '2017-02-14 16:16:25', '2017-02-14 16:16:25');
INSERT INTO `himall_photospace` VALUES ('197', '1', '0', '食品(图片)_84.jpg', '/Storage/template/0/20170214/6362268578568354758378906.jpg', '25187', '2017-02-14 16:16:26', '2017-02-14 16:16:26');
INSERT INTO `himall_photospace` VALUES ('198', '1', '0', '食品(图片)_87.jpg', '/Storage/template/0/20170214/6362268578595606016592525.jpg', '23009', '2017-02-14 16:16:26', '2017-02-14 16:16:26');
INSERT INTO `himall_photospace` VALUES ('199', '1', '0', '食品(图片)_88.jpg', '/Storage/template/0/20170214/6362268578622262926278727.jpg', '27560', '2017-02-14 16:16:26', '2017-02-14 16:16:26');
INSERT INTO `himall_photospace` VALUES ('200', '1', '0', '食品(图片)_89.jpg', '/Storage/template/0/20170214/6362268578651559557721592.jpg', '30706', '2017-02-14 16:16:27', '2017-02-14 16:16:27');
INSERT INTO `himall_photospace` VALUES ('201', '1', '0', '食品(图片)_117.jpg', '/Storage/template/0/20170214/6362268578679782605935212.jpg', '30167', '2017-02-14 16:16:27', '2017-02-14 16:16:27');
INSERT INTO `himall_photospace` VALUES ('202', '1', '0', '食品(图片)_118.jpg', '/Storage/template/0/20170214/6362268578710547827378077.jpg', '26622', '2017-02-14 16:16:27', '2017-02-14 16:16:27');
INSERT INTO `himall_photospace` VALUES ('203', '1', '0', '食品(图片)_119.jpg', '/Storage/template/0/20170214/6362268578738473445591696.jpg', '28599', '2017-02-14 16:16:27', '2017-02-14 16:16:27');
INSERT INTO `himall_photospace` VALUES ('204', '1', '0', '食品(图片)_122.jpg', '/Storage/template/0/20170214/6362268578772066873020469.jpg', '30284', '2017-02-14 16:16:28', '2017-02-14 16:16:28');
INSERT INTO `himall_photospace` VALUES ('205', '1', '0', '食品(图片)_123.jpg', '/Storage/template/0/20170214/6362268578803514982990751.jpg', '28767', '2017-02-14 16:16:28', '2017-02-14 16:16:28');
INSERT INTO `himall_photospace` VALUES ('206', '1', '0', '食品(图片)_124.jpg', '/Storage/template/0/20170214/6362268578839646273648769.jpg', '34270', '2017-02-14 16:16:28', '2017-02-14 16:16:28');
INSERT INTO `himall_photospace` VALUES ('207', '1', '0', '食品(图片)_30.jpg', '/Storage/template/0/20170214/6362268579393745886985901.jpg', '72536', '2017-02-14 16:16:34', '2017-02-14 16:16:34');
INSERT INTO `himall_photospace` VALUES ('208', '1', '0', '食品(图片)_31.jpg', '/Storage/template/0/20170214/6362268579429391734414674.jpg', '54338', '2017-02-14 16:16:34', '2017-02-14 16:16:34');
INSERT INTO `himall_photospace` VALUES ('209', '1', '0', '食品(图片)_62.jpg', '/Storage/template/0/20170214/6362268579469239785356772.jpg', '67257', '2017-02-14 16:16:35', '2017-02-14 16:16:35');
INSERT INTO `himall_photospace` VALUES ('210', '1', '0', '食品(图片)_63.jpg', '/Storage/template/0/20170214/6362268579511322959528116.jpg', '64124', '2017-02-14 16:16:35', '2017-02-14 16:16:35');
INSERT INTO `himall_photospace` VALUES ('211', '1', '0', '食品(图片)_90.jpg', '/Storage/template/0/20170214/6362268579551656796172041.jpg', '60596', '2017-02-14 16:16:36', '2017-02-14 16:16:36');
INSERT INTO `himall_photospace` VALUES ('212', '1', '0', '食品(图片)_91.jpg', '/Storage/template/0/20170214/6362268579597460323100047.jpg', '79533', '2017-02-14 16:16:36', '2017-02-14 16:16:36');
INSERT INTO `himall_photospace` VALUES ('222', '1', '0', '食品(图片)_14.jpg', '/Storage/template/0/20170214/6362268678382618384806848.jpg', '19215', '2017-02-14 16:33:04', '2017-02-14 16:33:04');
INSERT INTO `himall_photospace` VALUES ('223', '1', '0', '食品(图片)_15.jpg', '/Storage/template/0/20170214/6362268678434469754179253.jpg', '19696', '2017-02-14 16:33:04', '2017-02-14 16:33:04');
INSERT INTO `himall_photospace` VALUES ('224', '1', '0', '食品(图片)_16.jpg', '/Storage/template/0/20170214/6362268678458982586406964.jpg', '20360', '2017-02-14 16:33:05', '2017-02-14 16:33:05');
INSERT INTO `himall_photospace` VALUES ('225', '1', '0', '食品(图片)_17.jpg', '/Storage/template/0/20170214/6362268678513375844306786.jpg', '20174', '2017-02-14 16:33:05', '2017-02-14 16:33:05');
INSERT INTO `himall_photospace` VALUES ('226', '1', '0', '食品(图片)_20.jpg', '/Storage/template/0/20170214/6362268678538573819763743.jpg', '21300', '2017-02-14 16:33:05', '2017-02-14 16:33:05');
INSERT INTO `himall_photospace` VALUES ('227', '1', '0', '食品(图片)_21.jpg', '/Storage/template/0/20170214/6362268678560744294464037.jpg', '19649', '2017-02-14 16:33:06', '2017-02-14 16:33:06');
INSERT INTO `himall_photospace` VALUES ('228', '1', '0', '食品(图片)_22.jpg', '/Storage/template/0/20170214/6362268678581735363462504.jpg', '21194', '2017-02-14 16:33:06', '2017-02-14 16:33:06');
INSERT INTO `himall_photospace` VALUES ('229', '1', '0', '食品(图片)_23.jpg', '/Storage/template/0/20170214/6362268678609280016377951.jpg', '21924', '2017-02-14 16:33:06', '2017-02-14 16:33:06');
INSERT INTO `himall_photospace` VALUES ('232', '0', '0', '轮播1.jpg', '/Storage/template/0/20170214/6362268713516792534803144.jpg', '76022', '2017-02-14 16:38:55', '2017-02-14 16:38:55');
INSERT INTO `himall_photospace` VALUES ('233', '0', '0', '轮播2.jpg', '/Storage/template/0/20170214/6362268713573927304459629.jpg', '104229', '2017-02-14 16:38:56', '2017-02-14 16:38:56');
INSERT INTO `himall_photospace` VALUES ('234', '0', '0', '轮播3.jpg', '/Storage/template/0/20170214/6362268713632807357345358.jpg', '111587', '2017-02-14 16:38:56', '2017-02-14 16:38:56');
INSERT INTO `himall_photospace` VALUES ('235', '0', '0', '轮播4.jpg', '/Storage/template/0/20170214/6362268713694817168758506.jpg', '118513', '2017-02-14 16:38:57', '2017-02-14 16:38:57');
INSERT INTO `himall_photospace` VALUES ('236', '0', '0', '医药(图片)_20.jpg', '/Storage/template/0/20170214/6362268713716597673458800.jpg', '12723', '2017-02-14 16:38:57', '2017-02-14 16:38:57');
INSERT INTO `himall_photospace` VALUES ('237', '0', '0', '医药(图片)_32.jpg', '/Storage/template/0/20170214/6362268713736423573929849.jpg', '12760', '2017-02-14 16:38:57', '2017-02-14 16:38:57');
INSERT INTO `himall_photospace` VALUES ('238', '0', '0', '医药(图片)_41.jpg', '/Storage/template/0/20170214/6362268713758590857630143.jpg', '12854', '2017-02-14 16:38:58', '2017-02-14 16:38:58');
INSERT INTO `himall_photospace` VALUES ('239', '0', '0', '医药(图片)_53.jpg', '/Storage/template/0/20170214/6362268713779489248101192.jpg', '13111', '2017-02-14 16:38:58', '2017-02-14 16:38:58');
INSERT INTO `himall_photospace` VALUES ('240', '0', '0', '医药(图片)_59.jpg', '/Storage/template/0/20170214/6362268713799528528572241.jpg', '12660', '2017-02-14 16:38:58', '2017-02-14 16:38:58');
INSERT INTO `himall_photospace` VALUES ('241', '0', '0', '医药(图片)_65.jpg', '/Storage/template/0/20170214/6362268713820409773272535.jpg', '12969', '2017-02-14 16:38:58', '2017-02-14 16:38:58');
INSERT INTO `himall_photospace` VALUES ('242', '0', '0', '医药(图片)_37.jpg', '/Storage/template/0/20170214/6362268715123434859790958.jpg', '15482', '2017-02-14 16:39:11', '2017-02-14 16:39:11');
INSERT INTO `himall_photospace` VALUES ('243', '0', '0', '医药(图片)_38.jpg', '/Storage/template/0/20170214/6362268715147946097720498.jpg', '17127', '2017-02-14 16:39:11', '2017-02-14 16:39:11');
INSERT INTO `himall_photospace` VALUES ('244', '0', '0', '医药(图片)_39.jpg', '/Storage/template/0/20170214/6362268715172940394177455.jpg', '18813', '2017-02-14 16:39:12', '2017-02-14 16:39:12');
INSERT INTO `himall_photospace` VALUES ('245', '0', '0', '医药(图片)_42.jpg', '/Storage/template/0/20170214/6362268715197558109634412.jpg', '15586', '2017-02-14 16:39:12', '2017-02-14 16:39:12');
INSERT INTO `himall_photospace` VALUES ('246', '0', '0', '医药(图片)_43.jpg', '/Storage/template/0/20170214/6362268715222163436091368.jpg', '17067', '2017-02-14 16:39:12', '2017-02-14 16:39:12');
INSERT INTO `himall_photospace` VALUES ('247', '0', '0', '医药(图片)_44.jpg', '/Storage/template/0/20170214/6362268715242575586562417.jpg', '18543', '2017-02-14 16:39:12', '2017-02-14 16:39:12');
INSERT INTO `himall_photospace` VALUES ('248', '0', '0', '医药(图片)_57.jpg', '/Storage/template/0/20170214/6362268715263570737033467.jpg', '14298', '2017-02-14 16:39:13', '2017-02-14 16:39:13');
INSERT INTO `himall_photospace` VALUES ('249', '0', '0', '医药(图片)_58.jpg', '/Storage/template/0/20170214/6362268715283007537504516.jpg', '19122', '2017-02-14 16:39:13', '2017-02-14 16:39:13');
INSERT INTO `himall_photospace` VALUES ('250', '0', '0', '医药(图片)_59.jpg', '/Storage/template/0/20170214/6362268715305659132204810.jpg', '17942', '2017-02-14 16:39:13', '2017-02-14 16:39:13');
INSERT INTO `himall_photospace` VALUES ('251', '0', '0', '医药(图片)_62.jpg', '/Storage/template/0/20170214/6362268715337305662175092.jpg', '13913', '2017-02-14 16:39:13', '2017-02-14 16:39:13');
INSERT INTO `himall_photospace` VALUES ('252', '0', '0', '医药(图片)_63.jpg', '/Storage/template/0/20170214/6362268715358694005875386.jpg', '18888', '2017-02-14 16:39:14', '2017-02-14 16:39:14');
INSERT INTO `himall_photospace` VALUES ('253', '0', '0', '医药(图片)_64.jpg', '/Storage/template/0/20170214/6362268715380665769575681.jpg', '17705', '2017-02-14 16:39:14', '2017-02-14 16:39:14');
INSERT INTO `himall_photospace` VALUES ('254', '0', '0', '医药(图片)_72.jpg', '/Storage/template/0/20170214/6362268715405758336032638.jpg', '18065', '2017-02-14 16:39:14', '2017-02-14 16:39:14');
INSERT INTO `himall_photospace` VALUES ('255', '0', '0', '医药(图片)_73.jpg', '/Storage/template/0/20170214/6362268715432029831017012.jpg', '22077', '2017-02-14 16:39:14', '2017-02-14 16:39:14');
INSERT INTO `himall_photospace` VALUES ('256', '0', '0', '医药(图片)_74.jpg', '/Storage/template/0/20170214/6362268715454293584717306.jpg', '17108', '2017-02-14 16:39:15', '2017-02-14 16:39:15');
INSERT INTO `himall_photospace` VALUES ('257', '0', '0', '医药(图片)_77.jpg', '/Storage/template/0/20170214/6362268715477145312646846.jpg', '18048', '2017-02-14 16:39:15', '2017-02-14 16:39:15');
INSERT INTO `himall_photospace` VALUES ('258', '0', '0', '医药(图片)_78.jpg', '/Storage/template/0/20170214/6362268715499705551645312.jpg', '22295', '2017-02-14 16:39:15', '2017-02-14 16:39:15');
INSERT INTO `himall_photospace` VALUES ('259', '0', '0', '医药(图片)_79.jpg', '/Storage/template/0/20170214/6362268715522945128574852.jpg', '17244', '2017-02-14 16:39:15', '2017-02-14 16:39:15');
INSERT INTO `himall_photospace` VALUES ('260', '0', '0', '医药(图片)_07.jpg', '/Storage/template/0/20170214/6362268715910151793157684.jpg', '22070', '2017-02-14 16:39:19', '2017-02-14 16:39:19');
INSERT INTO `himall_photospace` VALUES ('261', '0', '0', '医药(图片)_08.jpg', '/Storage/template/0/20170214/6362268715936622207142058.jpg', '25017', '2017-02-14 16:39:19', '2017-02-14 16:39:19');
INSERT INTO `himall_photospace` VALUES ('262', '0', '0', '医药(图片)_09.jpg', '/Storage/template/0/20170214/6362268715964351111057506.jpg', '30199', '2017-02-14 16:39:20', '2017-02-14 16:39:20');
INSERT INTO `himall_photospace` VALUES ('263', '0', '0', '医药(图片)_20.jpg', '/Storage/template/0/20170214/6362268716616010446465803.jpg', '13077', '2017-02-14 16:39:26', '2017-02-14 16:39:26');
INSERT INTO `himall_photospace` VALUES ('264', '0', '0', '医药(图片)_21.jpg', '/Storage/template/0/20170214/6362268716636130046936852.jpg', '11691', '2017-02-14 16:39:26', '2017-02-14 16:39:26');
INSERT INTO `himall_photospace` VALUES ('265', '0', '0', '医药(图片)_22.jpg', '/Storage/template/0/20170214/6362268716656153677407901.jpg', '11387', '2017-02-14 16:39:27', '2017-02-14 16:39:27');
INSERT INTO `himall_photospace` VALUES ('266', '0', '0', '医药(图片)_23.jpg', '/Storage/template/0/20170214/6362268716678711262108195.jpg', '12817', '2017-02-14 16:39:27', '2017-02-14 16:39:27');
INSERT INTO `himall_photospace` VALUES ('267', '0', '0', '医药(图片)_26.jpg', '/Storage/template/0/20170214/6362268716700485065808490.jpg', '12784', '2017-02-14 16:39:27', '2017-02-14 16:39:27');
INSERT INTO `himall_photospace` VALUES ('268', '0', '0', '医药(图片)_27.jpg', '/Storage/template/0/20170214/6362268716720993906279539.jpg', '12427', '2017-02-14 16:39:27', '2017-02-14 16:39:27');
INSERT INTO `himall_photospace` VALUES ('269', '0', '0', '医药(图片)_28.jpg', '/Storage/template/0/20170214/6362268716739844458223170.jpg', '11669', '2017-02-14 16:39:27', '2017-02-14 16:39:27');
INSERT INTO `himall_photospace` VALUES ('270', '0', '0', '医药(图片)_29.jpg', '/Storage/template/0/20170214/6362268716762107957221637.jpg', '13291', '2017-02-14 16:39:28', '2017-02-14 16:39:28');
INSERT INTO `himall_photospace` VALUES ('275', '0', '0', '综合类(0)_20_01.jpg', '/Storage/template/0/20170214/6362268805285934167306110.jpg', '48395', '2017-02-14 16:54:13', '2017-02-14 16:54:13');
INSERT INTO `himall_photospace` VALUES ('276', '0', '0', '综合类(0)_20_02.jpg', '/Storage/template/0/20170214/6362268805329100602477453.jpg', '28321', '2017-02-14 16:54:13', '2017-02-14 16:54:13');
INSERT INTO `himall_photospace` VALUES ('277', '0', '0', '综合类(0)_20_03.jpg', '/Storage/template/0/20170214/6362268805353039067934410.jpg', '24578', '2017-02-14 16:54:14', '2017-02-14 16:54:14');
INSERT INTO `himall_photospace` VALUES ('278', '0', '0', '轮播1.jpg', '/Storage/template/0/20170214/6362268806031833744028910.jpg', '110865', '2017-02-14 16:54:20', '2017-02-14 16:54:20');
INSERT INTO `himall_photospace` VALUES ('279', '0', '0', '轮播2.jpg', '/Storage/template/0/20170214/6362268806079786707415406.jpg', '83707', '2017-02-14 16:54:21', '2017-02-14 16:54:21');
INSERT INTO `himall_photospace` VALUES ('280', '0', '0', '轮播3.jpg', '/Storage/template/0/20170214/6362268806120020595128259.jpg', '59601', '2017-02-14 16:54:21', '2017-02-14 16:54:21');
INSERT INTO `himall_photospace` VALUES ('281', '0', '0', '综合类(0)_05.jpg', '/Storage/template/0/20170214/6362268806156730004313695.jpg', '59372', '2017-02-14 16:54:22', '2017-02-14 16:54:22');
INSERT INTO `himall_photospace` VALUES ('282', '0', '0', '综合类(0)_17.jpg', '/Storage/template/0/20170214/6362268806185927795756560.jpg', '20329', '2017-02-14 16:54:22', '2017-02-14 16:54:22');
INSERT INTO `himall_photospace` VALUES ('283', '0', '0', '综合类(0)_20.jpg', '/Storage/template/0/20170214/6362268806279680576071062.jpg', '184713', '2017-02-14 16:54:23', '2017-02-14 16:54:23');
INSERT INTO `himall_photospace` VALUES ('284', '0', '0', '综合类(0)_23.jpg', '/Storage/template/0/20170214/6362268806305272762528019.jpg', '21187', '2017-02-14 16:54:23', '2017-02-14 16:54:23');
INSERT INTO `himall_photospace` VALUES ('285', '0', '0', '综合类(0)_29.jpg', '/Storage/template/0/20170214/6362268806332128416512393.jpg', '22157', '2017-02-14 16:54:23', '2017-02-14 16:54:23');
INSERT INTO `himall_photospace` VALUES ('286', '0', '0', '综合类(0)_38.jpg', '/Storage/template/0/20170214/6362268806355858414441933.jpg', '20867', '2017-02-14 16:54:24', '2017-02-14 16:54:24');
INSERT INTO `himall_photospace` VALUES ('287', '0', '0', '综合类(0)_47.jpg', '/Storage/template/0/20170214/6362268806400096301369939.jpg', '72308', '2017-02-14 16:54:24', '2017-02-14 16:54:24');
INSERT INTO `himall_photospace` VALUES ('288', '0', '0', '综合类(0)_53.jpg', '/Storage/template/0/20170214/6362268806437885739555374.jpg', '60087', '2017-02-14 16:54:24', '2017-02-14 16:54:24');
INSERT INTO `himall_photospace` VALUES ('289', '0', '0', '综合类(0)_59.jpg', '/Storage/template/0/20170214/6362268806468846219525656.jpg', '41467', '2017-02-14 16:54:25', '2017-02-14 16:54:25');
INSERT INTO `himall_photospace` VALUES ('290', '0', '0', '综合类(0)_42.jpg', '/Storage/template/0/20170214/6362268806818942524923053.jpg', '21238', '2017-02-14 16:54:28', '2017-02-14 16:54:28');
INSERT INTO `himall_photospace` VALUES ('291', '0', '0', '综合类(0)_43.jpg', '/Storage/template/0/20170214/6362268806843160652852593.jpg', '20136', '2017-02-14 16:54:28', '2017-02-14 16:54:28');
INSERT INTO `himall_photospace` VALUES ('292', '0', '0', '综合类(0)_44.jpg', '/Storage/template/0/20170214/6362268806868065698309550.jpg', '18967', '2017-02-14 16:54:29', '2017-02-14 16:54:29');
INSERT INTO `himall_photospace` VALUES ('293', '0', '0', '综合类(0)_47.jpg', '/Storage/template/0/20170214/6362268806894823753293924.jpg', '23573', '2017-02-14 16:54:29', '2017-02-14 16:54:29');
INSERT INTO `himall_photospace` VALUES ('294', '0', '0', '综合类(0)_48.jpg', '/Storage/template/0/20170214/6362268806918355101223463.jpg', '22468', '2017-02-14 16:54:29', '2017-02-14 16:54:29');
INSERT INTO `himall_photospace` VALUES ('295', '0', '0', '综合类(0)_49.jpg', '/Storage/template/0/20170214/6362268806948820231193746.jpg', '32989', '2017-02-14 16:54:29', '2017-02-14 16:54:29');
INSERT INTO `himall_photospace` VALUES ('296', '0', '0', '综合类(0)_62.jpg', '/Storage/template/0/20170214/6362268806974703796650703.jpg', '22378', '2017-02-14 16:54:30', '2017-02-14 16:54:30');
INSERT INTO `himall_photospace` VALUES ('297', '0', '0', '综合类(0)_63.jpg', '/Storage/template/0/20170214/6362268806998141444580242.jpg', '20830', '2017-02-14 16:54:30', '2017-02-14 16:54:30');
INSERT INTO `himall_photospace` VALUES ('298', '0', '0', '综合类(0)_64.jpg', '/Storage/template/0/20170214/6362268807022649331037199.jpg', '17782', '2017-02-14 16:54:30', '2017-02-14 16:54:30');
INSERT INTO `himall_photospace` VALUES ('299', '0', '0', '综合类(0)_67.jpg', '/Storage/template/0/20170214/6362268807046475573264911.jpg', '19199', '2017-02-14 16:54:30', '2017-02-14 16:54:30');
INSERT INTO `himall_photospace` VALUES ('300', '0', '0', '综合类(0)_68.jpg', '/Storage/template/0/20170214/6362268807068258516965205.jpg', '23091', '2017-02-14 16:54:31', '2017-02-14 16:54:31');
INSERT INTO `himall_photospace` VALUES ('301', '0', '0', '综合类(0)_69.jpg', '/Storage/template/0/20170214/6362268807100774201164733.jpg', '31605', '2017-02-14 16:54:31', '2017-02-14 16:54:31');
INSERT INTO `himall_photospace` VALUES ('302', '0', '0', '综合类(0)_82.jpg', '/Storage/template/0/20170214/6362268807123634453392444.jpg', '23158', '2017-02-14 16:54:31', '2017-02-14 16:54:31');
INSERT INTO `himall_photospace` VALUES ('303', '0', '0', '综合类(0)_83.jpg', '/Storage/template/0/20170214/6362268807153904454835309.jpg', '29293', '2017-02-14 16:54:32', '2017-02-14 16:54:32');
INSERT INTO `himall_photospace` VALUES ('304', '0', '0', '综合类(0)_84.jpg', '/Storage/template/0/20170214/6362268807182024753048929.jpg', '30017', '2017-02-14 16:54:32', '2017-02-14 16:54:32');
INSERT INTO `himall_photospace` VALUES ('305', '0', '0', '综合类(0)_87.jpg', '/Storage/template/0/20170214/6362268807211516634491793.jpg', '22779', '2017-02-14 16:54:32', '2017-02-14 16:54:32');
INSERT INTO `himall_photospace` VALUES ('306', '0', '0', '综合类(0)_88.jpg', '/Storage/template/0/20170214/6362268807248825253677229.jpg', '33006', '2017-02-14 16:54:32', '2017-02-14 16:54:32');
INSERT INTO `himall_photospace` VALUES ('307', '0', '0', '综合类(0)_89.jpg', '/Storage/template/0/20170214/6362268807273629669134186.jpg', '23002', '2017-02-14 16:54:33', '2017-02-14 16:54:33');
INSERT INTO `himall_photospace` VALUES ('308', '0', '0', '综合类(0)_20.jpg', '/Storage/template/0/20170214/6362268807493749048260890.jpg', '16424', '2017-02-14 16:54:35', '2017-02-14 16:54:35');
INSERT INTO `himall_photospace` VALUES ('309', '0', '0', '综合类(0)_21.jpg', '/Storage/template/0/20170214/6362268807521380267947092.jpg', '16587', '2017-02-14 16:54:35', '2017-02-14 16:54:35');
INSERT INTO `himall_photospace` VALUES ('310', '0', '0', '综合类(0)_22.jpg', '/Storage/template/0/20170214/6362268807544332531174804.jpg', '16896', '2017-02-14 16:54:35', '2017-02-14 16:54:35');
INSERT INTO `himall_photospace` VALUES ('311', '0', '0', '综合类(0)_23.jpg', '/Storage/template/0/20170214/6362268807567379488104344.jpg', '16022', '2017-02-14 16:54:36', '2017-02-14 16:54:36');
INSERT INTO `himall_photospace` VALUES ('312', '0', '0', '综合类(0)_26.jpg', '/Storage/template/0/20170214/6362268807587598258575393.jpg', '16396', '2017-02-14 16:54:36', '2017-02-14 16:54:36');
INSERT INTO `himall_photospace` VALUES ('313', '0', '0', '综合类(0)_27.jpg', '/Storage/template/0/20170214/6362268807608788049046442.jpg', '15667', '2017-02-14 16:54:36', '2017-02-14 16:54:36');
INSERT INTO `himall_photospace` VALUES ('314', '0', '0', '综合类(0)_28.jpg', '/Storage/template/0/20170214/6362268807630272873746736.jpg', '17315', '2017-02-14 16:54:36', '2017-02-14 16:54:36');
INSERT INTO `himall_photospace` VALUES ('315', '0', '0', '综合类(0)_29.jpg', '/Storage/template/0/20170214/6362268807658003261960355.jpg', '16469', '2017-02-14 16:54:37', '2017-02-14 16:54:37');
INSERT INTO `himall_photospace` VALUES ('316', '0', '0', '图片导航1.jpg', '/Storage/template/0/20170215/6362275705581767107148024.jpg', '7447', '2017-02-15 12:04:16', '2017-02-15 12:04:16');
INSERT INTO `himall_photospace` VALUES ('317', '0', '0', '图片导航2.jpg', '/Storage/template/0/20170215/6362275705606472553604981.jpg', '13535', '2017-02-15 12:04:16', '2017-02-15 12:04:16');
INSERT INTO `himall_photospace` VALUES ('318', '0', '0', '图片导航3.jpg', '/Storage/template/0/20170215/6362275705623951902319367.jpg', '10917', '2017-02-15 12:04:16', '2017-02-15 12:04:16');
INSERT INTO `himall_photospace` VALUES ('319', '0', '0', '图片导航4.jpg', '/Storage/template/0/20170215/6362275705647290259248907.jpg', '15688', '2017-02-15 12:04:16', '2017-02-15 12:04:16');
INSERT INTO `himall_photospace` VALUES ('320', '0', '0', '轮播1.jpg', '/Storage/template/0/20170215/6362275706447922602398946.jpg', '31945', '2017-02-15 12:04:24', '2017-02-15 12:04:24');
INSERT INTO `himall_photospace` VALUES ('321', '0', '0', '轮播2.jpg', '/Storage/template/0/20170215/6362275706492353359799534.jpg', '64458', '2017-02-15 12:04:25', '2017-02-15 12:04:25');
INSERT INTO `himall_photospace` VALUES ('322', '0', '0', '轮播3.jpg', '/Storage/template/0/20170215/6362275706527995605755724.jpg', '67998', '2017-02-15 12:04:25', '2017-02-15 12:04:25');
INSERT INTO `himall_photospace` VALUES ('323', '0', '0', '橱窗_01.jpg', '/Storage/template/0/20170215/6362275707242207702508242.jpg', '47706', '2017-02-15 12:04:32', '2017-02-15 12:04:32');
INSERT INTO `himall_photospace` VALUES ('324', '0', '0', '橱窗_02.jpg', '/Storage/template/0/20170215/6362275707268280256492616.jpg', '19164', '2017-02-15 12:04:33', '2017-02-15 12:04:33');
INSERT INTO `himall_photospace` VALUES ('325', '0', '0', '橱窗_04.jpg', '/Storage/template/0/20170215/6362275707294548102949573.jpg', '21430', '2017-02-15 12:04:33', '2017-02-15 12:04:33');
INSERT INTO `himall_photospace` VALUES ('326', '0', '0', '1 (1).jpg', '/Storage/template/0/20170215/6362275708792303807839571.jpg', '44134', '2017-02-15 12:04:48', '2017-02-15 12:04:48');
INSERT INTO `himall_photospace` VALUES ('327', '0', '0', '1 (2).jpg', '/Storage/template/0/20170215/6362275708814568002539866.jpg', '17398', '2017-02-15 12:04:48', '2017-02-15 12:04:48');
INSERT INTO `himall_photospace` VALUES ('328', '0', '0', '1 (3).jpg', '/Storage/template/0/20170215/6362275708835660401538332.jpg', '16871', '2017-02-15 12:04:48', '2017-02-15 12:04:48');
INSERT INTO `himall_photospace` VALUES ('329', '0', '0', '1 (4).jpg', '/Storage/template/0/20170215/6362275708855971602009381.jpg', '17653', '2017-02-15 12:04:49', '2017-02-15 12:04:49');
INSERT INTO `himall_photospace` VALUES ('330', '0', '0', '1 (5).jpg', '/Storage/template/0/20170215/6362275708878431105709675.jpg', '21175', '2017-02-15 12:04:49', '2017-02-15 12:04:49');
INSERT INTO `himall_photospace` VALUES ('331', '0', '0', '1 (6).jpg', '/Storage/template/0/20170215/6362275708901574153639215.jpg', '17368', '2017-02-15 12:04:49', '2017-02-15 12:04:49');
INSERT INTO `himall_photospace` VALUES ('332', '0', '0', '1 (7).jpg', '/Storage/template/0/20170215/6362275708924228955866927.jpg', '19710', '2017-02-15 12:04:49', '2017-02-15 12:04:49');
INSERT INTO `himall_photospace` VALUES ('333', '0', '0', '1 (8).jpg', '/Storage/template/0/20170215/6362275708963093655052362.jpg', '28476', '2017-02-15 12:04:50', '2017-02-15 12:04:50');
INSERT INTO `himall_photospace` VALUES ('334', '0', '0', '1 (9).jpg', '/Storage/template/0/20170215/6362275708983795458752656.jpg', '17814', '2017-02-15 12:04:50', '2017-02-15 12:04:50');
INSERT INTO `himall_photospace` VALUES ('335', '0', '0', '1 (10).jpg', '/Storage/template/0/20170215/6362275709002251305994460.jpg', '17646', '2017-02-15 12:04:50', '2017-02-15 12:04:50');
INSERT INTO `himall_photospace` VALUES ('336', '0', '0', '广告图片.jpg', '/Storage/template/0/20170215/6362275709042092508409141.jpg', '70070', '2017-02-15 12:04:50', '2017-02-15 12:04:50');
INSERT INTO `himall_photospace` VALUES ('337', '0', '0', '广告1.jpg', '/Storage/template/0/20170215/6362275709493528456161783.jpg', '71276', '2017-02-15 12:04:55', '2017-02-15 12:04:55');
INSERT INTO `himall_photospace` VALUES ('338', '0', '0', '1 (1).jpg', '/Storage/template/0/20170215/6362275709932465205887774.jpg', '18691', '2017-02-15 12:04:59', '2017-02-15 12:04:59');
INSERT INTO `himall_photospace` VALUES ('339', '0', '0', '1 (2).jpg', '/Storage/template/0/20170215/6362275709951702257831406.jpg', '18691', '2017-02-15 12:05:00', '2017-02-15 12:05:00');
INSERT INTO `himall_photospace` VALUES ('340', '0', '0', '1 (3).jpg', '/Storage/template/0/20170215/6362275709970255755073210.jpg', '23898', '2017-02-15 12:05:00', '2017-02-15 12:05:00');
INSERT INTO `himall_photospace` VALUES ('341', '0', '0', '1 (4).jpg', '/Storage/template/0/20170215/6362275709989688105544259.jpg', '23898', '2017-02-15 12:05:00', '2017-02-15 12:05:00');
INSERT INTO `himall_photospace` VALUES ('342', '0', '0', '1 (5).jpg', '/Storage/template/0/20170215/6362275710024158552973031.jpg', '61104', '2017-02-15 12:05:00', '2017-02-15 12:05:00');
INSERT INTO `himall_photospace` VALUES ('343', '0', '0', '1 (6).jpg', '/Storage/template/0/20170215/6362275710069761108901037.jpg', '61104', '2017-02-15 12:05:01', '2017-02-15 12:05:01');
INSERT INTO `himall_photospace` VALUES ('344', '0', '0', '1 (7).jpg', '/Storage/template/0/20170215/6362275710093685352128749.jpg', '33651', '2017-02-15 12:05:01', '2017-02-15 12:05:01');
INSERT INTO `himall_photospace` VALUES ('345', '0', '0', '1 (8).jpg', '/Storage/template/0/20170215/6362275710118390807585706.jpg', '33651', '2017-02-15 12:05:01', '2017-02-15 12:05:01');
INSERT INTO `himall_photospace` VALUES ('346', '0', '0', '轮播服装类.jpg', '/Storage/template/0/20170215/6362276284288861757245427.jpg', '108353', '2017-02-15 13:40:43', '2017-02-15 13:40:43');
INSERT INTO `himall_photospace` VALUES ('347', '0', '0', '轮播服装类2.jpg', '/Storage/template/0/20170215/6362276284318257418688292.jpg', '56115', '2017-02-15 13:40:43', '2017-02-15 13:40:43');
INSERT INTO `himall_photospace` VALUES ('348', '0', '0', '轮播服装类3.jpg', '/Storage/template/0/20170215/6362276284344625613672666.jpg', '42614', '2017-02-15 13:40:43', '2017-02-15 13:40:43');
INSERT INTO `himall_photospace` VALUES ('349', '0', '0', '轮播服装类4.jpg', '/Storage/template/0/20170215/6362276284376365118344776.jpg', '50856', '2017-02-15 13:40:44', '2017-02-15 13:40:44');
INSERT INTO `himall_photospace` VALUES ('350', '0', '0', '1.jpg', '/Storage/template/0/20170215/6362276307269236355174749.jpg', '63148', '2017-02-15 13:44:33', '2017-02-15 13:44:33');
INSERT INTO `himall_photospace` VALUES ('351', '0', '0', '2.jpg', '/Storage/template/0/20170215/6362276307316113159630173.jpg', '100121', '2017-02-15 13:44:33', '2017-02-15 13:44:33');
INSERT INTO `himall_photospace` VALUES ('352', '0', '0', '3.jpg', '/Storage/template/0/20170215/6362276307358888234801516.jpg', '82861', '2017-02-15 13:44:34', '2017-02-15 13:44:34');
INSERT INTO `himall_photospace` VALUES ('353', '0', '0', '商家图片轮播_01.jpg', '/Storage/template/0/20170215/6362276313140750874573719.jpg', '8127', '2017-02-15 13:45:31', '2017-02-15 13:45:31');
INSERT INTO `himall_photospace` VALUES ('354', '0', '0', '商家图片轮播_02.jpg', '/Storage/template/0/20170215/6362276313159696915044768.jpg', '8594', '2017-02-15 13:45:32', '2017-02-15 13:45:32');
INSERT INTO `himall_photospace` VALUES ('355', '0', '0', '商家图片轮播_03.jpg', '/Storage/template/0/20170215/6362276313177666353759154.jpg', '8632', '2017-02-15 13:45:32', '2017-02-15 13:45:32');
INSERT INTO `himall_photospace` VALUES ('356', '0', '0', '商家橱窗_01.jpg', '/Storage/template/0/20170215/6362276317863100176709333.jpg', '105715', '2017-02-15 13:46:19', '2017-02-15 13:46:19');
INSERT INTO `himall_photospace` VALUES ('357', '0', '0', '商家橱窗_02.jpg', '/Storage/template/0/20170215/6362276317894156052381443.jpg', '56952', '2017-02-15 13:46:19', '2017-02-15 13:46:19');
INSERT INTO `himall_photospace` VALUES ('358', '0', '0', '商家橱窗_03.jpg', '/Storage/template/0/20170215/6362276317908121435109921.jpg', '1374', '2017-02-15 13:46:19', '2017-02-15 13:46:19');
INSERT INTO `himall_photospace` VALUES ('359', '0', '0', '商家橱窗_04.jpg', '/Storage/template/0/20170215/6362276317930778557337633.jpg', '26643', '2017-02-15 13:46:19', '2017-02-15 13:46:19');
INSERT INTO `himall_photospace` VALUES ('360', '0', '0', '1.jpg', '/Storage/template/0/20170215/6362276322403899538903677.jpg', '4906', '2017-02-15 13:47:04', '2017-02-15 13:47:04');
INSERT INTO `himall_photospace` VALUES ('361', '0', '0', '2.jpg', '/Storage/template/0/20170215/6362276322418743855861401.jpg', '4869', '2017-02-15 13:47:04', '2017-02-15 13:47:04');
INSERT INTO `himall_photospace` VALUES ('362', '0', '0', '3.jpg', '/Storage/template/0/20170215/6362276322429877095360634.jpg', '4847', '2017-02-15 13:47:04', '2017-02-15 13:47:04');
INSERT INTO `himall_photospace` VALUES ('363', '0', '0', '4.jpg', '/Storage/template/0/20170215/6362276322445014395547603.jpg', '4861', '2017-02-15 13:47:04', '2017-02-15 13:47:04');
INSERT INTO `himall_photospace` VALUES ('364', '0', '0', '5.jpg', '/Storage/template/0/20170215/6362276322459761056803499.jpg', '4960', '2017-02-15 13:47:05', '2017-02-15 13:47:05');
INSERT INTO `himall_photospace` VALUES ('365', '0', '0', '1.jpg', '/Storage/template/0/20170215/6362276326601716975915778.jpg', '57325', '2017-02-15 13:47:46', '2017-02-15 13:47:46');
INSERT INTO `himall_photospace` VALUES ('366', '0', '0', '2.jpg', '/Storage/template/0/20170215/6362276326630233694129398.jpg', '44294', '2017-02-15 13:47:46', '2017-02-15 13:47:46');
INSERT INTO `himall_photospace` VALUES ('367', '0', '0', '3.jpg', '/Storage/template/0/20170215/6362276326662461497328925.jpg', '56411', '2017-02-15 13:47:47', '2017-02-15 13:47:47');
INSERT INTO `himall_photospace` VALUES ('368', '0', '0', '4.jpg', '/Storage/template/0/20170215/6362276326687364793785882.jpg', '33651', '2017-02-15 13:47:47', '2017-02-15 13:47:47');
INSERT INTO `himall_photospace` VALUES ('369', '0', '0', '5.jpg', '/Storage/template/0/20170215/6362276326720666852687238.jpg', '55198', '2017-02-15 13:47:47', '2017-02-15 13:47:47');
INSERT INTO `himall_photospace` VALUES ('370', '0', '0', '1.jpg', '/Storage/template/0/20170215/6362276353957836116569225.jpg', '47991', '2017-02-15 13:52:20', '2017-02-15 13:52:20');
INSERT INTO `himall_photospace` VALUES ('371', '0', '0', '2.jpg', '/Storage/template/0/20170215/6362276353999923261740569.jpg', '49599', '2017-02-15 13:52:20', '2017-02-15 13:52:20');
INSERT INTO `himall_photospace` VALUES ('372', '0', '0', '3.jpg', '/Storage/template/0/20170215/6362276354023163963968280.jpg', '23941', '2017-02-15 13:52:20', '2017-02-15 13:52:20');
INSERT INTO `himall_photospace` VALUES ('373', '0', '0', '图片导航_01.jpg', '/Storage/template/0/20170215/6362276361315310146657132.jpg', '4156', '2017-02-15 13:53:33', '2017-02-15 13:53:33');
INSERT INTO `himall_photospace` VALUES ('374', '0', '0', '图片导航_02.jpg', '/Storage/template/0/20170215/6362276361328884883614856.jpg', '3889', '2017-02-15 13:53:33', '2017-02-15 13:53:33');
INSERT INTO `himall_photospace` VALUES ('375', '0', '0', '图片导航_03.jpg', '/Storage/template/0/20170215/6362276361341190046343334.jpg', '4240', '2017-02-15 13:53:33', '2017-02-15 13:53:33');
INSERT INTO `himall_photospace` VALUES ('376', '0', '0', '图片导航_04.jpg', '/Storage/template/0/20170215/6362276361354960109071813.jpg', '4425', '2017-02-15 13:53:34', '2017-02-15 13:53:34');
INSERT INTO `himall_photospace` VALUES ('377', '0', '0', '图片导航_05.jpg', '/Storage/template/0/20170215/6362276361366386322800291.jpg', '4558', '2017-02-15 13:53:34', '2017-02-15 13:53:34');
INSERT INTO `himall_photospace` VALUES ('378', '0', '0', '图片导航_06.jpg', '/Storage/template/0/20170215/6362276361382402567285432.jpg', '3930', '2017-02-15 13:53:34', '2017-02-15 13:53:34');
INSERT INTO `himall_photospace` VALUES ('379', '0', '0', '图片导航_07.jpg', '/Storage/template/0/20170215/6362276361393633462486493.jpg', '4320', '2017-02-15 13:53:34', '2017-02-15 13:53:34');
INSERT INTO `himall_photospace` VALUES ('380', '0', '0', '图片导航_08.jpg', '/Storage/template/0/20170215/6362276361404083081985727.jpg', '4522', '2017-02-15 13:53:34', '2017-02-15 13:53:34');
INSERT INTO `himall_photospace` VALUES ('381', '0', '0', '1.jpg', '/Storage/template/0/20170215/6362276369400581546226035.jpg', '42926', '2017-02-15 13:54:54', '2017-02-15 13:54:54');
INSERT INTO `himall_photospace` VALUES ('382', '0', '0', '2.jpg', '/Storage/template/0/20170215/6362276369426754425912237.jpg', '31703', '2017-02-15 13:54:54', '2017-02-15 13:54:54');
INSERT INTO `himall_photospace` VALUES ('383', '0', '0', '3.jpg', '/Storage/template/0/20170215/6362276369455368804125857.jpg', '40989', '2017-02-15 13:54:55', '2017-02-15 13:54:55');
INSERT INTO `himall_photospace` VALUES ('384', '0', '0', '4.jpg', '/Storage/template/0/20170215/6362276369480955723812059.jpg', '42390', '2017-02-15 13:54:55', '2017-02-15 13:54:55');
INSERT INTO `himall_photospace` VALUES ('385', '0', '0', '5.jpg', '/Storage/template/0/20170215/6362276369509374782025678.jpg', '47176', '2017-02-15 13:54:55', '2017-02-15 13:54:55');
INSERT INTO `himall_photospace` VALUES ('386', '0', '0', '6.jpg', '/Storage/template/0/20170215/6362276369540528321995961.jpg', '43962', '2017-02-15 13:54:55', '2017-02-15 13:54:55');
INSERT INTO `himall_photospace` VALUES ('387', '0', '0', '7.jpg', '/Storage/template/0/20170215/6362276369568654404911408.jpg', '45615', '2017-02-15 13:54:56', '2017-02-15 13:54:56');
INSERT INTO `himall_photospace` VALUES ('388', '0', '0', '8.jpg', '/Storage/template/0/20170215/6362276369597171123125028.jpg', '45437', '2017-02-15 13:54:56', '2017-02-15 13:54:56');
INSERT INTO `himall_photospace` VALUES ('389', '0', '0', '1.jpg', '/Storage/template/0/20170215/6362276394718448241380830.jpg', '42041', '2017-02-15 13:59:07', '2017-02-15 13:59:07');
INSERT INTO `himall_photospace` VALUES ('390', '0', '0', '2.jpg', '/Storage/template/0/20170215/6362276394742374943608541.jpg', '36982', '2017-02-15 13:59:07', '2017-02-15 13:59:07');
INSERT INTO `himall_photospace` VALUES ('391', '0', '0', '3.jpg', '/Storage/template/0/20170215/6362276394769231446523989.jpg', '28364', '2017-02-15 13:59:08', '2017-02-15 13:59:08');
INSERT INTO `himall_photospace` VALUES ('392', '0', '0', '4.jpg', '/Storage/template/0/20170215/6362276394787591529536547.jpg', '27528', '2017-02-15 13:59:08', '2017-02-15 13:59:08');
INSERT INTO `himall_photospace` VALUES ('393', '0', '0', '轮播电器.jpg', '/Storage/template/0/20170215/6362276403887745646868868.jpg', '26519', '2017-02-15 14:00:39', '2017-02-15 14:00:39');
INSERT INTO `himall_photospace` VALUES ('394', '0', '0', '轮播电器2.jpg', '/Storage/template/0/20170215/6362276403946634629754598.jpg', '76250', '2017-02-15 14:00:39', '2017-02-15 14:00:39');
INSERT INTO `himall_photospace` VALUES ('395', '0', '0', '轮播电器3.jpg', '/Storage/template/0/20170215/6362276403974174747968218.jpg', '46082', '2017-02-15 14:00:40', '2017-02-15 14:00:40');
INSERT INTO `himall_photospace` VALUES ('396', '0', '0', '广告图片_01.jpg', '/Storage/template/0/20170215/6362276407161894801730226.jpg', '8565', '2017-02-15 14:01:12', '2017-02-15 14:01:12');
INSERT INTO `himall_photospace` VALUES ('397', '0', '0', '广告图片_02.jpg', '/Storage/template/0/20170215/6362276407176641467687949.jpg', '9868', '2017-02-15 14:01:12', '2017-02-15 14:01:12');
INSERT INTO `himall_photospace` VALUES ('398', '0', '0', '橱窗（3）_01.jpg', '/Storage/template/0/20170215/6362276409524192545885238.jpg', '9634', '2017-02-15 14:01:35', '2017-02-15 14:01:35');
INSERT INTO `himall_photospace` VALUES ('399', '0', '0', '橱窗（3）_02.jpg', '/Storage/template/0/20170215/6362276409542552623127041.jpg', '9860', '2017-02-15 14:01:35', '2017-02-15 14:01:35');
INSERT INTO `himall_photospace` VALUES ('400', '0', '0', '橱窗（3）_03.jpg', '/Storage/template/0/20170215/6362276409560815045070673.jpg', '7739', '2017-02-15 14:01:36', '2017-02-15 14:01:36');
INSERT INTO `himall_photospace` VALUES ('401', '0', '0', '1.jpg', '/Storage/template/0/20170215/6362276412808986649245828.jpg', '26285', '2017-02-15 14:02:08', '2017-02-15 14:02:08');
INSERT INTO `himall_photospace` VALUES ('402', '0', '0', '2.jpg', '/Storage/template/0/20170215/6362276412835647828932030.jpg', '49292', '2017-02-15 14:02:08', '2017-02-15 14:02:08');
INSERT INTO `himall_photospace` VALUES ('403', '0', '0', '3.jpg', '/Storage/template/0/20170215/6362276412862016023916405.jpg', '43075', '2017-02-15 14:02:09', '2017-02-15 14:02:09');
INSERT INTO `himall_photospace` VALUES ('404', '0', '0', '4.jpg', '/Storage/template/0/20170215/6362276412884966127616699.jpg', '39040', '2017-02-15 14:02:09', '2017-02-15 14:02:09');
INSERT INTO `himall_photospace` VALUES ('405', '0', '0', '5.jpg', '/Storage/template/0/20170215/6362276412904205148087748.jpg', '22479', '2017-02-15 14:02:09', '2017-02-15 14:02:09');
INSERT INTO `himall_photospace` VALUES ('406', '0', '0', '6.jpg', '/Storage/template/0/20170215/6362276412929206104544705.jpg', '41816', '2017-02-15 14:02:09', '2017-02-15 14:02:09');
INSERT INTO `himall_photospace` VALUES ('407', '0', '0', '7.jpg', '/Storage/template/0/20170215/6362276412962996467744232.jpg', '56431', '2017-02-15 14:02:10', '2017-02-15 14:02:10');
INSERT INTO `himall_photospace` VALUES ('408', '0', '0', '8.jpg', '/Storage/template/0/20170215/6362276412994540643416342.jpg', '51799', '2017-02-15 14:02:10', '2017-02-15 14:02:10');
INSERT INTO `himall_photospace` VALUES ('409', '0', '0', '9.jpg', '/Storage/template/0/20170215/6362276413023057364859207.jpg', '32733', '2017-02-15 14:02:10', '2017-02-15 14:02:10');
INSERT INTO `himall_photospace` VALUES ('410', '0', '0', '12.jpg', '/Storage/template/0/20170215/6362276413062121362572060.jpg', '45275', '2017-02-15 14:02:11', '2017-02-15 14:02:11');
INSERT INTO `himall_photospace` VALUES ('501', '0', '1', '轮播1.jpg', '/Storage/template/1/20170216/6362285816953645384819427.jpg', '110865', '2017-02-16 16:09:30', '2017-02-16 16:09:30');
INSERT INTO `himall_photospace` VALUES ('502', '0', '1', '轮播2.jpg', '/Storage/template/1/20170216/6362285816996811108990770.jpg', '83707', '2017-02-16 16:09:30', '2017-02-16 16:09:30');
INSERT INTO `himall_photospace` VALUES ('503', '0', '1', '轮播3.jpg', '/Storage/template/1/20170216/6362285817030699126419543.jpg', '59601', '2017-02-16 16:09:30', '2017-02-16 16:09:30');
INSERT INTO `himall_photospace` VALUES ('504', '0', '1', '综合类(0)_05.jpg', '/Storage/template/1/20170216/6362285817065173103848316.jpg', '59372', '2017-02-16 16:09:31', '2017-02-16 16:09:31');
INSERT INTO `himall_photospace` VALUES ('505', '0', '1', '综合类(0)_17.jpg', '/Storage/template/1/20170216/6362285817084509781090120.jpg', '20329', '2017-02-16 16:09:31', '2017-02-16 16:09:31');
INSERT INTO `himall_photospace` VALUES ('506', '0', '1', '综合类(0)_20.jpg', '/Storage/template/1/20170216/6362285817163907364446898.jpg', '184713', '2017-02-16 16:09:32', '2017-02-16 16:09:32');
INSERT INTO `himall_photospace` VALUES ('507', '0', '1', '综合类(0)_23.jpg', '/Storage/template/1/20170216/6362285817181388503161285.jpg', '21187', '2017-02-16 16:09:32', '2017-02-16 16:09:32');
INSERT INTO `himall_photospace` VALUES ('508', '0', '1', '综合类(0)_29.jpg', '/Storage/template/1/20170216/6362285817201994766861579.jpg', '22157', '2017-02-16 16:09:32', '2017-02-16 16:09:32');
INSERT INTO `himall_photospace` VALUES ('509', '0', '1', '综合类(0)_38.jpg', '/Storage/template/1/20170216/6362285817235882781061106.jpg', '20867', '2017-02-16 16:09:32', '2017-02-16 16:09:32');
INSERT INTO `himall_photospace` VALUES ('510', '0', '1', '综合类(0)_47.jpg', '/Storage/template/1/20170216/6362285817278853183759867.jpg', '72308', '2017-02-16 16:09:33', '2017-02-16 16:09:33');
INSERT INTO `himall_photospace` VALUES ('511', '0', '1', '综合类(0)_53.jpg', '/Storage/template/1/20170216/6362285817311569286959395.jpg', '60087', '2017-02-16 16:09:33', '2017-02-16 16:09:33');
INSERT INTO `himall_photospace` VALUES ('512', '0', '1', '综合类(0)_59.jpg', '/Storage/template/1/20170216/6362285817339207066645597.jpg', '41467', '2017-02-16 16:09:33', '2017-02-16 16:09:33');
INSERT INTO `himall_photospace` VALUES ('513', '0', '1', '综合类(0)_20.jpg', '/Storage/template/1/20170216/6362285828862110468073494.jpg', '16424', '2017-02-16 16:11:29', '2017-02-16 16:11:29');
INSERT INTO `himall_photospace` VALUES ('514', '0', '1', '综合类(0)_21.jpg', '/Storage/template/1/20170216/6362285828897365725502267.jpg', '16587', '2017-02-16 16:11:29', '2017-02-16 16:11:29');
INSERT INTO `himall_photospace` VALUES ('515', '0', '1', '综合类(0)_22.jpg', '/Storage/template/1/20170216/6362285828913479624216653.jpg', '16896', '2017-02-16 16:11:29', '2017-02-16 16:11:29');
INSERT INTO `himall_photospace` VALUES ('516', '0', '1', '综合类(0)_23.jpg', '/Storage/template/1/20170216/6362285828931351402931040.jpg', '16022', '2017-02-16 16:11:29', '2017-02-16 16:11:29');
INSERT INTO `himall_photospace` VALUES ('517', '0', '1', '综合类(0)_26.jpg', '/Storage/template/1/20170216/6362285828952543626631334.jpg', '16396', '2017-02-16 16:11:30', '2017-02-16 16:11:30');
INSERT INTO `himall_photospace` VALUES ('518', '0', '1', '综合类(0)_27.jpg', '/Storage/template/1/20170216/6362285829001471285316003.jpg', '15667', '2017-02-16 16:11:30', '2017-02-16 16:11:30');
INSERT INTO `himall_photospace` VALUES ('519', '0', '1', '综合类(0)_28.jpg', '/Storage/template/1/20170216/6362285829022956489016297.jpg', '17315', '2017-02-16 16:11:30', '2017-02-16 16:11:30');
INSERT INTO `himall_photospace` VALUES ('520', '0', '1', '综合类(0)_29.jpg', '/Storage/template/1/20170216/6362285829044539343716591.jpg', '16469', '2017-02-16 16:11:30', '2017-02-16 16:11:30');
INSERT INTO `himall_photospace` VALUES ('521', '0', '1', '综合类(0)_42.jpg', '/Storage/template/1/20170216/6362285854858030544024617.jpg', '21238', '2017-02-16 16:15:49', '2017-02-16 16:15:49');
INSERT INTO `himall_photospace` VALUES ('522', '0', '1', '综合类(0)_43.jpg', '/Storage/template/1/20170216/6362285854876292967037175.jpg', '20136', '2017-02-16 16:15:49', '2017-02-16 16:15:49');
INSERT INTO `himall_photospace` VALUES ('523', '0', '1', '综合类(0)_44.jpg', '/Storage/template/1/20170216/6362285854897094541737469.jpg', '18967', '2017-02-16 16:15:49', '2017-02-16 16:15:49');
INSERT INTO `himall_photospace` VALUES ('524', '0', '1', '综合类(0)_47.jpg', '/Storage/template/1/20170216/6362285854919556345437764.jpg', '23573', '2017-02-16 16:15:49', '2017-02-16 16:15:49');
INSERT INTO `himall_photospace` VALUES ('525', '0', '1', '综合类(0)_48.jpg', '/Storage/template/1/20170216/6362285854939186005908813.jpg', '22468', '2017-02-16 16:15:49', '2017-02-16 16:15:49');
INSERT INTO `himall_photospace` VALUES ('526', '0', '1', '综合类(0)_49.jpg', '/Storage/template/1/20170216/6362285854964089308136524.jpg', '32989', '2017-02-16 16:15:50', '2017-02-16 16:15:50');
INSERT INTO `himall_photospace` VALUES ('527', '0', '1', '综合类(0)_62.jpg', '/Storage/template/1/20170216/6362285854986160466066064.jpg', '22378', '2017-02-16 16:15:50', '2017-02-16 16:15:50');
INSERT INTO `himall_photospace` VALUES ('528', '0', '1', '综合类(0)_63.jpg', '/Storage/template/1/20170216/6362285855005692463307868.jpg', '20830', '2017-02-16 16:15:50', '2017-02-16 16:15:50');
INSERT INTO `himall_photospace` VALUES ('529', '0', '1', '综合类(0)_64.jpg', '/Storage/template/1/20170216/6362285855025224463778917.jpg', '17782', '2017-02-16 16:15:50', '2017-02-16 16:15:50');
INSERT INTO `himall_photospace` VALUES ('530', '0', '1', '综合类(0)_67.jpg', '/Storage/template/1/20170216/6362285855047100307479211.jpg', '19199', '2017-02-16 16:15:50', '2017-02-16 16:15:50');
INSERT INTO `himall_photospace` VALUES ('531', '0', '1', '综合类(0)_68.jpg', '/Storage/template/1/20170216/6362285855068878482179505.jpg', '23091', '2017-02-16 16:15:51', '2017-02-16 16:15:51');
INSERT INTO `himall_photospace` VALUES ('532', '0', '1', '综合类(0)_69.jpg', '/Storage/template/1/20170216/6362285855093391144407217.jpg', '31605', '2017-02-16 16:15:51', '2017-02-16 16:15:51');
INSERT INTO `himall_photospace` VALUES ('533', '0', '1', '综合类(0)_82.jpg', '/Storage/template/1/20170216/6362285855115657628107511.jpg', '23158', '2017-02-16 16:15:51', '2017-02-16 16:15:51');
INSERT INTO `himall_photospace` VALUES ('534', '0', '1', '综合类(0)_83.jpg', '/Storage/template/1/20170216/6362285855138119421335223.jpg', '29293', '2017-02-16 16:15:51', '2017-02-16 16:15:51');
INSERT INTO `himall_photospace` VALUES ('535', '0', '1', '综合类(0)_84.jpg', '/Storage/template/1/20170216/6362285855176109169520658.jpg', '30017', '2017-02-16 16:15:52', '2017-02-16 16:15:52');
INSERT INTO `himall_photospace` VALUES ('536', '0', '1', '综合类(0)_87.jpg', '/Storage/template/1/20170216/6362285855197985004220953.jpg', '22779', '2017-02-16 16:15:52', '2017-02-16 16:15:52');
INSERT INTO `himall_photospace` VALUES ('537', '0', '1', '综合类(0)_88.jpg', '/Storage/template/1/20170216/6362285855221325742150492.jpg', '33006', '2017-02-16 16:15:52', '2017-02-16 16:15:52');
INSERT INTO `himall_photospace` VALUES ('538', '0', '1', '综合类(0)_89.jpg', '/Storage/template/1/20170216/6362285855238806885163051.jpg', '23002', '2017-02-16 16:15:52', '2017-02-16 16:15:52');
INSERT INTO `himall_photospace` VALUES ('539', '0', '0', 'Chrysanthemum.jpg', '/temp/image/20170927/6364212775356987813550874.jpg', '879394', '2017-09-27 16:49:14', '2017-09-27 16:49:14');
INSERT INTO `himall_photospace` VALUES ('540', '0', '0', 'Desert.jpg', '/temp/image/20170927/6364212775717743853149332.jpg', '845941', '2017-09-27 16:49:17', '2017-09-27 16:49:17');
INSERT INTO `himall_photospace` VALUES ('541', '0', '0', 'Hydrangeas.jpg', '/temp/image/20170927/6364212777510586139835077.jpg', '595284', '2017-09-27 16:49:35', '2017-09-27 16:49:35');
INSERT INTO `himall_photospace` VALUES ('542', '0', '0', 'Lighthouse.jpg', '/temp/image/20170927/6364212777695358854005592.jpg', '561276', '2017-09-27 16:49:37', '2017-09-27 16:49:37');
INSERT INTO `himall_photospace` VALUES ('543', '0', '0', 'Penguins.jpg', '/temp/image/20170927/6364212777828078792032947.jpg', '777835', '2017-09-27 16:49:38', '2017-09-27 16:49:38');
INSERT INTO `himall_photospace` VALUES ('544', '0', '0', 'Tulips.jpg', '/temp/image/20170927/6364212779899056758974464.jpg', '620888', '2017-09-27 16:49:59', '2017-09-27 16:49:59');
INSERT INTO `himall_photospace` VALUES ('545', '0', '0', 'Desert.jpg', '/temp/image/20170928/6364219483968288189387072.jpg', '845941', '2017-09-28 11:27:20', '2017-09-28 11:27:20');
INSERT INTO `himall_photospace` VALUES ('546', '0', '0', 'Tulips.jpg', '/temp/image/20170928/6364219484030302285029465.jpg', '620888', '2017-09-28 11:27:20', '2017-09-28 11:27:20');
INSERT INTO `himall_photospace` VALUES ('547', '0', '0', 'Jellyfish.jpg', '/temp/image/20170928/6364219484162143288827574.jpg', '775702', '2017-09-28 11:27:22', '2017-09-28 11:27:22');
INSERT INTO `himall_photospace` VALUES ('548', '0', '0', 'Desert.jpg', '/temp/image/20170928/6364219487779665001343758.jpg', '845941', '2017-09-28 11:27:58', '2017-09-28 11:27:58');
INSERT INTO `himall_photospace` VALUES ('549', '0', '0', 'Tulips.jpg', '/temp/image/20170928/6364219488368652466811491.jpg', '620888', '2017-09-28 11:28:04', '2017-09-28 11:28:04');
INSERT INTO `himall_photospace` VALUES ('550', '0', '0', 'Jellyfish.jpg', '/temp/image/20170928/6364219488512505644338080.jpg', '775702', '2017-09-28 11:28:05', '2017-09-28 11:28:05');
INSERT INTO `himall_photospace` VALUES ('551', '0', '0', 'default_av_boy.jpg', '/temp/image/20170929/6364227751106475423644954.jpg', '22594', '2017-09-29 10:25:11', '2017-09-29 10:25:11');
INSERT INTO `himall_photospace` VALUES ('552', '0', '0', 'default_av_boy_friend.jpg', '/temp/image/20170929/6364227751119365226373433.jpg', '38939', '2017-09-29 10:25:11', '2017-09-29 10:25:11');
INSERT INTO `himall_photospace` VALUES ('553', '0', '0', 'default_av_girl.jpg', '/temp/image/20170929/6364227751143680072830390.jpg', '18582', '2017-09-29 10:25:11', '2017-09-29 10:25:11');
INSERT INTO `himall_photospace` VALUES ('554', '0', '0', 'default_av_boy_v3.png', '/temp/image/20170929/6364227751160866471544776.png', '42137', '2017-09-29 10:25:12', '2017-09-29 10:25:12');
INSERT INTO `himall_photospace` VALUES ('555', '0', '0', 'default_av_girl_v3.png', '/temp/image/20170929/6364227751175123372800672.png', '35226', '2017-09-29 10:25:12', '2017-09-29 10:25:12');
INSERT INTO `himall_photospace` VALUES ('556', '0', '0', 'default_av_girl_friend.jpg', '/temp/image/20170929/6364227751192114471515058.jpg', '38695', '2017-09-29 10:25:12', '2017-09-29 10:25:12');
INSERT INTO `himall_photospace` VALUES ('557', '0', '0', 'default_av_boy.jpg', '/temp/image/20170929/6364227753912155226337455.jpg', '22594', '2017-09-29 10:25:39', '2017-09-29 10:25:39');
INSERT INTO `himall_photospace` VALUES ('558', '0', '0', 'default_av_boy_friend.jpg', '/temp/image/20170929/6364227753922017877309271.jpg', '38939', '2017-09-29 10:25:39', '2017-09-29 10:25:39');
INSERT INTO `himall_photospace` VALUES ('559', '0', '0', 'default_av_girl.jpg', '/temp/image/20170929/6364227753929243975051842.jpg', '18582', '2017-09-29 10:25:39', '2017-09-29 10:25:39');
INSERT INTO `himall_photospace` VALUES ('560', '0', '0', 'default_av_girl_friend.jpg', '/temp/image/20170929/6364227753947211573766228.jpg', '38695', '2017-09-29 10:25:39', '2017-09-29 10:25:39');
INSERT INTO `himall_photospace` VALUES ('561', '0', '0', 'default_av_boy_v3.png', '/temp/image/20170929/6364227753972014679223185.png', '42137', '2017-09-29 10:25:40', '2017-09-29 10:25:40');
INSERT INTO `himall_photospace` VALUES ('562', '0', '0', 'default_av_girl_v3.png', '/temp/image/20170929/6364227753997013075680142.png', '35226', '2017-09-29 10:25:40', '2017-09-29 10:25:40');
INSERT INTO `himall_photospace` VALUES ('563', '0', '0', '88.jpg', '/Storage/template/0/20171022/6364427505844773908845914.jpg', '107462', '2017-10-22 13:17:38', '2017-10-22 13:17:38');

-- ----------------------------
-- Table structure for `himall_photospacecategory`
-- ----------------------------
DROP TABLE IF EXISTS `himall_photospacecategory`;
CREATE TABLE `himall_photospacecategory` (
  `Id` bigint(20) NOT NULL AUTO_INCREMENT,
  `ShopId` bigint(20) NOT NULL COMMENT '店铺ID',
  `PhotoSpaceCatrgoryName` varchar(255) DEFAULT NULL COMMENT '图片空间分类名称',
  `DisplaySequence` bigint(20) DEFAULT NULL COMMENT '显示顺序',
  PRIMARY KEY (`Id`)
) ENGINE=InnoDB AUTO_INCREMENT=7 DEFAULT CHARSET=utf8;

-- ----------------------------
-- Records of himall_photospacecategory
-- ----------------------------
INSERT INTO `himall_photospacecategory` VALUES ('3', '0', '新建文件夹', null);

-- ----------------------------
-- Table structure for `himall_plataccount`
-- ----------------------------
DROP TABLE IF EXISTS `himall_plataccount`;
CREATE TABLE `himall_plataccount` (
  `Id` bigint(20) NOT NULL AUTO_INCREMENT COMMENT '编号',
  `Balance` decimal(18,2) NOT NULL DEFAULT '0.00' COMMENT '帐户余额',
  `PendingSettlement` decimal(18,2) NOT NULL DEFAULT '0.00' COMMENT '待结算',
  `Settled` decimal(18,2) NOT NULL DEFAULT '0.00' COMMENT '已结算',
  PRIMARY KEY (`Id`)
) ENGINE=InnoDB AUTO_INCREMENT=2 DEFAULT CHARSET=utf8 COMMENT='平台资金表';

-- ----------------------------
-- Records of himall_plataccount
-- ----------------------------
INSERT INTO `himall_plataccount` VALUES ('1', '0.00', '1.31', '592.20');

-- ----------------------------
-- Table structure for `himall_plataccountitem`
-- ----------------------------
DROP TABLE IF EXISTS `himall_plataccountitem`;
CREATE TABLE `himall_plataccountitem` (
  `Id` bigint(20) NOT NULL AUTO_INCREMENT COMMENT '编号',
  `AccountNo` varchar(50) NOT NULL COMMENT '交易流水号',
  `AccoutID` bigint(20) NOT NULL COMMENT '关联资金编号',
  `CreateTime` datetime NOT NULL COMMENT '创建时间',
  `Amount` decimal(18,2) NOT NULL DEFAULT '0.00' COMMENT '金额',
  `Balance` decimal(18,2) NOT NULL DEFAULT '0.00' COMMENT '帐户剩余',
  `TradeType` int(4) NOT NULL DEFAULT '0' COMMENT '交易类型',
  `IsIncome` bit(1) NOT NULL COMMENT '是否收入',
  `ReMark` varchar(1000) DEFAULT NULL COMMENT '交易备注',
  `DetailId` varchar(100) DEFAULT NULL COMMENT '详情ID',
  PRIMARY KEY (`Id`),
  KEY `FK_Himall_Pltem_AccoutID` (`AccoutID`),
  CONSTRAINT `FK_Himall_Pltem_AccoutID` FOREIGN KEY (`AccoutID`) REFERENCES `himall_plataccount` (`Id`)
) ENGINE=InnoDB AUTO_INCREMENT=333 DEFAULT CHARSET=utf8 COMMENT='平台资金流水表';

-- ----------------------------
-- Records of himall_plataccountitem
-- ----------------------------
INSERT INTO `himall_plataccountitem` VALUES ('149', '11017696', '1', '2017-02-14 11:21:28', '0.00', '0.00', '2', '', '店铺购买拼团服务,12个月', '101');
INSERT INTO `himall_plataccountitem` VALUES ('150', '11024338', '1', '2017-02-14 11:21:37', '0.00', '0.00', '2', '', '店铺购买拼团服务,12个月', '102');
INSERT INTO `himall_plataccountitem` VALUES ('151', '11038676', '1', '2017-02-14 11:22:31', '0.00', '0.00', '2', '', '店铺购买随机红包服务,12个月', '103');
INSERT INTO `himall_plataccountitem` VALUES ('152', '11049583', '1', '2017-02-14 11:35:34', '0.00', '0.00', '2', '', '店铺购买限时购服务,1个月', '104');
INSERT INTO `himall_plataccountitem` VALUES ('153', '11054374', '1', '2017-02-14 11:38:30', '0.00', '0.00', '2', '', '店铺购买优惠券服务,12个月', '105');
INSERT INTO `himall_plataccountitem` VALUES ('154', '11061384', '1', '2017-02-14 11:55:57', '0.00', '0.00', '2', '', '店铺购买组合购服务,12个月', '106');
INSERT INTO `himall_plataccountitem` VALUES ('155', '11078156', '1', '2017-02-14 11:56:02', '0.00', '0.00', '2', '', '店铺购买组合购服务,12个月', '107');
INSERT INTO `himall_plataccountitem` VALUES ('156', '201702150050002533365', '1', '2017-02-15 00:50:00', '0.00', '0.00', '1', '', '2017/2/15 0:50:00平台结算157', '157');
INSERT INTO `himall_plataccountitem` VALUES ('157', '201702160050000972607', '1', '2017-02-16 00:50:00', '0.00', '0.00', '1', '', '2017/2/16 0:50:00平台结算158', '158');
INSERT INTO `himall_plataccountitem` VALUES ('158', '3081088508', '1', '2017-02-16 13:50:59', '0.00', '0.00', '2', '', '店铺购买优惠券服务,12个月', '108');
INSERT INTO `himall_plataccountitem` VALUES ('159', '3091094392', '1', '2017-02-16 13:56:50', '0.00', '0.00', '2', '', '店铺购买限时购服务,12个月', '109');
INSERT INTO `himall_plataccountitem` VALUES ('160', '3091102813', '1', '2017-02-16 13:57:01', '0.00', '0.00', '2', '', '店铺购买优惠券服务,12个月', '110');
INSERT INTO `himall_plataccountitem` VALUES ('161', '201702170050002579063', '1', '2017-02-17 00:50:00', '0.00', '0.00', '1', '', '2017/2/17 0:50:00平台结算159', '159');
INSERT INTO `himall_plataccountitem` VALUES ('162', '201702180050003084478', '1', '2017-02-18 00:50:00', '0.00', '0.00', '1', '', '2017/2/18 0:50:00平台结算160', '160');
INSERT INTO `himall_plataccountitem` VALUES ('163', '201702190050001517734', '1', '2017-02-19 00:50:00', '0.00', '0.00', '1', '', '2017/2/19 0:50:00平台结算161', '161');
INSERT INTO `himall_plataccountitem` VALUES ('164', '201702200950009006062', '1', '2017-02-20 09:50:01', '0.00', '0.00', '1', '', '2017/2/20 9:50:00平台结算162', '162');
INSERT INTO `himall_plataccountitem` VALUES ('328', '3092074230', '1', '2017-09-27 17:32:28', '0.00', '0.00', '2', '', '店铺购买拼团服务,1个月', '207');
INSERT INTO `himall_plataccountitem` VALUES ('329', '3062087164', '1', '2017-09-29 14:09:31', '0.00', '0.00', '2', '', '店铺购买拼团服务,5个月', '208');
INSERT INTO `himall_plataccountitem` VALUES ('330', '3082092019', '1', '2017-09-29 15:35:02', '0.00', '0.00', '2', '', '店铺购买拼团服务,5个月', '209');
INSERT INTO `himall_plataccountitem` VALUES ('331', '3062105816', '1', '2017-10-02 15:42:17', '0.00', '0.00', '2', '', '店铺购买限时购服务,6个月', '210');
INSERT INTO `himall_plataccountitem` VALUES ('332', '3062112712', '1', '2017-10-02 15:42:46', '0.00', '0.00', '2', '', '店铺购买随机红包服务,6个月', '211');

-- ----------------------------
-- Table structure for `himall_platvisits`
-- ----------------------------
DROP TABLE IF EXISTS `himall_platvisits`;
CREATE TABLE `himall_platvisits` (
  `Id` bigint(20) NOT NULL AUTO_INCREMENT COMMENT '主键',
  `Date` datetime NOT NULL COMMENT '统计日期',
  `VisitCounts` bigint(20) NOT NULL COMMENT '平台浏览数',
  `OrderUserCount` bigint(20) NOT NULL COMMENT '下单人数',
  `OrderCount` bigint(20) NOT NULL COMMENT '订单数',
  `OrderProductCount` bigint(20) NOT NULL COMMENT '下单件数',
  `OrderAmount` decimal(18,2) NOT NULL COMMENT '下单金额',
  `OrderPayUserCount` bigint(20) NOT NULL COMMENT '下单付款人数',
  `OrderPayCount` bigint(20) NOT NULL COMMENT '付款订单数',
  `SaleCounts` bigint(20) NOT NULL COMMENT '付款下单件数',
  `SaleAmounts` decimal(18,2) NOT NULL COMMENT '付款金额',
  `StatisticFlag` bit(1) NOT NULL COMMENT '是否已经统计(0：未统计,1已统计)',
  PRIMARY KEY (`Id`)
) ENGINE=InnoDB AUTO_INCREMENT=5150 DEFAULT CHARSET=utf8;

-- ----------------------------
-- Records of himall_platvisits
-- ----------------------------
INSERT INTO `himall_platvisits` VALUES ('5029', '2017-02-13 00:00:00', '1', '0', '0', '0', '0.00', '0', '0', '0', '0.00', '');
INSERT INTO `himall_platvisits` VALUES ('5030', '2017-02-14 00:00:00', '1595', '1', '49', '99', '38111.70', '1', '37', '87', '35028.30', '');
INSERT INTO `himall_platvisits` VALUES ('5031', '2017-02-15 00:00:00', '5489', '4', '8', '8', '5313.60', '0', '0', '0', '0.00', '');
INSERT INTO `himall_platvisits` VALUES ('5032', '2017-02-16 00:00:00', '713', '7', '14', '14', '17524.90', '0', '0', '0', '0.00', '');
INSERT INTO `himall_platvisits` VALUES ('5033', '2017-02-17 00:00:00', '513', '1', '1', '1', '200.00', '0', '0', '0', '0.00', '');
INSERT INTO `himall_platvisits` VALUES ('5034', '2017-02-18 00:00:00', '611', '1', '1', '1', '10.00', '0', '0', '0', '0.00', '');
INSERT INTO `himall_platvisits` VALUES ('5035', '2017-02-19 00:00:00', '1251', '1', '1', '1', '299.00', '0', '0', '0', '0.00', '');
INSERT INTO `himall_platvisits` VALUES ('5036', '2017-02-20 00:00:00', '271', '0', '0', '0', '0.00', '0', '0', '0', '0.00', '');
INSERT INTO `himall_platvisits` VALUES ('5120', '2017-09-26 00:00:00', '29', '0', '0', '0', '0.00', '0', '0', '0', '0.00', '');
INSERT INTO `himall_platvisits` VALUES ('5121', '2017-09-27 00:00:00', '17', '0', '0', '0', '0.00', '0', '0', '0', '0.00', '');
INSERT INTO `himall_platvisits` VALUES ('5122', '2017-09-28 00:00:00', '13', '0', '0', '0', '0.00', '0', '0', '0', '0.00', '');
INSERT INTO `himall_platvisits` VALUES ('5123', '2017-09-29 00:00:00', '29', '0', '0', '0', '0.00', '0', '0', '0', '0.00', '');
INSERT INTO `himall_platvisits` VALUES ('5124', '2017-09-30 00:00:00', '15', '0', '0', '0', '0.00', '0', '0', '0', '0.00', '');
INSERT INTO `himall_platvisits` VALUES ('5125', '2017-10-01 00:00:00', '9', '0', '0', '0', '0.00', '0', '0', '0', '0.00', '');
INSERT INTO `himall_platvisits` VALUES ('5126', '2017-10-02 00:00:00', '11', '0', '0', '0', '0.00', '0', '0', '0', '0.00', '');
INSERT INTO `himall_platvisits` VALUES ('5127', '2017-10-03 00:00:00', '13', '0', '0', '0', '0.00', '0', '0', '0', '0.00', '');
INSERT INTO `himall_platvisits` VALUES ('5128', '2017-10-04 00:00:00', '29', '0', '0', '0', '0.00', '0', '0', '0', '0.00', '');
INSERT INTO `himall_platvisits` VALUES ('5129', '2017-10-05 00:00:00', '11', '0', '0', '0', '0.00', '0', '0', '0', '0.00', '');
INSERT INTO `himall_platvisits` VALUES ('5130', '2017-10-06 00:00:00', '1', '0', '0', '0', '0.00', '0', '0', '0', '0.00', '');
INSERT INTO `himall_platvisits` VALUES ('5131', '2017-10-07 00:00:00', '9', '0', '0', '0', '0.00', '0', '0', '0', '0.00', '');
INSERT INTO `himall_platvisits` VALUES ('5132', '2017-10-08 00:00:00', '23', '0', '0', '0', '0.00', '0', '0', '0', '0.00', '');
INSERT INTO `himall_platvisits` VALUES ('5133', '2017-10-09 00:00:00', '25', '0', '0', '0', '0.00', '0', '0', '0', '0.00', '');
INSERT INTO `himall_platvisits` VALUES ('5134', '2017-10-10 00:00:00', '19', '0', '0', '0', '0.00', '0', '0', '0', '0.00', '');
INSERT INTO `himall_platvisits` VALUES ('5135', '2017-10-11 00:00:00', '27', '0', '0', '0', '0.00', '0', '0', '0', '0.00', '');
INSERT INTO `himall_platvisits` VALUES ('5136', '2017-10-12 00:00:00', '17', '0', '0', '0', '0.00', '0', '0', '0', '0.00', '');
INSERT INTO `himall_platvisits` VALUES ('5137', '2017-10-13 00:00:00', '19', '0', '0', '0', '0.00', '0', '0', '0', '0.00', '');
INSERT INTO `himall_platvisits` VALUES ('5138', '2017-10-14 00:00:00', '23', '0', '0', '0', '0.00', '0', '0', '0', '0.00', '');
INSERT INTO `himall_platvisits` VALUES ('5139', '2017-10-15 00:00:00', '17', '0', '0', '0', '0.00', '0', '0', '0', '0.00', '');
INSERT INTO `himall_platvisits` VALUES ('5140', '2017-10-16 00:00:00', '13', '0', '0', '0', '0.00', '0', '0', '0', '0.00', '');
INSERT INTO `himall_platvisits` VALUES ('5141', '2017-10-17 00:00:00', '13', '0', '0', '0', '0.00', '0', '0', '0', '0.00', '');
INSERT INTO `himall_platvisits` VALUES ('5142', '2017-10-18 00:00:00', '13', '0', '0', '0', '0.00', '0', '0', '0', '0.00', '');
INSERT INTO `himall_platvisits` VALUES ('5143', '2017-10-19 00:00:00', '5', '0', '0', '0', '0.00', '0', '0', '0', '0.00', '');
INSERT INTO `himall_platvisits` VALUES ('5144', '2017-10-20 00:00:00', '5', '0', '0', '0', '0.00', '0', '0', '0', '0.00', '');
INSERT INTO `himall_platvisits` VALUES ('5145', '2017-10-21 00:00:00', '3', '0', '0', '0', '0.00', '0', '0', '0', '0.00', '');
INSERT INTO `himall_platvisits` VALUES ('5146', '2017-10-22 00:00:00', '15', '0', '0', '0', '0.00', '0', '0', '0', '0.00', '');
INSERT INTO `himall_platvisits` VALUES ('5147', '2017-10-24 00:00:00', '41', '0', '0', '0', '0.00', '0', '0', '0', '0.00', '');
INSERT INTO `himall_platvisits` VALUES ('5148', '2017-10-26 00:00:00', '5', '0', '0', '0', '0.00', '0', '0', '0', '0.00', '');
INSERT INTO `himall_platvisits` VALUES ('5149', '2017-11-01 00:00:00', '3', '0', '0', '0', '0.00', '0', '0', '0', '0.00', '');

-- ----------------------------
-- Table structure for `himall_productattributes`
-- ----------------------------
DROP TABLE IF EXISTS `himall_productattributes`;
CREATE TABLE `himall_productattributes` (
  `Id` bigint(20) NOT NULL AUTO_INCREMENT,
  `ProductId` bigint(20) NOT NULL COMMENT '商品ID',
  `AttributeId` bigint(20) NOT NULL COMMENT '属性ID',
  `ValueId` bigint(20) NOT NULL COMMENT '属性值ID',
  PRIMARY KEY (`Id`),
  KEY `FK_Attribute_ProductAttribute` (`AttributeId`) USING BTREE,
  KEY `FK_Product_ProductAttribute` (`ProductId`) USING BTREE,
  KEY `IX_ValueId` (`ValueId`) USING BTREE,
  CONSTRAINT `himall_productattributes_ibfk_1` FOREIGN KEY (`AttributeId`) REFERENCES `himall_attributes` (`Id`) ON DELETE CASCADE,
  CONSTRAINT `himall_productattributes_ibfk_2` FOREIGN KEY (`ProductId`) REFERENCES `himall_products` (`Id`) ON DELETE CASCADE
) ENGINE=InnoDB AUTO_INCREMENT=6223 DEFAULT CHARSET=utf8 ROW_FORMAT=COMPACT;

-- ----------------------------
-- Records of himall_productattributes
-- ----------------------------
INSERT INTO `himall_productattributes` VALUES ('6067', '702', '193', '813');
INSERT INTO `himall_productattributes` VALUES ('6069', '704', '194', '816');
INSERT INTO `himall_productattributes` VALUES ('6070', '705', '194', '819');
INSERT INTO `himall_productattributes` VALUES ('6071', '706', '194', '819');
INSERT INTO `himall_productattributes` VALUES ('6074', '709', '194', '816');
INSERT INTO `himall_productattributes` VALUES ('6076', '703', '193', '814');
INSERT INTO `himall_productattributes` VALUES ('6077', '701', '192', '810');
INSERT INTO `himall_productattributes` VALUES ('6079', '710', '194', '817');
INSERT INTO `himall_productattributes` VALUES ('6080', '699', '192', '811');
INSERT INTO `himall_productattributes` VALUES ('6081', '700', '192', '812');
INSERT INTO `himall_productattributes` VALUES ('6082', '711', '194', '817');
INSERT INTO `himall_productattributes` VALUES ('6083', '712', '194', '817');
INSERT INTO `himall_productattributes` VALUES ('6092', '718', '199', '837');
INSERT INTO `himall_productattributes` VALUES ('6093', '717', '199', '836');
INSERT INTO `himall_productattributes` VALUES ('6094', '717', '200', '839');
INSERT INTO `himall_productattributes` VALUES ('6095', '716', '196', '828');
INSERT INTO `himall_productattributes` VALUES ('6096', '716', '197', '830');
INSERT INTO `himall_productattributes` VALUES ('6097', '716', '198', '835');
INSERT INTO `himall_productattributes` VALUES ('6098', '715', '195', '824');
INSERT INTO `himall_productattributes` VALUES ('6099', '714', '195', '822');
INSERT INTO `himall_productattributes` VALUES ('6100', '708', '194', '817');
INSERT INTO `himall_productattributes` VALUES ('6101', '719', '199', '837');
INSERT INTO `himall_productattributes` VALUES ('6102', '720', '199', '836');
INSERT INTO `himall_productattributes` VALUES ('6103', '721', '200', '839');
INSERT INTO `himall_productattributes` VALUES ('6104', '722', '199', '837');
INSERT INTO `himall_productattributes` VALUES ('6105', '722', '200', '838');
INSERT INTO `himall_productattributes` VALUES ('6106', '723', '200', '838');
INSERT INTO `himall_productattributes` VALUES ('6108', '724', '194', '819');
INSERT INTO `himall_productattributes` VALUES ('6109', '726', '194', '819');
INSERT INTO `himall_productattributes` VALUES ('6110', '727', '194', '819');
INSERT INTO `himall_productattributes` VALUES ('6111', '728', '194', '819');
INSERT INTO `himall_productattributes` VALUES ('6112', '729', '194', '819');
INSERT INTO `himall_productattributes` VALUES ('6113', '730', '194', '819');
INSERT INTO `himall_productattributes` VALUES ('6115', '737', '193', '813');
INSERT INTO `himall_productattributes` VALUES ('6116', '738', '199', '836');
INSERT INTO `himall_productattributes` VALUES ('6117', '741', '195', '824');
INSERT INTO `himall_productattributes` VALUES ('6118', '736', '199', '836');
INSERT INTO `himall_productattributes` VALUES ('6119', '744', '200', '838');
INSERT INTO `himall_productattributes` VALUES ('6120', '745', '202', '843');
INSERT INTO `himall_productattributes` VALUES ('6121', '745', '203', '848');
INSERT INTO `himall_productattributes` VALUES ('6213', '1164', '199', '836');
INSERT INTO `himall_productattributes` VALUES ('6214', '1164', '200', '838');

-- ----------------------------
-- Table structure for `himall_productbrokerage`
-- ----------------------------
DROP TABLE IF EXISTS `himall_productbrokerage`;
CREATE TABLE `himall_productbrokerage` (
  `Id` bigint(20) NOT NULL AUTO_INCREMENT COMMENT '编号',
  `ProductId` bigint(20) DEFAULT NULL COMMENT '商品Id',
  `rate` decimal(6,2) NOT NULL COMMENT '百分比',
  `ShopId` bigint(20) DEFAULT NULL COMMENT '店铺Id',
  `CreateTime` datetime DEFAULT NULL COMMENT '添加时间',
  `SaleNum` int(11) DEFAULT NULL COMMENT '成交数 *是卖出的数量，还是成交订单数，退货时是否需要维护',
  `AgentNum` int(11) DEFAULT NULL COMMENT '代理数 *清退的时候是否需要维护此字段',
  `ForwardNum` int(11) DEFAULT NULL COMMENT '转发数',
  `Status` int(11) NOT NULL COMMENT '状态 上架、下架、移除',
  `Sort` int(11) DEFAULT NULL COMMENT '排序',
  `saleAmount` decimal(18,2) NOT NULL DEFAULT '0.00' COMMENT '销售额',
  `BrokerageAmount` decimal(18,2) NOT NULL DEFAULT '0.00' COMMENT '商品已结佣金',
  `BrokerageTotal` decimal(18,2) NOT NULL DEFAULT '0.00' COMMENT '商品佣金(包含已结未结)',
  PRIMARY KEY (`Id`),
  KEY `FK_Himall_ProductBrokerage_ProductId` (`ProductId`),
  KEY `FK_Himall_ProductBrokerage_ShopId` (`ShopId`),
  CONSTRAINT `FK_Himall_ProductBrokerage_ProductId` FOREIGN KEY (`ProductId`) REFERENCES `himall_products` (`Id`) ON DELETE CASCADE,
  CONSTRAINT `FK_Himall_ProductBrokerage_ShopId` FOREIGN KEY (`ShopId`) REFERENCES `himall_shops` (`Id`) ON DELETE CASCADE
) ENGINE=InnoDB AUTO_INCREMENT=51 DEFAULT CHARSET=utf8 ROW_FORMAT=COMPACT;

-- ----------------------------
-- Records of himall_productbrokerage
-- ----------------------------
INSERT INTO `himall_productbrokerage` VALUES ('18', '732', '3.00', '1', '2017-02-15 10:46:34', '0', '2', '1', '0', '0', '0.00', '0.00', '0.00');
INSERT INTO `himall_productbrokerage` VALUES ('19', '733', '3.00', '1', '2017-02-15 10:46:34', '0', '1', '0', '0', '0', '0.00', '0.00', '0.00');
INSERT INTO `himall_productbrokerage` VALUES ('20', '734', '3.00', '1', '2017-02-15 10:46:34', '0', '2', '0', '0', '0', '0.00', '0.00', '0.00');
INSERT INTO `himall_productbrokerage` VALUES ('21', '739', '3.00', '1', '2017-02-15 10:46:34', '0', '1', '0', '0', '0', '0.00', '0.00', '0.00');
INSERT INTO `himall_productbrokerage` VALUES ('22', '741', '3.00', '1', '2017-02-15 10:46:34', '0', '0', '0', '0', '0', '0.00', '0.00', '0.00');
INSERT INTO `himall_productbrokerage` VALUES ('23', '743', '3.00', '1', '2017-02-15 10:46:34', '0', '1', '0', '0', '0', '0.00', '0.00', '0.00');
INSERT INTO `himall_productbrokerage` VALUES ('24', '744', '3.00', '1', '2017-02-15 10:46:34', '0', '0', '0', '0', '0', '0.00', '0.00', '0.00');
INSERT INTO `himall_productbrokerage` VALUES ('25', '745', '3.00', '1', '2017-02-15 10:46:34', '0', '3', '0', '0', '0', '0.00', '0.00', '0.00');

-- ----------------------------
-- Table structure for `himall_productcomments`
-- ----------------------------
DROP TABLE IF EXISTS `himall_productcomments`;
CREATE TABLE `himall_productcomments` (
  `Id` bigint(20) NOT NULL AUTO_INCREMENT,
  `SubOrderId` bigint(20) DEFAULT NULL COMMENT '订单详细ID',
  `ProductId` bigint(20) NOT NULL COMMENT '商品ID',
  `ShopId` bigint(20) NOT NULL COMMENT '店铺ID',
  `ShopName` varchar(100) DEFAULT NULL COMMENT '店铺名称',
  `UserId` bigint(20) NOT NULL COMMENT '用户ID',
  `UserName` varchar(100) DEFAULT NULL COMMENT '用户名称',
  `Email` varchar(1000) DEFAULT NULL COMMENT 'Email',
  `ReviewContent` varchar(1000) DEFAULT NULL COMMENT '评价内容',
  `ReviewDate` datetime NOT NULL COMMENT '评价日期',
  `ReviewMark` int(11) NOT NULL COMMENT '评价说明',
  `ReplyContent` varchar(1000) DEFAULT NULL,
  `ReplyDate` datetime DEFAULT NULL,
  `AppendContent` varchar(1000) DEFAULT NULL COMMENT '追加内容',
  `AppendDate` datetime DEFAULT NULL COMMENT '追加时间',
  `ReplyAppendContent` varchar(1000) DEFAULT NULL COMMENT '追加评论回复',
  `ReplyAppendDate` datetime DEFAULT NULL COMMENT '追加评论回复时间',
  `IsHidden` tinyint(1) DEFAULT '0',
  PRIMARY KEY (`Id`),
  KEY `FK_Product_ProductComment` (`ProductId`) USING BTREE,
  KEY `SubOrderId` (`SubOrderId`) USING BTREE,
  KEY `ShopId` (`ShopId`) USING BTREE,
  KEY `UserId` (`UserId`) USING BTREE,
  CONSTRAINT `himall_productcomments_ibfk_1` FOREIGN KEY (`SubOrderId`) REFERENCES `himall_orderitems` (`Id`),
  CONSTRAINT `himall_productcomments_ibfk_2` FOREIGN KEY (`ProductId`) REFERENCES `himall_products` (`Id`),
  CONSTRAINT `himall_productcomments_ibfk_3` FOREIGN KEY (`ShopId`) REFERENCES `himall_shops` (`Id`),
  CONSTRAINT `himall_productcomments_ibfk_4` FOREIGN KEY (`UserId`) REFERENCES `himall_members` (`Id`)
) ENGINE=InnoDB AUTO_INCREMENT=506 DEFAULT CHARSET=utf8 ROW_FORMAT=COMPACT;

-- ----------------------------
-- Records of himall_productcomments
-- ----------------------------
INSERT INTO `himall_productcomments` VALUES ('455', '1088', '703', '1', '官方自营店', '569', 'selleradmin', null, '非常棒~快递速度很快 会回购', '2017-02-14 10:37:10', '5', null, null, null, null, null, null, '0');

-- ----------------------------
-- Table structure for `himall_productcommentsimages`
-- ----------------------------
DROP TABLE IF EXISTS `himall_productcommentsimages`;
CREATE TABLE `himall_productcommentsimages` (
  `Id` bigint(20) NOT NULL AUTO_INCREMENT COMMENT '自增物理主键',
  `CommentImage` varchar(200) NOT NULL COMMENT '评论图片',
  `CommentId` bigint(20) NOT NULL COMMENT '评论ID',
  `CommentType` int(11) NOT NULL COMMENT '评论类型（首次评论/追加评论）',
  PRIMARY KEY (`Id`),
  KEY `FR_CommentImages` (`CommentId`),
  CONSTRAINT `FR_CommentImages` FOREIGN KEY (`CommentId`) REFERENCES `himall_productcomments` (`Id`) ON DELETE CASCADE ON UPDATE CASCADE
) ENGINE=InnoDB AUTO_INCREMENT=99 DEFAULT CHARSET=utf8;

-- ----------------------------
-- Records of himall_productcommentsimages
-- ----------------------------

-- ----------------------------
-- Table structure for `himall_productconsultations`
-- ----------------------------
DROP TABLE IF EXISTS `himall_productconsultations`;
CREATE TABLE `himall_productconsultations` (
  `Id` bigint(20) NOT NULL AUTO_INCREMENT,
  `ProductId` bigint(20) NOT NULL,
  `ShopId` bigint(20) NOT NULL,
  `ShopName` varchar(100) DEFAULT NULL COMMENT '店铺名称',
  `UserId` bigint(20) NOT NULL,
  `UserName` varchar(100) DEFAULT NULL COMMENT '用户名称',
  `Email` varchar(1000) DEFAULT NULL,
  `ConsultationContent` varchar(1000) DEFAULT NULL COMMENT '咨询内容',
  `ConsultationDate` datetime NOT NULL COMMENT '咨询时间',
  `ReplyContent` varchar(1000) DEFAULT NULL COMMENT '回复内容',
  `ReplyDate` datetime DEFAULT NULL COMMENT '回复日期',
  PRIMARY KEY (`Id`),
  KEY `FK_Product_ProductConsultation` (`ProductId`) USING BTREE,
  CONSTRAINT `himall_productconsultations_ibfk_1` FOREIGN KEY (`ProductId`) REFERENCES `himall_products` (`Id`) ON DELETE CASCADE
) ENGINE=InnoDB AUTO_INCREMENT=225 DEFAULT CHARSET=utf8 ROW_FORMAT=COMPACT;

-- ----------------------------
-- Records of himall_productconsultations
-- ----------------------------

-- ----------------------------
-- Table structure for `himall_productdescriptions`
-- ----------------------------
DROP TABLE IF EXISTS `himall_productdescriptions`;
CREATE TABLE `himall_productdescriptions` (
  `Id` bigint(20) NOT NULL,
  `ProductId` bigint(20) NOT NULL COMMENT '商品ID',
  `AuditReason` varchar(1000) DEFAULT NULL COMMENT '审核原因',
  `Description` text COMMENT '详情',
  `DescriptionPrefixId` bigint(20) NOT NULL COMMENT '关联版式',
  `DescriptiondSuffixId` bigint(20) NOT NULL,
  `Meta_Title` varchar(1000) DEFAULT NULL COMMENT 'SEO',
  `Meta_Description` varchar(1000) DEFAULT NULL,
  `Meta_Keywords` varchar(1000) DEFAULT NULL,
  `MobileDescription` text COMMENT '移动端描述',
  PRIMARY KEY (`ProductId`),
  KEY `FK_Product_ProductDescription` (`ProductId`) USING BTREE,
  CONSTRAINT `himall_productdescriptions_ibfk_1` FOREIGN KEY (`ProductId`) REFERENCES `himall_products` (`Id`) ON DELETE CASCADE
) ENGINE=InnoDB DEFAULT CHARSET=utf8 ROW_FORMAT=COMPACT;

-- ----------------------------
-- Records of himall_productdescriptions
-- ----------------------------
INSERT INTO `himall_productdescriptions` VALUES ('0', '699', null, '<ul id=\"parameter-brand\" class=\"p-parameter-list list-paddingleft-2\"><li><p>品牌： <a href=\"https://list.jd.com/list.html?cat=1320,1583,1591&ev=exbrand_27776\" clstag=\"shangpin|keycount|product|pinpai_2\" target=\"_blank\">三只松鼠（Three Squireels）</a>\n &nbsp; &nbsp; &nbsp; &nbsp; &nbsp; &nbsp; &nbsp; &nbsp; &nbsp; &nbsp; &nbsp; &nbsp; &nbsp; &nbsp; &nbsp; &nbsp;<a href=\"https://item.jd.com/1013722242.html#none\" clstag=\"shangpin|keycount|product|guanzhupinpai\" class=\"follow-brand btn-def\"><strong>♥</strong>关注</a></p></li></ul><ul id=\"parameter2\" class=\"p-parameter-list list-paddingleft-2\"><li><p>商品名称：三只松鼠_开口松子218gx2袋零食坚果特产炒货东北红松子原味</p></li><li><p>商品编号：1013722242</p></li><li><p>店铺： <a href=\"https://3songshu.jd.com/\" target=\"_blank\">三只松鼠旗舰店</a></p></li><li><p>商品毛重：436.00g</p></li><li><p>货号：D6956511900336</p></li><li><p>口味：原味</p></li><li><p>价位：30-59</p></li><li><p>特性：带皮</p></li><li><p>国产/进口：国产</p></li><li><p>分类：松子</p></li><li><p>包装：其它　</p></li><li><p>包装单位：袋装</p></li></ul><p class=\"more-par\"><img data-lazyload=\"//img30.360buyimg.com/popWareDetail/jfs/t2896/179/505289072/230040/a848de99/57175623N72c7af09.jpg\" alt=\"\" id=\"c31b74f5d0914a26babaeb7be5e30b25\"/>&nbsp; \n<img data-lazyload=\"//img30.360buyimg.com/popWareDetail/jfs/t2740/55/517409922/322817/a718d4a3/57175624Na185d8fd.jpg\" alt=\"\" id=\"96b889a1e3fe4d978aedcbfa1f990e19\"/><br/></p><p><img src=\"/Storage/Shop/1/Products/699/remark/d7ba33dba2604266948cf04ddf8fb4f6.jpg\" alt=\"\" id=\"703ae2825c3f45778006bcdffbb0fe29\"/><br/><img src=\"/Storage/Shop/1/Products/699/remark/191d7e6a43654ce8b2280c27380564a8.gif\" alt=\"\" id=\"a23768f1ef5247f19f3f46f0bbb5621f\"/><br/><img src=\"/Storage/Shop/1/Products/699/remark/9fc896b22b1f4d26b581d7b3f95fd190.jpg\" alt=\"\" id=\"f870a148d5644cef9d77964dd8464fc8\"/><br/><img src=\"/Storage/Shop/1/Products/699/remark/2e5289f656fa41ceb8ea76f020ac8057.jpg\" alt=\"\" id=\"2659821d3e50424bb5da676954720e01\"/><br/><br/><br/><img src=\"/Storage/Shop/1/Products/699/remark/97917f77ad1c473b94ffcd4dd7107a1d.jpg\" alt=\"\" id=\"6c992aadac684e7088ebbb8ead53d017\"/><br/><img src=\"/Storage/Shop/1/Products/699/remark/323cb8c17231453388cd4feb6b3ec6c1.jpg\" alt=\"\" id=\"8ad9e83975284676bcb3018de83696f1\"/></p>', '0', '0', null, null, null, '<ul id=\"parameter-brand\" class=\"p-parameter-list list-paddingleft-2\"><li><p>品牌： <a href=\"https://list.jd.com/list.html?cat=1320,1583,1591&ev=exbrand_27776\" clstag=\"shangpin|keycount|product|pinpai_2\" target=\"_blank\">三只松鼠（Three Squireels）</a>\n &nbsp; &nbsp; &nbsp; &nbsp; &nbsp; &nbsp; &nbsp; &nbsp; &nbsp; &nbsp; &nbsp; &nbsp; &nbsp; &nbsp; &nbsp; &nbsp;<a href=\"https://item.jd.com/1013722242.html#none\" clstag=\"shangpin|keycount|product|guanzhupinpai\" class=\"follow-brand btn-def\"><strong>♥</strong>关注</a></p></li></ul><ul id=\"parameter2\" class=\"p-parameter-list list-paddingleft-2\"><li><p>商品名称：三只松鼠_开口松子218gx2袋零食坚果特产炒货东北红松子原味</p></li><li><p>商品编号：1013722242</p></li><li><p>店铺： <a href=\"https://3songshu.jd.com/\" target=\"_blank\">三只松鼠旗舰店</a></p></li><li><p>商品毛重：436.00g</p></li><li><p>货号：D6956511900336</p></li><li><p>口味：原味</p></li><li><p>价位：30-59</p></li><li><p>特性：带皮</p></li><li><p>国产/进口：国产</p></li><li><p>分类：松子</p></li><li><p>包装：其它　</p></li><li><p>包装单位：袋装</p></li></ul><p class=\"more-par\"><a href=\"https://item.jd.com/1013722242.html#product-detail\" class=\"J-more-param\">更多参数&gt;&gt;</a></p><p><br/></p><table cellspacing=\"0\" cellpadding=\"0\" width=\"990\" style=\"width: 625px;\"><tbody><tr class=\"firstRow\"><td colspan=\"4\"><a href=\"https://3songshu.jd.com/\" target=\"_blank\"><img alt=\"\" src=\"/Storage/Shop/1/Products/699/remark/15e7dd618a5746409c4d45ddba479616.jpg\" width=\"990\" height=\"395\"/></a></td></tr><tr><td><a href=\"https://coupon.jd.com/ilink/couponActiveFront/front_index.action?key=5990c0f2cd434a1e9e6d742ef4f6e1aa&roleId=5476594&to=3songshu.jd.com\" target=\"_blank\"><img alt=\"\" src=\"/Storage/Shop/1/Products/699/remark/e78448388eb343bebb8197df77cadb3f.jpg\" width=\"248\" height=\"162\"/></a></td><td><a href=\"https://coupon.jd.com/ilink/couponActiveFront/front_index.action?key=8ab86e0bf1104170b5afdd223e06d8e3&roleId=5476598&to=3songshu.jd.com\" target=\"_blank\"><img alt=\"\" src=\"/Storage/Shop/1/Products/699/remark/de95e4db91ad4e799d078249b963d1e6.jpg\" width=\"248\" height=\"162\"/></a></td><td><a href=\"https://sale.jd.com/act/GpvHiy6rSxjYd1NT.html\" target=\"_blank\"><img alt=\"\" src=\"/Storage/Shop/1/Products/699/remark/4d01d45845e240e3bccac652aedd537d.jpg\" width=\"248\" height=\"162\"/></a></td><td><a href=\"https://sale.jd.com/act/zlbyo5YPFsp.html\" target=\"_blank\"><img alt=\"\" src=\"/Storage/Shop/1/Products/699/remark/e2b2c894318d4164a03060b26f51c68d.jpg\" width=\"246\" height=\"162\"/></a></td></tr><tr><td><a href=\"https://item.jd.com/1014341394.html\" target=\"_blank\"><img alt=\"\" src=\"/Storage/Shop/1/Products/699/remark/e15455a9770f404c8f97f5be08c3924a.jpg\"/></a></td><td><a href=\"https://item.jd.com/1018421638.html\" target=\"_blank\"><img alt=\"\" src=\"/Storage/Shop/1/Products/699/remark/47b8dc6e31da4d269fb08431ff74cfc7.jpg\"/></a></td><td><a href=\"https://item.jd.com/10061035713.html\" target=\"_blank\"><img alt=\"\" src=\"/Storage/Shop/1/Products/699/remark/47cf5e3414eb4572b0be438694d97f56.jpg\" width=\"248\" height=\"270\"/></a></td><td><a href=\"https://item.jd.com/10900859415.html\" target=\"_blank\"><img alt=\"\" src=\"/Storage/Shop/1/Products/699/remark/b7bfbd55b7194f8cb26a1807e8a6c34a.jpg\" width=\"246\" height=\"270\"/></a></td></tr><tr><td><a href=\"https://item.jd.com/1582161447.html\" target=\"_blank\"><img alt=\"\" src=\"/Storage/Shop/1/Products/699/remark/33ae1888ff794c95bd1dd46a8c49446a.jpg\" width=\"248\" height=\"280\"/></a></td><td><a href=\"https://item.jd.com/1601589482.html\" target=\"_blank\"><img alt=\"\" src=\"/Storage/Shop/1/Products/699/remark/6e6575f29f384cb2900cddbfcccaf072.jpg\" width=\"248\" height=\"280\"/></a></td><td><a href=\"https://item.jd.com/1601632347.html\" target=\"_blank\"><img alt=\"\" src=\"/Storage/Shop/1/Products/699/remark/9e42d5a8bc194515bd1fbd7308c7bd2e.jpg\" width=\"248\" height=\"280\"/></a></td><td><a href=\"https://item.jd.com/10422380333.html\" target=\"_blank\"><img alt=\"\" src=\"/Storage/Shop/1/Products/699/remark/f90d704c604b484fa0e8c50bde8bba0f.jpg\" width=\"246\" height=\"280\"/></a></td></tr></tbody></table><p><br/> <img data-lazyload=\"//img30.360buyimg.com/popWareDetail/jfs/t2245/136/2729287964/322296/b680fe4/57175621Nbd4579e3.jpg\" alt=\"\" id=\"00e007caa37e4b25b575fbd254717de2\"/> <br/> <img data-lazyload=\"//img30.360buyimg.com/popWareDetail/jfs/t1951/76/2727596032/343744/184b0fc2/57175622Nd678d2bf.jpg\" alt=\"\" id=\"efb55fbeed4e4ba6b3bb1b2781f7c4aa\"/> <br/> <img data-lazyload=\"//img30.360buyimg.com/popWareDetail/jfs/t2875/147/518214398/282404/3080f341/57175622Neaa9da14.jpg\" alt=\"\" id=\"80c4974024794684808b46e9bc92cc01\"/> <br/> <img data-lazyload=\"//img30.360buyimg.com/popWareDetail/jfs/t2158/340/2790905661/192550/f04844eb/57175622Neb3b4a1a.jpg\" alt=\"\" id=\"ff1164dc67784b719e4afedb14ea4182\"/> <br/> <img data-lazyload=\"//img30.360buyimg.com/popWareDetail/jfs/t2716/225/515636023/365982/cf73b87d/57175623Ne40c1a7c.jpg\" alt=\"\" id=\"178501f9309f4f1a88b79bd0c399683a\"/> <br/> <img data-lazyload=\"//img30.360buyimg.com/popWareDetail/jfs/t2803/307/513296203/265046/cd0b0eb2/57175623Nbfc86251.jpg\" alt=\"\" id=\"967e7b85f87b4a9d848e1723693144b7\"/> <br/> <img data-lazyload=\"//img30.360buyimg.com/popWareDetail/jfs/t2896/179/505289072/230040/a848de99/57175623N72c7af09.jpg\" alt=\"\" id=\"c31b74f5d0914a26babaeb7be5e30b25\"/>&nbsp; \n<img data-lazyload=\"//img30.360buyimg.com/popWareDetail/jfs/t2740/55/517409922/322817/a718d4a3/57175624Na185d8fd.jpg\" alt=\"\" id=\"96b889a1e3fe4d978aedcbfa1f990e19\"/><br/></p><p><img src=\"/Storage/Shop/1/Products/699/remark/9735abe458c947c980798d4afba62afa.jpg\" alt=\"\" id=\"703ae2825c3f45778006bcdffbb0fe29\"/><br/><img src=\"/Storage/Shop/1/Products/699/remark/a533973ddced4c23ab0796541b38d42d.gif\" alt=\"\" id=\"a23768f1ef5247f19f3f46f0bbb5621f\"/><br/><img src=\"/Storage/Shop/1/Products/699/remark/f916a971b22544d09174b3cad40d57b1.jpg\" alt=\"\" id=\"f870a148d5644cef9d77964dd8464fc8\"/><br/><img src=\"/Storage/Shop/1/Products/699/remark/3b8cd6817ef64183aa3da95c6e7bb9be.jpg\" alt=\"\" id=\"2659821d3e50424bb5da676954720e01\"/><br/><br/><br/><img src=\"/Storage/Shop/1/Products/699/remark/950ba545abfc4109b4a9e96c5bd0ee28.jpg\" alt=\"\" id=\"6c992aadac684e7088ebbb8ead53d017\"/><br/><img src=\"/Storage/Shop/1/Products/699/remark/a340088180664b4597f7744bdc555385.jpg\" alt=\"\" id=\"8ad9e83975284676bcb3018de83696f1\"/></p>');
INSERT INTO `himall_productdescriptions` VALUES ('0', '700', null, '<ul id=\"parameter-brand\" class=\"p-parameter-list list-paddingleft-2\"><li><p>品牌： <a href=\"https://list.jd.com/list.html?cat=1320,1583,1591&ev=exbrand_27776\" clstag=\"shangpin|keycount|product|pinpai_2\" target=\"_blank\">三只松鼠（Three Squireels）</a>\n &nbsp; &nbsp; &nbsp; &nbsp; &nbsp; &nbsp; &nbsp; &nbsp; &nbsp; &nbsp; &nbsp; &nbsp; &nbsp; &nbsp; &nbsp; &nbsp;<a href=\"https://item.jd.com/1014341394.html#none\" clstag=\"shangpin|keycount|product|guanzhupinpai\" class=\"follow-brand btn-def\"><strong>♥</strong>关注</a></p></li><li><p>商品名称：三只松鼠_碧根果210gx2袋零食坚果炒货山核桃长寿果干果奶油味</p></li><li><p>商品编号：1014341394</p></li><li><p>店铺： <a href=\"https://3songshu.jd.com/\" target=\"_blank\">三只松鼠旗舰店</a></p></li><li><p>商品毛重：420.00g</p></li><li><p>口味：奶油味</p></li><li><p>价位：30-59</p></li><li><p>特性：带皮</p></li><li><p>国产/进口：国产</p></li><li><p>分类：长寿果/碧根果</p></li><li><p>包装：其它　</p></li><li><p>包装单位：袋装</p></li></ul><ul id=\"parameter2\" class=\"p-parameter-list list-paddingleft-2\"></ul><p><img data-lazyload=\"//img30.360buyimg.com/popWareDetail/jfs/t2962/256/1352317913/359033/f9e92b49/577f69b9N44427198.jpg\" alt=\"\" id=\"f6a2a587fa6e4f6080440347845954aa\"/> &nbsp; &nbsp; &nbsp; &nbsp; &nbsp; &nbsp; &nbsp; &nbsp; &nbsp; &nbsp; &nbsp; &nbsp; &nbsp; &nbsp;<br/></p><p><img src=\"/Storage/Shop/1/Products/700/remark/4d55a51dd68d4425b6076cc536b14c7c.jpg\" alt=\"\" id=\"703ae2825c3f45778006bcdffbb0fe29\"/><br/><img src=\"/Storage/Shop/1/Products/700/remark/434441ee2ff048aa816cd13c26dd4d00.gif\" alt=\"\" id=\"a23768f1ef5247f19f3f46f0bbb5621f\"/><br/><img src=\"/Storage/Shop/1/Products/700/remark/2246ef998b9c4fcda2867d498a00145d.jpg\" alt=\"\" id=\"f870a148d5644cef9d77964dd8464fc8\"/><br/><img src=\"/Storage/Shop/1/Products/700/remark/651735812f9a4b04917d777b13addf75.jpg\" alt=\"\" id=\"2659821d3e50424bb5da676954720e01\"/><br/><br/><br/><img src=\"/Storage/Shop/1/Products/700/remark/d735674e96574c23afc6ce07435737c3.jpg\" alt=\"\" id=\"6c992aadac684e7088ebbb8ead53d017\"/><br/><img src=\"/Storage/Shop/1/Products/700/remark/44117f01d1f841b9a62cf55c4c325739.jpg\" alt=\"\" id=\"8ad9e83975284676bcb3018de83696f1\"/></p>', '0', '0', null, null, null, '<ul id=\"parameter-brand\" class=\"p-parameter-list list-paddingleft-2\"><li><p>品牌： <a href=\"https://list.jd.com/list.html?cat=1320,1583,1591&ev=exbrand_27776\" clstag=\"shangpin|keycount|product|pinpai_2\" target=\"_blank\">三只松鼠（Three Squireels）</a>\n &nbsp; &nbsp; &nbsp; &nbsp; &nbsp; &nbsp; &nbsp; &nbsp; &nbsp; &nbsp; &nbsp; &nbsp; &nbsp; &nbsp; &nbsp; &nbsp;<a href=\"https://item.jd.com/1014341394.html#none\" clstag=\"shangpin|keycount|product|guanzhupinpai\" class=\"follow-brand btn-def\"><strong>♥</strong>关注</a></p></li></ul><ul id=\"parameter2\" class=\"p-parameter-list list-paddingleft-2\"><li><p>商品名称：三只松鼠_碧根果210gx2袋零食坚果炒货山核桃长寿果干果奶油味</p></li><li><p>商品编号：1014341394</p></li><li><p>店铺： <a href=\"https://3songshu.jd.com/\" target=\"_blank\">三只松鼠旗舰店</a></p></li><li><p>商品毛重：420.00g</p></li><li><p>口味：奶油味</p></li><li><p>价位：30-59</p></li><li><p>特性：带皮</p></li><li><p>国产/进口：国产</p></li><li><p>分类：长寿果/碧根果</p></li><li><p>包装：其它　</p></li><li><p>包装单位：袋装</p></li></ul><table cellspacing=\"0\" cellpadding=\"0\" width=\"990\" style=\"width: 625px;\"><tbody><tr class=\"firstRow\"><td colspan=\"4\"><a href=\"https://3songshu.jd.com/\" target=\"_blank\"><img alt=\"\" src=\"/Storage/Shop/1/Products/700/remark/79267d0140574797bdd8c7771a0a5a89.jpg\" width=\"990\" height=\"395\"/></a></td></tr><tr><td><a href=\"https://coupon.jd.com/ilink/couponActiveFront/front_index.action?key=5990c0f2cd434a1e9e6d742ef4f6e1aa&roleId=5476594&to=3songshu.jd.com\" target=\"_blank\"><img alt=\"\" src=\"/Storage/Shop/1/Products/700/remark/e2e8af6487a94144a59b28dd30aa7db5.jpg\" width=\"248\" height=\"162\"/></a></td><td><a href=\"https://coupon.jd.com/ilink/couponActiveFront/front_index.action?key=8ab86e0bf1104170b5afdd223e06d8e3&roleId=5476598&to=3songshu.jd.com\" target=\"_blank\"><img alt=\"\" src=\"/Storage/Shop/1/Products/700/remark/3d84ac70d34c47fa8b195b9c35bbd444.jpg\" width=\"248\" height=\"162\"/></a></td><td><a href=\"https://sale.jd.com/act/GpvHiy6rSxjYd1NT.html\" target=\"_blank\"><img alt=\"\" src=\"/Storage/Shop/1/Products/700/remark/3e00e92f176248d39de9f2c8fafd5ce3.jpg\" width=\"248\" height=\"162\"/></a></td><td><a href=\"https://sale.jd.com/act/zlbyo5YPFsp.html\" target=\"_blank\"><img alt=\"\" src=\"/Storage/Shop/1/Products/700/remark/f3b1ff90de8e4f498a545ef9fc5264fe.jpg\" width=\"246\" height=\"162\"/></a></td></tr><tr><td><a href=\"https://item.jd.com/1014341394.html\" target=\"_blank\"><img alt=\"\" src=\"/Storage/Shop/1/Products/700/remark/59c2ff30c80e4d1baec4522f4ca91cb6.jpg\"/></a></td><td><a href=\"https://item.jd.com/1018421638.html\" target=\"_blank\"><img alt=\"\" src=\"/Storage/Shop/1/Products/700/remark/f3c43e7884ea413ba2f36bd480135ffc.jpg\"/></a></td><td><a href=\"https://item.jd.com/10061035713.html\" target=\"_blank\"><img alt=\"\" src=\"/Storage/Shop/1/Products/700/remark/637d595d9c3b42c4bb5eba6dcd9598fd.jpg\" width=\"248\" height=\"270\"/></a></td><td><a href=\"https://item.jd.com/10900859415.html\" target=\"_blank\"><img alt=\"\" src=\"/Storage/Shop/1/Products/700/remark/2af11750981449478ce5431a498b31c7.jpg\" width=\"246\" height=\"270\"/></a></td></tr><tr><td><a href=\"https://item.jd.com/1582161447.html\" target=\"_blank\"><img alt=\"\" src=\"/Storage/Shop/1/Products/700/remark/52dcf10318d54b348101188dc6e53d59.jpg\" width=\"248\" height=\"280\"/></a></td><td><a href=\"https://item.jd.com/1601589482.html\" target=\"_blank\"><img alt=\"\" src=\"/Storage/Shop/1/Products/700/remark/abea2564535c4c11baff926bc8afab84.jpg\" width=\"248\" height=\"280\"/></a></td><td><a href=\"https://item.jd.com/1601632347.html\" target=\"_blank\"><img alt=\"\" src=\"/Storage/Shop/1/Products/700/remark/cd6f1f918b2d47fd9eeff6cdae5fccf6.jpg\" width=\"248\" height=\"280\"/></a></td><td><a href=\"https://item.jd.com/10422380333.html\" target=\"_blank\"><img alt=\"\" src=\"/Storage/Shop/1/Products/700/remark/ce71588e28954557a9762c175ad980e7.jpg\" width=\"246\" height=\"280\"/></a></td></tr></tbody></table><p><br/> <img data-lazyload=\"//img30.360buyimg.com/popWareDetail/jfs/t2962/256/1352317913/359033/f9e92b49/577f69b9N44427198.jpg\" alt=\"\" id=\"f6a2a587fa6e4f6080440347845954aa\"/> <br/> <img data-lazyload=\"//img30.360buyimg.com/popWareDetail/jfs/t2857/172/3153596383/366743/6beec3a3/577f69baNcdf6fd21.jpg\" alt=\"\" id=\"2f3f3f21793144a7966928be4522cb2a\"/> <br/> <img data-lazyload=\"//img30.360buyimg.com/popWareDetail/jfs/t2767/205/3071018575/258802/e916e77b/577f69baN732dec17.jpg\" alt=\"\" id=\"b8d4181ad0ec415681f8b988a1136cbf\"/> <br/> <img data-lazyload=\"//img30.360buyimg.com/popWareDetail/jfs/t2659/156/3068442824/290977/338a8272/577f69baN8421c8d2.jpg\" alt=\"\" id=\"858493231faa437994eadeb3393b9af0\"/> <br/> <img data-lazyload=\"//img30.360buyimg.com/popWareDetail/jfs/t2713/214/3061292493/283475/5c4b26a2/577f69bbN24b6fe15.jpg\" alt=\"\" id=\"78240579295648a1987d43a63a7294d9\"/> <br/> <img data-lazyload=\"//img30.360buyimg.com/popWareDetail/jfs/t2836/213/3014207267/240880/ac2c122c/577f69bbN12f3f496.jpg\" alt=\"\" id=\"eafeed7018004872bdd9b8addb047faf\"/> <br/> <img data-lazyload=\"//img30.360buyimg.com/popWareDetail/jfs/t2848/255/3065723508/365685/73b154ba/577f69bcN279b563c.jpg\" alt=\"\" id=\"3d1726d2fc4741529b2a4ea0762bb0fe\"/>\n &nbsp; &nbsp; &nbsp; &nbsp; &nbsp; &nbsp; &nbsp; &nbsp; &nbsp; &nbsp; &nbsp; &nbsp; &nbsp; &nbsp;<br/></p><p><img src=\"/Storage/Shop/1/Products/700/remark/18aa0715b15a4f4cba60df6defab6132.jpg\" alt=\"\" id=\"703ae2825c3f45778006bcdffbb0fe29\"/><br/><img src=\"/Storage/Shop/1/Products/700/remark/d9d4c9f3f94f4b62bd0d41caf75f3fd9.gif\" alt=\"\" id=\"a23768f1ef5247f19f3f46f0bbb5621f\"/><br/><img src=\"/Storage/Shop/1/Products/700/remark/444f3ed84f154aa18241d373d04675ab.jpg\" alt=\"\" id=\"f870a148d5644cef9d77964dd8464fc8\"/><br/><img src=\"/Storage/Shop/1/Products/700/remark/06978b1ffd784cdc9b10a8ab6e8b4f52.jpg\" alt=\"\" id=\"2659821d3e50424bb5da676954720e01\"/><br/><br/><br/><img src=\"/Storage/Shop/1/Products/700/remark/f9a927d07e8b4e7f84d5ae76ebbcce4f.jpg\" alt=\"\" id=\"6c992aadac684e7088ebbb8ead53d017\"/><br/><img src=\"/Storage/Shop/1/Products/700/remark/9f712a42a89a435aabcfc5d453ebb8b4.jpg\" alt=\"\" id=\"8ad9e83975284676bcb3018de83696f1\"/></p>');
INSERT INTO `himall_productdescriptions` VALUES ('0', '701', null, '<ul id=\"parameter-brand\" class=\"p-parameter-list list-paddingleft-2\"><li><p>品牌： <a href=\"https://list.jd.com/list.html?cat=1320,1583,1591&ev=exbrand_27776\" clstag=\"shangpin|keycount|product|pinpai_2\" target=\"_blank\">三只松鼠（Three Squireels）</a>\n &nbsp; &nbsp; &nbsp; &nbsp; &nbsp; &nbsp; &nbsp; &nbsp; &nbsp; &nbsp; &nbsp; &nbsp; &nbsp; &nbsp; &nbsp; &nbsp;<a href=\"https://item.jd.com/2518067.html#none\" clstag=\"shangpin|keycount|product|guanzhupinpai\" class=\"follow-brand btn-def\"><strong>♥</strong>关注</a></p></li></ul><ul id=\"parameter2\" class=\"p-parameter-list list-paddingleft-2\"><li><p>商品名称：三只松鼠纸皮核桃</p></li><li><p>商品编号：2518067</p></li><li><p>商品毛重：210.00g</p></li><li><p>商品产地：浙江省</p></li><li><p>口味：原味</p></li><li><p>特性：带皮</p></li><li><p>国产/进口：国产</p></li><li><p>价位：10-29</p></li><li><p>分类：核桃</p></li><li><p>包装单位：袋装</p></li></ul><p class=\"more-par\"><a href=\"https://item.jd.com/2518067.html#product-detail\" class=\"J-more-param\">更多参数&gt;&gt;</a></p><p><br/></p><p><a target=\"_blank\" href=\"https://sale.jd.com/act/ZnDo10XW3q.html\"><img data-lazyload=\"done\" alt=\"\" src=\"/Storage/Shop/1/Products/701/remark/45f30c939842413b9dfaf007e147fb07.jpg\"/></a></p><table id=\"__01\" cellspacing=\"0\" cellpadding=\"0\" align=\"center\" width=\"750\" height=\"4725\" style=\"width: 625px;\"><tbody><tr class=\"firstRow\"><td><img data-lazyload=\"done\" alt=\"\" src=\"/Storage/Shop/1/Products/701/remark/5ba122f4cbe94aeb92ff39826aaae5e4.jpg\" width=\"750\" height=\"505\"/></td></tr><tr><td><img data-lazyload=\"done\" alt=\"\" src=\"/Storage/Shop/1/Products/701/remark/9dbf992cf0b04c6e8a1439f35a8ab901.jpg\" width=\"750\" height=\"627\"/></td></tr><tr><td><img data-lazyload=\"done\" alt=\"\" src=\"/Storage/Shop/1/Products/701/remark/935742a9263d44c5b06e56311071bb59.jpg\" width=\"750\" height=\"544\"/></td></tr><tr><td><img data-lazyload=\"done\" alt=\"\" src=\"/Storage/Shop/1/Products/701/remark/3e41f087260b4e46a0f4549833fc1560.jpg\" width=\"750\" height=\"580\"/></td></tr><tr><td><img data-lazyload=\"done\" alt=\"\" src=\"/Storage/Shop/1/Products/701/remark/caf5e9df00e24f839ab43d29f8d1a27a.jpg\" width=\"750\" height=\"451\"/></td></tr><tr><td><img data-lazyload=\"done\" alt=\"\" src=\"/Storage/Shop/1/Products/701/remark/1bb5d9fe1b4d4e378902107de1a89e41.jpg\" width=\"750\" height=\"528\"/></td></tr><tr><td><img data-lazyload=\"done\" alt=\"\" src=\"/Storage/Shop/1/Products/701/remark/f3610c346e184469bac0bccddfb445d5.jpg\" width=\"750\" height=\"444\"/></td></tr><tr><td><img data-lazyload=\"done\" alt=\"\" src=\"/Storage/Shop/1/Products/701/remark/21e0077b40a44b3fbac317172042f267.jpg\" width=\"750\" height=\"485\"/></td></tr><tr><td><img data-lazyload=\"done\" alt=\"\" src=\"/Storage/Shop/1/Products/701/remark/b27d038feb2f46cebf4db15fc2415351.jpg\" width=\"750\" height=\"561\"/></td></tr></tbody></table>', '0', '0', null, null, null, '<ul id=\"parameter-brand\" class=\"p-parameter-list list-paddingleft-2\"><li><p>品牌： <a href=\"https://list.jd.com/list.html?cat=1320,1583,1591&ev=exbrand_27776\" clstag=\"shangpin|keycount|product|pinpai_2\" target=\"_blank\">三只松鼠（Three Squireels）</a>\n &nbsp; &nbsp; &nbsp; &nbsp; &nbsp; &nbsp; &nbsp; &nbsp; &nbsp; &nbsp; &nbsp; &nbsp; &nbsp; &nbsp; &nbsp; &nbsp;<a href=\"https://item.jd.com/2518067.html#none\" clstag=\"shangpin|keycount|product|guanzhupinpai\" class=\"follow-brand btn-def\"><strong>♥</strong>关注</a></p></li></ul><ul id=\"parameter2\" class=\"p-parameter-list list-paddingleft-2\"><li><p>商品名称：三只松鼠纸皮核桃</p></li><li><p>商品编号：2518067</p></li><li><p>商品毛重：210.00g</p></li><li><p>商品产地：浙江省</p></li><li><p>口味：原味</p></li><li><p>特性：带皮</p></li><li><p>国产/进口：国产</p></li><li><p>价位：10-29</p></li><li><p>分类：核桃</p></li><li><p>包装单位：袋装</p></li></ul><p class=\"more-par\"><a href=\"https://item.jd.com/2518067.html#product-detail\" class=\"J-more-param\">更多参数&gt;&gt;</a></p><p><br/></p><p><a target=\"_blank\" href=\"https://sale.jd.com/act/ZnDo10XW3q.html\"><img data-lazyload=\"done\" alt=\"\" src=\"/Storage/Shop/1/Products/701/remark/a2c4c9e794c0425e963d0cfa08e6e8e8.jpg\"/></a></p><table id=\"__01\" cellspacing=\"0\" cellpadding=\"0\" align=\"center\" width=\"750\" height=\"4725\" style=\"width: 625px;\"><tbody><tr class=\"firstRow\"><td><img data-lazyload=\"done\" alt=\"\" src=\"/Storage/Shop/1/Products/701/remark/4b5680e49b0240e2a1dd39b13b2cd6bf.jpg\" width=\"750\" height=\"505\"/></td></tr><tr><td><img data-lazyload=\"done\" alt=\"\" src=\"/Storage/Shop/1/Products/701/remark/5f8202f4d8374d7a93b3b0db52b29eb5.jpg\" width=\"750\" height=\"627\"/></td></tr><tr><td><img data-lazyload=\"done\" alt=\"\" src=\"/Storage/Shop/1/Products/701/remark/dffd8c9fbb9d44a8a54e9cf68d08c863.jpg\" width=\"750\" height=\"544\"/></td></tr><tr><td><img data-lazyload=\"done\" alt=\"\" src=\"/Storage/Shop/1/Products/701/remark/5236817bd887409db17494be1ae632b5.jpg\" width=\"750\" height=\"580\"/></td></tr><tr><td><img data-lazyload=\"done\" alt=\"\" src=\"/Storage/Shop/1/Products/701/remark/32f827e4d32a49039613dcc7d1a3e68f.jpg\" width=\"750\" height=\"451\"/></td></tr><tr><td><img data-lazyload=\"done\" alt=\"\" src=\"/Storage/Shop/1/Products/701/remark/b702549151a0435abfbf9b7d5cd68fec.jpg\" width=\"750\" height=\"528\"/></td></tr><tr><td><img data-lazyload=\"done\" alt=\"\" src=\"/Storage/Shop/1/Products/701/remark/50e964e479eb43d88447a285fa1e83fa.jpg\" width=\"750\" height=\"444\"/></td></tr><tr><td><img data-lazyload=\"done\" alt=\"\" src=\"/Storage/Shop/1/Products/701/remark/ef4eafe237124d68aafb31dc81a0f8a2.jpg\" width=\"750\" height=\"485\"/></td></tr><tr><td><img data-lazyload=\"done\" alt=\"\" src=\"/Storage/Shop/1/Products/701/remark/e94f4cafaa32478aad74d4fef87406d9.jpg\" width=\"750\" height=\"561\"/></td></tr></tbody></table>');
INSERT INTO `himall_productdescriptions` VALUES ('0', '702', null, '<p>产品信息 &nbsp; &nbsp;<span class=\"s2\">Product Information</span>\n &nbsp;</p><table cellspacing=\"6\" cellpadding=\"0\" align=\"center\" width=\"750\" style=\"width: 625px;\"><tbody><tr class=\"firstRow\"><td><img data-lazyload=\"done\" src=\"/Storage/Shop/1/Products/702/remark/cda4ec6fc4334447a2b579e89c735915.jpg\"/></td><td><p class=\"formwork_titleleft\">卫龙 休闲零食 面筋（辣条） 22g*20包</p><p class=\"formwork_titleleft2\">品牌： 卫龙<br/>配料： 小麦粉，生活饮用水，植物油，食用盐，白砂糖， \n香辛料，食品添加剂（谷氨酸钠、单硬脂酸甘油酯、甜蜜素、5‘-呈味甘酸二钠、阿斯巴甜（含苯丙氨酸）、复配糕点防腐剂（水溶（脱氢乙酸钠、柠檬酸钠、葡萄糖酸-δ-内脂））、复配糕点防腐剂（脂溶（山梨酸、蒸馏单硬脂酸甘油酯、蔗糖脂肪酸酯））、三氯蔗糖、糖精钠、特丁基对苯二酚、食用香精）<br/>净含量： 440g<br/>保质期： 120天<br/>储存方法： 阴凉干燥处<br/>生产许可证号： QS411107010002<br/>产品执行标准：DB41/T 515<br/>产地：河南漯河市<br/>致敏源：本品含辣椒、小麦及其制品、大豆及其制品，可能导致过敏<br/></p></td></tr></tbody></table><p>产品展示 &nbsp; &nbsp;<span class=\"s2\">Products Exhibition</span>\n &nbsp;</p><p><img data-lazyload=\"done\" src=\"/Storage/Shop/1/Products/702/remark/807329c1150d44e0903d34bc953dade0.jpg\"/></p><p><img data-lazyload=\"done\" src=\"/Storage/Shop/1/Products/702/remark/5796f9c809064699b0f9d6621cc8084f.jpg\"/></p><p><img data-lazyload=\"done\" src=\"/Storage/Shop/1/Products/702/remark/687ffef7b9f0483c889f6d4901c59aec.jpg\"/></p><p><img data-lazyload=\"done\" src=\"/Storage/Shop/1/Products/702/remark/8504be201230441293a4d674c6510496.jpg\"/></p><p><br/></p>', '0', '0', null, null, null, '<p>产品信息 &nbsp; &nbsp;<span class=\"s2\">Product Information</span>\n &nbsp;</p><table cellspacing=\"6\" cellpadding=\"0\" align=\"center\" width=\"750\" style=\"width: 625px;\"><tbody><tr class=\"firstRow\"><td><img data-lazyload=\"done\" src=\"/Storage/Shop/1/Products/702/remark/42ee086b138e4c8dbae073780b78994f.jpg\"/></td><td><p class=\"formwork_titleleft\">卫龙 休闲零食 面筋（辣条） 22g*20包</p><p class=\"formwork_titleleft2\">品牌： 卫龙<br/>配料： 小麦粉，生活饮用水，植物油，食用盐，白砂糖， \n香辛料，食品添加剂（谷氨酸钠、单硬脂酸甘油酯、甜蜜素、5‘-呈味甘酸二钠、阿斯巴甜（含苯丙氨酸）、复配糕点防腐剂（水溶（脱氢乙酸钠、柠檬酸钠、葡萄糖酸-δ-内脂））、复配糕点防腐剂（脂溶（山梨酸、蒸馏单硬脂酸甘油酯、蔗糖脂肪酸酯））、三氯蔗糖、糖精钠、特丁基对苯二酚、食用香精）<br/>净含量： 440g<br/>保质期： 120天<br/>储存方法： 阴凉干燥处<br/>生产许可证号： QS411107010002<br/>产品执行标准：DB41/T 515<br/>产地：河南漯河市<br/>致敏源：本品含辣椒、小麦及其制品、大豆及其制品，可能导致过敏<br/></p></td></tr></tbody></table><p>产品展示 &nbsp; &nbsp;<span class=\"s2\">Products Exhibition</span>\n &nbsp;</p><p><img data-lazyload=\"done\" src=\"/Storage/Shop/1/Products/702/remark/f5c5df0dd41248ef9ca110cd726c7c22.jpg\"/></p><p><img data-lazyload=\"done\" src=\"/Storage/Shop/1/Products/702/remark/c22c45fac120414698d6c54de70dbb3b.jpg\"/></p><p><img data-lazyload=\"done\" src=\"/Storage/Shop/1/Products/702/remark/7bde798d0fcb43669fc81253ad6693fe.jpg\"/></p><p><img data-lazyload=\"done\" src=\"/Storage/Shop/1/Products/702/remark/8aec34eabbd04416ae67db6d0329e231.jpg\"/></p><p><br/></p>');
INSERT INTO `himall_productdescriptions` VALUES ('0', '703', null, '<table id=\"__01\" cellspacing=\"0\" cellpadding=\"0\" align=\"center\" width=\"750\" height=\"2879\" style=\"width: 625px;\"><tbody><tr class=\"firstRow\"><td><img data-lazyload=\"done\" alt=\"\" src=\"/Storage/Shop/1/Products/703/remark/1fd12792fee34e6f8d079b9e17865af3.jpg\" width=\"750\" height=\"498\"/></td></tr><tr><td><img data-lazyload=\"done\" alt=\"\" src=\"/Storage/Shop/1/Products/703/remark/bd9b29648b6749a3b4432edfd4fcb508.jpg\" width=\"750\" height=\"523\"/></td></tr><tr><td><img data-lazyload=\"done\" alt=\"\" src=\"/Storage/Shop/1/Products/703/remark/19e09bc1705e43bea6ac6f2ad8536aca.jpg\" width=\"750\" height=\"369\"/></td></tr><tr><td><img data-lazyload=\"done\" alt=\"\" src=\"/Storage/Shop/1/Products/703/remark/d9141ed772fb4b2f98250b72a26cbac4.jpg\" width=\"750\" height=\"681\"/></td></tr></tbody></table>', '0', '0', null, null, null, '<table id=\"__01\" cellspacing=\"0\" cellpadding=\"0\" align=\"center\" width=\"750\" height=\"2879\" style=\"width: 625px;\"><tbody><tr class=\"firstRow\"><td><img data-lazyload=\"done\" alt=\"\" src=\"/Storage/Shop/1/Products/703/remark/eda89b3e5d6d4ff2b5c18545381919d5.jpg\" width=\"750\" height=\"498\"/></td></tr><tr><td><img data-lazyload=\"done\" alt=\"\" src=\"/Storage/Shop/1/Products/703/remark/ade31a857cd04e79b7ba6e840ce3eedd.jpg\" width=\"750\" height=\"523\"/></td></tr><tr><td><img data-lazyload=\"done\" alt=\"\" src=\"/Storage/Shop/1/Products/703/remark/0a248c66d6e2499d888b955d74ed91c5.jpg\" width=\"750\" height=\"369\"/></td></tr><tr><td><img data-lazyload=\"done\" alt=\"\" src=\"/Storage/Shop/1/Products/703/remark/8d8741330a634584b320aeb8e05285fc.jpg\" width=\"750\" height=\"681\"/></td></tr></tbody></table>');
INSERT INTO `himall_productdescriptions` VALUES ('0', '704', null, '<p><img alt=\"\" class=\"\" src=\"/Storage/Shop/1/Products/704/remark/73462193f99247a1b7f19d517f225fac.jpg\"/></p><p><img alt=\"\" class=\"\" src=\"/Storage/Shop/1/Products/704/remark/034fb1533972467c815fbb42ea4ad873.jpg\" width=\"730\" height=\"1046\"/></p><p>尺码 &nbsp; <span style=\"font-size:14px; padding-left:20px;\">因不同的计量方法，测量允许1-3cm内误差（CM）</span></p><table cellspacing=\"0\" cellpadding=\"0\" align=\"center\" width=\"730\" style=\"width: 625px;\"><tbody><tr class=\"firstRow\"><td style=\"border-color: rgb(241, 241, 241);\" align=\"center\">身高/净腰围/型号</td><td style=\"border-color: rgb(241, 241, 241);\" align=\"center\">肩宽</td><td style=\"border-color: rgb(241, 241, 241);\" align=\"center\">胸围</td><td style=\"border-color: rgb(241, 241, 241);\" align=\"center\">腰围</td><td style=\"border-color: rgb(241, 241, 241);\" align=\"center\">衣长</td><td style=\"border-color: rgb(241, 241, 241);\" align=\"center\">袖长</td></tr><tr><td style=\"border-color: rgb(241, 241, 241);\" align=\"center\">155/76A/XS</td><td style=\"border-color: rgb(241, 241, 241);\" align=\"center\">34.5</td><td style=\"border-color: rgb(241, 241, 241);\" align=\"center\">92</td><td style=\"border-color: rgb(241, 241, 241);\" align=\"center\">/</td><td style=\"border-color: rgb(241, 241, 241);\" align=\"center\">63</td><td style=\"border-color: rgb(241, 241, 241);\" align=\"center\">58</td></tr><tr><td style=\"border-color: rgb(241, 241, 241);\" align=\"center\">160/80A/S</td><td style=\"border-color: rgb(241, 241, 241);\" align=\"center\">35</td><td style=\"border-color: rgb(241, 241, 241);\" align=\"center\">94</td><td style=\"border-color: rgb(241, 241, 241);\" align=\"center\">/</td><td style=\"border-color: rgb(241, 241, 241);\" align=\"center\">64</td><td style=\"border-color: rgb(241, 241, 241);\" align=\"center\">59</td></tr><tr><td style=\"border-color: rgb(241, 241, 241);\" align=\"center\">165/84A/M</td><td style=\"border-color: rgb(241, 241, 241);\" align=\"center\">36</td><td style=\"border-color: rgb(241, 241, 241);\" align=\"center\">98</td><td style=\"border-color: rgb(241, 241, 241);\" align=\"center\">/</td><td style=\"border-color: rgb(241, 241, 241);\" align=\"center\">66</td><td style=\"border-color: rgb(241, 241, 241);\" align=\"center\">60</td></tr><tr><td style=\"border-color: rgb(241, 241, 241);\" align=\"center\">170/88A/L</td><td style=\"border-color: rgb(241, 241, 241);\" align=\"center\">37</td><td style=\"border-color: rgb(241, 241, 241);\" align=\"center\">102</td><td style=\"border-color: rgb(241, 241, 241);\" align=\"center\">/</td><td style=\"border-color: rgb(241, 241, 241);\" align=\"center\">68</td><td style=\"border-color: rgb(241, 241, 241);\" align=\"center\">61</td></tr><tr><td style=\"border-color: rgb(241, 241, 241);\" align=\"center\">175/92A/XL</td><td style=\"border-color: rgb(241, 241, 241);\" align=\"center\">38</td><td style=\"border-color: rgb(241, 241, 241);\" align=\"center\">106</td><td style=\"border-color: rgb(241, 241, 241);\" align=\"center\">/</td><td style=\"border-color: rgb(241, 241, 241);\" align=\"center\">69</td><td style=\"border-color: rgb(241, 241, 241);\" align=\"center\">62</td></tr><tr><td style=\"border-color: rgb(241, 241, 241);\" align=\"center\">175/96A/XXL</td><td style=\"border-color: rgb(241, 241, 241);\" align=\"center\">39</td><td style=\"border-color: rgb(241, 241, 241);\" align=\"center\">110</td><td style=\"border-color: rgb(241, 241, 241);\" align=\"center\">/</td><td style=\"border-color: rgb(241, 241, 241);\" align=\"center\">70</td><td style=\"border-color: rgb(241, 241, 241);\" align=\"center\">62</td></tr></tbody></table><table cellspacing=\"0\" cellpadding=\"0\" width=\"730\" style=\"width: 625px;\"><tbody><tr class=\"firstRow\"><td style=\"font-size:24px; line-height:24px;\" width=\"120\">尺码参考</td><td width=\"44\"><br/></td><td width=\"175\">模特身高179</td><td width=\"91\">胸围82</td><td width=\"103\">臀围88</td><td width=\"98\">腰围60</td><td align=\"right\" width=\"99\">穿着M码</td></tr></tbody></table><table cellspacing=\"0\" cellpadding=\"0\" width=\"730\" style=\"width: 625px;\"><tbody><tr class=\"firstRow\"><td style=\"border-top-color: rgb(204, 204, 204); padding-top: 30px;\" width=\"120\" valign=\"top\"><p>设计卖点</p></td><td width=\"44\"><br/></td><td style=\"border-top-color: rgb(204, 204, 204);\" width=\"566\"><p>● &nbsp; &nbsp; &nbsp; &nbsp; <span style=\"padding-left:12px;\">宽松版型</span></p><p>● &nbsp; &nbsp; &nbsp; &nbsp; <span style=\"padding-left:12px;\">针织面料</span></p></td></tr></tbody></table><table cellspacing=\"0\" cellpadding=\"0\" width=\"730\" style=\"width: 625px;\"><tbody><tr class=\"firstRow\"><td style=\"border-top-color: rgb(204, 204, 204); padding-top: 30px; border-bottom-color: rgb(204, 204, 204); padding-bottom: 50px;\" width=\"120\" valign=\"top\"><p>商品指数</p></td><td style=\"border-bottom-color: rgb(204, 204, 204); padding-bottom: 50px;\" width=\"44\"><br/></td><td style=\"border-top-color: rgb(204, 204, 204); padding-top: 30px; border-bottom-color: rgb(204, 204, 204); padding-bottom: 50px;\" width=\"566\">薄厚指数轻薄薄适中厚加厚</td></tr></tbody></table><p><br/></p>', '0', '0', null, null, null, '<p><img alt=\"\" class=\"\" src=\"/Storage/Shop/1/Products/704/remark/4f1f7449c1224c3cab0de059bcbcc9f8.jpg\"/></p><p><img alt=\"\" class=\"\" src=\"/Storage/Shop/1/Products/704/remark/d88018685655476ca9effb1808d2ecfb.jpg\" width=\"730\" height=\"1046\"/></p><p>尺码 &nbsp; <span style=\"font-size:14px; padding-left:20px;\">因不同的计量方法，测量允许1-3cm内误差（CM）</span></p><table cellspacing=\"0\" cellpadding=\"0\" align=\"center\" width=\"730\" style=\"width: 625px;\"><tbody><tr class=\"firstRow\"><td style=\"border-color: rgb(241, 241, 241);\" align=\"center\">身高/净腰围/型号</td><td style=\"border-color: rgb(241, 241, 241);\" align=\"center\">肩宽</td><td style=\"border-color: rgb(241, 241, 241);\" align=\"center\">胸围</td><td style=\"border-color: rgb(241, 241, 241);\" align=\"center\">腰围</td><td style=\"border-color: rgb(241, 241, 241);\" align=\"center\">衣长</td><td style=\"border-color: rgb(241, 241, 241);\" align=\"center\">袖长</td></tr><tr><td style=\"border-color: rgb(241, 241, 241);\" align=\"center\">155/76A/XS</td><td style=\"border-color: rgb(241, 241, 241);\" align=\"center\">34.5</td><td style=\"border-color: rgb(241, 241, 241);\" align=\"center\">92</td><td style=\"border-color: rgb(241, 241, 241);\" align=\"center\">/</td><td style=\"border-color: rgb(241, 241, 241);\" align=\"center\">63</td><td style=\"border-color: rgb(241, 241, 241);\" align=\"center\">58</td></tr><tr><td style=\"border-color: rgb(241, 241, 241);\" align=\"center\">160/80A/S</td><td style=\"border-color: rgb(241, 241, 241);\" align=\"center\">35</td><td style=\"border-color: rgb(241, 241, 241);\" align=\"center\">94</td><td style=\"border-color: rgb(241, 241, 241);\" align=\"center\">/</td><td style=\"border-color: rgb(241, 241, 241);\" align=\"center\">64</td><td style=\"border-color: rgb(241, 241, 241);\" align=\"center\">59</td></tr><tr><td style=\"border-color: rgb(241, 241, 241);\" align=\"center\">165/84A/M</td><td style=\"border-color: rgb(241, 241, 241);\" align=\"center\">36</td><td style=\"border-color: rgb(241, 241, 241);\" align=\"center\">98</td><td style=\"border-color: rgb(241, 241, 241);\" align=\"center\">/</td><td style=\"border-color: rgb(241, 241, 241);\" align=\"center\">66</td><td style=\"border-color: rgb(241, 241, 241);\" align=\"center\">60</td></tr><tr><td style=\"border-color: rgb(241, 241, 241);\" align=\"center\">170/88A/L</td><td style=\"border-color: rgb(241, 241, 241);\" align=\"center\">37</td><td style=\"border-color: rgb(241, 241, 241);\" align=\"center\">102</td><td style=\"border-color: rgb(241, 241, 241);\" align=\"center\">/</td><td style=\"border-color: rgb(241, 241, 241);\" align=\"center\">68</td><td style=\"border-color: rgb(241, 241, 241);\" align=\"center\">61</td></tr><tr><td style=\"border-color: rgb(241, 241, 241);\" align=\"center\">175/92A/XL</td><td style=\"border-color: rgb(241, 241, 241);\" align=\"center\">38</td><td style=\"border-color: rgb(241, 241, 241);\" align=\"center\">106</td><td style=\"border-color: rgb(241, 241, 241);\" align=\"center\">/</td><td style=\"border-color: rgb(241, 241, 241);\" align=\"center\">69</td><td style=\"border-color: rgb(241, 241, 241);\" align=\"center\">62</td></tr><tr><td style=\"border-color: rgb(241, 241, 241);\" align=\"center\">175/96A/XXL</td><td style=\"border-color: rgb(241, 241, 241);\" align=\"center\">39</td><td style=\"border-color: rgb(241, 241, 241);\" align=\"center\">110</td><td style=\"border-color: rgb(241, 241, 241);\" align=\"center\">/</td><td style=\"border-color: rgb(241, 241, 241);\" align=\"center\">70</td><td style=\"border-color: rgb(241, 241, 241);\" align=\"center\">62</td></tr></tbody></table><table cellspacing=\"0\" cellpadding=\"0\" width=\"730\" style=\"width: 625px;\"><tbody><tr class=\"firstRow\"><td style=\"font-size:24px; line-height:24px;\" width=\"120\">尺码参考</td><td width=\"44\"><br/></td><td width=\"175\">模特身高179</td><td width=\"91\">胸围82</td><td width=\"103\">臀围88</td><td width=\"98\">腰围60</td><td align=\"right\" width=\"99\">穿着M码</td></tr></tbody></table><table cellspacing=\"0\" cellpadding=\"0\" width=\"730\" style=\"width: 625px;\"><tbody><tr class=\"firstRow\"><td style=\"border-top-color: rgb(204, 204, 204); padding-top: 30px;\" width=\"120\" valign=\"top\"><p>设计卖点</p></td><td width=\"44\"><br/></td><td style=\"border-top-color: rgb(204, 204, 204);\" width=\"566\"><p>● &nbsp; &nbsp; &nbsp; &nbsp; <span style=\"padding-left:12px;\">宽松版型</span></p><p>● &nbsp; &nbsp; &nbsp; &nbsp; <span style=\"padding-left:12px;\">针织面料</span></p></td></tr></tbody></table><table cellspacing=\"0\" cellpadding=\"0\" width=\"730\" style=\"width: 625px;\"><tbody><tr class=\"firstRow\"><td style=\"border-top-color: rgb(204, 204, 204); padding-top: 30px; border-bottom-color: rgb(204, 204, 204); padding-bottom: 50px;\" width=\"120\" valign=\"top\"><p>商品指数</p></td><td style=\"border-bottom-color: rgb(204, 204, 204); padding-bottom: 50px;\" width=\"44\"><br/></td><td style=\"border-top-color: rgb(204, 204, 204); padding-top: 30px; border-bottom-color: rgb(204, 204, 204); padding-bottom: 50px;\" width=\"566\">薄厚指数轻薄薄适中厚加厚</td></tr></tbody></table><p><br/></p>');
INSERT INTO `himall_productdescriptions` VALUES ('0', '705', null, '<p><img alt=\"\" class=\"\" src=\"/Storage/Shop/1/Products/705/remark/5d6ce54efb8a472ea17fc280a7d1b9a1.jpg\"/> \n </p><p><img alt=\"\" class=\"\" src=\"/Storage/Shop/1/Products/705/remark/a7718da5072b4c2a8b4f8387eeadc67d.jpg\" width=\"730\" height=\"1046\"/> \n </p><p>本款更多颜色选择</p><table cellspacing=\"0\" cellpadding=\"0\" width=\"730\" style=\"width: 625px;\"><tbody><tr class=\"firstRow\"><td><img alt=\"\" class=\"\" src=\"/Storage/Shop/1/Products/705/remark/1796b2bdc00b4151b20c05e2a96bddc4.jpg\" width=\"365\" height=\"584\"/></td><td><img alt=\"\" class=\"\" src=\"/Storage/Shop/1/Products/705/remark/58d0cb67b1524b60ac6f2caa3f94e7e2.jpg\" width=\"365\" height=\"584\"/></td></tr><tr style=\"text-align: center; line-height: 20px; font-size: 20px;\"><td style=\"padding-top: 30px; padding-bottom: 40px;\">黑色</td><td style=\"padding-top: 30px; padding-bottom: 40px;\">庆典红</td></tr></tbody></table><p>尺码 \n &nbsp;<span style=\"padding-left: 20px; font-size: 14px;\">因不同的计量方法，测量允许1-3cm内误差（CM）</span> \n </p><table cellspacing=\"0\" cellpadding=\"0\" align=\"center\" width=\"730\" style=\"width: 625px;\"><tbody><tr class=\"firstRow\"><td style=\"border-color: rgb(241, 241, 241);\" align=\"center\">身高/净腰围/型号</td><td style=\"border-color: rgb(241, 241, 241);\" align=\"center\">肩宽</td><td style=\"border-color: rgb(241, 241, 241);\" align=\"center\">胸围</td><td style=\"border-color: rgb(241, 241, 241);\" align=\"center\">腰围</td><td style=\"border-color: rgb(241, 241, 241);\" align=\"center\">衣长</td><td style=\"border-color: rgb(241, 241, 241);\" align=\"center\">袖长</td></tr><tr><td style=\"border-color: rgb(241, 241, 241);\" align=\"center\">155/76A/XS</td><td style=\"border-color: rgb(241, 241, 241);\" align=\"center\">56</td><td style=\"border-color: rgb(241, 241, 241);\" align=\"center\">104</td><td style=\"border-color: rgb(241, 241, 241);\" align=\"center\">/</td><td style=\"border-color: rgb(241, 241, 241);\" align=\"center\">66/68/53</td><td style=\"border-color: rgb(241, 241, 241);\" align=\"center\">46</td></tr><tr><td style=\"border-color: rgb(241, 241, 241);\" align=\"center\">160/80A/S</td><td style=\"border-color: rgb(241, 241, 241);\" align=\"center\">57</td><td style=\"border-color: rgb(241, 241, 241);\" align=\"center\">106</td><td style=\"border-color: rgb(241, 241, 241);\" align=\"center\">/</td><td style=\"border-color: rgb(241, 241, 241);\" align=\"center\">67/69/54</td><td style=\"border-color: rgb(241, 241, 241);\" align=\"center\">46.5</td></tr><tr><td style=\"border-color: rgb(241, 241, 241);\" align=\"center\">165/84A/M</td><td style=\"border-color: rgb(241, 241, 241);\" align=\"center\">59</td><td style=\"border-color: rgb(241, 241, 241);\" align=\"center\">110</td><td style=\"border-color: rgb(241, 241, 241);\" align=\"center\">/</td><td style=\"border-color: rgb(241, 241, 241);\" align=\"center\">69/71/56</td><td style=\"border-color: rgb(241, 241, 241);\" align=\"center\">47</td></tr><tr><td style=\"border-color: rgb(241, 241, 241);\" align=\"center\">170/88A/L</td><td style=\"border-color: rgb(241, 241, 241);\" align=\"center\">61</td><td style=\"border-color: rgb(241, 241, 241);\" align=\"center\">114</td><td style=\"border-color: rgb(241, 241, 241);\" align=\"center\">/</td><td style=\"border-color: rgb(241, 241, 241);\" align=\"center\">71/73/58</td><td style=\"border-color: rgb(241, 241, 241);\" align=\"center\">47.5</td></tr><tr><td style=\"border-color: rgb(241, 241, 241);\" align=\"center\">175/92A/XL</td><td style=\"border-color: rgb(241, 241, 241);\" align=\"center\">63</td><td style=\"border-color: rgb(241, 241, 241);\" align=\"center\">118</td><td style=\"border-color: rgb(241, 241, 241);\" align=\"center\">/</td><td style=\"border-color: rgb(241, 241, 241);\" align=\"center\">72/74/59</td><td style=\"border-color: rgb(241, 241, 241);\" align=\"center\">48</td></tr><tr><td style=\"border-color: rgb(241, 241, 241);\" align=\"center\">175/96A/XXL</td><td style=\"border-color: rgb(241, 241, 241);\" align=\"center\">65</td><td style=\"border-color: rgb(241, 241, 241);\" align=\"center\">122</td><td style=\"border-color: rgb(241, 241, 241);\" align=\"center\">/</td><td style=\"border-color: rgb(241, 241, 241);\" align=\"center\">73/75/60</td><td style=\"border-color: rgb(241, 241, 241);\" align=\"center\">48</td></tr></tbody></table><table cellspacing=\"0\" cellpadding=\"0\" width=\"730\" style=\"width: 625px;\"><tbody><tr class=\"firstRow\"><td style=\"line-height: 24px; font-size: 24px;\" width=\"120\">尺码参考</td><td width=\"44\"><br/></td><td width=\"175\">模特身高179</td><td width=\"91\">胸围82</td><td width=\"103\">臀围88</td><td width=\"98\">腰围60</td><td align=\"right\" width=\"99\">穿着M码</td></tr></tbody></table><table cellspacing=\"0\" cellpadding=\"0\" width=\"730\" style=\"width: 625px;\"><tbody><tr class=\"firstRow\"><td style=\"padding-top: 30px; border-top-color: rgb(204, 204, 204);\" width=\"120\" valign=\"top\"><p>设计卖点</p></td><td width=\"44\"><br/></td><td style=\"border-top-color: rgb(204, 204, 204);\" width=\"566\"><p>● \n &nbsp; &nbsp; &nbsp; &nbsp;<span style=\"padding-left: 12px;\">舒适面料 </span> \n &nbsp; &nbsp; &nbsp;</p><p>● \n &nbsp; &nbsp; &nbsp; &nbsp;<span style=\"padding-left: 12px;\">宽松版型</span> \n &nbsp; &nbsp; &nbsp;</p></td></tr></tbody></table><table cellspacing=\"0\" cellpadding=\"0\" width=\"730\" style=\"width: 625px;\"><tbody><tr class=\"firstRow\"><td style=\"padding-top: 30px; padding-bottom: 50px; border-top-color: rgb(204, 204, 204); border-bottom-color: rgb(204, 204, 204);\" width=\"120\" valign=\"top\"><p>商品指数</p></td><td style=\"padding-bottom: 50px; border-bottom-color: rgb(204, 204, 204);\" width=\"44\"><br/></td><td style=\"padding-top: 30px; padding-bottom: 50px; border-top-color: rgb(204, 204, 204); border-bottom-color: rgb(204, 204, 204);\" width=\"566\">薄厚指数轻薄薄适中厚加厚</td></tr></tbody></table><table cellspacing=\"0\" cellpadding=\"0\" background=\"http://ecphoto.bestseller.com.cn/onlyimages/2016_Q3/117124502E40_dp.jpg\" width=\"730\" height=\"800\" style=\"width: 625px;\"><tbody><tr class=\"firstRow\"><td width=\"455\" height=\"30\"><br/></td><td><br/></td><td width=\"50\"><br/></td></tr><tr><td width=\"455\"><br/></td><td bgcolor=\"#ffffff\"><p><span style=\"width: 225px; font-size: 20px; margin-bottom: 15px; display: block;\">成套搭配购买</span> \n &nbsp; &nbsp; &nbsp;</p><p><a style=\"color: rgb(0, 0, 0); text-decoration: none;\" href=\"https://item.jd.com/1587028479.html\" target=\"_blank\"><img alt=\"\" class=\"\" src=\"/Storage/Shop/1/Products/705/remark/03b8524906154ef0aebf286b752bb1ae.jpg\" width=\"120\" height=\"73\"/> <span style=\"width: 225px; margin-top: 8px; display: block;\">吊牌价 ￥499</span></a> \n &nbsp; &nbsp; &nbsp;</p></td><td width=\"50\"><br/></td></tr><tr><td width=\"455\" height=\"30\"><br/></td><td><br/></td><td width=\"50\"><br/></td></tr></tbody></table><p>模特佩戴配饰均为搭配不做销售用途。商品颜色请以实物为准，可参考平铺图颜色。</p><p><img alt=\"\" class=\"\" src=\"/Storage/Shop/1/Products/705/remark/c96b70883ab44c978abc268594b5b40b.jpg\" width=\"730\" height=\"1168\"/> \n &nbsp;</p><p>模特佩戴配饰均为搭配不做销售用途。商品颜色请以实物为准，可参考平铺图颜色。</p><p><img alt=\"\" class=\"\" src=\"/Storage/Shop/1/Products/705/remark/58d0cb67b1524b60ac6f2caa3f94e7e2.jpg\" width=\"610\" height=\"976\"/></p><p><br/></p>', '0', '0', null, null, null, '<p><img alt=\"\" class=\"\" src=\"/Storage/Shop/1/Products/705/remark/126813aae5db4b769307bc382d5cdf67.jpg\"/> \n </p><p><img alt=\"\" class=\"\" src=\"/Storage/Shop/1/Products/705/remark/9a225af2f0da40ac917a055f5040acc7.jpg\" width=\"730\" height=\"1046\"/> \n </p><p>本款更多颜色选择</p><table cellspacing=\"0\" cellpadding=\"0\" width=\"730\" style=\"width: 625px;\"><tbody><tr class=\"firstRow\"><td><img alt=\"\" class=\"\" src=\"/Storage/Shop/1/Products/705/remark/67722e84a81849b79a55f9b074c4eff9.jpg\" width=\"365\" height=\"584\"/></td><td><img alt=\"\" class=\"\" src=\"/Storage/Shop/1/Products/705/remark/69a7eeefbe9b47db89d7f1c548bcc176.jpg\" width=\"365\" height=\"584\"/></td></tr><tr style=\"text-align: center; line-height: 20px; font-size: 20px;\"><td style=\"padding-top: 30px; padding-bottom: 40px;\">黑色</td><td style=\"padding-top: 30px; padding-bottom: 40px;\">庆典红</td></tr></tbody></table><p>尺码 \n &nbsp;<span style=\"padding-left: 20px; font-size: 14px;\">因不同的计量方法，测量允许1-3cm内误差（CM）</span> \n </p><table cellspacing=\"0\" cellpadding=\"0\" align=\"center\" width=\"730\" style=\"width: 625px;\"><tbody><tr class=\"firstRow\"><td style=\"border-color: rgb(241, 241, 241);\" align=\"center\">身高/净腰围/型号</td><td style=\"border-color: rgb(241, 241, 241);\" align=\"center\">肩宽</td><td style=\"border-color: rgb(241, 241, 241);\" align=\"center\">胸围</td><td style=\"border-color: rgb(241, 241, 241);\" align=\"center\">腰围</td><td style=\"border-color: rgb(241, 241, 241);\" align=\"center\">衣长</td><td style=\"border-color: rgb(241, 241, 241);\" align=\"center\">袖长</td></tr><tr><td style=\"border-color: rgb(241, 241, 241);\" align=\"center\">155/76A/XS</td><td style=\"border-color: rgb(241, 241, 241);\" align=\"center\">56</td><td style=\"border-color: rgb(241, 241, 241);\" align=\"center\">104</td><td style=\"border-color: rgb(241, 241, 241);\" align=\"center\">/</td><td style=\"border-color: rgb(241, 241, 241);\" align=\"center\">66/68/53</td><td style=\"border-color: rgb(241, 241, 241);\" align=\"center\">46</td></tr><tr><td style=\"border-color: rgb(241, 241, 241);\" align=\"center\">160/80A/S</td><td style=\"border-color: rgb(241, 241, 241);\" align=\"center\">57</td><td style=\"border-color: rgb(241, 241, 241);\" align=\"center\">106</td><td style=\"border-color: rgb(241, 241, 241);\" align=\"center\">/</td><td style=\"border-color: rgb(241, 241, 241);\" align=\"center\">67/69/54</td><td style=\"border-color: rgb(241, 241, 241);\" align=\"center\">46.5</td></tr><tr><td style=\"border-color: rgb(241, 241, 241);\" align=\"center\">165/84A/M</td><td style=\"border-color: rgb(241, 241, 241);\" align=\"center\">59</td><td style=\"border-color: rgb(241, 241, 241);\" align=\"center\">110</td><td style=\"border-color: rgb(241, 241, 241);\" align=\"center\">/</td><td style=\"border-color: rgb(241, 241, 241);\" align=\"center\">69/71/56</td><td style=\"border-color: rgb(241, 241, 241);\" align=\"center\">47</td></tr><tr><td style=\"border-color: rgb(241, 241, 241);\" align=\"center\">170/88A/L</td><td style=\"border-color: rgb(241, 241, 241);\" align=\"center\">61</td><td style=\"border-color: rgb(241, 241, 241);\" align=\"center\">114</td><td style=\"border-color: rgb(241, 241, 241);\" align=\"center\">/</td><td style=\"border-color: rgb(241, 241, 241);\" align=\"center\">71/73/58</td><td style=\"border-color: rgb(241, 241, 241);\" align=\"center\">47.5</td></tr><tr><td style=\"border-color: rgb(241, 241, 241);\" align=\"center\">175/92A/XL</td><td style=\"border-color: rgb(241, 241, 241);\" align=\"center\">63</td><td style=\"border-color: rgb(241, 241, 241);\" align=\"center\">118</td><td style=\"border-color: rgb(241, 241, 241);\" align=\"center\">/</td><td style=\"border-color: rgb(241, 241, 241);\" align=\"center\">72/74/59</td><td style=\"border-color: rgb(241, 241, 241);\" align=\"center\">48</td></tr><tr><td style=\"border-color: rgb(241, 241, 241);\" align=\"center\">175/96A/XXL</td><td style=\"border-color: rgb(241, 241, 241);\" align=\"center\">65</td><td style=\"border-color: rgb(241, 241, 241);\" align=\"center\">122</td><td style=\"border-color: rgb(241, 241, 241);\" align=\"center\">/</td><td style=\"border-color: rgb(241, 241, 241);\" align=\"center\">73/75/60</td><td style=\"border-color: rgb(241, 241, 241);\" align=\"center\">48</td></tr></tbody></table><table cellspacing=\"0\" cellpadding=\"0\" width=\"730\" style=\"width: 625px;\"><tbody><tr class=\"firstRow\"><td style=\"line-height: 24px; font-size: 24px;\" width=\"120\">尺码参考</td><td width=\"44\"><br/></td><td width=\"175\">模特身高179</td><td width=\"91\">胸围82</td><td width=\"103\">臀围88</td><td width=\"98\">腰围60</td><td align=\"right\" width=\"99\">穿着M码</td></tr></tbody></table><table cellspacing=\"0\" cellpadding=\"0\" width=\"730\" style=\"width: 625px;\"><tbody><tr class=\"firstRow\"><td style=\"padding-top: 30px; border-top-color: rgb(204, 204, 204);\" width=\"120\" valign=\"top\"><p>设计卖点</p></td><td width=\"44\"><br/></td><td style=\"border-top-color: rgb(204, 204, 204);\" width=\"566\"><p>● \n &nbsp; &nbsp; &nbsp; &nbsp;<span style=\"padding-left: 12px;\">舒适面料 </span> \n &nbsp; &nbsp; &nbsp;</p><p>● \n &nbsp; &nbsp; &nbsp; &nbsp;<span style=\"padding-left: 12px;\">宽松版型</span> \n &nbsp; &nbsp; &nbsp;</p></td></tr></tbody></table><table cellspacing=\"0\" cellpadding=\"0\" width=\"730\" style=\"width: 625px;\"><tbody><tr class=\"firstRow\"><td style=\"padding-top: 30px; padding-bottom: 50px; border-top-color: rgb(204, 204, 204); border-bottom-color: rgb(204, 204, 204);\" width=\"120\" valign=\"top\"><p>商品指数</p></td><td style=\"padding-bottom: 50px; border-bottom-color: rgb(204, 204, 204);\" width=\"44\"><br/></td><td style=\"padding-top: 30px; padding-bottom: 50px; border-top-color: rgb(204, 204, 204); border-bottom-color: rgb(204, 204, 204);\" width=\"566\">薄厚指数轻薄薄适中厚加厚</td></tr></tbody></table><table cellspacing=\"0\" cellpadding=\"0\" background=\"http://ecphoto.bestseller.com.cn/onlyimages/2016_Q3/117124502E40_dp.jpg\" width=\"730\" height=\"800\" style=\"width: 625px;\"><tbody><tr class=\"firstRow\"><td width=\"455\" height=\"30\"><br/></td><td><br/></td><td width=\"50\"><br/></td></tr><tr><td width=\"455\"><br/></td><td bgcolor=\"#ffffff\"><p><span style=\"width: 225px; font-size: 20px; margin-bottom: 15px; display: block;\">成套搭配购买</span> \n &nbsp; &nbsp; &nbsp;</p><p><a style=\"color: rgb(0, 0, 0); text-decoration: none;\" href=\"https://item.jd.com/1587028479.html\" target=\"_blank\"><img alt=\"\" class=\"\" src=\"/Storage/Shop/1/Products/705/remark/ffebeb9bdc71456b963c0eecfbd3e249.jpg\" width=\"120\" height=\"73\"/> <span style=\"width: 225px; margin-top: 8px; display: block;\">吊牌价 ￥499</span></a> \n &nbsp; &nbsp; &nbsp;</p></td><td width=\"50\"><br/></td></tr><tr><td width=\"455\" height=\"30\"><br/></td><td><br/></td><td width=\"50\"><br/></td></tr></tbody></table><p>模特佩戴配饰均为搭配不做销售用途。商品颜色请以实物为准，可参考平铺图颜色。</p><p><img alt=\"\" class=\"\" src=\"/Storage/Shop/1/Products/705/remark/9c95cca023344176a977ce0340c894b8.jpg\" width=\"730\" height=\"1168\"/> \n &nbsp;</p><p>模特佩戴配饰均为搭配不做销售用途。商品颜色请以实物为准，可参考平铺图颜色。</p><p><img alt=\"\" class=\"\" src=\"/Storage/Shop/1/Products/705/remark/69a7eeefbe9b47db89d7f1c548bcc176.jpg\" width=\"610\" height=\"976\"/></p><p><br/></p>');
INSERT INTO `himall_productdescriptions` VALUES ('0', '706', null, '<p><img alt=\"\" class=\"\" src=\"/Storage/Shop/1/Products/706/remark/33fc22c943a04bac94d4bb390eda4b20.jpg\"/> \n </p><p><img alt=\"\" class=\"\" src=\"/Storage/Shop/1/Products/706/remark/93d8ddc7ddb54c698c162a008b3203b8.jpg\" width=\"730\" height=\"1046\"/> \n </p><p>本款更多颜色选择</p><p><img alt=\"\" class=\"\" src=\"/Storage/Shop/1/Products/706/remark/b2c237d2bf014b438d65fd8ae9a2c3a0.jpg\" width=\"730\"/> \n &nbsp;</p><table cellspacing=\"0\" cellpadding=\"0\" width=\"730\" style=\"width: 625px;\"><tbody><tr class=\"firstRow\"><td style=\"\" width=\"146\">酒红色</td><td style=\"\" width=\"146\">黑色</td></tr></tbody></table><p>尺码 \n &nbsp; <span style=\"font-size:14px; padding-left:20px;\">单位cm</span> \n &nbsp;</p><table cellspacing=\"0\" cellpadding=\"0\" align=\"center\" width=\"730\" style=\"width: 625px;\"><tbody><tr class=\"firstRow\"><td style=\"border-color: rgb(241, 241, 241);\" align=\"center\">身高/净腰围/型号</td><td style=\"border-color: rgb(241, 241, 241);\" align=\"center\">肩宽</td><td style=\"border-color: rgb(241, 241, 241);\" align=\"center\">胸围</td><td style=\"border-color: rgb(241, 241, 241);\" align=\"center\">腰围</td><td style=\"border-color: rgb(241, 241, 241);\" align=\"center\">衣长</td><td style=\"border-color: rgb(241, 241, 241);\" align=\"center\">袖长</td></tr><tr><td style=\"border-color: rgb(241, 241, 241);\" align=\"center\">155/76A/XS</td><td style=\"border-color: rgb(241, 241, 241);\" align=\"center\">/</td><td style=\"border-color: rgb(241, 241, 241);\" align=\"center\">112</td><td style=\"border-color: rgb(241, 241, 241);\" align=\"center\">/</td><td style=\"border-color: rgb(241, 241, 241);\" align=\"center\">53</td><td style=\"border-color: rgb(241, 241, 241);\" align=\"center\">70</td></tr><tr><td style=\"border-color: rgb(241, 241, 241);\" align=\"center\">160/80A/S</td><td style=\"border-color: rgb(241, 241, 241);\" align=\"center\">/</td><td style=\"border-color: rgb(241, 241, 241);\" align=\"center\">114</td><td style=\"border-color: rgb(241, 241, 241);\" align=\"center\">/</td><td style=\"border-color: rgb(241, 241, 241);\" align=\"center\">54</td><td style=\"border-color: rgb(241, 241, 241);\" align=\"center\">71</td></tr><tr><td style=\"border-color: rgb(241, 241, 241);\" align=\"center\">165/84A/M</td><td style=\"border-color: rgb(241, 241, 241);\" align=\"center\">/</td><td style=\"border-color: rgb(241, 241, 241);\" align=\"center\">118</td><td style=\"border-color: rgb(241, 241, 241);\" align=\"center\">/</td><td style=\"border-color: rgb(241, 241, 241);\" align=\"center\">56</td><td style=\"border-color: rgb(241, 241, 241);\" align=\"center\">72</td></tr><tr><td style=\"border-color: rgb(241, 241, 241);\" align=\"center\">170/88A/L</td><td style=\"border-color: rgb(241, 241, 241);\" align=\"center\">/</td><td style=\"border-color: rgb(241, 241, 241);\" align=\"center\">122</td><td style=\"border-color: rgb(241, 241, 241);\" align=\"center\">/</td><td style=\"border-color: rgb(241, 241, 241);\" align=\"center\">58</td><td style=\"border-color: rgb(241, 241, 241);\" align=\"center\">73</td></tr><tr><td style=\"border-color: rgb(241, 241, 241);\" align=\"center\">175/92A/XL</td><td style=\"border-color: rgb(241, 241, 241);\" align=\"center\">/</td><td style=\"border-color: rgb(241, 241, 241);\" align=\"center\">126</td><td style=\"border-color: rgb(241, 241, 241);\" align=\"center\">/</td><td style=\"border-color: rgb(241, 241, 241);\" align=\"center\">59</td><td style=\"border-color: rgb(241, 241, 241);\" align=\"center\">74</td></tr><tr><td style=\"border-color: rgb(241, 241, 241);\" align=\"center\">175/96A/XXL</td><td style=\"border-color: rgb(241, 241, 241);\" align=\"center\">/</td><td style=\"border-color: rgb(241, 241, 241);\" align=\"center\">130</td><td style=\"border-color: rgb(241, 241, 241);\" align=\"center\">/</td><td style=\"border-color: rgb(241, 241, 241);\" align=\"center\">60</td><td style=\"border-color: rgb(241, 241, 241);\" align=\"center\">74</td></tr></tbody></table><p>因不同的计量方法，测量允许1-3cm内误差。</p><table cellspacing=\"0\" cellpadding=\"0\" width=\"730\" style=\"width: 625px;\"><tbody><tr class=\"firstRow\"><td style=\"font-size:24px; line-height:24px;\" width=\"120\">尺码参考</td><td width=\"44\"><br/></td><td width=\"175\">模特身高177</td><td width=\"91\">胸围83</td><td width=\"103\">臀围87</td><td width=\"98\">腰围60</td><td align=\"right\" width=\"99\">穿着M码</td></tr></tbody></table><table cellspacing=\"0\" cellpadding=\"0\" width=\"730\" style=\"width: 625px;\"><tbody><tr class=\"firstRow\"><td style=\"border-top-color: rgb(204, 204, 204); padding-top: 30px;\" width=\"120\" valign=\"top\"><p>商品信息</p></td><td width=\"44\"><br/></td><td style=\"border-top-color: rgb(204, 204, 204);\" width=\"566\"><p>货号：11639R511</p><p>款名：FL8.5 FAN SWEAT(EDGE)</p><p>吊牌价：￥499</p><p>颜色：酒红色、黑色</p><p>大身面料：粘纤53%聚酯纤维41%氨纶6%（装饰部分除外）</p><p>袖子面料：粘纤52%聚酯纤维40%氨纶8%</p><p>里布：聚酯纤维95%氨纶5%</p><p>洗涤建议：30度水温下正常手洗，请避免含碱性的洗涤用品，反面洗涤、不宜用力拉伸，避免高温熨烫。</p></td></tr></tbody></table><table cellspacing=\"0\" cellpadding=\"0\" width=\"730\" style=\"width: 625px;\"><tbody><tr class=\"firstRow\"><td style=\"border-top-color: rgb(204, 204, 204); padding-top: 30px;\" width=\"120\" valign=\"top\"><p>设计卖点</p></td><td width=\"44\"><br/></td><td style=\"border-top-color: rgb(204, 204, 204);\" width=\"566\"><p>● \n &nbsp; &nbsp; &nbsp; &nbsp; <span style=\"padding-left:12px;\">挺阔太空棉面料</span> \n &nbsp; &nbsp; &nbsp; &nbsp;</p><p>● \n &nbsp; &nbsp; &nbsp; &nbsp; <span style=\"padding-left:12px;\">宽松版型</span> \n &nbsp; &nbsp; &nbsp; &nbsp;</p></td></tr></tbody></table><table cellspacing=\"0\" cellpadding=\"0\" width=\"730\" style=\"width: 625px;\"><tbody><tr class=\"firstRow\"><td style=\"border-top-color: rgb(204, 204, 204); padding-top: 30px;\" width=\"120\" valign=\"top\"><p>商品指数</p></td><td width=\"44\"><br/></td><td style=\"border-top-color: rgb(204, 204, 204); padding-top: 30px;\" width=\"566\">薄厚指数轻薄薄适中厚加厚</td></tr></tbody></table><table cellspacing=\"0\" cellpadding=\"0\" width=\"730\" style=\"width: 625px;\"><tbody><tr class=\"firstRow\"><td style=\"border-top-color: rgb(204, 204, 204); padding-top: 30px;\" width=\"120\" valign=\"top\"><p>温馨提示</p></td><td width=\"44\"><br/></td><td style=\"border-top-color: rgb(204, 204, 204);\" width=\"566\"><p><span style=\"background-color:#ffe302;\">模特所佩戴饰品、配件均为搭配使用，不做销售用途</span> \n &nbsp; &nbsp; &nbsp; &nbsp;</p></td></tr></tbody></table><p>本款优势</p><p><img alt=\"\" class=\"\" src=\"/Storage/Shop/1/Products/706/remark/dfdef75161b0456092a0a67300275aa5.jpg\" width=\"730\" height=\"730\"/> \n &nbsp;</p><p><span style=\"margin: 20px 0px 40px;\">螺纹底摆</span> \n &nbsp;</p><table cellspacing=\"0\" cellpadding=\"0\" width=\"730\" style=\"width: 625px;\"><tbody><tr class=\"firstRow\"><td><img alt=\"\" class=\"\" src=\"/Storage/Shop/1/Products/706/remark/dcd90cb27a2a40f2a35251850606b739.jpg\" width=\"365\" height=\"584\"/></td><td><img alt=\"\" class=\"\" src=\"/Storage/Shop/1/Products/706/remark/f9148c3f769e49f8a073633b379da990.jpg\" width=\"365\" height=\"584\"/></td></tr></tbody></table><table cellspacing=\"0\" cellpadding=\"0\" width=\"730\" style=\"width: 625px;\"><tbody><tr class=\"firstRow\"><td>简约暗扣</td><td>烫印图案装饰</td></tr></tbody></table><p><br/></p>', '0', '0', null, null, null, '<p><img alt=\"\" class=\"\" src=\"/Storage/Shop/1/Products/706/remark/fcd263befcc04ce7a9c4964c31937341.jpg\"/> \n </p><p><img alt=\"\" class=\"\" src=\"/Storage/Shop/1/Products/706/remark/a586c3b7b6894a11b347ecb3fa1e5628.jpg\" width=\"730\" height=\"1046\"/> \n </p><p>本款更多颜色选择</p><p><img alt=\"\" class=\"\" src=\"/Storage/Shop/1/Products/706/remark/7bf426f26b4047e5b7c804d3f77dc459.jpg\" width=\"730\"/> \n &nbsp;</p><table cellspacing=\"0\" cellpadding=\"0\" width=\"730\" style=\"width: 625px;\"><tbody><tr class=\"firstRow\"><td style=\"\" width=\"146\">酒红色</td><td style=\"\" width=\"146\">黑色</td></tr></tbody></table><p>尺码 \n &nbsp; <span style=\"font-size:14px; padding-left:20px;\">单位cm</span> \n &nbsp;</p><table cellspacing=\"0\" cellpadding=\"0\" align=\"center\" width=\"730\" style=\"width: 625px;\"><tbody><tr class=\"firstRow\"><td style=\"border-color: rgb(241, 241, 241);\" align=\"center\">身高/净腰围/型号</td><td style=\"border-color: rgb(241, 241, 241);\" align=\"center\">肩宽</td><td style=\"border-color: rgb(241, 241, 241);\" align=\"center\">胸围</td><td style=\"border-color: rgb(241, 241, 241);\" align=\"center\">腰围</td><td style=\"border-color: rgb(241, 241, 241);\" align=\"center\">衣长</td><td style=\"border-color: rgb(241, 241, 241);\" align=\"center\">袖长</td></tr><tr><td style=\"border-color: rgb(241, 241, 241);\" align=\"center\">155/76A/XS</td><td style=\"border-color: rgb(241, 241, 241);\" align=\"center\">/</td><td style=\"border-color: rgb(241, 241, 241);\" align=\"center\">112</td><td style=\"border-color: rgb(241, 241, 241);\" align=\"center\">/</td><td style=\"border-color: rgb(241, 241, 241);\" align=\"center\">53</td><td style=\"border-color: rgb(241, 241, 241);\" align=\"center\">70</td></tr><tr><td style=\"border-color: rgb(241, 241, 241);\" align=\"center\">160/80A/S</td><td style=\"border-color: rgb(241, 241, 241);\" align=\"center\">/</td><td style=\"border-color: rgb(241, 241, 241);\" align=\"center\">114</td><td style=\"border-color: rgb(241, 241, 241);\" align=\"center\">/</td><td style=\"border-color: rgb(241, 241, 241);\" align=\"center\">54</td><td style=\"border-color: rgb(241, 241, 241);\" align=\"center\">71</td></tr><tr><td style=\"border-color: rgb(241, 241, 241);\" align=\"center\">165/84A/M</td><td style=\"border-color: rgb(241, 241, 241);\" align=\"center\">/</td><td style=\"border-color: rgb(241, 241, 241);\" align=\"center\">118</td><td style=\"border-color: rgb(241, 241, 241);\" align=\"center\">/</td><td style=\"border-color: rgb(241, 241, 241);\" align=\"center\">56</td><td style=\"border-color: rgb(241, 241, 241);\" align=\"center\">72</td></tr><tr><td style=\"border-color: rgb(241, 241, 241);\" align=\"center\">170/88A/L</td><td style=\"border-color: rgb(241, 241, 241);\" align=\"center\">/</td><td style=\"border-color: rgb(241, 241, 241);\" align=\"center\">122</td><td style=\"border-color: rgb(241, 241, 241);\" align=\"center\">/</td><td style=\"border-color: rgb(241, 241, 241);\" align=\"center\">58</td><td style=\"border-color: rgb(241, 241, 241);\" align=\"center\">73</td></tr><tr><td style=\"border-color: rgb(241, 241, 241);\" align=\"center\">175/92A/XL</td><td style=\"border-color: rgb(241, 241, 241);\" align=\"center\">/</td><td style=\"border-color: rgb(241, 241, 241);\" align=\"center\">126</td><td style=\"border-color: rgb(241, 241, 241);\" align=\"center\">/</td><td style=\"border-color: rgb(241, 241, 241);\" align=\"center\">59</td><td style=\"border-color: rgb(241, 241, 241);\" align=\"center\">74</td></tr><tr><td style=\"border-color: rgb(241, 241, 241);\" align=\"center\">175/96A/XXL</td><td style=\"border-color: rgb(241, 241, 241);\" align=\"center\">/</td><td style=\"border-color: rgb(241, 241, 241);\" align=\"center\">130</td><td style=\"border-color: rgb(241, 241, 241);\" align=\"center\">/</td><td style=\"border-color: rgb(241, 241, 241);\" align=\"center\">60</td><td style=\"border-color: rgb(241, 241, 241);\" align=\"center\">74</td></tr></tbody></table><p>因不同的计量方法，测量允许1-3cm内误差。</p><table cellspacing=\"0\" cellpadding=\"0\" width=\"730\" style=\"width: 625px;\"><tbody><tr class=\"firstRow\"><td style=\"font-size:24px; line-height:24px;\" width=\"120\">尺码参考</td><td width=\"44\"><br/></td><td width=\"175\">模特身高177</td><td width=\"91\">胸围83</td><td width=\"103\">臀围87</td><td width=\"98\">腰围60</td><td align=\"right\" width=\"99\">穿着M码</td></tr></tbody></table><table cellspacing=\"0\" cellpadding=\"0\" width=\"730\" style=\"width: 625px;\"><tbody><tr class=\"firstRow\"><td style=\"border-top-color: rgb(204, 204, 204); padding-top: 30px;\" width=\"120\" valign=\"top\"><p>商品信息</p></td><td width=\"44\"><br/></td><td style=\"border-top-color: rgb(204, 204, 204);\" width=\"566\"><p>货号：11639R511</p><p>款名：FL8.5 FAN SWEAT(EDGE)</p><p>吊牌价：￥499</p><p>颜色：酒红色、黑色</p><p>大身面料：粘纤53%聚酯纤维41%氨纶6%（装饰部分除外）</p><p>袖子面料：粘纤52%聚酯纤维40%氨纶8%</p><p>里布：聚酯纤维95%氨纶5%</p><p>洗涤建议：30度水温下正常手洗，请避免含碱性的洗涤用品，反面洗涤、不宜用力拉伸，避免高温熨烫。</p></td></tr></tbody></table><table cellspacing=\"0\" cellpadding=\"0\" width=\"730\" style=\"width: 625px;\"><tbody><tr class=\"firstRow\"><td style=\"border-top-color: rgb(204, 204, 204); padding-top: 30px;\" width=\"120\" valign=\"top\"><p>设计卖点</p></td><td width=\"44\"><br/></td><td style=\"border-top-color: rgb(204, 204, 204);\" width=\"566\"><p>● \n &nbsp; &nbsp; &nbsp; &nbsp; <span style=\"padding-left:12px;\">挺阔太空棉面料</span> \n &nbsp; &nbsp; &nbsp; &nbsp;</p><p>● \n &nbsp; &nbsp; &nbsp; &nbsp; <span style=\"padding-left:12px;\">宽松版型</span> \n &nbsp; &nbsp; &nbsp; &nbsp;</p></td></tr></tbody></table><table cellspacing=\"0\" cellpadding=\"0\" width=\"730\" style=\"width: 625px;\"><tbody><tr class=\"firstRow\"><td style=\"border-top-color: rgb(204, 204, 204); padding-top: 30px;\" width=\"120\" valign=\"top\"><p>商品指数</p></td><td width=\"44\"><br/></td><td style=\"border-top-color: rgb(204, 204, 204); padding-top: 30px;\" width=\"566\">薄厚指数轻薄薄适中厚加厚</td></tr></tbody></table><table cellspacing=\"0\" cellpadding=\"0\" width=\"730\" style=\"width: 625px;\"><tbody><tr class=\"firstRow\"><td style=\"border-top-color: rgb(204, 204, 204); padding-top: 30px;\" width=\"120\" valign=\"top\"><p>温馨提示</p></td><td width=\"44\"><br/></td><td style=\"border-top-color: rgb(204, 204, 204);\" width=\"566\"><p><span style=\"background-color:#ffe302;\">模特所佩戴饰品、配件均为搭配使用，不做销售用途</span> \n &nbsp; &nbsp; &nbsp; &nbsp;</p></td></tr></tbody></table><p>本款优势</p><p><img alt=\"\" class=\"\" src=\"/Storage/Shop/1/Products/706/remark/82f1fae1be8247f7a5727aee1798a1ea.jpg\" width=\"730\" height=\"730\"/> \n &nbsp;</p><p><span style=\"margin: 20px 0px 40px;\">螺纹底摆</span> \n &nbsp;</p><table cellspacing=\"0\" cellpadding=\"0\" width=\"730\" style=\"width: 625px;\"><tbody><tr class=\"firstRow\"><td><img alt=\"\" class=\"\" src=\"/Storage/Shop/1/Products/706/remark/f55ceedfc2554994bedc4b32634e2db5.jpg\" width=\"365\" height=\"584\"/></td><td><img alt=\"\" class=\"\" src=\"/Storage/Shop/1/Products/706/remark/abdabdf986134b0dabe18f69d776e06f.jpg\" width=\"365\" height=\"584\"/></td></tr></tbody></table><table cellspacing=\"0\" cellpadding=\"0\" width=\"730\" style=\"width: 625px;\"><tbody><tr class=\"firstRow\"><td>简约暗扣</td><td>烫印图案装饰</td></tr></tbody></table><p><br/></p>');
INSERT INTO `himall_productdescriptions` VALUES ('0', '707', null, '<p><img alt=\"\" class=\"\" src=\"/Storage/Shop/1/Products/707/remark/370abcf671fa4e7799470ad6602ad626.jpg\"/> \n </p><p><img alt=\"\" class=\"\" src=\"/Storage/Shop/1/Products/707/remark/14879192a85042e090b97f912950bce4.jpg\" width=\"730\" height=\"1046\"/> \n </p><p>本款更多颜色选择</p><p><img alt=\"\" class=\"\" src=\"/Storage/Shop/1/Products/707/remark/0a823f368fa4454eb1e652bbfad47a4f.jpg\" width=\"730\"/> \n &nbsp;</p><table cellspacing=\"0\" cellpadding=\"0\" width=\"730\" style=\"width: 625px;\"><tbody><tr class=\"firstRow\"><td style=\"\" width=\"146\">樱桃红</td><td style=\"\" width=\"146\">黑</td><td style=\"\" width=\"146\">奶白</td></tr></tbody></table><table cellspacing=\"0\" cellpadding=\"0\" width=\"730\" style=\"width: 625px;\"><tbody><tr class=\"firstRow\"><td style=\"border-top-color: rgb(204, 204, 204); padding-top: 30px;\" width=\"120\" valign=\"top\"><p>搭配特点</p></td><td width=\"44\"><br/></td><td style=\"border-top-color: rgb(204, 204, 204);\" width=\"566\">樱桃红—经典优雅黑—显瘦百搭奶白—清新条纹</td></tr></tbody></table><p>尺码 \n &nbsp;<span style=\"font-size:14px; padding-left:20px;\">单位cm</span> \n </p><table cellspacing=\"0\" cellpadding=\"0\" align=\"center\" width=\"730\" style=\"width: 625px;\"><tbody><tr class=\"firstRow\"><td style=\"border-color: rgb(241, 241, 241);\" align=\"center\">身高/净腰围/型号</td><td style=\"border-color: rgb(241, 241, 241);\" align=\"center\">衣长</td><td style=\"border-color: rgb(241, 241, 241);\" align=\"center\">胸围</td><td style=\"border-color: rgb(241, 241, 241);\" align=\"center\">腰围</td><td style=\"border-color: rgb(241, 241, 241);\" align=\"center\">袖长</td><td style=\"border-color: rgb(241, 241, 241);\" align=\"center\">肩宽</td><td style=\"border-color: rgb(241, 241, 241);\" align=\"center\">臀围</td></tr><tr><td style=\"border-color: rgb(241, 241, 241);\" align=\"center\">155/76A/XS</td><td style=\"border-color: rgb(241, 241, 241);\" align=\"center\">95</td><td style=\"border-color: rgb(241, 241, 241);\" align=\"center\">72</td><td style=\"border-color: rgb(241, 241, 241);\" align=\"center\">64</td><td style=\"border-color: rgb(241, 241, 241);\" align=\"center\">33.6</td><td style=\"border-color: rgb(241, 241, 241);\" align=\"center\">39.5</td><td style=\"border-color: rgb(241, 241, 241);\" align=\"center\">79</td></tr><tr><td style=\"border-color: rgb(241, 241, 241);\" align=\"center\">160/80A/S</td><td style=\"border-color: rgb(241, 241, 241);\" align=\"center\">96</td><td style=\"border-color: rgb(241, 241, 241);\" align=\"center\">74</td><td style=\"border-color: rgb(241, 241, 241);\" align=\"center\">66</td><td style=\"border-color: rgb(241, 241, 241);\" align=\"center\">34.3</td><td style=\"border-color: rgb(241, 241, 241);\" align=\"center\">40</td><td style=\"border-color: rgb(241, 241, 241);\" align=\"center\">81</td></tr><tr><td style=\"border-color: rgb(241, 241, 241);\" align=\"center\">165/84A/M</td><td style=\"border-color: rgb(241, 241, 241);\" align=\"center\">98</td><td style=\"border-color: rgb(241, 241, 241);\" align=\"center\">78</td><td style=\"border-color: rgb(241, 241, 241);\" align=\"center\">70</td><td style=\"border-color: rgb(241, 241, 241);\" align=\"center\">35</td><td style=\"border-color: rgb(241, 241, 241);\" align=\"center\">41</td><td style=\"border-color: rgb(241, 241, 241);\" align=\"center\">85</td></tr><tr><td style=\"border-color: rgb(241, 241, 241);\" align=\"center\">170/88A/L</td><td style=\"border-color: rgb(241, 241, 241);\" align=\"center\">100</td><td style=\"border-color: rgb(241, 241, 241);\" align=\"center\">82</td><td style=\"border-color: rgb(241, 241, 241);\" align=\"center\">74</td><td style=\"border-color: rgb(241, 241, 241);\" align=\"center\">35.7</td><td style=\"border-color: rgb(241, 241, 241);\" align=\"center\">42</td><td style=\"border-color: rgb(241, 241, 241);\" align=\"center\">89</td></tr><tr><td style=\"border-color: rgb(241, 241, 241);\" align=\"center\">175/92A/XL</td><td style=\"border-color: rgb(241, 241, 241);\" align=\"center\">101</td><td style=\"border-color: rgb(241, 241, 241);\" align=\"center\">86</td><td style=\"border-color: rgb(241, 241, 241);\" align=\"center\">78</td><td style=\"border-color: rgb(241, 241, 241);\" align=\"center\">36.4</td><td style=\"border-color: rgb(241, 241, 241);\" align=\"center\">43</td><td style=\"border-color: rgb(241, 241, 241);\" align=\"center\">93</td></tr><tr><td style=\"border-color: rgb(241, 241, 241);\" align=\"center\">175/96A/XXL</td><td style=\"border-color: rgb(241, 241, 241);\" align=\"center\">102</td><td style=\"border-color: rgb(241, 241, 241);\" align=\"center\">90</td><td style=\"border-color: rgb(241, 241, 241);\" align=\"center\">82</td><td style=\"border-color: rgb(241, 241, 241);\" align=\"center\">36.4</td><td style=\"border-color: rgb(241, 241, 241);\" align=\"center\">44</td><td style=\"border-color: rgb(241, 241, 241);\" align=\"center\">97</td></tr></tbody></table><table cellspacing=\"0\" cellpadding=\"0\" width=\"730\" style=\"width: 625px;\"><tbody><tr class=\"firstRow\"><td style=\"font-size:24px; line-height:24px;\" width=\"120\">尺码参考</td><td width=\"44\"><br/></td><td width=\"175\">模特身高177</td><td width=\"91\">胸围83</td><td width=\"103\">臀围87</td><td width=\"98\">腰围60</td><td align=\"right\" width=\"99\">穿着M码</td></tr></tbody></table><table cellspacing=\"0\" cellpadding=\"0\" width=\"730\" style=\"width: 625px;\"><tbody><tr class=\"firstRow\"><td style=\"border-top-color: rgb(204, 204, 204); padding-top: 30px;\" width=\"120\" valign=\"top\"><p>商品信息</p></td><td width=\"44\"><br/></td><td style=\"border-top-color: rgb(204, 204, 204);\" width=\"566\"><p>货号：116361504</p><p>款名：P MEGGAN FITTED JERSEY DRESS (ESSENTIAL)</p><p>吊牌价：￥349</p><p>颜色：樱桃红、黑、奶白</p><p>面料：锦纶93% 氨纶7%</p><p>洗涤建议：30度水温下正常手洗，请避免含碱性的洗涤用品，反面洗涤、不宜用力拉伸，避免高温熨烫</p></td></tr></tbody></table><table cellspacing=\"0\" cellpadding=\"0\" width=\"730\" style=\"width: 625px;\"><tbody><tr class=\"firstRow\"><td style=\"border-top-color: rgb(204, 204, 204); padding-top: 30px;\" width=\"120\" valign=\"top\"><p>设计卖点</p></td><td width=\"44\"><br/></td><td style=\"border-top-color: rgb(204, 204, 204);\" width=\"566\"><p>● \n &nbsp; &nbsp; &nbsp; &nbsp;<span style=\"padding-left:12px;\">舒适含莱卡面料</span> \n &nbsp; &nbsp; &nbsp;</p><p>● \n &nbsp; &nbsp; &nbsp; &nbsp;<span style=\"padding-left:12px;\">修身款型</span> \n &nbsp; &nbsp; &nbsp;</p></td></tr></tbody></table><table cellspacing=\"0\" cellpadding=\"0\" width=\"730\" style=\"width: 625px;\"><tbody><tr class=\"firstRow\"><td style=\"border-top-color: rgb(204, 204, 204); padding-top: 30px;\" width=\"120\" valign=\"top\"><p>商品指数</p></td><td width=\"44\"><br/></td><td style=\"border-top-color: rgb(204, 204, 204); padding-top: 30px;\" width=\"566\">薄厚指数轻薄薄适中厚实弹性指数无弹微弹适中高弹</td></tr></tbody></table><table cellspacing=\"0\" cellpadding=\"0\" width=\"730\" style=\"width: 625px;\"><tbody><tr class=\"firstRow\"><td style=\"border-top-color: rgb(204, 204, 204); padding-top: 30px;\" width=\"120\" valign=\"top\"><p>温馨提示</p></td><td width=\"44\"><br/></td><td style=\"border-top-color: rgb(204, 204, 204);\" width=\"566\"><p><span style=\"background-color:#ffe302;\">请用低温手洗，轻轻拧去水分，晾在通风处阴干，切勿在阳光中暴晒</span> \n &nbsp; &nbsp; &nbsp;</p></td></tr></tbody></table><p>本款优势</p><p><img alt=\"\" class=\"\" src=\"/Storage/Shop/1/Products/707/remark/af81b23b52e54c58b8e7456bd60686ac.jpg\" width=\"730\" height=\"730\"/></p>', '0', '0', null, null, null, '<p><img alt=\"\" class=\"\" src=\"/Storage/Shop/1/Products/707/remark/c65362bdde53431fb00b9ff140899d05.jpg\"/> \n </p><p><img alt=\"\" class=\"\" src=\"/Storage/Shop/1/Products/707/remark/a6bab3abd0204e95ac57226bdc019c4e.jpg\" width=\"730\" height=\"1046\"/> \n </p><p>本款更多颜色选择</p><p><img alt=\"\" class=\"\" src=\"/Storage/Shop/1/Products/707/remark/0cdfa7cac3e54484a0e6fd226d7a9ee2.jpg\" width=\"730\"/> \n &nbsp;</p><table cellspacing=\"0\" cellpadding=\"0\" width=\"730\" style=\"width: 625px;\"><tbody><tr class=\"firstRow\"><td style=\"\" width=\"146\">樱桃红</td><td style=\"\" width=\"146\">黑</td><td style=\"\" width=\"146\">奶白</td></tr></tbody></table><table cellspacing=\"0\" cellpadding=\"0\" width=\"730\" style=\"width: 625px;\"><tbody><tr class=\"firstRow\"><td style=\"border-top-color: rgb(204, 204, 204); padding-top: 30px;\" width=\"120\" valign=\"top\"><p>搭配特点</p></td><td width=\"44\"><br/></td><td style=\"border-top-color: rgb(204, 204, 204);\" width=\"566\">樱桃红—经典优雅黑—显瘦百搭奶白—清新条纹</td></tr></tbody></table><p>尺码 \n &nbsp;<span style=\"font-size:14px; padding-left:20px;\">单位cm</span> \n </p><table cellspacing=\"0\" cellpadding=\"0\" align=\"center\" width=\"730\" style=\"width: 625px;\"><tbody><tr class=\"firstRow\"><td style=\"border-color: rgb(241, 241, 241);\" align=\"center\">身高/净腰围/型号</td><td style=\"border-color: rgb(241, 241, 241);\" align=\"center\">衣长</td><td style=\"border-color: rgb(241, 241, 241);\" align=\"center\">胸围</td><td style=\"border-color: rgb(241, 241, 241);\" align=\"center\">腰围</td><td style=\"border-color: rgb(241, 241, 241);\" align=\"center\">袖长</td><td style=\"border-color: rgb(241, 241, 241);\" align=\"center\">肩宽</td><td style=\"border-color: rgb(241, 241, 241);\" align=\"center\">臀围</td></tr><tr><td style=\"border-color: rgb(241, 241, 241);\" align=\"center\">155/76A/XS</td><td style=\"border-color: rgb(241, 241, 241);\" align=\"center\">95</td><td style=\"border-color: rgb(241, 241, 241);\" align=\"center\">72</td><td style=\"border-color: rgb(241, 241, 241);\" align=\"center\">64</td><td style=\"border-color: rgb(241, 241, 241);\" align=\"center\">33.6</td><td style=\"border-color: rgb(241, 241, 241);\" align=\"center\">39.5</td><td style=\"border-color: rgb(241, 241, 241);\" align=\"center\">79</td></tr><tr><td style=\"border-color: rgb(241, 241, 241);\" align=\"center\">160/80A/S</td><td style=\"border-color: rgb(241, 241, 241);\" align=\"center\">96</td><td style=\"border-color: rgb(241, 241, 241);\" align=\"center\">74</td><td style=\"border-color: rgb(241, 241, 241);\" align=\"center\">66</td><td style=\"border-color: rgb(241, 241, 241);\" align=\"center\">34.3</td><td style=\"border-color: rgb(241, 241, 241);\" align=\"center\">40</td><td style=\"border-color: rgb(241, 241, 241);\" align=\"center\">81</td></tr><tr><td style=\"border-color: rgb(241, 241, 241);\" align=\"center\">165/84A/M</td><td style=\"border-color: rgb(241, 241, 241);\" align=\"center\">98</td><td style=\"border-color: rgb(241, 241, 241);\" align=\"center\">78</td><td style=\"border-color: rgb(241, 241, 241);\" align=\"center\">70</td><td style=\"border-color: rgb(241, 241, 241);\" align=\"center\">35</td><td style=\"border-color: rgb(241, 241, 241);\" align=\"center\">41</td><td style=\"border-color: rgb(241, 241, 241);\" align=\"center\">85</td></tr><tr><td style=\"border-color: rgb(241, 241, 241);\" align=\"center\">170/88A/L</td><td style=\"border-color: rgb(241, 241, 241);\" align=\"center\">100</td><td style=\"border-color: rgb(241, 241, 241);\" align=\"center\">82</td><td style=\"border-color: rgb(241, 241, 241);\" align=\"center\">74</td><td style=\"border-color: rgb(241, 241, 241);\" align=\"center\">35.7</td><td style=\"border-color: rgb(241, 241, 241);\" align=\"center\">42</td><td style=\"border-color: rgb(241, 241, 241);\" align=\"center\">89</td></tr><tr><td style=\"border-color: rgb(241, 241, 241);\" align=\"center\">175/92A/XL</td><td style=\"border-color: rgb(241, 241, 241);\" align=\"center\">101</td><td style=\"border-color: rgb(241, 241, 241);\" align=\"center\">86</td><td style=\"border-color: rgb(241, 241, 241);\" align=\"center\">78</td><td style=\"border-color: rgb(241, 241, 241);\" align=\"center\">36.4</td><td style=\"border-color: rgb(241, 241, 241);\" align=\"center\">43</td><td style=\"border-color: rgb(241, 241, 241);\" align=\"center\">93</td></tr><tr><td style=\"border-color: rgb(241, 241, 241);\" align=\"center\">175/96A/XXL</td><td style=\"border-color: rgb(241, 241, 241);\" align=\"center\">102</td><td style=\"border-color: rgb(241, 241, 241);\" align=\"center\">90</td><td style=\"border-color: rgb(241, 241, 241);\" align=\"center\">82</td><td style=\"border-color: rgb(241, 241, 241);\" align=\"center\">36.4</td><td style=\"border-color: rgb(241, 241, 241);\" align=\"center\">44</td><td style=\"border-color: rgb(241, 241, 241);\" align=\"center\">97</td></tr></tbody></table><table cellspacing=\"0\" cellpadding=\"0\" width=\"730\" style=\"width: 625px;\"><tbody><tr class=\"firstRow\"><td style=\"font-size:24px; line-height:24px;\" width=\"120\">尺码参考</td><td width=\"44\"><br/></td><td width=\"175\">模特身高177</td><td width=\"91\">胸围83</td><td width=\"103\">臀围87</td><td width=\"98\">腰围60</td><td align=\"right\" width=\"99\">穿着M码</td></tr></tbody></table><table cellspacing=\"0\" cellpadding=\"0\" width=\"730\" style=\"width: 625px;\"><tbody><tr class=\"firstRow\"><td style=\"border-top-color: rgb(204, 204, 204); padding-top: 30px;\" width=\"120\" valign=\"top\"><p>商品信息</p></td><td width=\"44\"><br/></td><td style=\"border-top-color: rgb(204, 204, 204);\" width=\"566\"><p>货号：116361504</p><p>款名：P MEGGAN FITTED JERSEY DRESS (ESSENTIAL)</p><p>吊牌价：￥349</p><p>颜色：樱桃红、黑、奶白</p><p>面料：锦纶93% 氨纶7%</p><p>洗涤建议：30度水温下正常手洗，请避免含碱性的洗涤用品，反面洗涤、不宜用力拉伸，避免高温熨烫</p></td></tr></tbody></table><table cellspacing=\"0\" cellpadding=\"0\" width=\"730\" style=\"width: 625px;\"><tbody><tr class=\"firstRow\"><td style=\"border-top-color: rgb(204, 204, 204); padding-top: 30px;\" width=\"120\" valign=\"top\"><p>设计卖点</p></td><td width=\"44\"><br/></td><td style=\"border-top-color: rgb(204, 204, 204);\" width=\"566\"><p>● \n &nbsp; &nbsp; &nbsp; &nbsp;<span style=\"padding-left:12px;\">舒适含莱卡面料</span> \n &nbsp; &nbsp; &nbsp;</p><p>● \n &nbsp; &nbsp; &nbsp; &nbsp;<span style=\"padding-left:12px;\">修身款型</span> \n &nbsp; &nbsp; &nbsp;</p></td></tr></tbody></table><table cellspacing=\"0\" cellpadding=\"0\" width=\"730\" style=\"width: 625px;\"><tbody><tr class=\"firstRow\"><td style=\"border-top-color: rgb(204, 204, 204); padding-top: 30px;\" width=\"120\" valign=\"top\"><p>商品指数</p></td><td width=\"44\"><br/></td><td style=\"border-top-color: rgb(204, 204, 204); padding-top: 30px;\" width=\"566\">薄厚指数轻薄薄适中厚实弹性指数无弹微弹适中高弹</td></tr></tbody></table><table cellspacing=\"0\" cellpadding=\"0\" width=\"730\" style=\"width: 625px;\"><tbody><tr class=\"firstRow\"><td style=\"border-top-color: rgb(204, 204, 204); padding-top: 30px;\" width=\"120\" valign=\"top\"><p>温馨提示</p></td><td width=\"44\"><br/></td><td style=\"border-top-color: rgb(204, 204, 204);\" width=\"566\"><p><span style=\"background-color:#ffe302;\">请用低温手洗，轻轻拧去水分，晾在通风处阴干，切勿在阳光中暴晒</span> \n &nbsp; &nbsp; &nbsp;</p></td></tr></tbody></table><p>本款优势</p><p><img alt=\"\" class=\"\" src=\"/Storage/Shop/1/Products/707/remark/99bd8aaf130843289a9cc9eb6c807e3f.jpg\" width=\"730\" height=\"730\"/></p>');
INSERT INTO `himall_productdescriptions` VALUES ('0', '708', null, '<p><img alt=\"\" class=\"\" src=\"/Storage/Shop/1/Products/708/remark/1e814706dad24527a6c39fb472415918.jpg\"/></p><p><img alt=\"\" class=\"\" src=\"/Storage/Shop/1/Products/708/remark/57c2869b176e4711a651a2ce37f87487.jpg\" width=\"730\" height=\"1046\"/></p><p>本款更多颜色选择</p><p><img alt=\"\" class=\"\" src=\"/Storage/Shop/1/Products/708/remark/74457213cc6944b6a05807788c380e8c.jpg\" width=\"730\"/></p><table cellspacing=\"0\" cellpadding=\"0\" width=\"730\" style=\"width: 625px;\"><tbody><tr class=\"firstRow\"><td style=\"\" width=\"146\">黑色</td><td style=\"\" width=\"146\">奶白</td><td style=\"\" width=\"146\">深红</td></tr></tbody></table><table cellspacing=\"0\" cellpadding=\"0\" width=\"730\" style=\"width: 625px;\"><tbody><tr class=\"firstRow\"><td style=\"border-top-color: rgb(204, 204, 204); padding-top: 30px;\" width=\"120\" valign=\"top\"><p>搭配特点</p></td><td width=\"44\"><br/></td><td style=\"border-top-color: rgb(204, 204, 204);\" width=\"566\">黑色—增添神秘酷感味道奶白—简约自然清新感觉深红—洋溢浪漫活力</td></tr></tbody></table><p>尺码 &nbsp; <span style=\"font-size:14px; padding-left:20px;\">单位cm</span></p><table cellspacing=\"0\" cellpadding=\"0\" align=\"center\" width=\"730\" style=\"width: 625px;\"><tbody><tr class=\"firstRow\"><td style=\"border-color: rgb(241, 241, 241);\" align=\"center\">身高/净腰围/型号</td><td style=\"border-color: rgb(241, 241, 241);\" align=\"center\">衣长</td><td style=\"border-color: rgb(241, 241, 241);\" align=\"center\">胸围</td><td style=\"border-color: rgb(241, 241, 241);\" align=\"center\">腰围</td><td style=\"border-color: rgb(241, 241, 241);\" align=\"center\">袖长</td><td style=\"border-color: rgb(241, 241, 241);\" align=\"center\">肩宽</td><td style=\"border-color: rgb(241, 241, 241);\" align=\"center\">臀围</td></tr><tr><td style=\"border-color: rgb(241, 241, 241);\" align=\"center\">155/76A/XS</td><td style=\"border-color: rgb(241, 241, 241);\" align=\"center\">87</td><td style=\"border-color: rgb(241, 241, 241);\" align=\"center\">86</td><td style=\"border-color: rgb(241, 241, 241);\" align=\"center\">61/84</td><td style=\"border-color: rgb(241, 241, 241);\" align=\"center\">43</td><td style=\"border-color: rgb(241, 241, 241);\" align=\"center\">36.5</td><td style=\"border-color: rgb(241, 241, 241);\" align=\"center\">/</td></tr><tr><td style=\"border-color: rgb(241, 241, 241);\" align=\"center\">160/80A/S</td><td style=\"border-color: rgb(241, 241, 241);\" align=\"center\">88</td><td style=\"border-color: rgb(241, 241, 241);\" align=\"center\">88</td><td style=\"border-color: rgb(241, 241, 241);\" align=\"center\">63/86</td><td style=\"border-color: rgb(241, 241, 241);\" align=\"center\">44</td><td style=\"border-color: rgb(241, 241, 241);\" align=\"center\">37</td><td style=\"border-color: rgb(241, 241, 241);\" align=\"center\">/</td></tr><tr><td style=\"border-color: rgb(241, 241, 241);\" align=\"center\">165/84A/M</td><td style=\"border-color: rgb(241, 241, 241);\" align=\"center\">90</td><td style=\"border-color: rgb(241, 241, 241);\" align=\"center\">92</td><td style=\"border-color: rgb(241, 241, 241);\" align=\"center\">67/90</td><td style=\"border-color: rgb(241, 241, 241);\" align=\"center\">45</td><td style=\"border-color: rgb(241, 241, 241);\" align=\"center\">38</td><td style=\"border-color: rgb(241, 241, 241);\" align=\"center\">/</td></tr><tr><td style=\"border-color: rgb(241, 241, 241);\" align=\"center\">170/88A/L</td><td style=\"border-color: rgb(241, 241, 241);\" align=\"center\">92</td><td style=\"border-color: rgb(241, 241, 241);\" align=\"center\">96</td><td style=\"border-color: rgb(241, 241, 241);\" align=\"center\">71/94</td><td style=\"border-color: rgb(241, 241, 241);\" align=\"center\">46</td><td style=\"border-color: rgb(241, 241, 241);\" align=\"center\">39</td><td style=\"border-color: rgb(241, 241, 241);\" align=\"center\">/</td></tr><tr><td style=\"border-color: rgb(241, 241, 241);\" align=\"center\">175/92A/XL</td><td style=\"border-color: rgb(241, 241, 241);\" align=\"center\">93</td><td style=\"border-color: rgb(241, 241, 241);\" align=\"center\">100</td><td style=\"border-color: rgb(241, 241, 241);\" align=\"center\">75/98</td><td style=\"border-color: rgb(241, 241, 241);\" align=\"center\">47</td><td style=\"border-color: rgb(241, 241, 241);\" align=\"center\">40</td><td style=\"border-color: rgb(241, 241, 241);\" align=\"center\">/</td></tr><tr><td style=\"border-color: rgb(241, 241, 241);\" align=\"center\">175/96A/XXL</td><td style=\"border-color: rgb(241, 241, 241);\" align=\"center\">94</td><td style=\"border-color: rgb(241, 241, 241);\" align=\"center\">104</td><td style=\"border-color: rgb(241, 241, 241);\" align=\"center\">79/102</td><td style=\"border-color: rgb(241, 241, 241);\" align=\"center\">47</td><td style=\"border-color: rgb(241, 241, 241);\" align=\"center\">41</td><td style=\"border-color: rgb(241, 241, 241);\" align=\"center\">/</td></tr></tbody></table><table cellspacing=\"0\" cellpadding=\"0\" width=\"730\" style=\"width: 625px;\"><tbody><tr class=\"firstRow\"><td style=\"font-size:24px; line-height:24px;\" width=\"120\">尺码参考</td><td width=\"44\"><br/></td><td width=\"175\">模特身高179</td><td width=\"91\">胸围82</td><td width=\"103\">臀围88</td><td width=\"98\">腰围60</td><td align=\"right\" width=\"99\">穿着M码</td></tr></tbody></table><table cellspacing=\"0\" cellpadding=\"0\" width=\"730\" style=\"width: 625px;\"><tbody><tr class=\"firstRow\"><td style=\"border-top-color: rgb(204, 204, 204); padding-top: 30px;\" width=\"120\" valign=\"top\"><p>商品信息</p></td><td width=\"44\"><br/></td><td style=\"border-top-color: rgb(204, 204, 204);\" width=\"566\"><p>货号：116307501</p><p>款名：P GILL A LINE DRESS(LOVE)</p><p>吊牌价：￥899</p><p>颜色：深红、黑色、奶白</p><p>绣花面料：棉100%</p><p>里料：棉100%</p><p>洗涤建议：30度水温下正常手洗，请避免含碱性的洗涤用品，反面洗涤、不宜用力拉伸，避免高温熨烫。</p></td></tr></tbody></table><table cellspacing=\"0\" cellpadding=\"0\" width=\"730\" style=\"width: 625px;\"><tbody><tr class=\"firstRow\"><td style=\"border-top-color: rgb(204, 204, 204); padding-top: 30px;\" width=\"120\" valign=\"top\"><p>设计卖点</p></td><td width=\"44\"><br/></td><td style=\"border-top-color: rgb(204, 204, 204);\" width=\"566\"><p>● &nbsp; &nbsp; &nbsp; &nbsp; <span style=\"padding-left:12px;\"></span>松紧收腰设计</p><p>● &nbsp; &nbsp; &nbsp; &nbsp; <span style=\"padding-left:12px;\"></span>镂空蕾丝设计</p><p>● &nbsp; &nbsp; &nbsp; &nbsp; <span style=\"padding-left:12px;\">背面镂空水滴扣</span></p></td></tr></tbody></table><table cellspacing=\"0\" cellpadding=\"0\" width=\"730\" style=\"width: 625px;\"><tbody><tr class=\"firstRow\"><td style=\"border-top-color: rgb(204, 204, 204); padding-top: 30px;\" width=\"120\" valign=\"top\"><p>商品指数</p></td><td width=\"44\"><br/></td><td style=\"border-top-color: rgb(204, 204, 204); padding-top: 30px;\" width=\"566\">薄厚指数轻薄薄适中厚实弹性指数无弹微弹适中高弹</td></tr></tbody></table><table cellspacing=\"0\" cellpadding=\"0\" width=\"730\" style=\"width: 625px;\"><tbody><tr class=\"firstRow\"><td style=\"border-top-color: rgb(204, 204, 204); padding-top: 30px;\" width=\"120\" valign=\"top\"><p>温馨提示</p></td><td width=\"44\"><br/></td><td style=\"border-top-color: rgb(204, 204, 204);\" width=\"566\"><p><span style=\"background-color:#ffe302;\">请用低温手洗，轻轻拧去水分，晾在通风处阴干，切勿在阳光中暴晒。</span></p></td></tr></tbody></table>', '0', '0', null, null, null, '<p><img alt=\"\" class=\"\" src=\"/Storage/Shop/1/Products/708/remark/a9600b96df7c43f8a8950c904eac618f.jpg\"/></p><p><img alt=\"\" class=\"\" src=\"/Storage/Shop/1/Products/708/remark/3ca901c79f4048e3ba1579fc0e384bd3.jpg\" width=\"730\" height=\"1046\"/></p><p>本款更多颜色选择</p><p><img alt=\"\" class=\"\" src=\"/Storage/Shop/1/Products/708/remark/b8907c3d2ece4f9fabccfa6f85461c03.jpg\" width=\"730\"/></p><table cellspacing=\"0\" cellpadding=\"0\" width=\"730\" style=\"width: 625px;\"><tbody><tr class=\"firstRow\"><td style=\"\" width=\"146\">黑色</td><td style=\"\" width=\"146\">奶白</td><td style=\"\" width=\"146\">深红</td></tr></tbody></table><table cellspacing=\"0\" cellpadding=\"0\" width=\"730\" style=\"width: 625px;\"><tbody><tr class=\"firstRow\"><td style=\"border-top-color: rgb(204, 204, 204); padding-top: 30px;\" width=\"120\" valign=\"top\"><p>搭配特点</p></td><td width=\"44\"><br/></td><td style=\"border-top-color: rgb(204, 204, 204);\" width=\"566\">黑色—增添神秘酷感味道奶白—简约自然清新感觉深红—洋溢浪漫活力</td></tr></tbody></table><p>尺码 &nbsp; <span style=\"font-size:14px; padding-left:20px;\">单位cm</span></p><table cellspacing=\"0\" cellpadding=\"0\" align=\"center\" width=\"730\" style=\"width: 625px;\"><tbody><tr class=\"firstRow\"><td style=\"border-color: rgb(241, 241, 241);\" align=\"center\">身高/净腰围/型号</td><td style=\"border-color: rgb(241, 241, 241);\" align=\"center\">衣长</td><td style=\"border-color: rgb(241, 241, 241);\" align=\"center\">胸围</td><td style=\"border-color: rgb(241, 241, 241);\" align=\"center\">腰围</td><td style=\"border-color: rgb(241, 241, 241);\" align=\"center\">袖长</td><td style=\"border-color: rgb(241, 241, 241);\" align=\"center\">肩宽</td><td style=\"border-color: rgb(241, 241, 241);\" align=\"center\">臀围</td></tr><tr><td style=\"border-color: rgb(241, 241, 241);\" align=\"center\">155/76A/XS</td><td style=\"border-color: rgb(241, 241, 241);\" align=\"center\">87</td><td style=\"border-color: rgb(241, 241, 241);\" align=\"center\">86</td><td style=\"border-color: rgb(241, 241, 241);\" align=\"center\">61/84</td><td style=\"border-color: rgb(241, 241, 241);\" align=\"center\">43</td><td style=\"border-color: rgb(241, 241, 241);\" align=\"center\">36.5</td><td style=\"border-color: rgb(241, 241, 241);\" align=\"center\">/</td></tr><tr><td style=\"border-color: rgb(241, 241, 241);\" align=\"center\">160/80A/S</td><td style=\"border-color: rgb(241, 241, 241);\" align=\"center\">88</td><td style=\"border-color: rgb(241, 241, 241);\" align=\"center\">88</td><td style=\"border-color: rgb(241, 241, 241);\" align=\"center\">63/86</td><td style=\"border-color: rgb(241, 241, 241);\" align=\"center\">44</td><td style=\"border-color: rgb(241, 241, 241);\" align=\"center\">37</td><td style=\"border-color: rgb(241, 241, 241);\" align=\"center\">/</td></tr><tr><td style=\"border-color: rgb(241, 241, 241);\" align=\"center\">165/84A/M</td><td style=\"border-color: rgb(241, 241, 241);\" align=\"center\">90</td><td style=\"border-color: rgb(241, 241, 241);\" align=\"center\">92</td><td style=\"border-color: rgb(241, 241, 241);\" align=\"center\">67/90</td><td style=\"border-color: rgb(241, 241, 241);\" align=\"center\">45</td><td style=\"border-color: rgb(241, 241, 241);\" align=\"center\">38</td><td style=\"border-color: rgb(241, 241, 241);\" align=\"center\">/</td></tr><tr><td style=\"border-color: rgb(241, 241, 241);\" align=\"center\">170/88A/L</td><td style=\"border-color: rgb(241, 241, 241);\" align=\"center\">92</td><td style=\"border-color: rgb(241, 241, 241);\" align=\"center\">96</td><td style=\"border-color: rgb(241, 241, 241);\" align=\"center\">71/94</td><td style=\"border-color: rgb(241, 241, 241);\" align=\"center\">46</td><td style=\"border-color: rgb(241, 241, 241);\" align=\"center\">39</td><td style=\"border-color: rgb(241, 241, 241);\" align=\"center\">/</td></tr><tr><td style=\"border-color: rgb(241, 241, 241);\" align=\"center\">175/92A/XL</td><td style=\"border-color: rgb(241, 241, 241);\" align=\"center\">93</td><td style=\"border-color: rgb(241, 241, 241);\" align=\"center\">100</td><td style=\"border-color: rgb(241, 241, 241);\" align=\"center\">75/98</td><td style=\"border-color: rgb(241, 241, 241);\" align=\"center\">47</td><td style=\"border-color: rgb(241, 241, 241);\" align=\"center\">40</td><td style=\"border-color: rgb(241, 241, 241);\" align=\"center\">/</td></tr><tr><td style=\"border-color: rgb(241, 241, 241);\" align=\"center\">175/96A/XXL</td><td style=\"border-color: rgb(241, 241, 241);\" align=\"center\">94</td><td style=\"border-color: rgb(241, 241, 241);\" align=\"center\">104</td><td style=\"border-color: rgb(241, 241, 241);\" align=\"center\">79/102</td><td style=\"border-color: rgb(241, 241, 241);\" align=\"center\">47</td><td style=\"border-color: rgb(241, 241, 241);\" align=\"center\">41</td><td style=\"border-color: rgb(241, 241, 241);\" align=\"center\">/</td></tr></tbody></table><table cellspacing=\"0\" cellpadding=\"0\" width=\"730\" style=\"width: 625px;\"><tbody><tr class=\"firstRow\"><td style=\"font-size:24px; line-height:24px;\" width=\"120\">尺码参考</td><td width=\"44\"><br/></td><td width=\"175\">模特身高179</td><td width=\"91\">胸围82</td><td width=\"103\">臀围88</td><td width=\"98\">腰围60</td><td align=\"right\" width=\"99\">穿着M码</td></tr></tbody></table><table cellspacing=\"0\" cellpadding=\"0\" width=\"730\" style=\"width: 625px;\"><tbody><tr class=\"firstRow\"><td style=\"border-top-color: rgb(204, 204, 204); padding-top: 30px;\" width=\"120\" valign=\"top\"><p>商品信息</p></td><td width=\"44\"><br/></td><td style=\"border-top-color: rgb(204, 204, 204);\" width=\"566\"><p>货号：116307501</p><p>款名：P GILL A LINE DRESS(LOVE)</p><p>吊牌价：￥899</p><p>颜色：深红、黑色、奶白</p><p>绣花面料：棉100%</p><p>里料：棉100%</p><p>洗涤建议：30度水温下正常手洗，请避免含碱性的洗涤用品，反面洗涤、不宜用力拉伸，避免高温熨烫。</p></td></tr></tbody></table><table cellspacing=\"0\" cellpadding=\"0\" width=\"730\" style=\"width: 625px;\"><tbody><tr class=\"firstRow\"><td style=\"border-top-color: rgb(204, 204, 204); padding-top: 30px;\" width=\"120\" valign=\"top\"><p>设计卖点</p></td><td width=\"44\"><br/></td><td style=\"border-top-color: rgb(204, 204, 204);\" width=\"566\"><p>● &nbsp; &nbsp; &nbsp; &nbsp; <span style=\"padding-left:12px;\"></span>松紧收腰设计</p><p>● &nbsp; &nbsp; &nbsp; &nbsp; <span style=\"padding-left:12px;\"></span>镂空蕾丝设计</p><p>● &nbsp; &nbsp; &nbsp; &nbsp; <span style=\"padding-left:12px;\">背面镂空水滴扣</span></p></td></tr></tbody></table><table cellspacing=\"0\" cellpadding=\"0\" width=\"730\" style=\"width: 625px;\"><tbody><tr class=\"firstRow\"><td style=\"border-top-color: rgb(204, 204, 204); padding-top: 30px;\" width=\"120\" valign=\"top\"><p>商品指数</p></td><td width=\"44\"><br/></td><td style=\"border-top-color: rgb(204, 204, 204); padding-top: 30px;\" width=\"566\">薄厚指数轻薄薄适中厚实弹性指数无弹微弹适中高弹</td></tr></tbody></table><table cellspacing=\"0\" cellpadding=\"0\" width=\"730\" style=\"width: 625px;\"><tbody><tr class=\"firstRow\"><td style=\"border-top-color: rgb(204, 204, 204); padding-top: 30px;\" width=\"120\" valign=\"top\"><p>温馨提示</p></td><td width=\"44\"><br/></td><td style=\"border-top-color: rgb(204, 204, 204);\" width=\"566\"><p><span style=\"background-color:#ffe302;\">请用低温手洗，轻轻拧去水分，晾在通风处阴干，切勿在阳光中暴晒。</span></p></td></tr></tbody></table>');
INSERT INTO `himall_productdescriptions` VALUES ('0', '709', '发布的商品不符合要求', '<p><img alt=\"\" class=\"\" src=\"/Storage/Shop/1/Products/709/remark/e53452208c4a4f2fb2edfcf6249415e1.jpg\"/> \n </p><p><img alt=\"\" class=\"\" src=\"/Storage/Shop/1/Products/709/remark/a73d4beeff1c4c02b4d845e87f86f018.jpg\" width=\"730\" height=\"1046\"/> \n </p><p>尺码 \n &nbsp;<span style=\"font-size:14px; padding-left:20px;\">单位cm</span> \n </p><table cellspacing=\"0\" cellpadding=\"0\" align=\"center\" width=\"730\" style=\"width: 625px;\"><tbody><tr class=\"firstRow\"><td rowspan=\"7\" style=\"border-color: rgb(241, 241, 241);\" align=\"center\" width=\"105\">针织卫衣</td><td style=\"border-color: rgb(241, 241, 241);\" align=\"center\" width=\"165\">身高/净腰围/型号</td><td style=\"border-color: rgb(241, 241, 241);\" align=\"center\" width=\"73\">衣长</td><td style=\"border-color: rgb(241, 241, 241);\" align=\"center\" width=\"73\">胸围</td><td style=\"border-color: rgb(241, 241, 241);\" align=\"center\" width=\"73\">腰围</td><td style=\"border-color: rgb(241, 241, 241);\" align=\"center\" width=\"74\">袖长</td><td style=\"border-color: rgb(241, 241, 241);\" align=\"center\" width=\"73\">肩宽</td><td style=\"border-color: rgb(241, 241, 241);\" align=\"center\" width=\"76\">臀围</td></tr><tr><td style=\"border-color: rgb(241, 241, 241);\" align=\"center\">155/76A/XS</td><td style=\"border-color: rgb(241, 241, 241);\" align=\"center\">73</td><td style=\"border-color: rgb(241, 241, 241);\" align=\"center\">108</td><td style=\"border-color: rgb(241, 241, 241);\" align=\"center\">/</td><td style=\"border-color: rgb(241, 241, 241);\" align=\"center\">24</td><td style=\"border-color: rgb(241, 241, 241);\" align=\"center\">61</td><td style=\"border-color: rgb(241, 241, 241);\" align=\"center\">/</td></tr><tr><td style=\"border-color: rgb(241, 241, 241);\" align=\"center\">160/80A/S</td><td style=\"border-color: rgb(241, 241, 241);\" align=\"center\">74</td><td style=\"border-color: rgb(241, 241, 241);\" align=\"center\">110</td><td style=\"border-color: rgb(241, 241, 241);\" align=\"center\">/</td><td style=\"border-color: rgb(241, 241, 241);\" align=\"center\">24.5</td><td style=\"border-color: rgb(241, 241, 241);\" align=\"center\">62</td><td style=\"border-color: rgb(241, 241, 241);\" align=\"center\">/</td></tr><tr><td style=\"border-color: rgb(241, 241, 241);\" align=\"center\">165/84A/M</td><td style=\"border-color: rgb(241, 241, 241);\" align=\"center\">76</td><td style=\"border-color: rgb(241, 241, 241);\" align=\"center\">114</td><td style=\"border-color: rgb(241, 241, 241);\" align=\"center\">/</td><td style=\"border-color: rgb(241, 241, 241);\" align=\"center\">25</td><td style=\"border-color: rgb(241, 241, 241);\" align=\"center\">64</td><td style=\"border-color: rgb(241, 241, 241);\" align=\"center\">/</td></tr><tr><td style=\"border-color: rgb(241, 241, 241);\" align=\"center\">170/88A/L</td><td style=\"border-color: rgb(241, 241, 241);\" align=\"center\">78</td><td style=\"border-color: rgb(241, 241, 241);\" align=\"center\">118</td><td style=\"border-color: rgb(241, 241, 241);\" align=\"center\">/</td><td style=\"border-color: rgb(241, 241, 241);\" align=\"center\">25.5</td><td style=\"border-color: rgb(241, 241, 241);\" align=\"center\">66</td><td style=\"border-color: rgb(241, 241, 241);\" align=\"center\">/</td></tr><tr><td style=\"border-color: rgb(241, 241, 241);\" align=\"center\">175/92A/XL</td><td style=\"border-color: rgb(241, 241, 241);\" align=\"center\">79</td><td style=\"border-color: rgb(241, 241, 241);\" align=\"center\">122</td><td style=\"border-color: rgb(241, 241, 241);\" align=\"center\">/</td><td style=\"border-color: rgb(241, 241, 241);\" align=\"center\">26</td><td style=\"border-color: rgb(241, 241, 241);\" align=\"center\">68</td><td style=\"border-color: rgb(241, 241, 241);\" align=\"center\">/</td></tr><tr><td style=\"border-color: rgb(241, 241, 241);\" align=\"center\">175/96A/XXL</td><td style=\"border-color: rgb(241, 241, 241);\" align=\"center\">80</td><td style=\"border-color: rgb(241, 241, 241);\" align=\"center\">126</td><td style=\"border-color: rgb(241, 241, 241);\" align=\"center\">/</td><td style=\"border-color: rgb(241, 241, 241);\" align=\"center\">26</td><td style=\"border-color: rgb(241, 241, 241);\" align=\"center\">70</td><td style=\"border-color: rgb(241, 241, 241);\" align=\"center\">/</td></tr></tbody></table><table cellspacing=\"0\" cellpadding=\"0\" align=\"center\" width=\"730\" style=\"width: 625px;\"><tbody><tr class=\"firstRow\"><td rowspan=\"7\" style=\"border-color: rgb(241, 241, 241);\" align=\"center\" width=\"105\">衬衫</td><td style=\"border-color: rgb(241, 241, 241);\" align=\"center\" width=\"165\">身高/净腰围/型号</td><td style=\"border-color: rgb(241, 241, 241);\" align=\"center\" width=\"73\">衣长</td><td style=\"border-color: rgb(241, 241, 241);\" align=\"center\" width=\"73\">胸围</td><td style=\"border-color: rgb(241, 241, 241);\" align=\"center\" width=\"73\">腰围</td><td style=\"border-color: rgb(241, 241, 241);\" align=\"center\" width=\"73\">袖长</td><td style=\"border-color: rgb(241, 241, 241);\" align=\"center\" width=\"74\">肩宽</td><td style=\"border-color: rgb(241, 241, 241);\" align=\"center\" width=\"76\">臀围</td></tr><tr><td style=\"border-color: rgb(241, 241, 241);\" align=\"center\">155/76A/XS</td><td style=\"border-color: rgb(241, 241, 241);\" align=\"center\">102</td><td style=\"border-color: rgb(241, 241, 241);\" align=\"center\">92</td><td style=\"border-color: rgb(241, 241, 241);\" align=\"center\">/</td><td style=\"border-color: rgb(241, 241, 241);\" align=\"center\">49</td><td style=\"border-color: rgb(241, 241, 241);\" align=\"center\">37</td><td style=\"border-color: rgb(241, 241, 241);\" align=\"center\">/</td></tr><tr><td style=\"border-color: rgb(241, 241, 241);\" align=\"center\">160/80A/S</td><td style=\"border-color: rgb(241, 241, 241);\" align=\"center\">103</td><td style=\"border-color: rgb(241, 241, 241);\" align=\"center\">94</td><td style=\"border-color: rgb(241, 241, 241);\" align=\"center\">/</td><td style=\"border-color: rgb(241, 241, 241);\" align=\"center\">50</td><td style=\"border-color: rgb(241, 241, 241);\" align=\"center\">37.5</td><td style=\"border-color: rgb(241, 241, 241);\" align=\"center\">/</td></tr><tr><td style=\"border-color: rgb(241, 241, 241);\" align=\"center\">165/84A/M</td><td style=\"border-color: rgb(241, 241, 241);\" align=\"center\">105</td><td style=\"border-color: rgb(241, 241, 241);\" align=\"center\">98</td><td style=\"border-color: rgb(241, 241, 241);\" align=\"center\">/</td><td style=\"border-color: rgb(241, 241, 241);\" align=\"center\">51</td><td style=\"border-color: rgb(241, 241, 241);\" align=\"center\">38.5</td><td style=\"border-color: rgb(241, 241, 241);\" align=\"center\">/</td></tr><tr><td style=\"border-color: rgb(241, 241, 241);\" align=\"center\">170/88A/L</td><td style=\"border-color: rgb(241, 241, 241);\" align=\"center\">107</td><td style=\"border-color: rgb(241, 241, 241);\" align=\"center\">102</td><td style=\"border-color: rgb(241, 241, 241);\" align=\"center\">/</td><td style=\"border-color: rgb(241, 241, 241);\" align=\"center\">52</td><td style=\"border-color: rgb(241, 241, 241);\" align=\"center\">39.5</td><td style=\"border-color: rgb(241, 241, 241);\" align=\"center\">/</td></tr><tr><td style=\"border-color: rgb(241, 241, 241);\" align=\"center\">175/92A/XL</td><td style=\"border-color: rgb(241, 241, 241);\" align=\"center\">108</td><td style=\"border-color: rgb(241, 241, 241);\" align=\"center\">106</td><td style=\"border-color: rgb(241, 241, 241);\" align=\"center\">/</td><td style=\"border-color: rgb(241, 241, 241);\" align=\"center\">53</td><td style=\"border-color: rgb(241, 241, 241);\" align=\"center\">40.5</td><td style=\"border-color: rgb(241, 241, 241);\" align=\"center\">/</td></tr><tr><td style=\"border-color: rgb(241, 241, 241);\" align=\"center\">175/96A/XXL</td><td style=\"border-color: rgb(241, 241, 241);\" align=\"center\">109</td><td style=\"border-color: rgb(241, 241, 241);\" align=\"center\">110</td><td style=\"border-color: rgb(241, 241, 241);\" align=\"center\">/</td><td style=\"border-color: rgb(241, 241, 241);\" align=\"center\">53</td><td style=\"border-color: rgb(241, 241, 241);\" align=\"center\">41.5</td><td style=\"border-color: rgb(241, 241, 241);\" align=\"center\">/</td></tr></tbody></table><p>因不同的计量方法，测量允许1-3cm内误差。</p><table cellspacing=\"0\" cellpadding=\"0\" align=\"center\" width=\"730\"><tbody><tr class=\"firstRow\"></tr></tbody></table><table cellspacing=\"0\" cellpadding=\"0\" align=\"center\" width=\"730\"><tbody><tr class=\"firstRow\"></tr></tbody></table><table cellspacing=\"0\" cellpadding=\"0\" width=\"730\"><tbody><tr class=\"firstRow\"><td style=\"font-size:24px; line-height:24px;\" width=\"120\">尺码参考</td><td width=\"44\"><br/></td><td width=\"175\">模特身高177</td><td width=\"91\">胸围83</td><td width=\"103\">臀围87</td><td width=\"98\">腰围60</td><td align=\"right\" width=\"99\">穿着M码</td></tr></tbody></table><table cellspacing=\"0\" cellpadding=\"0\" width=\"730\"><tbody><tr class=\"firstRow\"><td style=\"border-top-color: rgb(204, 204, 204); padding-top: 30px;\" width=\"120\" valign=\"top\"><p>商品信息</p></td><td width=\"44\"><br/></td><td style=\"border-top-color: rgb(204, 204, 204);\" width=\"566\"><p>货号：116360504</p><p>款名：FL8.5 FANCY SHIRT SWEAT</p><p>吊牌价：¥599</p><p>颜色：花灰色</p><p>外层大身面料：棉100%</p><p>里层面料：棉100%</p><p>洗涤建议：30度水温下正常手洗，请避免含碱性的洗涤用品，反面洗涤、不宜用力拉伸，避免高温熨烫</p></td></tr></tbody></table><table cellspacing=\"0\" cellpadding=\"0\" width=\"730\"><tbody><tr class=\"firstRow\"><td style=\"border-top-color: rgb(204, 204, 204); padding-top: 30px;\" width=\"120\" valign=\"top\"><p>设计卖点</p></td><td width=\"44\"><br/></td><td style=\"border-top-color: rgb(204, 204, 204);\" width=\"566\"><p>● \n &nbsp; &nbsp; &nbsp; &nbsp;<span style=\"padding-left:12px;\">纯棉舒适面料</span> \n &nbsp; &nbsp; &nbsp;</p><p>● \n &nbsp; &nbsp; &nbsp; &nbsp;<span style=\"padding-left:12px;\">两件套叠搭设计</span> \n &nbsp; &nbsp; &nbsp;</p></td></tr></tbody></table><table cellspacing=\"0\" cellpadding=\"0\" width=\"730\"><tbody><tr class=\"firstRow\"><td style=\"border-top-color: rgb(204, 204, 204); padding-top: 30px;\" width=\"120\" valign=\"top\"><p>商品指数</p></td><td width=\"44\"><br/></td><td style=\"border-top-color: rgb(204, 204, 204); padding-top: 30px;\" width=\"566\">薄厚指数轻薄薄适中厚实弹性指数无弹微弹适中高弹</td></tr></tbody></table><table cellspacing=\"0\" cellpadding=\"0\" width=\"730\"><tbody><tr class=\"firstRow\"><td style=\"border-top-color: rgb(204, 204, 204); padding-top: 30px;\" width=\"120\" valign=\"top\"><p>温馨提示</p></td><td width=\"44\"><br/></td><td style=\"border-top-color: rgb(204, 204, 204);\" width=\"566\"><p><span style=\"background-color:#ffe302;\">请用低温手洗，轻轻拧去水分，晾在通风处阴干，切勿在阳光中暴晒</span> \n &nbsp; &nbsp; &nbsp;</p></td></tr></tbody></table><p>本款优势</p><p><img alt=\"\" class=\"\" src=\"/Storage/Shop/1/Products/709/remark/30a6b81bf0e342a1a88c2a70e3be9aa0.jpg\" width=\"730\" height=\"730\"/> \n </p><p>螺纹圆领设计</p><table cellspacing=\"0\" cellpadding=\"0\" width=\"730\"><tbody><tr class=\"firstRow\"><td><img alt=\"\" class=\"\" src=\"/Storage/Shop/1/Products/709/remark/58ed8ed6e07e43d1ab48949f2dd61369.jpg\" width=\"365\" height=\"584\"/></td><td><img alt=\"\" class=\"\" src=\"/Storage/Shop/1/Products/709/remark/3c7e51ccc2f24c838364e3d7397c0168.jpg\" width=\"365\" height=\"584\"/></td></tr></tbody></table>', '0', '0', null, null, null, '<p><img alt=\"\" class=\"\" src=\"/Storage/Shop/1/Products/709/remark/1f4be3ef4e594b56abc963d72c3cc2f3.jpg\"/> \n </p><p><img alt=\"\" class=\"\" src=\"/Storage/Shop/1/Products/709/remark/7bd2a7dfdd254f3096a7e4be8e74a5cc.jpg\" width=\"730\" height=\"1046\"/> \n </p><p>尺码 \n &nbsp;<span style=\"font-size:14px; padding-left:20px;\">单位cm</span> \n </p><table cellspacing=\"0\" cellpadding=\"0\" align=\"center\" width=\"730\" style=\"width: 625px;\"><tbody><tr class=\"firstRow\"><td rowspan=\"7\" style=\"border-color: rgb(241, 241, 241);\" align=\"center\" width=\"105\">针织卫衣</td><td style=\"border-color: rgb(241, 241, 241);\" align=\"center\" width=\"165\">身高/净腰围/型号</td><td style=\"border-color: rgb(241, 241, 241);\" align=\"center\" width=\"73\">衣长</td><td style=\"border-color: rgb(241, 241, 241);\" align=\"center\" width=\"73\">胸围</td><td style=\"border-color: rgb(241, 241, 241);\" align=\"center\" width=\"73\">腰围</td><td style=\"border-color: rgb(241, 241, 241);\" align=\"center\" width=\"74\">袖长</td><td style=\"border-color: rgb(241, 241, 241);\" align=\"center\" width=\"73\">肩宽</td><td style=\"border-color: rgb(241, 241, 241);\" align=\"center\" width=\"76\">臀围</td></tr><tr><td style=\"border-color: rgb(241, 241, 241);\" align=\"center\">155/76A/XS</td><td style=\"border-color: rgb(241, 241, 241);\" align=\"center\">73</td><td style=\"border-color: rgb(241, 241, 241);\" align=\"center\">108</td><td style=\"border-color: rgb(241, 241, 241);\" align=\"center\">/</td><td style=\"border-color: rgb(241, 241, 241);\" align=\"center\">24</td><td style=\"border-color: rgb(241, 241, 241);\" align=\"center\">61</td><td style=\"border-color: rgb(241, 241, 241);\" align=\"center\">/</td></tr><tr><td style=\"border-color: rgb(241, 241, 241);\" align=\"center\">160/80A/S</td><td style=\"border-color: rgb(241, 241, 241);\" align=\"center\">74</td><td style=\"border-color: rgb(241, 241, 241);\" align=\"center\">110</td><td style=\"border-color: rgb(241, 241, 241);\" align=\"center\">/</td><td style=\"border-color: rgb(241, 241, 241);\" align=\"center\">24.5</td><td style=\"border-color: rgb(241, 241, 241);\" align=\"center\">62</td><td style=\"border-color: rgb(241, 241, 241);\" align=\"center\">/</td></tr><tr><td style=\"border-color: rgb(241, 241, 241);\" align=\"center\">165/84A/M</td><td style=\"border-color: rgb(241, 241, 241);\" align=\"center\">76</td><td style=\"border-color: rgb(241, 241, 241);\" align=\"center\">114</td><td style=\"border-color: rgb(241, 241, 241);\" align=\"center\">/</td><td style=\"border-color: rgb(241, 241, 241);\" align=\"center\">25</td><td style=\"border-color: rgb(241, 241, 241);\" align=\"center\">64</td><td style=\"border-color: rgb(241, 241, 241);\" align=\"center\">/</td></tr><tr><td style=\"border-color: rgb(241, 241, 241);\" align=\"center\">170/88A/L</td><td style=\"border-color: rgb(241, 241, 241);\" align=\"center\">78</td><td style=\"border-color: rgb(241, 241, 241);\" align=\"center\">118</td><td style=\"border-color: rgb(241, 241, 241);\" align=\"center\">/</td><td style=\"border-color: rgb(241, 241, 241);\" align=\"center\">25.5</td><td style=\"border-color: rgb(241, 241, 241);\" align=\"center\">66</td><td style=\"border-color: rgb(241, 241, 241);\" align=\"center\">/</td></tr><tr><td style=\"border-color: rgb(241, 241, 241);\" align=\"center\">175/92A/XL</td><td style=\"border-color: rgb(241, 241, 241);\" align=\"center\">79</td><td style=\"border-color: rgb(241, 241, 241);\" align=\"center\">122</td><td style=\"border-color: rgb(241, 241, 241);\" align=\"center\">/</td><td style=\"border-color: rgb(241, 241, 241);\" align=\"center\">26</td><td style=\"border-color: rgb(241, 241, 241);\" align=\"center\">68</td><td style=\"border-color: rgb(241, 241, 241);\" align=\"center\">/</td></tr><tr><td style=\"border-color: rgb(241, 241, 241);\" align=\"center\">175/96A/XXL</td><td style=\"border-color: rgb(241, 241, 241);\" align=\"center\">80</td><td style=\"border-color: rgb(241, 241, 241);\" align=\"center\">126</td><td style=\"border-color: rgb(241, 241, 241);\" align=\"center\">/</td><td style=\"border-color: rgb(241, 241, 241);\" align=\"center\">26</td><td style=\"border-color: rgb(241, 241, 241);\" align=\"center\">70</td><td style=\"border-color: rgb(241, 241, 241);\" align=\"center\">/</td></tr></tbody></table><table cellspacing=\"0\" cellpadding=\"0\" align=\"center\" width=\"730\" style=\"width: 625px;\"><tbody><tr class=\"firstRow\"><td rowspan=\"7\" style=\"border-color: rgb(241, 241, 241);\" align=\"center\" width=\"105\">衬衫</td><td style=\"border-color: rgb(241, 241, 241);\" align=\"center\" width=\"165\">身高/净腰围/型号</td><td style=\"border-color: rgb(241, 241, 241);\" align=\"center\" width=\"73\">衣长</td><td style=\"border-color: rgb(241, 241, 241);\" align=\"center\" width=\"73\">胸围</td><td style=\"border-color: rgb(241, 241, 241);\" align=\"center\" width=\"73\">腰围</td><td style=\"border-color: rgb(241, 241, 241);\" align=\"center\" width=\"73\">袖长</td><td style=\"border-color: rgb(241, 241, 241);\" align=\"center\" width=\"74\">肩宽</td><td style=\"border-color: rgb(241, 241, 241);\" align=\"center\" width=\"76\">臀围</td></tr><tr><td style=\"border-color: rgb(241, 241, 241);\" align=\"center\">155/76A/XS</td><td style=\"border-color: rgb(241, 241, 241);\" align=\"center\">102</td><td style=\"border-color: rgb(241, 241, 241);\" align=\"center\">92</td><td style=\"border-color: rgb(241, 241, 241);\" align=\"center\">/</td><td style=\"border-color: rgb(241, 241, 241);\" align=\"center\">49</td><td style=\"border-color: rgb(241, 241, 241);\" align=\"center\">37</td><td style=\"border-color: rgb(241, 241, 241);\" align=\"center\">/</td></tr><tr><td style=\"border-color: rgb(241, 241, 241);\" align=\"center\">160/80A/S</td><td style=\"border-color: rgb(241, 241, 241);\" align=\"center\">103</td><td style=\"border-color: rgb(241, 241, 241);\" align=\"center\">94</td><td style=\"border-color: rgb(241, 241, 241);\" align=\"center\">/</td><td style=\"border-color: rgb(241, 241, 241);\" align=\"center\">50</td><td style=\"border-color: rgb(241, 241, 241);\" align=\"center\">37.5</td><td style=\"border-color: rgb(241, 241, 241);\" align=\"center\">/</td></tr><tr><td style=\"border-color: rgb(241, 241, 241);\" align=\"center\">165/84A/M</td><td style=\"border-color: rgb(241, 241, 241);\" align=\"center\">105</td><td style=\"border-color: rgb(241, 241, 241);\" align=\"center\">98</td><td style=\"border-color: rgb(241, 241, 241);\" align=\"center\">/</td><td style=\"border-color: rgb(241, 241, 241);\" align=\"center\">51</td><td style=\"border-color: rgb(241, 241, 241);\" align=\"center\">38.5</td><td style=\"border-color: rgb(241, 241, 241);\" align=\"center\">/</td></tr><tr><td style=\"border-color: rgb(241, 241, 241);\" align=\"center\">170/88A/L</td><td style=\"border-color: rgb(241, 241, 241);\" align=\"center\">107</td><td style=\"border-color: rgb(241, 241, 241);\" align=\"center\">102</td><td style=\"border-color: rgb(241, 241, 241);\" align=\"center\">/</td><td style=\"border-color: rgb(241, 241, 241);\" align=\"center\">52</td><td style=\"border-color: rgb(241, 241, 241);\" align=\"center\">39.5</td><td style=\"border-color: rgb(241, 241, 241);\" align=\"center\">/</td></tr><tr><td style=\"border-color: rgb(241, 241, 241);\" align=\"center\">175/92A/XL</td><td style=\"border-color: rgb(241, 241, 241);\" align=\"center\">108</td><td style=\"border-color: rgb(241, 241, 241);\" align=\"center\">106</td><td style=\"border-color: rgb(241, 241, 241);\" align=\"center\">/</td><td style=\"border-color: rgb(241, 241, 241);\" align=\"center\">53</td><td style=\"border-color: rgb(241, 241, 241);\" align=\"center\">40.5</td><td style=\"border-color: rgb(241, 241, 241);\" align=\"center\">/</td></tr><tr><td style=\"border-color: rgb(241, 241, 241);\" align=\"center\">175/96A/XXL</td><td style=\"border-color: rgb(241, 241, 241);\" align=\"center\">109</td><td style=\"border-color: rgb(241, 241, 241);\" align=\"center\">110</td><td style=\"border-color: rgb(241, 241, 241);\" align=\"center\">/</td><td style=\"border-color: rgb(241, 241, 241);\" align=\"center\">53</td><td style=\"border-color: rgb(241, 241, 241);\" align=\"center\">41.5</td><td style=\"border-color: rgb(241, 241, 241);\" align=\"center\">/</td></tr></tbody></table><p>因不同的计量方法，测量允许1-3cm内误差。</p><table cellspacing=\"0\" cellpadding=\"0\" align=\"center\" width=\"730\"><tbody><tr class=\"firstRow\"></tr></tbody></table><table cellspacing=\"0\" cellpadding=\"0\" align=\"center\" width=\"730\"><tbody><tr class=\"firstRow\"></tr></tbody></table><table cellspacing=\"0\" cellpadding=\"0\" width=\"730\"><tbody><tr class=\"firstRow\"><td style=\"font-size:24px; line-height:24px;\" width=\"120\">尺码参考</td><td width=\"44\"><br/></td><td width=\"175\">模特身高177</td><td width=\"91\">胸围83</td><td width=\"103\">臀围87</td><td width=\"98\">腰围60</td><td align=\"right\" width=\"99\">穿着M码</td></tr></tbody></table><table cellspacing=\"0\" cellpadding=\"0\" width=\"730\"><tbody><tr class=\"firstRow\"><td style=\"border-top-color: rgb(204, 204, 204); padding-top: 30px;\" width=\"120\" valign=\"top\"><p>商品信息</p></td><td width=\"44\"><br/></td><td style=\"border-top-color: rgb(204, 204, 204);\" width=\"566\"><p>货号：116360504</p><p>款名：FL8.5 FANCY SHIRT SWEAT</p><p>吊牌价：¥599</p><p>颜色：花灰色</p><p>外层大身面料：棉100%</p><p>里层面料：棉100%</p><p>洗涤建议：30度水温下正常手洗，请避免含碱性的洗涤用品，反面洗涤、不宜用力拉伸，避免高温熨烫</p></td></tr></tbody></table><table cellspacing=\"0\" cellpadding=\"0\" width=\"730\"><tbody><tr class=\"firstRow\"><td style=\"border-top-color: rgb(204, 204, 204); padding-top: 30px;\" width=\"120\" valign=\"top\"><p>设计卖点</p></td><td width=\"44\"><br/></td><td style=\"border-top-color: rgb(204, 204, 204);\" width=\"566\"><p>● \n &nbsp; &nbsp; &nbsp; &nbsp;<span style=\"padding-left:12px;\">纯棉舒适面料</span> \n &nbsp; &nbsp; &nbsp;</p><p>● \n &nbsp; &nbsp; &nbsp; &nbsp;<span style=\"padding-left:12px;\">两件套叠搭设计</span> \n &nbsp; &nbsp; &nbsp;</p></td></tr></tbody></table><table cellspacing=\"0\" cellpadding=\"0\" width=\"730\"><tbody><tr class=\"firstRow\"><td style=\"border-top-color: rgb(204, 204, 204); padding-top: 30px;\" width=\"120\" valign=\"top\"><p>商品指数</p></td><td width=\"44\"><br/></td><td style=\"border-top-color: rgb(204, 204, 204); padding-top: 30px;\" width=\"566\">薄厚指数轻薄薄适中厚实弹性指数无弹微弹适中高弹</td></tr></tbody></table><table cellspacing=\"0\" cellpadding=\"0\" width=\"730\"><tbody><tr class=\"firstRow\"><td style=\"border-top-color: rgb(204, 204, 204); padding-top: 30px;\" width=\"120\" valign=\"top\"><p>温馨提示</p></td><td width=\"44\"><br/></td><td style=\"border-top-color: rgb(204, 204, 204);\" width=\"566\"><p><span style=\"background-color:#ffe302;\">请用低温手洗，轻轻拧去水分，晾在通风处阴干，切勿在阳光中暴晒</span> \n &nbsp; &nbsp; &nbsp;</p></td></tr></tbody></table><p>本款优势</p><p><img alt=\"\" class=\"\" src=\"/Storage/Shop/1/Products/709/remark/19e8b9085d2949ee8c77d7d77e7ca47a.jpg\" width=\"730\" height=\"730\"/> \n </p><p>螺纹圆领设计</p><table cellspacing=\"0\" cellpadding=\"0\" width=\"730\"><tbody><tr class=\"firstRow\"><td><img alt=\"\" class=\"\" src=\"/Storage/Shop/1/Products/709/remark/00d960196ae645c289063eb3e44b7254.jpg\" width=\"365\" height=\"584\"/></td><td><img alt=\"\" class=\"\" src=\"/Storage/Shop/1/Products/709/remark/2fe153110e2242c9939c5b1dc0b34200.jpg\" width=\"365\" height=\"584\"/></td></tr></tbody></table>');
INSERT INTO `himall_productdescriptions` VALUES ('0', '710', '发布的商品不符合要求', '<p><img alt=\"\" class=\"\" src=\"/Storage/Shop/1/Products/710/remark/61fa364bf0b34f538f1dd6eea62aae2c.jpg\"/> \n </p><p><img alt=\"\" class=\"\" src=\"/Storage/Shop/1/Products/710/remark/4c214253c0cf4392a4f288c7754d2ef1.jpg\" width=\"730\" height=\"1046\"/> \n </p><p>尺码 \n &nbsp;<span style=\"font-size:14px; padding-left:20px;\">单位cm</span> \n </p><table cellspacing=\"0\" cellpadding=\"0\" align=\"center\" width=\"730\" style=\"width: 625px;\"><tbody><tr class=\"firstRow\"><td style=\"border-color: rgb(241, 241, 241);\" align=\"center\">身高/净腰围/型号</td><td style=\"border-color: rgb(241, 241, 241);\" align=\"center\">衣长</td><td style=\"border-color: rgb(241, 241, 241);\" align=\"center\">胸围</td><td style=\"border-color: rgb(241, 241, 241);\" align=\"center\">腰围</td><td style=\"border-color: rgb(241, 241, 241);\" align=\"center\">袖长</td><td style=\"border-color: rgb(241, 241, 241);\" align=\"center\">肩宽</td><td style=\"border-color: rgb(241, 241, 241);\" align=\"center\">臀围</td></tr><tr><td style=\"border-color: rgb(241, 241, 241);\" align=\"center\">155/76A/XS</td><td style=\"border-color: rgb(241, 241, 241);\" align=\"center\">37</td><td style=\"border-color: rgb(241, 241, 241);\" align=\"center\">/</td><td style=\"border-color: rgb(241, 241, 241);\" align=\"center\">69</td><td style=\"border-color: rgb(241, 241, 241);\" align=\"center\">/</td><td style=\"border-color: rgb(241, 241, 241);\" align=\"center\">/</td><td style=\"border-color: rgb(241, 241, 241);\" align=\"center\">/</td></tr><tr><td style=\"border-color: rgb(241, 241, 241);\" align=\"center\">160/80A/S</td><td style=\"border-color: rgb(241, 241, 241);\" align=\"center\">38</td><td style=\"border-color: rgb(241, 241, 241);\" align=\"center\">/</td><td style=\"border-color: rgb(241, 241, 241);\" align=\"center\">71</td><td style=\"border-color: rgb(241, 241, 241);\" align=\"center\">/</td><td style=\"border-color: rgb(241, 241, 241);\" align=\"center\">/</td><td style=\"border-color: rgb(241, 241, 241);\" align=\"center\">/</td></tr><tr><td style=\"border-color: rgb(241, 241, 241);\" align=\"center\">165/84A/M</td><td style=\"border-color: rgb(241, 241, 241);\" align=\"center\">40</td><td style=\"border-color: rgb(241, 241, 241);\" align=\"center\">/</td><td style=\"border-color: rgb(241, 241, 241);\" align=\"center\">75</td><td style=\"border-color: rgb(241, 241, 241);\" align=\"center\">/</td><td style=\"border-color: rgb(241, 241, 241);\" align=\"center\">/</td><td style=\"border-color: rgb(241, 241, 241);\" align=\"center\">/</td></tr><tr><td style=\"border-color: rgb(241, 241, 241);\" align=\"center\">170/88A/L</td><td style=\"border-color: rgb(241, 241, 241);\" align=\"center\">42</td><td style=\"border-color: rgb(241, 241, 241);\" align=\"center\">/</td><td style=\"border-color: rgb(241, 241, 241);\" align=\"center\">79</td><td style=\"border-color: rgb(241, 241, 241);\" align=\"center\">/</td><td style=\"border-color: rgb(241, 241, 241);\" align=\"center\">/</td><td style=\"border-color: rgb(241, 241, 241);\" align=\"center\">/</td></tr><tr><td style=\"border-color: rgb(241, 241, 241);\" align=\"center\">175/92A/XL</td><td style=\"border-color: rgb(241, 241, 241);\" align=\"center\">43</td><td style=\"border-color: rgb(241, 241, 241);\" align=\"center\">/</td><td style=\"border-color: rgb(241, 241, 241);\" align=\"center\">83</td><td style=\"border-color: rgb(241, 241, 241);\" align=\"center\">/</td><td style=\"border-color: rgb(241, 241, 241);\" align=\"center\">/</td><td style=\"border-color: rgb(241, 241, 241);\" align=\"center\">/</td></tr><tr><td style=\"border-color: rgb(241, 241, 241);\" align=\"center\">175/96A/XXL</td><td style=\"border-color: rgb(241, 241, 241);\" align=\"center\">44</td><td style=\"border-color: rgb(241, 241, 241);\" align=\"center\">/</td><td style=\"border-color: rgb(241, 241, 241);\" align=\"center\">87</td><td style=\"border-color: rgb(241, 241, 241);\" align=\"center\">/</td><td style=\"border-color: rgb(241, 241, 241);\" align=\"center\">/</td><td style=\"border-color: rgb(241, 241, 241);\" align=\"center\">/</td></tr></tbody></table><p>因不同的计量方法，测量允许1-3cm内误差。</p><table cellspacing=\"0\" cellpadding=\"0\" width=\"730\" style=\"width: 625px;\"><tbody><tr class=\"firstRow\"><td style=\"font-size:24px; line-height:24px;\" width=\"120\">尺码参考</td><td width=\"44\"><br/></td><td width=\"175\">模特身高179</td><td width=\"91\">胸围82</td><td width=\"103\">臀围88</td><td width=\"98\">腰围60</td><td align=\"right\" width=\"99\">穿着M码</td></tr></tbody></table><table cellspacing=\"0\" cellpadding=\"0\" width=\"730\" style=\"width: 625px;\"><tbody><tr class=\"firstRow\"><td style=\"border-top-color: rgb(204, 204, 204); padding-top: 30px;\" width=\"120\" valign=\"top\"><p>商品信息</p></td><td width=\"44\"><br/></td><td style=\"border-top-color: rgb(204, 204, 204);\" width=\"566\"><p>货号：116342524</p><p>款名：FL8 RINO DENIM OVERALL DRESS</p><p>吊牌价：￥499</p><p>颜色：390洗水牛仔蓝</p><p>面料：棉100%</p><p>口袋布：聚酯纤维72%棉28%</p><p>洗涤建议：请单独反底洗涤，不可甩干。牛仔裤在首次洗涤时用食盐和醋浸泡后保色效果较好。</p></td></tr></tbody></table><table cellspacing=\"0\" cellpadding=\"0\" width=\"730\" style=\"width: 625px;\"><tbody><tr class=\"firstRow\"><td style=\"border-top-color: rgb(204, 204, 204); padding-top: 30px;\" width=\"120\" valign=\"top\"><p>设计卖点</p></td><td width=\"44\"><br/></td><td style=\"border-top-color: rgb(204, 204, 204);\" width=\"566\"><p>● \n &nbsp; &nbsp; &nbsp; &nbsp;<span style=\"padding-left:12px;\">纯棉面料</span> \n &nbsp; &nbsp; &nbsp;</p><p>● \n &nbsp; &nbsp; &nbsp; &nbsp;<span style=\"padding-left:12px;\">宽松版型</span> \n &nbsp; &nbsp; &nbsp;</p></td></tr></tbody></table><table cellspacing=\"0\" cellpadding=\"0\" width=\"730\" style=\"width: 625px;\"><tbody><tr class=\"firstRow\"><td style=\"border-top-color: rgb(204, 204, 204); padding-top: 30px;\" width=\"120\" valign=\"top\"><p>商品指数</p></td><td width=\"44\"><br/></td><td style=\"border-top-color: rgb(204, 204, 204); padding-top: 30px;\" width=\"566\">薄厚指数轻薄薄适中厚实弹性指数无弹微弹适中高弹</td></tr></tbody></table><table cellspacing=\"0\" cellpadding=\"0\" width=\"730\" style=\"width: 625px;\"><tbody><tr class=\"firstRow\"><td style=\"border-top-color: rgb(204, 204, 204); padding-top: 30px;\" width=\"120\" valign=\"top\"><p>温馨提示</p></td><td width=\"44\"><br/></td><td style=\"border-top-color: rgb(204, 204, 204);\" width=\"566\"><p><span style=\"background-color:#ffe302;\">模特所佩戴饰品、配件均为搭配使用，不做销售用途</span> \n &nbsp; &nbsp; &nbsp;</p></td></tr></tbody></table><p><br/></p>', '0', '0', null, null, null, '<p><img alt=\"\" class=\"\" src=\"/Storage/Shop/1/Products/710/remark/5283821cd69e44e9a1c21559c76a5cff.jpg\"/> \n </p><p><img alt=\"\" class=\"\" src=\"/Storage/Shop/1/Products/710/remark/360daa78654f4ba6a2c247b507c11d03.jpg\" width=\"730\" height=\"1046\"/> \n </p><p>尺码 \n &nbsp;<span style=\"font-size:14px; padding-left:20px;\">单位cm</span> \n </p><table cellspacing=\"0\" cellpadding=\"0\" align=\"center\" width=\"730\" style=\"width: 625px;\"><tbody><tr class=\"firstRow\"><td style=\"border-color: rgb(241, 241, 241);\" align=\"center\">身高/净腰围/型号</td><td style=\"border-color: rgb(241, 241, 241);\" align=\"center\">衣长</td><td style=\"border-color: rgb(241, 241, 241);\" align=\"center\">胸围</td><td style=\"border-color: rgb(241, 241, 241);\" align=\"center\">腰围</td><td style=\"border-color: rgb(241, 241, 241);\" align=\"center\">袖长</td><td style=\"border-color: rgb(241, 241, 241);\" align=\"center\">肩宽</td><td style=\"border-color: rgb(241, 241, 241);\" align=\"center\">臀围</td></tr><tr><td style=\"border-color: rgb(241, 241, 241);\" align=\"center\">155/76A/XS</td><td style=\"border-color: rgb(241, 241, 241);\" align=\"center\">37</td><td style=\"border-color: rgb(241, 241, 241);\" align=\"center\">/</td><td style=\"border-color: rgb(241, 241, 241);\" align=\"center\">69</td><td style=\"border-color: rgb(241, 241, 241);\" align=\"center\">/</td><td style=\"border-color: rgb(241, 241, 241);\" align=\"center\">/</td><td style=\"border-color: rgb(241, 241, 241);\" align=\"center\">/</td></tr><tr><td style=\"border-color: rgb(241, 241, 241);\" align=\"center\">160/80A/S</td><td style=\"border-color: rgb(241, 241, 241);\" align=\"center\">38</td><td style=\"border-color: rgb(241, 241, 241);\" align=\"center\">/</td><td style=\"border-color: rgb(241, 241, 241);\" align=\"center\">71</td><td style=\"border-color: rgb(241, 241, 241);\" align=\"center\">/</td><td style=\"border-color: rgb(241, 241, 241);\" align=\"center\">/</td><td style=\"border-color: rgb(241, 241, 241);\" align=\"center\">/</td></tr><tr><td style=\"border-color: rgb(241, 241, 241);\" align=\"center\">165/84A/M</td><td style=\"border-color: rgb(241, 241, 241);\" align=\"center\">40</td><td style=\"border-color: rgb(241, 241, 241);\" align=\"center\">/</td><td style=\"border-color: rgb(241, 241, 241);\" align=\"center\">75</td><td style=\"border-color: rgb(241, 241, 241);\" align=\"center\">/</td><td style=\"border-color: rgb(241, 241, 241);\" align=\"center\">/</td><td style=\"border-color: rgb(241, 241, 241);\" align=\"center\">/</td></tr><tr><td style=\"border-color: rgb(241, 241, 241);\" align=\"center\">170/88A/L</td><td style=\"border-color: rgb(241, 241, 241);\" align=\"center\">42</td><td style=\"border-color: rgb(241, 241, 241);\" align=\"center\">/</td><td style=\"border-color: rgb(241, 241, 241);\" align=\"center\">79</td><td style=\"border-color: rgb(241, 241, 241);\" align=\"center\">/</td><td style=\"border-color: rgb(241, 241, 241);\" align=\"center\">/</td><td style=\"border-color: rgb(241, 241, 241);\" align=\"center\">/</td></tr><tr><td style=\"border-color: rgb(241, 241, 241);\" align=\"center\">175/92A/XL</td><td style=\"border-color: rgb(241, 241, 241);\" align=\"center\">43</td><td style=\"border-color: rgb(241, 241, 241);\" align=\"center\">/</td><td style=\"border-color: rgb(241, 241, 241);\" align=\"center\">83</td><td style=\"border-color: rgb(241, 241, 241);\" align=\"center\">/</td><td style=\"border-color: rgb(241, 241, 241);\" align=\"center\">/</td><td style=\"border-color: rgb(241, 241, 241);\" align=\"center\">/</td></tr><tr><td style=\"border-color: rgb(241, 241, 241);\" align=\"center\">175/96A/XXL</td><td style=\"border-color: rgb(241, 241, 241);\" align=\"center\">44</td><td style=\"border-color: rgb(241, 241, 241);\" align=\"center\">/</td><td style=\"border-color: rgb(241, 241, 241);\" align=\"center\">87</td><td style=\"border-color: rgb(241, 241, 241);\" align=\"center\">/</td><td style=\"border-color: rgb(241, 241, 241);\" align=\"center\">/</td><td style=\"border-color: rgb(241, 241, 241);\" align=\"center\">/</td></tr></tbody></table><p>因不同的计量方法，测量允许1-3cm内误差。</p><table cellspacing=\"0\" cellpadding=\"0\" width=\"730\" style=\"width: 625px;\"><tbody><tr class=\"firstRow\"><td style=\"font-size:24px; line-height:24px;\" width=\"120\">尺码参考</td><td width=\"44\"><br/></td><td width=\"175\">模特身高179</td><td width=\"91\">胸围82</td><td width=\"103\">臀围88</td><td width=\"98\">腰围60</td><td align=\"right\" width=\"99\">穿着M码</td></tr></tbody></table><table cellspacing=\"0\" cellpadding=\"0\" width=\"730\" style=\"width: 625px;\"><tbody><tr class=\"firstRow\"><td style=\"border-top-color: rgb(204, 204, 204); padding-top: 30px;\" width=\"120\" valign=\"top\"><p>商品信息</p></td><td width=\"44\"><br/></td><td style=\"border-top-color: rgb(204, 204, 204);\" width=\"566\"><p>货号：116342524</p><p>款名：FL8 RINO DENIM OVERALL DRESS</p><p>吊牌价：￥499</p><p>颜色：390洗水牛仔蓝</p><p>面料：棉100%</p><p>口袋布：聚酯纤维72%棉28%</p><p>洗涤建议：请单独反底洗涤，不可甩干。牛仔裤在首次洗涤时用食盐和醋浸泡后保色效果较好。</p></td></tr></tbody></table><table cellspacing=\"0\" cellpadding=\"0\" width=\"730\" style=\"width: 625px;\"><tbody><tr class=\"firstRow\"><td style=\"border-top-color: rgb(204, 204, 204); padding-top: 30px;\" width=\"120\" valign=\"top\"><p>设计卖点</p></td><td width=\"44\"><br/></td><td style=\"border-top-color: rgb(204, 204, 204);\" width=\"566\"><p>● \n &nbsp; &nbsp; &nbsp; &nbsp;<span style=\"padding-left:12px;\">纯棉面料</span> \n &nbsp; &nbsp; &nbsp;</p><p>● \n &nbsp; &nbsp; &nbsp; &nbsp;<span style=\"padding-left:12px;\">宽松版型</span> \n &nbsp; &nbsp; &nbsp;</p></td></tr></tbody></table><table cellspacing=\"0\" cellpadding=\"0\" width=\"730\" style=\"width: 625px;\"><tbody><tr class=\"firstRow\"><td style=\"border-top-color: rgb(204, 204, 204); padding-top: 30px;\" width=\"120\" valign=\"top\"><p>商品指数</p></td><td width=\"44\"><br/></td><td style=\"border-top-color: rgb(204, 204, 204); padding-top: 30px;\" width=\"566\">薄厚指数轻薄薄适中厚实弹性指数无弹微弹适中高弹</td></tr></tbody></table><table cellspacing=\"0\" cellpadding=\"0\" width=\"730\" style=\"width: 625px;\"><tbody><tr class=\"firstRow\"><td style=\"border-top-color: rgb(204, 204, 204); padding-top: 30px;\" width=\"120\" valign=\"top\"><p>温馨提示</p></td><td width=\"44\"><br/></td><td style=\"border-top-color: rgb(204, 204, 204);\" width=\"566\"><p><span style=\"background-color:#ffe302;\">模特所佩戴饰品、配件均为搭配使用，不做销售用途</span> \n &nbsp; &nbsp; &nbsp;</p></td></tr></tbody></table><p><br/></p>');
INSERT INTO `himall_productdescriptions` VALUES ('0', '711', null, '<p>吊带连衣裙，迷你裙长，甜美花朵印花图案，衣身抽褶设计，系带肩带，斜插前口袋。</p><p>细节：</p><p>- 面料：100%粘性纤维</p><p>- 冷水机洗</p><p>-BY FOREVER21</p><p>&nbsp;</p><p>&nbsp;</p><p><br/></p><table cellspacing=\"0\" cellpadding=\"0\" width=\"670\" style=\"width: 625px;\"><tbody><tr class=\"firstRow\"><td style=\"font-family: &quot;Microsoft YaHei&quot;, simsun, Verdana; font-size: 11px; color: rgb(87, 87, 87);\">- 透明度 :</td><td style=\"font-family: &quot;Microsoft YaHei&quot;, simsun, Verdana; font-size: 11px; color: rgb(87, 87, 87);\"><img class=\"\" src=\"/Storage/Shop/1/Products/711/remark/ac36055642a84e618d4fe68fb9151418.gif\" align=\"absmiddle\"/> 有透明度</td><td style=\"font-family: &quot;Microsoft YaHei&quot;, simsun, Verdana; font-size: 11px; color: rgb(87, 87, 87);\"><img class=\"\" src=\"/Storage/Shop/1/Products/711/remark/7ed73a425bb24a52a302bd69be6d4d87.gif\" align=\"absmiddle\"/> 稍微有透明度</td><td style=\"font-family: &quot;Microsoft YaHei&quot;, simsun, Verdana; font-size: 11px; color: rgb(87, 87, 87);\"><img class=\"\" src=\"/Storage/Shop/1/Products/711/remark/ac36055642a84e618d4fe68fb9151418.gif\" align=\"absmiddle\"/> 没有透明度</td><td style=\"font-family: &quot;Microsoft YaHei&quot;, simsun, Verdana; font-size: 11px; color: rgb(87, 87, 87);\"><br/></td><td style=\"font-family: &quot;Microsoft YaHei&quot;, simsun, Verdana; font-size: 11px; color: rgb(87, 87, 87);\"><br/></td><td style=\"font-family: &quot;Microsoft YaHei&quot;, simsun, Verdana; font-size: 11px; color: rgb(87, 87, 87);\"><br/></td><td style=\"font-family: &quot;Microsoft YaHei&quot;, simsun, Verdana; font-size: 11px; color: rgb(87, 87, 87);\"><br/></td><td style=\"font-family: &quot;Microsoft YaHei&quot;, simsun, Verdana; font-size: 11px; color: rgb(87, 87, 87);\"><br/></td></tr><tr><td style=\"font-family: &quot;Microsoft YaHei&quot;, simsun, Verdana; font-size: 11px; color: rgb(87, 87, 87);\">- 厚度感 :</td><td style=\"font-family: &quot;Microsoft YaHei&quot;, simsun, Verdana; font-size: 11px; color: rgb(87, 87, 87);\"><img class=\"\" src=\"/Storage/Shop/1/Products/711/remark/ac36055642a84e618d4fe68fb9151418.gif\" align=\"absmiddle\"/> &nbsp;厚</td><td style=\"font-family: &quot;Microsoft YaHei&quot;, simsun, Verdana; font-size: 11px; color: rgb(87, 87, 87);\"><img class=\"\" src=\"/Storage/Shop/1/Products/711/remark/ac36055642a84e618d4fe68fb9151418.gif\" align=\"absmiddle\"/> 中等</td><td style=\"font-family: &quot;Microsoft YaHei&quot;, simsun, Verdana; font-size: 11px; color: rgb(87, 87, 87);\"><img class=\"\" src=\"/Storage/Shop/1/Products/711/remark/7ed73a425bb24a52a302bd69be6d4d87.gif\" align=\"absmiddle\"/> 薄</td><td style=\"font-family: &quot;Microsoft YaHei&quot;, simsun, Verdana; font-size: 11px; color: rgb(87, 87, 87);\"><br/></td><td style=\"font-family: &quot;Microsoft YaHei&quot;, simsun, Verdana; font-size: 11px; color: rgb(87, 87, 87);\"><br/></td><td style=\"font-family: &quot;Microsoft YaHei&quot;, simsun, Verdana; font-size: 11px; color: rgb(87, 87, 87);\"><br/></td><td style=\"font-family: &quot;Microsoft YaHei&quot;, simsun, Verdana; font-size: 11px; color: rgb(87, 87, 87);\"><br/></td><td style=\"font-family: &quot;Microsoft YaHei&quot;, simsun, Verdana; font-size: 11px; color: rgb(87, 87, 87);\"><br/></td></tr><tr><td style=\"font-family: &quot;Microsoft YaHei&quot;, simsun, Verdana; font-size: 11px; color: rgb(87, 87, 87);\">- 内衬 :</td><td style=\"font-family: &quot;Microsoft YaHei&quot;, simsun, Verdana; font-size: 11px; color: rgb(87, 87, 87);\"><img class=\"\" src=\"/Storage/Shop/1/Products/711/remark/ac36055642a84e618d4fe68fb9151418.gif\" align=\"absmiddle\"/> 有内衬</td><td style=\"font-family: &quot;Microsoft YaHei&quot;, simsun, Verdana; font-size: 11px; color: rgb(87, 87, 87);\"><img class=\"\" src=\"/Storage/Shop/1/Products/711/remark/7ed73a425bb24a52a302bd69be6d4d87.gif\" align=\"absmiddle\"/> 没有内衬</td><td style=\"font-family: &quot;Microsoft YaHei&quot;, simsun, Verdana; font-size: 11px; color: rgb(87, 87, 87);\"><br/></td><td style=\"font-family: &quot;Microsoft YaHei&quot;, simsun, Verdana; font-size: 11px; color: rgb(87, 87, 87);\"><br/></td><td style=\"font-family: &quot;Microsoft YaHei&quot;, simsun, Verdana; font-size: 11px; color: rgb(87, 87, 87);\"><br/></td><td style=\"font-family: &quot;Microsoft YaHei&quot;, simsun, Verdana; font-size: 11px; color: rgb(87, 87, 87);\"><br/></td><td style=\"font-family: &quot;Microsoft YaHei&quot;, simsun, Verdana; font-size: 11px; color: rgb(87, 87, 87);\"><br/></td><td style=\"font-family: &quot;Microsoft YaHei&quot;, simsun, Verdana; font-size: 11px; color: rgb(87, 87, 87);\"><br/></td></tr><tr><td style=\"font-family: &quot;Microsoft YaHei&quot;, simsun, Verdana; font-size: 11px; color: rgb(87, 87, 87);\">- 弹力性 :</td><td style=\"font-family: &quot;Microsoft YaHei&quot;, simsun, Verdana; font-size: 11px; color: rgb(87, 87, 87);\"><img class=\"\" src=\"/Storage/Shop/1/Products/711/remark/ac36055642a84e618d4fe68fb9151418.gif\" align=\"absmiddle\"/> 有弹力性</td><td style=\"font-family: &quot;Microsoft YaHei&quot;, simsun, Verdana; font-size: 11px; color: rgb(87, 87, 87);\"><img class=\"\" src=\"/Storage/Shop/1/Products/711/remark/ac36055642a84e618d4fe68fb9151418.gif\" align=\"absmiddle\"/> 稍微有弹力性</td><td style=\"font-family: &quot;Microsoft YaHei&quot;, simsun, Verdana; font-size: 11px; color: rgb(87, 87, 87);\"><img class=\"\" src=\"/Storage/Shop/1/Products/711/remark/7ed73a425bb24a52a302bd69be6d4d87.gif\" align=\"absmiddle\"/> 没有弹力性</td><td style=\"font-family: &quot;Microsoft YaHei&quot;, simsun, Verdana; font-size: 11px; color: rgb(87, 87, 87);\"><br/></td><td style=\"font-family: &quot;Microsoft YaHei&quot;, simsun, Verdana; font-size: 11px; color: rgb(87, 87, 87);\"><br/></td><td style=\"font-family: &quot;Microsoft YaHei&quot;, simsun, Verdana; font-size: 11px; color: rgb(87, 87, 87);\"><br/></td><td style=\"font-family: &quot;Microsoft YaHei&quot;, simsun, Verdana; font-size: 11px; color: rgb(87, 87, 87);\"><br/></td><td style=\"font-family: &quot;Microsoft YaHei&quot;, simsun, Verdana; font-size: 11px; color: rgb(87, 87, 87);\"><br/></td></tr><tr><td style=\"font-family: &quot;Microsoft YaHei&quot;, simsun, Verdana; font-size: 11px; color: rgb(87, 87, 87);\">- 洗涤方法 :</td><td style=\"font-family: &quot;Microsoft YaHei&quot;, simsun, Verdana; font-size: 11px; color: rgb(87, 87, 87);\"><img class=\"\" src=\"/Storage/Shop/1/Products/711/remark/ac36055642a84e618d4fe68fb9151418.gif\" align=\"absmiddle\"/> 手洗</td><td style=\"font-family: &quot;Microsoft YaHei&quot;, simsun, Verdana; font-size: 11px; color: rgb(87, 87, 87);\"><img class=\"\" src=\"/Storage/Shop/1/Products/711/remark/7ed73a425bb24a52a302bd69be6d4d87.gif\" align=\"absmiddle\"/> 用洗衣机洗</td><td style=\"font-family: &quot;Microsoft YaHei&quot;, simsun, Verdana; font-size: 11px; color: rgb(87, 87, 87);\"><img class=\"\" src=\"/Storage/Shop/1/Products/711/remark/7ed73a425bb24a52a302bd69be6d4d87.gif\" align=\"absmiddle\"/> 凉水洗</td><td style=\"font-family: &quot;Microsoft YaHei&quot;, simsun, Verdana; font-size: 11px; color: rgb(87, 87, 87);\"><img class=\"\" src=\"/Storage/Shop/1/Products/711/remark/ac36055642a84e618d4fe68fb9151418.gif\" align=\"absmiddle\"/> 中性洗衣粉洗</td><td style=\"font-family: &quot;Microsoft YaHei&quot;, simsun, Verdana; font-size: 11px; color: rgb(87, 87, 87);\"><img class=\"\" src=\"/Storage/Shop/1/Products/711/remark/ac36055642a84e618d4fe68fb9151418.gif\" align=\"absmiddle\"/> 反面干</td><td style=\"font-family: &quot;Microsoft YaHei&quot;, simsun, Verdana; font-size: 11px; color: rgb(87, 87, 87);\"><img class=\"\" src=\"/Storage/Shop/1/Products/711/remark/ac36055642a84e618d4fe68fb9151418.gif\" align=\"absmiddle\"/> 干洗</td><td style=\"font-family: &quot;Microsoft YaHei&quot;, simsun, Verdana; font-size: 11px; color: rgb(87, 87, 87);\"><img class=\"\" src=\"/Storage/Shop/1/Products/711/remark/ac36055642a84e618d4fe68fb9151418.gif\" align=\"absmiddle\"/> 湿巾擦</td><td style=\"font-family: &quot;Microsoft YaHei&quot;, simsun, Verdana; font-size: 11px; color: rgb(87, 87, 87);\"><br/></td></tr></tbody></table><p><br/></p><p><strong><span style=\"color:#FF0000\">Y</span></strong> \n &nbsp;</p><p><br/></p><p><img class=\"\" src=\"/Storage/Shop/1/Products/711/remark/5e3cb05ac49f444cb4d6a2b138dab099.gif\" height=\"27\" width=\"750\"/> \n </p><p><br/> \n &nbsp;<img class=\"\" src=\"/Storage/Shop/1/Products/711/remark/f6137916e66f4535a629a7bbf6b6c677.jpg\"/> \n &nbsp;<br/> &nbsp;\n &nbsp;<br/> &nbsp;\n &nbsp;<br/> \n &nbsp;<img class=\"\" src=\"/Storage/Shop/1/Products/711/remark/672289f6c88a474db93d64ffe5db31d6.jpg\"/> \n &nbsp;<br/> \n </p><p><img class=\"\" src=\"/Storage/Shop/1/Products/711/remark/4f534989375e47bbbf849765d9019757.gif\" height=\"20\" width=\"750\"/> \n &nbsp;</p><center><img class=\"\" src=\"/Storage/Shop/1/Products/711/remark/66eb7c92fb324ac1a21a561e3d19f4c4.jpg\"/> \n &nbsp;</center><p><img class=\"\" src=\"/Storage/Shop/1/Products/711/remark/3ac038f5700f4591b127d63bbecf1295.jpg\"/> \n </p><p><img class=\"\" src=\"/Storage/Shop/1/Products/711/remark/97fd9465e71f48fbabd20cf0508c3e62.gif\" height=\"27\" width=\"750\"/> \n </p><p><span style=\"color:#000000\"><strong><a span=\"\" style=\"margin-left:5px;\">商品详细尺码</a></strong>(本商品的实际尺码) :</span> \n &nbsp;</p><table height=\"100%\" cellspacing=\"0\" cellpadding=\"0\" align=\"center\" width=\"85%\"><tbody><tr class=\"firstRow\"><td style=\"font-family: &quot;Microsoft YaHei&quot;, simsun, Verdana; font-size: 11px; color: rgb(87, 87, 87);\"><p><span style=\"color:#000000\"><strong>商品详细尺码</strong>(本商品的实际尺码) :</span> </p>尺码实测位子SML肩宽（Cm)---领型宽（Cm)---领型深（Cm)---胸围(胸单面x2)（Cm)566064 腰围(腰单面x2)（Cm)---衣长（Cm)626364</td></tr></tbody></table><p><img class=\"\" src=\"/Storage/Shop/1/Products/711/remark/1406bf83f1d848c69ca272bbd15a670c.gif\" height=\"27\" width=\"750\"/> \n </p><center><table cellspacing=\"0\" cellpadding=\"0\" width=\"600\"><tbody><tr class=\"firstRow\"><td colspan=\"3\"><br/></td></tr><tr><td colspan=\"3\"><img class=\"\" src=\"/Storage/Shop/1/Products/711/remark/e45b3bad4c9d4e558856b798117b462f.gif\"/></td></tr></tbody></table></center><p><img class=\"\" src=\"/Storage/Shop/1/Products/711/remark/d805a97045d44706a091691c89b7e8f4.jpg\"/> \n </p><p><span style=\"color:red\"><strong>商品只接受退货(饰品及内衣类商品无法退货),无法换货及修理,如申请换货及修理均按退货处理.</strong></span> </p><p><br/> </p><p><img class=\"\" src=\"/Storage/Shop/1/Products/711/remark/73394a2abe0c4dff9eef7bfb6796ac45.jpg\" height=\"417\" width=\"750\"/></p><p><br/></p>', '0', '0', null, null, null, '<p>吊带连衣裙，迷你裙长，甜美花朵印花图案，衣身抽褶设计，系带肩带，斜插前口袋。</p><p>细节：</p><p>- 面料：100%粘性纤维</p><p>- 冷水机洗</p><p>-BY FOREVER21</p><p>&nbsp;</p><p>&nbsp;</p><p><br/></p><table cellspacing=\"0\" cellpadding=\"0\" width=\"670\" style=\"width: 625px;\"><tbody><tr class=\"firstRow\"><td style=\"font-family: &quot;Microsoft YaHei&quot;, simsun, Verdana; font-size: 11px; color: rgb(87, 87, 87);\">- 透明度 :</td><td style=\"font-family: &quot;Microsoft YaHei&quot;, simsun, Verdana; font-size: 11px; color: rgb(87, 87, 87);\"><img class=\"\" src=\"/Storage/Shop/1/Products/711/remark/81a7042bf4b340d1984f35fb582867f3.gif\" align=\"absmiddle\"/> 有透明度</td><td style=\"font-family: &quot;Microsoft YaHei&quot;, simsun, Verdana; font-size: 11px; color: rgb(87, 87, 87);\"><img class=\"\" src=\"/Storage/Shop/1/Products/711/remark/e96bd2d55488489d95c24c3848dd7d81.gif\" align=\"absmiddle\"/> 稍微有透明度</td><td style=\"font-family: &quot;Microsoft YaHei&quot;, simsun, Verdana; font-size: 11px; color: rgb(87, 87, 87);\"><img class=\"\" src=\"/Storage/Shop/1/Products/711/remark/81a7042bf4b340d1984f35fb582867f3.gif\" align=\"absmiddle\"/> 没有透明度</td><td style=\"font-family: &quot;Microsoft YaHei&quot;, simsun, Verdana; font-size: 11px; color: rgb(87, 87, 87);\"><br/></td><td style=\"font-family: &quot;Microsoft YaHei&quot;, simsun, Verdana; font-size: 11px; color: rgb(87, 87, 87);\"><br/></td><td style=\"font-family: &quot;Microsoft YaHei&quot;, simsun, Verdana; font-size: 11px; color: rgb(87, 87, 87);\"><br/></td><td style=\"font-family: &quot;Microsoft YaHei&quot;, simsun, Verdana; font-size: 11px; color: rgb(87, 87, 87);\"><br/></td><td style=\"font-family: &quot;Microsoft YaHei&quot;, simsun, Verdana; font-size: 11px; color: rgb(87, 87, 87);\"><br/></td></tr><tr><td style=\"font-family: &quot;Microsoft YaHei&quot;, simsun, Verdana; font-size: 11px; color: rgb(87, 87, 87);\">- 厚度感 :</td><td style=\"font-family: &quot;Microsoft YaHei&quot;, simsun, Verdana; font-size: 11px; color: rgb(87, 87, 87);\"><img class=\"\" src=\"/Storage/Shop/1/Products/711/remark/81a7042bf4b340d1984f35fb582867f3.gif\" align=\"absmiddle\"/> &nbsp;厚</td><td style=\"font-family: &quot;Microsoft YaHei&quot;, simsun, Verdana; font-size: 11px; color: rgb(87, 87, 87);\"><img class=\"\" src=\"/Storage/Shop/1/Products/711/remark/81a7042bf4b340d1984f35fb582867f3.gif\" align=\"absmiddle\"/> 中等</td><td style=\"font-family: &quot;Microsoft YaHei&quot;, simsun, Verdana; font-size: 11px; color: rgb(87, 87, 87);\"><img class=\"\" src=\"/Storage/Shop/1/Products/711/remark/e96bd2d55488489d95c24c3848dd7d81.gif\" align=\"absmiddle\"/> 薄</td><td style=\"font-family: &quot;Microsoft YaHei&quot;, simsun, Verdana; font-size: 11px; color: rgb(87, 87, 87);\"><br/></td><td style=\"font-family: &quot;Microsoft YaHei&quot;, simsun, Verdana; font-size: 11px; color: rgb(87, 87, 87);\"><br/></td><td style=\"font-family: &quot;Microsoft YaHei&quot;, simsun, Verdana; font-size: 11px; color: rgb(87, 87, 87);\"><br/></td><td style=\"font-family: &quot;Microsoft YaHei&quot;, simsun, Verdana; font-size: 11px; color: rgb(87, 87, 87);\"><br/></td><td style=\"font-family: &quot;Microsoft YaHei&quot;, simsun, Verdana; font-size: 11px; color: rgb(87, 87, 87);\"><br/></td></tr><tr><td style=\"font-family: &quot;Microsoft YaHei&quot;, simsun, Verdana; font-size: 11px; color: rgb(87, 87, 87);\">- 内衬 :</td><td style=\"font-family: &quot;Microsoft YaHei&quot;, simsun, Verdana; font-size: 11px; color: rgb(87, 87, 87);\"><img class=\"\" src=\"/Storage/Shop/1/Products/711/remark/81a7042bf4b340d1984f35fb582867f3.gif\" align=\"absmiddle\"/> 有内衬</td><td style=\"font-family: &quot;Microsoft YaHei&quot;, simsun, Verdana; font-size: 11px; color: rgb(87, 87, 87);\"><img class=\"\" src=\"/Storage/Shop/1/Products/711/remark/e96bd2d55488489d95c24c3848dd7d81.gif\" align=\"absmiddle\"/> 没有内衬</td><td style=\"font-family: &quot;Microsoft YaHei&quot;, simsun, Verdana; font-size: 11px; color: rgb(87, 87, 87);\"><br/></td><td style=\"font-family: &quot;Microsoft YaHei&quot;, simsun, Verdana; font-size: 11px; color: rgb(87, 87, 87);\"><br/></td><td style=\"font-family: &quot;Microsoft YaHei&quot;, simsun, Verdana; font-size: 11px; color: rgb(87, 87, 87);\"><br/></td><td style=\"font-family: &quot;Microsoft YaHei&quot;, simsun, Verdana; font-size: 11px; color: rgb(87, 87, 87);\"><br/></td><td style=\"font-family: &quot;Microsoft YaHei&quot;, simsun, Verdana; font-size: 11px; color: rgb(87, 87, 87);\"><br/></td><td style=\"font-family: &quot;Microsoft YaHei&quot;, simsun, Verdana; font-size: 11px; color: rgb(87, 87, 87);\"><br/></td></tr><tr><td style=\"font-family: &quot;Microsoft YaHei&quot;, simsun, Verdana; font-size: 11px; color: rgb(87, 87, 87);\">- 弹力性 :</td><td style=\"font-family: &quot;Microsoft YaHei&quot;, simsun, Verdana; font-size: 11px; color: rgb(87, 87, 87);\"><img class=\"\" src=\"/Storage/Shop/1/Products/711/remark/81a7042bf4b340d1984f35fb582867f3.gif\" align=\"absmiddle\"/> 有弹力性</td><td style=\"font-family: &quot;Microsoft YaHei&quot;, simsun, Verdana; font-size: 11px; color: rgb(87, 87, 87);\"><img class=\"\" src=\"/Storage/Shop/1/Products/711/remark/81a7042bf4b340d1984f35fb582867f3.gif\" align=\"absmiddle\"/> 稍微有弹力性</td><td style=\"font-family: &quot;Microsoft YaHei&quot;, simsun, Verdana; font-size: 11px; color: rgb(87, 87, 87);\"><img class=\"\" src=\"/Storage/Shop/1/Products/711/remark/e96bd2d55488489d95c24c3848dd7d81.gif\" align=\"absmiddle\"/> 没有弹力性</td><td style=\"font-family: &quot;Microsoft YaHei&quot;, simsun, Verdana; font-size: 11px; color: rgb(87, 87, 87);\"><br/></td><td style=\"font-family: &quot;Microsoft YaHei&quot;, simsun, Verdana; font-size: 11px; color: rgb(87, 87, 87);\"><br/></td><td style=\"font-family: &quot;Microsoft YaHei&quot;, simsun, Verdana; font-size: 11px; color: rgb(87, 87, 87);\"><br/></td><td style=\"font-family: &quot;Microsoft YaHei&quot;, simsun, Verdana; font-size: 11px; color: rgb(87, 87, 87);\"><br/></td><td style=\"font-family: &quot;Microsoft YaHei&quot;, simsun, Verdana; font-size: 11px; color: rgb(87, 87, 87);\"><br/></td></tr><tr><td style=\"font-family: &quot;Microsoft YaHei&quot;, simsun, Verdana; font-size: 11px; color: rgb(87, 87, 87);\">- 洗涤方法 :</td><td style=\"font-family: &quot;Microsoft YaHei&quot;, simsun, Verdana; font-size: 11px; color: rgb(87, 87, 87);\"><img class=\"\" src=\"/Storage/Shop/1/Products/711/remark/81a7042bf4b340d1984f35fb582867f3.gif\" align=\"absmiddle\"/> 手洗</td><td style=\"font-family: &quot;Microsoft YaHei&quot;, simsun, Verdana; font-size: 11px; color: rgb(87, 87, 87);\"><img class=\"\" src=\"/Storage/Shop/1/Products/711/remark/e96bd2d55488489d95c24c3848dd7d81.gif\" align=\"absmiddle\"/> 用洗衣机洗</td><td style=\"font-family: &quot;Microsoft YaHei&quot;, simsun, Verdana; font-size: 11px; color: rgb(87, 87, 87);\"><img class=\"\" src=\"/Storage/Shop/1/Products/711/remark/e96bd2d55488489d95c24c3848dd7d81.gif\" align=\"absmiddle\"/> 凉水洗</td><td style=\"font-family: &quot;Microsoft YaHei&quot;, simsun, Verdana; font-size: 11px; color: rgb(87, 87, 87);\"><img class=\"\" src=\"/Storage/Shop/1/Products/711/remark/81a7042bf4b340d1984f35fb582867f3.gif\" align=\"absmiddle\"/> 中性洗衣粉洗</td><td style=\"font-family: &quot;Microsoft YaHei&quot;, simsun, Verdana; font-size: 11px; color: rgb(87, 87, 87);\"><img class=\"\" src=\"/Storage/Shop/1/Products/711/remark/81a7042bf4b340d1984f35fb582867f3.gif\" align=\"absmiddle\"/> 反面干</td><td style=\"font-family: &quot;Microsoft YaHei&quot;, simsun, Verdana; font-size: 11px; color: rgb(87, 87, 87);\"><img class=\"\" src=\"/Storage/Shop/1/Products/711/remark/81a7042bf4b340d1984f35fb582867f3.gif\" align=\"absmiddle\"/> 干洗</td><td style=\"font-family: &quot;Microsoft YaHei&quot;, simsun, Verdana; font-size: 11px; color: rgb(87, 87, 87);\"><img class=\"\" src=\"/Storage/Shop/1/Products/711/remark/81a7042bf4b340d1984f35fb582867f3.gif\" align=\"absmiddle\"/> 湿巾擦</td><td style=\"font-family: &quot;Microsoft YaHei&quot;, simsun, Verdana; font-size: 11px; color: rgb(87, 87, 87);\"><br/></td></tr></tbody></table><p><br/></p><p><strong><span style=\"color:#FF0000\">Y</span></strong> \n &nbsp;</p><p><br/></p><p><img class=\"\" src=\"/Storage/Shop/1/Products/711/remark/1b01679c738a4732860cd4efb725b569.gif\" height=\"27\" width=\"750\"/> \n </p><p><br/> \n &nbsp;<img class=\"\" src=\"/Storage/Shop/1/Products/711/remark/46a281d34e34464381a9b27a78dbebeb.jpg\"/> \n &nbsp;<br/> &nbsp;\n &nbsp;<br/> &nbsp;\n &nbsp;<br/> \n &nbsp;<img class=\"\" src=\"/Storage/Shop/1/Products/711/remark/bd26d1d63dc640759168331aa2b9ed17.jpg\"/> \n &nbsp;<br/> \n </p><p><img class=\"\" src=\"/Storage/Shop/1/Products/711/remark/cecf21256a9644a8a1dbccadf0a247c3.gif\" height=\"20\" width=\"750\"/> \n &nbsp;</p><center><img class=\"\" src=\"/Storage/Shop/1/Products/711/remark/5d1889a7314f40ea89c469d6413ef978.jpg\"/> \n &nbsp;</center><p><img class=\"\" src=\"/Storage/Shop/1/Products/711/remark/d09f73a6455249d389224917dc856f78.jpg\"/> \n </p><p><img class=\"\" src=\"/Storage/Shop/1/Products/711/remark/e3894e6d8d2d409dbb8cb7afc0867e2d.gif\" height=\"27\" width=\"750\"/> \n </p><p><span style=\"color:#000000\"><strong><a span=\"\" style=\"margin-left:5px;\">商品详细尺码</a></strong>(本商品的实际尺码) :</span> \n &nbsp;</p><table height=\"100%\" cellspacing=\"0\" cellpadding=\"0\" align=\"center\" width=\"85%\"><tbody><tr class=\"firstRow\"><td style=\"font-family: &quot;Microsoft YaHei&quot;, simsun, Verdana; font-size: 11px; color: rgb(87, 87, 87);\"><p><span style=\"color:#000000\"><strong>商品详细尺码</strong>(本商品的实际尺码) :</span> </p>尺码实测位子SML肩宽（Cm)---领型宽（Cm)---领型深（Cm)---胸围(胸单面x2)（Cm)566064 腰围(腰单面x2)（Cm)---衣长（Cm)626364</td></tr></tbody></table><p><img class=\"\" src=\"/Storage/Shop/1/Products/711/remark/bbfb17ce2d834b88827dc40b9d716720.gif\" height=\"27\" width=\"750\"/> \n </p><center><table cellspacing=\"0\" cellpadding=\"0\" width=\"600\"><tbody><tr class=\"firstRow\"><td colspan=\"3\"><br/></td></tr><tr><td colspan=\"3\"><img class=\"\" src=\"/Storage/Shop/1/Products/711/remark/88ed0d72d4044384a88349913eadab1b.gif\"/></td></tr></tbody></table></center><p><img class=\"\" src=\"/Storage/Shop/1/Products/711/remark/8072ead198984468839a31b418f6c00a.jpg\"/> \n </p><p><span style=\"color:red\"><strong>商品只接受退货(饰品及内衣类商品无法退货),无法换货及修理,如申请换货及修理均按退货处理.</strong></span> </p><p><br/> </p><p><img class=\"\" src=\"/Storage/Shop/1/Products/711/remark/d97a92d4cd9040f787a827beb343488e.jpg\" height=\"417\" width=\"750\"/></p><p><br/></p>');
INSERT INTO `himall_productdescriptions` VALUES ('0', '712', null, '<p><strong><span style=\"color:#000000\">商品说明 :</span></strong><br/> </p><p>&nbsp;</p><p>短袖连衣裙，及膝款式，纽扣门襟，露肩吊带款式，肩带可调节，侧边隐形拉链开合，质地轻盈。</p><p>细节：</p><p>- 面料：100%粘性纤维；衬里：100%聚酯纤维</p><p>- 冷水机洗</p><p>- 模特信息：身高176cm，身穿尺码S</p><p>Forever21 Contemporary的尺码偏大，比Forever21的标准尺码要大一码，建议您选购Forever21 Contemporary的服装时小一号尺码。</p><p>- BY FOREVER21</p><p>&nbsp;</p><p>&nbsp;</p><p>&nbsp;</p><p>&nbsp;</p><p>&nbsp;</p><p><br/></p><table cellspacing=\"0\" cellpadding=\"0\" width=\"670\" style=\"width: 625px;\"><tbody><tr class=\"firstRow\"><td style=\"font-family: &quot;Microsoft YaHei&quot;, simsun, Verdana; font-size: 11px; color: rgb(87, 87, 87);\">- 透明度 :</td><td style=\"font-family: &quot;Microsoft YaHei&quot;, simsun, Verdana; font-size: 11px; color: rgb(87, 87, 87);\"><img class=\"\" src=\"/Storage/Shop/1/Products/712/remark/2d00d5a4469d4a418312cad464f010d4.gif\" align=\"absmiddle\"/> 有透明度</td><td style=\"font-family: &quot;Microsoft YaHei&quot;, simsun, Verdana; font-size: 11px; color: rgb(87, 87, 87);\"><img class=\"\" src=\"/Storage/Shop/1/Products/712/remark/2d00d5a4469d4a418312cad464f010d4.gif\" align=\"absmiddle\"/> 稍微有透明度</td><td style=\"font-family: &quot;Microsoft YaHei&quot;, simsun, Verdana; font-size: 11px; color: rgb(87, 87, 87);\"><img class=\"\" src=\"/Storage/Shop/1/Products/712/remark/a9db1ee24109401d8108564fa6295dfe.gif\" align=\"absmiddle\"/> 没有透明度</td><td style=\"font-family: &quot;Microsoft YaHei&quot;, simsun, Verdana; font-size: 11px; color: rgb(87, 87, 87);\"><br/></td><td style=\"font-family: &quot;Microsoft YaHei&quot;, simsun, Verdana; font-size: 11px; color: rgb(87, 87, 87);\"><br/></td><td style=\"font-family: &quot;Microsoft YaHei&quot;, simsun, Verdana; font-size: 11px; color: rgb(87, 87, 87);\"><br/></td><td style=\"font-family: &quot;Microsoft YaHei&quot;, simsun, Verdana; font-size: 11px; color: rgb(87, 87, 87);\"><br/></td><td style=\"font-family: &quot;Microsoft YaHei&quot;, simsun, Verdana; font-size: 11px; color: rgb(87, 87, 87);\"><br/></td></tr><tr><td style=\"font-family: &quot;Microsoft YaHei&quot;, simsun, Verdana; font-size: 11px; color: rgb(87, 87, 87);\">- 厚度感 :</td><td style=\"font-family: &quot;Microsoft YaHei&quot;, simsun, Verdana; font-size: 11px; color: rgb(87, 87, 87);\"><img class=\"\" src=\"/Storage/Shop/1/Products/712/remark/2d00d5a4469d4a418312cad464f010d4.gif\" align=\"absmiddle\"/> &nbsp;厚</td><td style=\"font-family: &quot;Microsoft YaHei&quot;, simsun, Verdana; font-size: 11px; color: rgb(87, 87, 87);\"><img class=\"\" src=\"/Storage/Shop/1/Products/712/remark/2d00d5a4469d4a418312cad464f010d4.gif\" align=\"absmiddle\"/> 中等</td><td style=\"font-family: &quot;Microsoft YaHei&quot;, simsun, Verdana; font-size: 11px; color: rgb(87, 87, 87);\"><img class=\"\" src=\"/Storage/Shop/1/Products/712/remark/a9db1ee24109401d8108564fa6295dfe.gif\" align=\"absmiddle\"/> 薄</td><td style=\"font-family: &quot;Microsoft YaHei&quot;, simsun, Verdana; font-size: 11px; color: rgb(87, 87, 87);\"><br/></td><td style=\"font-family: &quot;Microsoft YaHei&quot;, simsun, Verdana; font-size: 11px; color: rgb(87, 87, 87);\"><br/></td><td style=\"font-family: &quot;Microsoft YaHei&quot;, simsun, Verdana; font-size: 11px; color: rgb(87, 87, 87);\"><br/></td><td style=\"font-family: &quot;Microsoft YaHei&quot;, simsun, Verdana; font-size: 11px; color: rgb(87, 87, 87);\"><br/></td><td style=\"font-family: &quot;Microsoft YaHei&quot;, simsun, Verdana; font-size: 11px; color: rgb(87, 87, 87);\"><br/></td></tr><tr><td style=\"font-family: &quot;Microsoft YaHei&quot;, simsun, Verdana; font-size: 11px; color: rgb(87, 87, 87);\">- 内衬 :</td><td style=\"font-family: &quot;Microsoft YaHei&quot;, simsun, Verdana; font-size: 11px; color: rgb(87, 87, 87);\"><img class=\"\" src=\"/Storage/Shop/1/Products/712/remark/a9db1ee24109401d8108564fa6295dfe.gif\" align=\"absmiddle\"/> 有内衬</td><td style=\"font-family: &quot;Microsoft YaHei&quot;, simsun, Verdana; font-size: 11px; color: rgb(87, 87, 87);\"><img class=\"\" src=\"/Storage/Shop/1/Products/712/remark/2d00d5a4469d4a418312cad464f010d4.gif\" align=\"absmiddle\"/> 没有内衬</td><td style=\"font-family: &quot;Microsoft YaHei&quot;, simsun, Verdana; font-size: 11px; color: rgb(87, 87, 87);\"><br/></td><td style=\"font-family: &quot;Microsoft YaHei&quot;, simsun, Verdana; font-size: 11px; color: rgb(87, 87, 87);\"><br/></td><td style=\"font-family: &quot;Microsoft YaHei&quot;, simsun, Verdana; font-size: 11px; color: rgb(87, 87, 87);\"><br/></td><td style=\"font-family: &quot;Microsoft YaHei&quot;, simsun, Verdana; font-size: 11px; color: rgb(87, 87, 87);\"><br/></td><td style=\"font-family: &quot;Microsoft YaHei&quot;, simsun, Verdana; font-size: 11px; color: rgb(87, 87, 87);\"><br/></td><td style=\"font-family: &quot;Microsoft YaHei&quot;, simsun, Verdana; font-size: 11px; color: rgb(87, 87, 87);\"><br/></td></tr><tr><td style=\"font-family: &quot;Microsoft YaHei&quot;, simsun, Verdana; font-size: 11px; color: rgb(87, 87, 87);\">- 弹力性 :</td><td style=\"font-family: &quot;Microsoft YaHei&quot;, simsun, Verdana; font-size: 11px; color: rgb(87, 87, 87);\"><img class=\"\" src=\"/Storage/Shop/1/Products/712/remark/2d00d5a4469d4a418312cad464f010d4.gif\" align=\"absmiddle\"/> 有弹力性</td><td style=\"font-family: &quot;Microsoft YaHei&quot;, simsun, Verdana; font-size: 11px; color: rgb(87, 87, 87);\"><img class=\"\" src=\"/Storage/Shop/1/Products/712/remark/2d00d5a4469d4a418312cad464f010d4.gif\" align=\"absmiddle\"/> 稍微有弹力性</td><td style=\"font-family: &quot;Microsoft YaHei&quot;, simsun, Verdana; font-size: 11px; color: rgb(87, 87, 87);\"><img class=\"\" src=\"/Storage/Shop/1/Products/712/remark/a9db1ee24109401d8108564fa6295dfe.gif\" align=\"absmiddle\"/> 没有弹力性</td><td style=\"font-family: &quot;Microsoft YaHei&quot;, simsun, Verdana; font-size: 11px; color: rgb(87, 87, 87);\"><br/></td><td style=\"font-family: &quot;Microsoft YaHei&quot;, simsun, Verdana; font-size: 11px; color: rgb(87, 87, 87);\"><br/></td><td style=\"font-family: &quot;Microsoft YaHei&quot;, simsun, Verdana; font-size: 11px; color: rgb(87, 87, 87);\"><br/></td><td style=\"font-family: &quot;Microsoft YaHei&quot;, simsun, Verdana; font-size: 11px; color: rgb(87, 87, 87);\"><br/></td><td style=\"font-family: &quot;Microsoft YaHei&quot;, simsun, Verdana; font-size: 11px; color: rgb(87, 87, 87);\"><br/></td></tr><tr><td style=\"font-family: &quot;Microsoft YaHei&quot;, simsun, Verdana; font-size: 11px; color: rgb(87, 87, 87);\">- 洗涤方法 :</td><td style=\"font-family: &quot;Microsoft YaHei&quot;, simsun, Verdana; font-size: 11px; color: rgb(87, 87, 87);\"><img class=\"\" src=\"/Storage/Shop/1/Products/712/remark/2d00d5a4469d4a418312cad464f010d4.gif\" align=\"absmiddle\"/> 手洗</td><td style=\"font-family: &quot;Microsoft YaHei&quot;, simsun, Verdana; font-size: 11px; color: rgb(87, 87, 87);\"><img class=\"\" src=\"/Storage/Shop/1/Products/712/remark/a9db1ee24109401d8108564fa6295dfe.gif\" align=\"absmiddle\"/> 用洗衣机洗</td><td style=\"font-family: &quot;Microsoft YaHei&quot;, simsun, Verdana; font-size: 11px; color: rgb(87, 87, 87);\"><img class=\"\" src=\"/Storage/Shop/1/Products/712/remark/a9db1ee24109401d8108564fa6295dfe.gif\" align=\"absmiddle\"/> 凉水洗</td><td style=\"font-family: &quot;Microsoft YaHei&quot;, simsun, Verdana; font-size: 11px; color: rgb(87, 87, 87);\"><img class=\"\" src=\"/Storage/Shop/1/Products/712/remark/2d00d5a4469d4a418312cad464f010d4.gif\" align=\"absmiddle\"/> 中性洗衣粉洗</td><td style=\"font-family: &quot;Microsoft YaHei&quot;, simsun, Verdana; font-size: 11px; color: rgb(87, 87, 87);\"><img class=\"\" src=\"/Storage/Shop/1/Products/712/remark/2d00d5a4469d4a418312cad464f010d4.gif\" align=\"absmiddle\"/> 反面干</td><td style=\"font-family: &quot;Microsoft YaHei&quot;, simsun, Verdana; font-size: 11px; color: rgb(87, 87, 87);\"><img class=\"\" src=\"/Storage/Shop/1/Products/712/remark/2d00d5a4469d4a418312cad464f010d4.gif\" align=\"absmiddle\"/> 干洗</td><td style=\"font-family: &quot;Microsoft YaHei&quot;, simsun, Verdana; font-size: 11px; color: rgb(87, 87, 87);\"><img class=\"\" src=\"/Storage/Shop/1/Products/712/remark/2d00d5a4469d4a418312cad464f010d4.gif\" align=\"absmiddle\"/> 湿巾擦</td><td style=\"font-family: &quot;Microsoft YaHei&quot;, simsun, Verdana; font-size: 11px; color: rgb(87, 87, 87);\"><br/></td></tr></tbody></table><p><br/></p><p><strong><span style=\"color:#FF0000\">Y</span></strong> \n &nbsp;</p><p><br/></p><p><img class=\"\" src=\"/Storage/Shop/1/Products/712/remark/b591ecb5369d40c08008a43ec7fdea00.png\" height=\"27\" width=\"750\"/> \n </p><p><img class=\"\" src=\"/Storage/Shop/1/Products/712/remark/5bcbbf0c65464c24b70c975644c46370.jpg\"/> \n &nbsp;<br/> \n &nbsp;<img class=\"\" src=\"/Storage/Shop/1/Products/712/remark/b8dbe6c55c2348f8bf1cf66e335d91f7.jpg\"/> \n &nbsp;<br/> &nbsp;\n &nbsp;<br/> &nbsp;\n &nbsp;<br/> \n &nbsp;<img class=\"\" src=\"/Storage/Shop/1/Products/712/remark/b3e530f15b844a94a652b5bcb6353d60.jpg\"/> \n &nbsp;<br/> \n </p><p><img class=\"\" src=\"/Storage/Shop/1/Products/712/remark/bf0a14290a9f42e888cd884403b92e5e.png\" height=\"20\" width=\"750\"/> \n &nbsp;</p><center><img class=\"\" src=\"/Storage/Shop/1/Products/712/remark/1828889b9a7642a489de1d7583d2a54f.jpg\"/> \n &nbsp; <img class=\"\" src=\"/Storage/Shop/1/Products/712/remark/5c2e9a6c22d94c98b50ded82de805c93.jpg\"/> \n &nbsp;</center><p><img class=\"\" src=\"/Storage/Shop/1/Products/712/remark/799903b7753c4d16943546fc62f9cd4e.jpg\"/> \n </p><p><img class=\"\" src=\"/Storage/Shop/1/Products/712/remark/4402fbcfdcf845cfbf1150b129287e13.png\" height=\"27\" width=\"750\"/> \n </p><p><span style=\"color:#000000\"><strong><a span=\"\" style=\"margin-left:5px;\">商品详细尺码</a></strong>(本商品的实际尺码) :</span> \n &nbsp;</p><table height=\"100%\" cellspacing=\"0\" cellpadding=\"0\" align=\"center\" width=\"85%\"><tbody><tr class=\"firstRow\"><td style=\"font-family: &quot;Microsoft YaHei&quot;, simsun, Verdana; font-size: 11px; color: rgb(87, 87, 87);\"><p><span style=\"color:#000000\"><strong>商品详细尺码</strong>(本商品的实际尺码) :</span> </p>尺码实测位子SMLXL肩宽（Cm)----领型宽（Cm)----领型深（Cm)----胸围(胸单面x2)（Cm)82869296 腰围(腰单面x2)（Cm)74788486衣长（Cm)92939496</td></tr></tbody></table><p><img class=\"\" src=\"/Storage/Shop/1/Products/712/remark/0213f6970aab4687a22b42f2ff16e881.png\" height=\"27\" width=\"750\"/> \n </p><center><table cellspacing=\"0\" cellpadding=\"0\" width=\"600\"><tbody><tr class=\"firstRow\"><td colspan=\"3\"><br/></td></tr><tr><td colspan=\"3\"><img class=\"\" src=\"/Storage/Shop/1/Products/712/remark/894eefd277094d9f8b44f249c32038d0.png\"/></td></tr></tbody></table></center><p><br/></p>', '0', '0', null, null, null, '<p><strong><span style=\"color:#000000\">商品说明 :</span></strong><br/> </p><p>&nbsp;</p><p>短袖连衣裙，及膝款式，纽扣门襟，露肩吊带款式，肩带可调节，侧边隐形拉链开合，质地轻盈。</p><p>细节：</p><p>- 面料：100%粘性纤维；衬里：100%聚酯纤维</p><p>- 冷水机洗</p><p>- 模特信息：身高176cm，身穿尺码S</p><p>Forever21 Contemporary的尺码偏大，比Forever21的标准尺码要大一码，建议您选购Forever21 Contemporary的服装时小一号尺码。</p><p>- BY FOREVER21</p><p>&nbsp;</p><p>&nbsp;</p><p>&nbsp;</p><p>&nbsp;</p><p>&nbsp;</p><p><br/></p><table cellspacing=\"0\" cellpadding=\"0\" width=\"670\" style=\"width: 625px;\"><tbody><tr class=\"firstRow\"><td style=\"font-family: &quot;Microsoft YaHei&quot;, simsun, Verdana; font-size: 11px; color: rgb(87, 87, 87);\">- 透明度 :</td><td style=\"font-family: &quot;Microsoft YaHei&quot;, simsun, Verdana; font-size: 11px; color: rgb(87, 87, 87);\"><img class=\"\" src=\"/Storage/Shop/1/Products/712/remark/3a8964de046c4451bfc1d54b3792bd7a.gif\" align=\"absmiddle\"/> 有透明度</td><td style=\"font-family: &quot;Microsoft YaHei&quot;, simsun, Verdana; font-size: 11px; color: rgb(87, 87, 87);\"><img class=\"\" src=\"/Storage/Shop/1/Products/712/remark/3a8964de046c4451bfc1d54b3792bd7a.gif\" align=\"absmiddle\"/> 稍微有透明度</td><td style=\"font-family: &quot;Microsoft YaHei&quot;, simsun, Verdana; font-size: 11px; color: rgb(87, 87, 87);\"><img class=\"\" src=\"/Storage/Shop/1/Products/712/remark/261c6ba659a24746a051c37297205ad4.gif\" align=\"absmiddle\"/> 没有透明度</td><td style=\"font-family: &quot;Microsoft YaHei&quot;, simsun, Verdana; font-size: 11px; color: rgb(87, 87, 87);\"><br/></td><td style=\"font-family: &quot;Microsoft YaHei&quot;, simsun, Verdana; font-size: 11px; color: rgb(87, 87, 87);\"><br/></td><td style=\"font-family: &quot;Microsoft YaHei&quot;, simsun, Verdana; font-size: 11px; color: rgb(87, 87, 87);\"><br/></td><td style=\"font-family: &quot;Microsoft YaHei&quot;, simsun, Verdana; font-size: 11px; color: rgb(87, 87, 87);\"><br/></td><td style=\"font-family: &quot;Microsoft YaHei&quot;, simsun, Verdana; font-size: 11px; color: rgb(87, 87, 87);\"><br/></td></tr><tr><td style=\"font-family: &quot;Microsoft YaHei&quot;, simsun, Verdana; font-size: 11px; color: rgb(87, 87, 87);\">- 厚度感 :</td><td style=\"font-family: &quot;Microsoft YaHei&quot;, simsun, Verdana; font-size: 11px; color: rgb(87, 87, 87);\"><img class=\"\" src=\"/Storage/Shop/1/Products/712/remark/3a8964de046c4451bfc1d54b3792bd7a.gif\" align=\"absmiddle\"/> &nbsp;厚</td><td style=\"font-family: &quot;Microsoft YaHei&quot;, simsun, Verdana; font-size: 11px; color: rgb(87, 87, 87);\"><img class=\"\" src=\"/Storage/Shop/1/Products/712/remark/3a8964de046c4451bfc1d54b3792bd7a.gif\" align=\"absmiddle\"/> 中等</td><td style=\"font-family: &quot;Microsoft YaHei&quot;, simsun, Verdana; font-size: 11px; color: rgb(87, 87, 87);\"><img class=\"\" src=\"/Storage/Shop/1/Products/712/remark/261c6ba659a24746a051c37297205ad4.gif\" align=\"absmiddle\"/> 薄</td><td style=\"font-family: &quot;Microsoft YaHei&quot;, simsun, Verdana; font-size: 11px; color: rgb(87, 87, 87);\"><br/></td><td style=\"font-family: &quot;Microsoft YaHei&quot;, simsun, Verdana; font-size: 11px; color: rgb(87, 87, 87);\"><br/></td><td style=\"font-family: &quot;Microsoft YaHei&quot;, simsun, Verdana; font-size: 11px; color: rgb(87, 87, 87);\"><br/></td><td style=\"font-family: &quot;Microsoft YaHei&quot;, simsun, Verdana; font-size: 11px; color: rgb(87, 87, 87);\"><br/></td><td style=\"font-family: &quot;Microsoft YaHei&quot;, simsun, Verdana; font-size: 11px; color: rgb(87, 87, 87);\"><br/></td></tr><tr><td style=\"font-family: &quot;Microsoft YaHei&quot;, simsun, Verdana; font-size: 11px; color: rgb(87, 87, 87);\">- 内衬 :</td><td style=\"font-family: &quot;Microsoft YaHei&quot;, simsun, Verdana; font-size: 11px; color: rgb(87, 87, 87);\"><img class=\"\" src=\"/Storage/Shop/1/Products/712/remark/261c6ba659a24746a051c37297205ad4.gif\" align=\"absmiddle\"/> 有内衬</td><td style=\"font-family: &quot;Microsoft YaHei&quot;, simsun, Verdana; font-size: 11px; color: rgb(87, 87, 87);\"><img class=\"\" src=\"/Storage/Shop/1/Products/712/remark/3a8964de046c4451bfc1d54b3792bd7a.gif\" align=\"absmiddle\"/> 没有内衬</td><td style=\"font-family: &quot;Microsoft YaHei&quot;, simsun, Verdana; font-size: 11px; color: rgb(87, 87, 87);\"><br/></td><td style=\"font-family: &quot;Microsoft YaHei&quot;, simsun, Verdana; font-size: 11px; color: rgb(87, 87, 87);\"><br/></td><td style=\"font-family: &quot;Microsoft YaHei&quot;, simsun, Verdana; font-size: 11px; color: rgb(87, 87, 87);\"><br/></td><td style=\"font-family: &quot;Microsoft YaHei&quot;, simsun, Verdana; font-size: 11px; color: rgb(87, 87, 87);\"><br/></td><td style=\"font-family: &quot;Microsoft YaHei&quot;, simsun, Verdana; font-size: 11px; color: rgb(87, 87, 87);\"><br/></td><td style=\"font-family: &quot;Microsoft YaHei&quot;, simsun, Verdana; font-size: 11px; color: rgb(87, 87, 87);\"><br/></td></tr><tr><td style=\"font-family: &quot;Microsoft YaHei&quot;, simsun, Verdana; font-size: 11px; color: rgb(87, 87, 87);\">- 弹力性 :</td><td style=\"font-family: &quot;Microsoft YaHei&quot;, simsun, Verdana; font-size: 11px; color: rgb(87, 87, 87);\"><img class=\"\" src=\"/Storage/Shop/1/Products/712/remark/3a8964de046c4451bfc1d54b3792bd7a.gif\" align=\"absmiddle\"/> 有弹力性</td><td style=\"font-family: &quot;Microsoft YaHei&quot;, simsun, Verdana; font-size: 11px; color: rgb(87, 87, 87);\"><img class=\"\" src=\"/Storage/Shop/1/Products/712/remark/3a8964de046c4451bfc1d54b3792bd7a.gif\" align=\"absmiddle\"/> 稍微有弹力性</td><td style=\"font-family: &quot;Microsoft YaHei&quot;, simsun, Verdana; font-size: 11px; color: rgb(87, 87, 87);\"><img class=\"\" src=\"/Storage/Shop/1/Products/712/remark/261c6ba659a24746a051c37297205ad4.gif\" align=\"absmiddle\"/> 没有弹力性</td><td style=\"font-family: &quot;Microsoft YaHei&quot;, simsun, Verdana; font-size: 11px; color: rgb(87, 87, 87);\"><br/></td><td style=\"font-family: &quot;Microsoft YaHei&quot;, simsun, Verdana; font-size: 11px; color: rgb(87, 87, 87);\"><br/></td><td style=\"font-family: &quot;Microsoft YaHei&quot;, simsun, Verdana; font-size: 11px; color: rgb(87, 87, 87);\"><br/></td><td style=\"font-family: &quot;Microsoft YaHei&quot;, simsun, Verdana; font-size: 11px; color: rgb(87, 87, 87);\"><br/></td><td style=\"font-family: &quot;Microsoft YaHei&quot;, simsun, Verdana; font-size: 11px; color: rgb(87, 87, 87);\"><br/></td></tr><tr><td style=\"font-family: &quot;Microsoft YaHei&quot;, simsun, Verdana; font-size: 11px; color: rgb(87, 87, 87);\">- 洗涤方法 :</td><td style=\"font-family: &quot;Microsoft YaHei&quot;, simsun, Verdana; font-size: 11px; color: rgb(87, 87, 87);\"><img class=\"\" src=\"/Storage/Shop/1/Products/712/remark/3a8964de046c4451bfc1d54b3792bd7a.gif\" align=\"absmiddle\"/> 手洗</td><td style=\"font-family: &quot;Microsoft YaHei&quot;, simsun, Verdana; font-size: 11px; color: rgb(87, 87, 87);\"><img class=\"\" src=\"/Storage/Shop/1/Products/712/remark/261c6ba659a24746a051c37297205ad4.gif\" align=\"absmiddle\"/> 用洗衣机洗</td><td style=\"font-family: &quot;Microsoft YaHei&quot;, simsun, Verdana; font-size: 11px; color: rgb(87, 87, 87);\"><img class=\"\" src=\"/Storage/Shop/1/Products/712/remark/261c6ba659a24746a051c37297205ad4.gif\" align=\"absmiddle\"/> 凉水洗</td><td style=\"font-family: &quot;Microsoft YaHei&quot;, simsun, Verdana; font-size: 11px; color: rgb(87, 87, 87);\"><img class=\"\" src=\"/Storage/Shop/1/Products/712/remark/3a8964de046c4451bfc1d54b3792bd7a.gif\" align=\"absmiddle\"/> 中性洗衣粉洗</td><td style=\"font-family: &quot;Microsoft YaHei&quot;, simsun, Verdana; font-size: 11px; color: rgb(87, 87, 87);\"><img class=\"\" src=\"/Storage/Shop/1/Products/712/remark/3a8964de046c4451bfc1d54b3792bd7a.gif\" align=\"absmiddle\"/> 反面干</td><td style=\"font-family: &quot;Microsoft YaHei&quot;, simsun, Verdana; font-size: 11px; color: rgb(87, 87, 87);\"><img class=\"\" src=\"/Storage/Shop/1/Products/712/remark/3a8964de046c4451bfc1d54b3792bd7a.gif\" align=\"absmiddle\"/> 干洗</td><td style=\"font-family: &quot;Microsoft YaHei&quot;, simsun, Verdana; font-size: 11px; color: rgb(87, 87, 87);\"><img class=\"\" src=\"/Storage/Shop/1/Products/712/remark/3a8964de046c4451bfc1d54b3792bd7a.gif\" align=\"absmiddle\"/> 湿巾擦</td><td style=\"font-family: &quot;Microsoft YaHei&quot;, simsun, Verdana; font-size: 11px; color: rgb(87, 87, 87);\"><br/></td></tr></tbody></table><p><br/></p><p><strong><span style=\"color:#FF0000\">Y</span></strong> \n &nbsp;</p><p><br/></p><p><img class=\"\" src=\"/Storage/Shop/1/Products/712/remark/e71d900b7ade4c3e8e36ee2c556924b2.png\" height=\"27\" width=\"750\"/> \n </p><p><img class=\"\" src=\"/Storage/Shop/1/Products/712/remark/c4e5cbcfbda5439e9427423adce90b91.jpg\"/> \n &nbsp;<br/> \n &nbsp;<img class=\"\" src=\"/Storage/Shop/1/Products/712/remark/cb54ad81b89d49ff9a8dc5c8b915eda7.jpg\"/> \n &nbsp;<br/> &nbsp;\n &nbsp;<br/> &nbsp;\n &nbsp;<br/> \n &nbsp;<img class=\"\" src=\"/Storage/Shop/1/Products/712/remark/04586cf749904c0189e391e0d9e6a6b3.jpg\"/> \n &nbsp;<br/> \n </p><p><img class=\"\" src=\"/Storage/Shop/1/Products/712/remark/a920e33206ed4c47884e0d03b3ce6daf.png\" height=\"20\" width=\"750\"/> \n &nbsp;</p><center><img class=\"\" src=\"/Storage/Shop/1/Products/712/remark/7e4ebfff561b4a3a9e043d60a7d23b29.jpg\"/> \n &nbsp; <img class=\"\" src=\"/Storage/Shop/1/Products/712/remark/82a05c86e46742a789c97e1c52e75e54.jpg\"/> \n &nbsp;</center><p><img class=\"\" src=\"/Storage/Shop/1/Products/712/remark/3f8cdf11bce94723824a48073dad5297.jpg\"/> \n </p><p><img class=\"\" src=\"/Storage/Shop/1/Products/712/remark/577750f3d4f24ef4b44f4f8cda9fd47a.png\" height=\"27\" width=\"750\"/> \n </p><p><span style=\"color:#000000\"><strong><a span=\"\" style=\"margin-left:5px;\">商品详细尺码</a></strong>(本商品的实际尺码) :</span> \n &nbsp;</p><table height=\"100%\" cellspacing=\"0\" cellpadding=\"0\" align=\"center\" width=\"85%\"><tbody><tr class=\"firstRow\"><td style=\"font-family: &quot;Microsoft YaHei&quot;, simsun, Verdana; font-size: 11px; color: rgb(87, 87, 87);\"><p><span style=\"color:#000000\"><strong>商品详细尺码</strong>(本商品的实际尺码) :</span> </p>尺码实测位子SMLXL肩宽（Cm)----领型宽（Cm)----领型深（Cm)----胸围(胸单面x2)（Cm)82869296 腰围(腰单面x2)（Cm)74788486衣长（Cm)92939496</td></tr></tbody></table><p><img class=\"\" src=\"/Storage/Shop/1/Products/712/remark/4d986b315b60439ca0c763018067cd04.png\" height=\"27\" width=\"750\"/> \n </p><center><table cellspacing=\"0\" cellpadding=\"0\" width=\"600\"><tbody><tr class=\"firstRow\"><td colspan=\"3\"><br/></td></tr><tr><td colspan=\"3\"><img class=\"\" src=\"/Storage/Shop/1/Products/712/remark/7300fcd7a5714aff9b3e3b699b8366e1.png\"/></td></tr></tbody></table></center><p><br/></p>');
INSERT INTO `himall_productdescriptions` VALUES ('0', '713', '发布的商品不符合要求', '<p><strong><span style=\"color:#000000\">商品说明 :</span></strong><br/> </p><p>&nbsp;</p><p>圆领无袖针织衫，撞色条纹图案，短款版型，罗纹材质，百搭款！</p><p>细节：</p><p>- 面料：71%粘性纤维，29%尼龙</p><p>- 冷水手洗</p><p>-BY FOREVER21</p><p>&nbsp;</p><p>&nbsp;</p><p><br/></p><table cellspacing=\"0\" cellpadding=\"0\" width=\"670\" style=\"width: 625px;\"><tbody><tr class=\"firstRow\"><td style=\"font-family: &quot;Microsoft YaHei&quot;, simsun, Verdana; font-size: 11px; color: rgb(87, 87, 87);\">- 透明度 :</td><td style=\"font-family: &quot;Microsoft YaHei&quot;, simsun, Verdana; font-size: 11px; color: rgb(87, 87, 87);\"><img class=\"\" src=\"/Storage/Shop/1/Products/713/remark/bea39bd64775450594b01d2306e7e89c.gif\" align=\"absmiddle\"/> 有透明度</td><td style=\"font-family: &quot;Microsoft YaHei&quot;, simsun, Verdana; font-size: 11px; color: rgb(87, 87, 87);\"><img class=\"\" src=\"/Storage/Shop/1/Products/713/remark/bea39bd64775450594b01d2306e7e89c.gif\" align=\"absmiddle\"/> 稍微有透明度</td><td style=\"font-family: &quot;Microsoft YaHei&quot;, simsun, Verdana; font-size: 11px; color: rgb(87, 87, 87);\"><img class=\"\" src=\"/Storage/Shop/1/Products/713/remark/9a2d64fc7c454c4fb81c774f7b536be0.gif\" align=\"absmiddle\"/> 没有透明度</td><td style=\"font-family: &quot;Microsoft YaHei&quot;, simsun, Verdana; font-size: 11px; color: rgb(87, 87, 87);\"><br/></td><td style=\"font-family: &quot;Microsoft YaHei&quot;, simsun, Verdana; font-size: 11px; color: rgb(87, 87, 87);\"><br/></td><td style=\"font-family: &quot;Microsoft YaHei&quot;, simsun, Verdana; font-size: 11px; color: rgb(87, 87, 87);\"><br/></td><td style=\"font-family: &quot;Microsoft YaHei&quot;, simsun, Verdana; font-size: 11px; color: rgb(87, 87, 87);\"><br/></td><td style=\"font-family: &quot;Microsoft YaHei&quot;, simsun, Verdana; font-size: 11px; color: rgb(87, 87, 87);\"><br/></td></tr><tr><td style=\"font-family: &quot;Microsoft YaHei&quot;, simsun, Verdana; font-size: 11px; color: rgb(87, 87, 87);\">- 厚度感 :</td><td style=\"font-family: &quot;Microsoft YaHei&quot;, simsun, Verdana; font-size: 11px; color: rgb(87, 87, 87);\"><img class=\"\" src=\"/Storage/Shop/1/Products/713/remark/bea39bd64775450594b01d2306e7e89c.gif\" align=\"absmiddle\"/> &nbsp;厚</td><td style=\"font-family: &quot;Microsoft YaHei&quot;, simsun, Verdana; font-size: 11px; color: rgb(87, 87, 87);\"><img class=\"\" src=\"/Storage/Shop/1/Products/713/remark/9a2d64fc7c454c4fb81c774f7b536be0.gif\" align=\"absmiddle\"/> 中等</td><td style=\"font-family: &quot;Microsoft YaHei&quot;, simsun, Verdana; font-size: 11px; color: rgb(87, 87, 87);\"><img class=\"\" src=\"/Storage/Shop/1/Products/713/remark/bea39bd64775450594b01d2306e7e89c.gif\" align=\"absmiddle\"/> 薄</td><td style=\"font-family: &quot;Microsoft YaHei&quot;, simsun, Verdana; font-size: 11px; color: rgb(87, 87, 87);\"><br/></td><td style=\"font-family: &quot;Microsoft YaHei&quot;, simsun, Verdana; font-size: 11px; color: rgb(87, 87, 87);\"><br/></td><td style=\"font-family: &quot;Microsoft YaHei&quot;, simsun, Verdana; font-size: 11px; color: rgb(87, 87, 87);\"><br/></td><td style=\"font-family: &quot;Microsoft YaHei&quot;, simsun, Verdana; font-size: 11px; color: rgb(87, 87, 87);\"><br/></td><td style=\"font-family: &quot;Microsoft YaHei&quot;, simsun, Verdana; font-size: 11px; color: rgb(87, 87, 87);\"><br/></td></tr><tr><td style=\"font-family: &quot;Microsoft YaHei&quot;, simsun, Verdana; font-size: 11px; color: rgb(87, 87, 87);\">- 内衬 :</td><td style=\"font-family: &quot;Microsoft YaHei&quot;, simsun, Verdana; font-size: 11px; color: rgb(87, 87, 87);\"><img class=\"\" src=\"/Storage/Shop/1/Products/713/remark/bea39bd64775450594b01d2306e7e89c.gif\" align=\"absmiddle\"/> 有内衬</td><td style=\"font-family: &quot;Microsoft YaHei&quot;, simsun, Verdana; font-size: 11px; color: rgb(87, 87, 87);\"><img class=\"\" src=\"/Storage/Shop/1/Products/713/remark/9a2d64fc7c454c4fb81c774f7b536be0.gif\" align=\"absmiddle\"/> 没有内衬</td><td style=\"font-family: &quot;Microsoft YaHei&quot;, simsun, Verdana; font-size: 11px; color: rgb(87, 87, 87);\"><br/></td><td style=\"font-family: &quot;Microsoft YaHei&quot;, simsun, Verdana; font-size: 11px; color: rgb(87, 87, 87);\"><br/></td><td style=\"font-family: &quot;Microsoft YaHei&quot;, simsun, Verdana; font-size: 11px; color: rgb(87, 87, 87);\"><br/></td><td style=\"font-family: &quot;Microsoft YaHei&quot;, simsun, Verdana; font-size: 11px; color: rgb(87, 87, 87);\"><br/></td><td style=\"font-family: &quot;Microsoft YaHei&quot;, simsun, Verdana; font-size: 11px; color: rgb(87, 87, 87);\"><br/></td><td style=\"font-family: &quot;Microsoft YaHei&quot;, simsun, Verdana; font-size: 11px; color: rgb(87, 87, 87);\"><br/></td></tr><tr><td style=\"font-family: &quot;Microsoft YaHei&quot;, simsun, Verdana; font-size: 11px; color: rgb(87, 87, 87);\">- 弹力性 :</td><td style=\"font-family: &quot;Microsoft YaHei&quot;, simsun, Verdana; font-size: 11px; color: rgb(87, 87, 87);\"><img class=\"\" src=\"/Storage/Shop/1/Products/713/remark/bea39bd64775450594b01d2306e7e89c.gif\" align=\"absmiddle\"/> 有弹力性</td><td style=\"font-family: &quot;Microsoft YaHei&quot;, simsun, Verdana; font-size: 11px; color: rgb(87, 87, 87);\"><img class=\"\" src=\"/Storage/Shop/1/Products/713/remark/9a2d64fc7c454c4fb81c774f7b536be0.gif\" align=\"absmiddle\"/> 稍微有弹力性</td><td style=\"font-family: &quot;Microsoft YaHei&quot;, simsun, Verdana; font-size: 11px; color: rgb(87, 87, 87);\"><img class=\"\" src=\"/Storage/Shop/1/Products/713/remark/bea39bd64775450594b01d2306e7e89c.gif\" align=\"absmiddle\"/> 没有弹力性</td><td style=\"font-family: &quot;Microsoft YaHei&quot;, simsun, Verdana; font-size: 11px; color: rgb(87, 87, 87);\"><br/></td><td style=\"font-family: &quot;Microsoft YaHei&quot;, simsun, Verdana; font-size: 11px; color: rgb(87, 87, 87);\"><br/></td><td style=\"font-family: &quot;Microsoft YaHei&quot;, simsun, Verdana; font-size: 11px; color: rgb(87, 87, 87);\"><br/></td><td style=\"font-family: &quot;Microsoft YaHei&quot;, simsun, Verdana; font-size: 11px; color: rgb(87, 87, 87);\"><br/></td><td style=\"font-family: &quot;Microsoft YaHei&quot;, simsun, Verdana; font-size: 11px; color: rgb(87, 87, 87);\"><br/></td></tr><tr><td style=\"font-family: &quot;Microsoft YaHei&quot;, simsun, Verdana; font-size: 11px; color: rgb(87, 87, 87);\">- 洗涤方法 :</td><td style=\"font-family: &quot;Microsoft YaHei&quot;, simsun, Verdana; font-size: 11px; color: rgb(87, 87, 87);\"><img class=\"\" src=\"/Storage/Shop/1/Products/713/remark/9a2d64fc7c454c4fb81c774f7b536be0.gif\" align=\"absmiddle\"/> 手洗</td><td style=\"font-family: &quot;Microsoft YaHei&quot;, simsun, Verdana; font-size: 11px; color: rgb(87, 87, 87);\"><img class=\"\" src=\"/Storage/Shop/1/Products/713/remark/bea39bd64775450594b01d2306e7e89c.gif\" align=\"absmiddle\"/> 用洗衣机洗</td><td style=\"font-family: &quot;Microsoft YaHei&quot;, simsun, Verdana; font-size: 11px; color: rgb(87, 87, 87);\"><img class=\"\" src=\"/Storage/Shop/1/Products/713/remark/9a2d64fc7c454c4fb81c774f7b536be0.gif\" align=\"absmiddle\"/> 凉水洗</td><td style=\"font-family: &quot;Microsoft YaHei&quot;, simsun, Verdana; font-size: 11px; color: rgb(87, 87, 87);\"><img class=\"\" src=\"/Storage/Shop/1/Products/713/remark/bea39bd64775450594b01d2306e7e89c.gif\" align=\"absmiddle\"/> 中性洗衣粉洗</td><td style=\"font-family: &quot;Microsoft YaHei&quot;, simsun, Verdana; font-size: 11px; color: rgb(87, 87, 87);\"><img class=\"\" src=\"/Storage/Shop/1/Products/713/remark/bea39bd64775450594b01d2306e7e89c.gif\" align=\"absmiddle\"/> 反面干</td><td style=\"font-family: &quot;Microsoft YaHei&quot;, simsun, Verdana; font-size: 11px; color: rgb(87, 87, 87);\"><img class=\"\" src=\"/Storage/Shop/1/Products/713/remark/bea39bd64775450594b01d2306e7e89c.gif\" align=\"absmiddle\"/> 干洗</td><td style=\"font-family: &quot;Microsoft YaHei&quot;, simsun, Verdana; font-size: 11px; color: rgb(87, 87, 87);\"><img class=\"\" src=\"/Storage/Shop/1/Products/713/remark/bea39bd64775450594b01d2306e7e89c.gif\" align=\"absmiddle\"/> 湿巾擦</td><td style=\"font-family: &quot;Microsoft YaHei&quot;, simsun, Verdana; font-size: 11px; color: rgb(87, 87, 87);\"><br/></td></tr></tbody></table><p><br/></p><p><strong><span style=\"color:#FF0000\">Y</span></strong> \n &nbsp;</p><p><br/></p><p><img class=\"\" src=\"/Storage/Shop/1/Products/713/remark/f8a1003878114417bac6f1f0085873c3.gif\" height=\"27\" width=\"750\"/> \n </p><p><img class=\"\" src=\"/Storage/Shop/1/Products/713/remark/a6a4811089ef4035a3a319b75d17cf9a.jpg\"/> \n &nbsp;<br/> \n &nbsp;<img class=\"\" src=\"/Storage/Shop/1/Products/713/remark/60183984dbf64221ad3f6198a2119171.jpg\"/> \n &nbsp;<br/> &nbsp;\n &nbsp;<br/> \n &nbsp;<img class=\"\" src=\"/Storage/Shop/1/Products/713/remark/319a485b98214ea3a7709ab7d4182d8d.jpg\"/> \n &nbsp;<br/> \n &nbsp;<img class=\"\" src=\"/Storage/Shop/1/Products/713/remark/f2a63d13bb6349329a968db3c1fc1bb0.jpg\"/> \n &nbsp;<br/> \n </p><p><img class=\"\" src=\"/Storage/Shop/1/Products/713/remark/5e15d1c578b749af86aca8010de64499.gif\" height=\"20\" width=\"750\"/> \n &nbsp;</p><center><img class=\"\" src=\"/Storage/Shop/1/Products/713/remark/08b16345b05447d397324bc158a22c34.jpg\"/> \n &nbsp; <img class=\"\" src=\"/Storage/Shop/1/Products/713/remark/e138fb830b5e413f98ab6925828106ea.jpg\"/> \n &nbsp; <br/> \n &nbsp; <img class=\"\" src=\"/Storage/Shop/1/Products/713/remark/0dd9d9f27cb14493b7e638628c5e1531.jpg\"/> \n &nbsp;</center><p><img class=\"\" src=\"/Storage/Shop/1/Products/713/remark/9419c639689f4a758780c7d4229bd5e5.jpg\"/> \n </p><p><img class=\"\" src=\"/Storage/Shop/1/Products/713/remark/6c21b4ad6d7c449fa11d73a13d875a5d.gif\" height=\"27\" width=\"750\"/> \n </p><p><span style=\"color:#000000\"><strong><a span=\"\" style=\"margin-left:5px;\">商品详细尺码</a></strong>(本商品的实际尺码) :</span> \n &nbsp;</p><table height=\"100%\" cellspacing=\"0\" cellpadding=\"0\" align=\"center\" width=\"85%\"><tbody><tr class=\"firstRow\"><td style=\"font-family: &quot;Microsoft YaHei&quot;, simsun, Verdana; font-size: 11px; color: rgb(87, 87, 87);\"><p><span style=\"color:#000000\"><strong>商品详细尺码</strong>(本商品的实际尺码) :</span> </p>尺码实测位子SML肩宽（Cm)232526领型宽（Cm)121314领型深（Cm)777胸围(胸单面x2)（Cm)525662衣长（Cm)394244</td></tr></tbody></table><p><img class=\"\" src=\"/Storage/Shop/1/Products/713/remark/a0685e9b91a046b0b25188923e34e567.gif\" height=\"27\" width=\"750\"/> \n </p><center><table cellspacing=\"0\" cellpadding=\"0\" width=\"600\"><tbody><tr class=\"firstRow\"><td colspan=\"3\"><br/></td></tr><tr><td colspan=\"3\"><img class=\"\" src=\"/Storage/Shop/1/Products/713/remark/e6687144025a4d59a459ae893931d405.gif\"/></td></tr></tbody></table></center>', '0', '0', null, null, null, '<p><strong><span style=\"color:#000000\">商品说明 :</span></strong><br/> </p><p>&nbsp;</p><p>圆领无袖针织衫，撞色条纹图案，短款版型，罗纹材质，百搭款！</p><p>细节：</p><p>- 面料：71%粘性纤维，29%尼龙</p><p>- 冷水手洗</p><p>-BY FOREVER21</p><p>&nbsp;</p><p>&nbsp;</p><p><br/></p><table cellspacing=\"0\" cellpadding=\"0\" width=\"670\" style=\"width: 625px;\"><tbody><tr class=\"firstRow\"><td style=\"font-family: &quot;Microsoft YaHei&quot;, simsun, Verdana; font-size: 11px; color: rgb(87, 87, 87);\">- 透明度 :</td><td style=\"font-family: &quot;Microsoft YaHei&quot;, simsun, Verdana; font-size: 11px; color: rgb(87, 87, 87);\"><img class=\"\" src=\"/Storage/Shop/1/Products/713/remark/aa084539ae36474e8e38b87ead835288.gif\" align=\"absmiddle\"/> 有透明度</td><td style=\"font-family: &quot;Microsoft YaHei&quot;, simsun, Verdana; font-size: 11px; color: rgb(87, 87, 87);\"><img class=\"\" src=\"/Storage/Shop/1/Products/713/remark/aa084539ae36474e8e38b87ead835288.gif\" align=\"absmiddle\"/> 稍微有透明度</td><td style=\"font-family: &quot;Microsoft YaHei&quot;, simsun, Verdana; font-size: 11px; color: rgb(87, 87, 87);\"><img class=\"\" src=\"/Storage/Shop/1/Products/713/remark/22d679f251004f76b9b44a45f2d67d40.gif\" align=\"absmiddle\"/> 没有透明度</td><td style=\"font-family: &quot;Microsoft YaHei&quot;, simsun, Verdana; font-size: 11px; color: rgb(87, 87, 87);\"><br/></td><td style=\"font-family: &quot;Microsoft YaHei&quot;, simsun, Verdana; font-size: 11px; color: rgb(87, 87, 87);\"><br/></td><td style=\"font-family: &quot;Microsoft YaHei&quot;, simsun, Verdana; font-size: 11px; color: rgb(87, 87, 87);\"><br/></td><td style=\"font-family: &quot;Microsoft YaHei&quot;, simsun, Verdana; font-size: 11px; color: rgb(87, 87, 87);\"><br/></td><td style=\"font-family: &quot;Microsoft YaHei&quot;, simsun, Verdana; font-size: 11px; color: rgb(87, 87, 87);\"><br/></td></tr><tr><td style=\"font-family: &quot;Microsoft YaHei&quot;, simsun, Verdana; font-size: 11px; color: rgb(87, 87, 87);\">- 厚度感 :</td><td style=\"font-family: &quot;Microsoft YaHei&quot;, simsun, Verdana; font-size: 11px; color: rgb(87, 87, 87);\"><img class=\"\" src=\"/Storage/Shop/1/Products/713/remark/aa084539ae36474e8e38b87ead835288.gif\" align=\"absmiddle\"/> &nbsp;厚</td><td style=\"font-family: &quot;Microsoft YaHei&quot;, simsun, Verdana; font-size: 11px; color: rgb(87, 87, 87);\"><img class=\"\" src=\"/Storage/Shop/1/Products/713/remark/22d679f251004f76b9b44a45f2d67d40.gif\" align=\"absmiddle\"/> 中等</td><td style=\"font-family: &quot;Microsoft YaHei&quot;, simsun, Verdana; font-size: 11px; color: rgb(87, 87, 87);\"><img class=\"\" src=\"/Storage/Shop/1/Products/713/remark/aa084539ae36474e8e38b87ead835288.gif\" align=\"absmiddle\"/> 薄</td><td style=\"font-family: &quot;Microsoft YaHei&quot;, simsun, Verdana; font-size: 11px; color: rgb(87, 87, 87);\"><br/></td><td style=\"font-family: &quot;Microsoft YaHei&quot;, simsun, Verdana; font-size: 11px; color: rgb(87, 87, 87);\"><br/></td><td style=\"font-family: &quot;Microsoft YaHei&quot;, simsun, Verdana; font-size: 11px; color: rgb(87, 87, 87);\"><br/></td><td style=\"font-family: &quot;Microsoft YaHei&quot;, simsun, Verdana; font-size: 11px; color: rgb(87, 87, 87);\"><br/></td><td style=\"font-family: &quot;Microsoft YaHei&quot;, simsun, Verdana; font-size: 11px; color: rgb(87, 87, 87);\"><br/></td></tr><tr><td style=\"font-family: &quot;Microsoft YaHei&quot;, simsun, Verdana; font-size: 11px; color: rgb(87, 87, 87);\">- 内衬 :</td><td style=\"font-family: &quot;Microsoft YaHei&quot;, simsun, Verdana; font-size: 11px; color: rgb(87, 87, 87);\"><img class=\"\" src=\"/Storage/Shop/1/Products/713/remark/aa084539ae36474e8e38b87ead835288.gif\" align=\"absmiddle\"/> 有内衬</td><td style=\"font-family: &quot;Microsoft YaHei&quot;, simsun, Verdana; font-size: 11px; color: rgb(87, 87, 87);\"><img class=\"\" src=\"/Storage/Shop/1/Products/713/remark/22d679f251004f76b9b44a45f2d67d40.gif\" align=\"absmiddle\"/> 没有内衬</td><td style=\"font-family: &quot;Microsoft YaHei&quot;, simsun, Verdana; font-size: 11px; color: rgb(87, 87, 87);\"><br/></td><td style=\"font-family: &quot;Microsoft YaHei&quot;, simsun, Verdana; font-size: 11px; color: rgb(87, 87, 87);\"><br/></td><td style=\"font-family: &quot;Microsoft YaHei&quot;, simsun, Verdana; font-size: 11px; color: rgb(87, 87, 87);\"><br/></td><td style=\"font-family: &quot;Microsoft YaHei&quot;, simsun, Verdana; font-size: 11px; color: rgb(87, 87, 87);\"><br/></td><td style=\"font-family: &quot;Microsoft YaHei&quot;, simsun, Verdana; font-size: 11px; color: rgb(87, 87, 87);\"><br/></td><td style=\"font-family: &quot;Microsoft YaHei&quot;, simsun, Verdana; font-size: 11px; color: rgb(87, 87, 87);\"><br/></td></tr><tr><td style=\"font-family: &quot;Microsoft YaHei&quot;, simsun, Verdana; font-size: 11px; color: rgb(87, 87, 87);\">- 弹力性 :</td><td style=\"font-family: &quot;Microsoft YaHei&quot;, simsun, Verdana; font-size: 11px; color: rgb(87, 87, 87);\"><img class=\"\" src=\"/Storage/Shop/1/Products/713/remark/aa084539ae36474e8e38b87ead835288.gif\" align=\"absmiddle\"/> 有弹力性</td><td style=\"font-family: &quot;Microsoft YaHei&quot;, simsun, Verdana; font-size: 11px; color: rgb(87, 87, 87);\"><img class=\"\" src=\"/Storage/Shop/1/Products/713/remark/22d679f251004f76b9b44a45f2d67d40.gif\" align=\"absmiddle\"/> 稍微有弹力性</td><td style=\"font-family: &quot;Microsoft YaHei&quot;, simsun, Verdana; font-size: 11px; color: rgb(87, 87, 87);\"><img class=\"\" src=\"/Storage/Shop/1/Products/713/remark/aa084539ae36474e8e38b87ead835288.gif\" align=\"absmiddle\"/> 没有弹力性</td><td style=\"font-family: &quot;Microsoft YaHei&quot;, simsun, Verdana; font-size: 11px; color: rgb(87, 87, 87);\"><br/></td><td style=\"font-family: &quot;Microsoft YaHei&quot;, simsun, Verdana; font-size: 11px; color: rgb(87, 87, 87);\"><br/></td><td style=\"font-family: &quot;Microsoft YaHei&quot;, simsun, Verdana; font-size: 11px; color: rgb(87, 87, 87);\"><br/></td><td style=\"font-family: &quot;Microsoft YaHei&quot;, simsun, Verdana; font-size: 11px; color: rgb(87, 87, 87);\"><br/></td><td style=\"font-family: &quot;Microsoft YaHei&quot;, simsun, Verdana; font-size: 11px; color: rgb(87, 87, 87);\"><br/></td></tr><tr><td style=\"font-family: &quot;Microsoft YaHei&quot;, simsun, Verdana; font-size: 11px; color: rgb(87, 87, 87);\">- 洗涤方法 :</td><td style=\"font-family: &quot;Microsoft YaHei&quot;, simsun, Verdana; font-size: 11px; color: rgb(87, 87, 87);\"><img class=\"\" src=\"/Storage/Shop/1/Products/713/remark/22d679f251004f76b9b44a45f2d67d40.gif\" align=\"absmiddle\"/> 手洗</td><td style=\"font-family: &quot;Microsoft YaHei&quot;, simsun, Verdana; font-size: 11px; color: rgb(87, 87, 87);\"><img class=\"\" src=\"/Storage/Shop/1/Products/713/remark/aa084539ae36474e8e38b87ead835288.gif\" align=\"absmiddle\"/> 用洗衣机洗</td><td style=\"font-family: &quot;Microsoft YaHei&quot;, simsun, Verdana; font-size: 11px; color: rgb(87, 87, 87);\"><img class=\"\" src=\"/Storage/Shop/1/Products/713/remark/22d679f251004f76b9b44a45f2d67d40.gif\" align=\"absmiddle\"/> 凉水洗</td><td style=\"font-family: &quot;Microsoft YaHei&quot;, simsun, Verdana; font-size: 11px; color: rgb(87, 87, 87);\"><img class=\"\" src=\"/Storage/Shop/1/Products/713/remark/aa084539ae36474e8e38b87ead835288.gif\" align=\"absmiddle\"/> 中性洗衣粉洗</td><td style=\"font-family: &quot;Microsoft YaHei&quot;, simsun, Verdana; font-size: 11px; color: rgb(87, 87, 87);\"><img class=\"\" src=\"/Storage/Shop/1/Products/713/remark/aa084539ae36474e8e38b87ead835288.gif\" align=\"absmiddle\"/> 反面干</td><td style=\"font-family: &quot;Microsoft YaHei&quot;, simsun, Verdana; font-size: 11px; color: rgb(87, 87, 87);\"><img class=\"\" src=\"/Storage/Shop/1/Products/713/remark/aa084539ae36474e8e38b87ead835288.gif\" align=\"absmiddle\"/> 干洗</td><td style=\"font-family: &quot;Microsoft YaHei&quot;, simsun, Verdana; font-size: 11px; color: rgb(87, 87, 87);\"><img class=\"\" src=\"/Storage/Shop/1/Products/713/remark/aa084539ae36474e8e38b87ead835288.gif\" align=\"absmiddle\"/> 湿巾擦</td><td style=\"font-family: &quot;Microsoft YaHei&quot;, simsun, Verdana; font-size: 11px; color: rgb(87, 87, 87);\"><br/></td></tr></tbody></table><p><br/></p><p><strong><span style=\"color:#FF0000\">Y</span></strong> \n &nbsp;</p><p><br/></p><p><img class=\"\" src=\"/Storage/Shop/1/Products/713/remark/4ec87076cfeb48e8bb85cb2ff9510098.gif\" height=\"27\" width=\"750\"/> \n </p><p><img class=\"\" src=\"/Storage/Shop/1/Products/713/remark/52f3ee0c3f4842e3b00e39cd6ba9c21f.jpg\"/> \n &nbsp;<br/> \n &nbsp;<img class=\"\" src=\"/Storage/Shop/1/Products/713/remark/28bd1cb2f4804097be855241534d5062.jpg\"/> \n &nbsp;<br/> &nbsp;\n &nbsp;<br/> \n &nbsp;<img class=\"\" src=\"/Storage/Shop/1/Products/713/remark/c80119efd7dc4f5183bde04b965a2b26.jpg\"/> \n &nbsp;<br/> \n &nbsp;<img class=\"\" src=\"/Storage/Shop/1/Products/713/remark/3f4f2b59da8b4979a48da4cfc40e060c.jpg\"/> \n &nbsp;<br/> \n </p><p><img class=\"\" src=\"/Storage/Shop/1/Products/713/remark/11ef7ff81cc14439aa2e77494ffbff83.gif\" height=\"20\" width=\"750\"/> \n &nbsp;</p><center><img class=\"\" src=\"/Storage/Shop/1/Products/713/remark/1a756e8a49884fb8b1a277bfb67f14ab.jpg\"/> \n &nbsp; <img class=\"\" src=\"/Storage/Shop/1/Products/713/remark/1e6b201f8e884f3db864c9956cdf9ca0.jpg\"/> \n &nbsp; <br/> \n &nbsp; <img class=\"\" src=\"/Storage/Shop/1/Products/713/remark/d0c5843afa1a4a8abdf7ea303640527c.jpg\"/> \n &nbsp;</center><p><img class=\"\" src=\"/Storage/Shop/1/Products/713/remark/b5e00c3d9b754b129cfed1500e999eeb.jpg\"/> \n </p><p><img class=\"\" src=\"/Storage/Shop/1/Products/713/remark/3aa61cae9f6d4e9482e5c557d0dd7932.gif\" height=\"27\" width=\"750\"/> \n </p><p><span style=\"color:#000000\"><strong><a span=\"\" style=\"margin-left:5px;\">商品详细尺码</a></strong>(本商品的实际尺码) :</span> \n &nbsp;</p><table height=\"100%\" cellspacing=\"0\" cellpadding=\"0\" align=\"center\" width=\"85%\"><tbody><tr class=\"firstRow\"><td style=\"font-family: &quot;Microsoft YaHei&quot;, simsun, Verdana; font-size: 11px; color: rgb(87, 87, 87);\"><p><span style=\"color:#000000\"><strong>商品详细尺码</strong>(本商品的实际尺码) :</span> </p>尺码实测位子SML肩宽（Cm)232526领型宽（Cm)121314领型深（Cm)777胸围(胸单面x2)（Cm)525662衣长（Cm)394244</td></tr></tbody></table><p><img class=\"\" src=\"/Storage/Shop/1/Products/713/remark/d1f6ee822e4640e28e167ee81e88e731.gif\" height=\"27\" width=\"750\"/> \n </p><center><table cellspacing=\"0\" cellpadding=\"0\" width=\"600\"><tbody><tr class=\"firstRow\"><td colspan=\"3\"><br/></td></tr><tr><td colspan=\"3\"><img class=\"\" src=\"/Storage/Shop/1/Products/713/remark/f6a5c45cc20442e0adfe348824ec3894.gif\"/></td></tr></tbody></table></center>');
INSERT INTO `himall_productdescriptions` VALUES ('0', '714', '发布的商品不符合要求', '<ul class=\"parameter2 p-parameter-list list-paddingleft-2\"><li><p>商品名称：AppleMacBook Air</p></li><li><p>商品编号：2342601</p></li><li><p>商品毛重：3.0kg</p></li><li><p>商品产地：中国大陆</p></li><li><p>系统：其他</p></li><li><p>厚度：15.1mm—20.0mm</p></li><li><p>内存容量：8G</p></li><li><p>分辨率：其他</p></li><li><p>显卡型号：其他</p></li><li><p>待机时长：9小时以上</p></li><li><p>处理器：Intel i5低功耗版</p></li><li><p>特性：背光键盘</p></li><li><p>显卡类别：集成显卡</p></li><li><p>裸机重量：1-1.5KG</p></li><li><p>硬盘容量：128G固态</p></li><li><p>显存容量：其他</p></li><li><p>分类：轻薄本</p></li><li><p>屏幕尺寸：13.3英寸</p></li></ul><p class=\"more-par\"><a href=\"https://item.jd.com/2342601.html#product-detail\" class=\"J-more-param\">更多参数<span style=\"text-decoration:line-through;\">&gt;&gt;</span></a>\n &nbsp; &nbsp; &nbsp; &nbsp; &nbsp; &nbsp; &nbsp; &nbsp; &nbsp; &nbsp; &nbsp; &nbsp; &nbsp; &nbsp;</p><p><a href=\"https://sale.jd.com/act/kxrtIQs6FcH.html\" target=\"_blank\"><img alt=\"\" class=\"\" src=\"/Storage/Shop/1/Products/714/remark/17d9bd614ffa4aa2b68ffe570033bbd6.jpg\"/></a><br/></p><p><img alt=\"\" class=\"\" src=\"/Storage/Shop/1/Products/714/remark/b54a96f5fac84906be5cb727d11edd64.jpg\"/><br/></p><p><img alt=\"\" class=\"\" src=\"/Storage/Shop/1/Products/714/remark/76a30672f7924f90865fdcb32ab87a0b.jpg\"/> &nbsp;</p><p><img alt=\"\" class=\"\" src=\"/Storage/Shop/1/Products/714/remark/26b0d1c7f81a4d4f953d92df4cdbce5f.jpg\"/> &nbsp;</p>', '0', '0', null, null, null, '<ul class=\"parameter2 p-parameter-list list-paddingleft-2\"><li><p>商品名称：AppleMacBook Air</p></li><li><p>商品编号：2342601</p></li><li><p>商品毛重：3.0kg</p></li><li><p>商品产地：中国大陆</p></li><li><p>系统：其他</p></li><li><p>厚度：15.1mm—20.0mm</p></li><li><p>内存容量：8G</p></li><li><p>分辨率：其他</p></li><li><p>显卡型号：其他</p></li><li><p>待机时长：9小时以上</p></li><li><p>处理器：Intel i5低功耗版</p></li><li><p>特性：背光键盘</p></li><li><p>显卡类别：集成显卡</p></li><li><p>裸机重量：1-1.5KG</p></li><li><p>硬盘容量：128G固态</p></li><li><p>显存容量：其他</p></li><li><p>分类：轻薄本</p></li><li><p>屏幕尺寸：13.3英寸</p></li></ul><p class=\"more-par\"><a href=\"https://item.jd.com/2342601.html#product-detail\" class=\"J-more-param\">更多参数<span style=\"text-decoration:line-through;\">&gt;&gt;</span></a>\n &nbsp; &nbsp; &nbsp; &nbsp; &nbsp; &nbsp; &nbsp; &nbsp; &nbsp; &nbsp; &nbsp; &nbsp; &nbsp; &nbsp;</p><p><a href=\"https://sale.jd.com/act/kxrtIQs6FcH.html\" target=\"_blank\"><img alt=\"\" class=\"\" src=\"/Storage/Shop/1/Products/714/remark/bf84e272a9cb46069f3c5c30b2632608.jpg\"/></a><br/></p><p><img alt=\"\" class=\"\" src=\"/Storage/Shop/1/Products/714/remark/5cdd1700e20b4b2390db3cca043b7161.jpg\"/><br/></p><p><img alt=\"\" class=\"\" src=\"/Storage/Shop/1/Products/714/remark/83f40cde65734bae9fe5bb86f291012e.jpg\"/> &nbsp;</p><p><img alt=\"\" class=\"\" src=\"/Storage/Shop/1/Products/714/remark/ed7255406f4b468fa0a19f45ae62a062.jpg\"/> &nbsp;</p>');
INSERT INTO `himall_productdescriptions` VALUES ('0', '715', null, '<ul class=\"parameter2 p-parameter-list list-paddingleft-2\"><li><p>商品名称：AppleMacBook Pro</p></li><li><p>商品编号：1593516</p></li><li><p>商品毛重：3.96kg</p></li><li><p>商品产地：中国大陆</p></li><li><p>系统：其他</p></li><li><p>厚度：15.1mm—20.0mm</p></li><li><p>内存容量：16G</p></li><li><p>分辨率：超高清屏（2K/3k/4K)</p></li><li><p>显卡型号：其他</p></li><li><p>待机时长：9小时以上</p></li><li><p>处理器：Intel i7标准电压版</p></li><li><p>特性：背光键盘</p></li><li><p>显卡类别：集成显卡</p></li><li><p>裸机重量：2-2.5kg</p></li><li><p>硬盘容量：256G固态</p></li><li><p>显存容量：其他</p></li><li><p>分类：轻薄本</p></li><li><p>屏幕尺寸：其他</p></li></ul><p class=\"more-par\"><a href=\"https://item.jd.com/1593516.html#product-detail\" class=\"J-more-param\">更多参数<span style=\"text-decoration:line-through;\">&gt;&gt;</span></a>\n &nbsp; &nbsp; &nbsp; &nbsp; &nbsp; &nbsp; &nbsp; &nbsp; &nbsp; &nbsp; &nbsp; &nbsp; &nbsp; &nbsp;</p><p><a href=\"https://sale.jd.com/act/kxrtIQs6FcH.html\" target=\"_blank\"><img alt=\"\" class=\"\" src=\"/Storage/Shop/1/Products/715/remark/8f3cc27726434e2f86693f3c88544b3d.jpg\"/></a><br/></p><p><img alt=\"\" class=\"\" src=\"/Storage/Shop/1/Products/715/remark/3844ef19b03d4988a7c7733ea8270690.jpg\"/><br/></p><p><img class=\"\" src=\"/Storage/Shop/1/Products/715/remark/b9dd0e783bae4900b23b6626ecb6d49c.jpg\"/></p><p><img class=\"\" src=\"/Storage/Shop/1/Products/715/remark/b67006f597854d0c86903d5515d3098d.jpg\"/></p>', '0', '0', null, null, null, '<ul class=\"parameter2 p-parameter-list list-paddingleft-2\"><li><p>商品名称：AppleMacBook Pro</p></li><li><p>商品编号：1593516</p></li><li><p>商品毛重：3.96kg</p></li><li><p>商品产地：中国大陆</p></li><li><p>系统：其他</p></li><li><p>厚度：15.1mm—20.0mm</p></li><li><p>内存容量：16G</p></li><li><p>分辨率：超高清屏（2K/3k/4K)</p></li><li><p>显卡型号：其他</p></li><li><p>待机时长：9小时以上</p></li><li><p>处理器：Intel i7标准电压版</p></li><li><p>特性：背光键盘</p></li><li><p>显卡类别：集成显卡</p></li><li><p>裸机重量：2-2.5kg</p></li><li><p>硬盘容量：256G固态</p></li><li><p>显存容量：其他</p></li><li><p>分类：轻薄本</p></li><li><p>屏幕尺寸：其他</p></li></ul><p class=\"more-par\"><a href=\"https://item.jd.com/1593516.html#product-detail\" class=\"J-more-param\">更多参数<span style=\"text-decoration:line-through;\">&gt;&gt;</span></a>\n &nbsp; &nbsp; &nbsp; &nbsp; &nbsp; &nbsp; &nbsp; &nbsp; &nbsp; &nbsp; &nbsp; &nbsp; &nbsp; &nbsp;</p><p><a href=\"https://sale.jd.com/act/kxrtIQs6FcH.html\" target=\"_blank\"><img alt=\"\" class=\"\" src=\"/Storage/Shop/1/Products/715/remark/8e84e51ca67540998c2cc498a94983d6.jpg\"/></a><br/></p><p><img alt=\"\" class=\"\" src=\"/Storage/Shop/1/Products/715/remark/d93987f539fe4b60b07a407ef8372bf0.jpg\"/><br/></p><p><img class=\"\" src=\"/Storage/Shop/1/Products/715/remark/db003c8ff80c4e05b2d17fc48003b59c.jpg\"/></p><p><img class=\"\" src=\"/Storage/Shop/1/Products/715/remark/4900223c56de450981130ce9e499716a.jpg\"/></p>');
INSERT INTO `himall_productdescriptions` VALUES ('0', '716', null, '<p><br/> <img alt=\"\" id=\"eb6cda93158c47caa5761c189cd30e8c\" class=\"\" src=\"/Storage/Shop/1/Products/716/remark/c25927423c8d4f519047d9935c155efb.jpg\"/> <br/> <img alt=\"\" id=\"243444ceb6864c57af82d10b55d6ca82\" class=\"\" src=\"/Storage/Shop/1/Products/716/remark/2f67c0e04c7a4baa99e6ea23570dfcbb.png\"/>&nbsp;&nbsp; &nbsp;&nbsp;&nbsp;&nbsp; \n<img alt=\"\" class=\"\" src=\"/Storage/Shop/1/Products/716/remark/75458d07b5b94c05bb914160122909c5.jpg\"/> <img alt=\"\" class=\"\" src=\"/Storage/Shop/1/Products/716/remark/9ffa54a97a80477f87d5bbd3a14a7aa5.jpg\"/> <img alt=\"\" class=\"\" src=\"/Storage/Shop/1/Products/716/remark/97fb049db3924197ada91c357f5ec920.jpg\"/> <img alt=\"\" class=\"\" src=\"/Storage/Shop/1/Products/716/remark/b99cafdffc4b4909aaa81fda7cd4ff91.jpg\"/> <img alt=\"\" class=\"\" src=\"/Storage/Shop/1/Products/716/remark/ce864c1f44e74821ba57292aa6a6f5dd.jpg\"/> &nbsp; &nbsp; &nbsp; &nbsp; &nbsp; \n<img alt=\"\" class=\"\" src=\"/Storage/Shop/1/Products/716/remark/3c99763f3025485d9ea0d48f2df88db9.jpg\"/> <img alt=\"\" class=\"\" src=\"/Storage/Shop/1/Products/716/remark/03221bde218d43d5aaeb9bd6a3b7c52f.jpg\"/> <img alt=\"\" class=\"\" src=\"/Storage/Shop/1/Products/716/remark/e2c203b5ac964e3daf66bf5cae6c22d6.jpg\"/> <br/> <img alt=\"\" id=\"0bf2b038288b451e9a5d42fc4c4def10\" class=\"\" src=\"/Storage/Shop/1/Products/716/remark/353dab547b9b44ef98a643940f5d84c3.jpg\"/> <br/> <img alt=\"\" id=\"79223096476d4a15b61f8f9937a1b693\" class=\"\" src=\"/Storage/Shop/1/Products/716/remark/2e07562fc19240348f51c958c26d252d.jpg\"/> <br/> &nbsp;&nbsp; \n<br/> &nbsp;&nbsp; \n<br/> <img alt=\"\" id=\"c741c5bab80c4e64b291c0b7d95e4a5e\" class=\"\" src=\"/Storage/Shop/1/Products/716/remark/93c1d261652c433781d4511b5fb2027a.jpg\"/></p>', '0', '0', null, null, null, '<p><br/> <img alt=\"\" id=\"eb6cda93158c47caa5761c189cd30e8c\" class=\"\" src=\"/Storage/Shop/1/Products/716/remark/5b320c3049194d2f83e477688124f816.jpg\"/> <br/> <img alt=\"\" id=\"243444ceb6864c57af82d10b55d6ca82\" class=\"\" src=\"/Storage/Shop/1/Products/716/remark/f132a2c1f8974003b53357d93074d1fc.png\"/>&nbsp;&nbsp; &nbsp;&nbsp;&nbsp;&nbsp; \n<img alt=\"\" class=\"\" src=\"/Storage/Shop/1/Products/716/remark/64bfa716c009430c8d14d1c4a55e05a1.jpg\"/> <img alt=\"\" class=\"\" src=\"/Storage/Shop/1/Products/716/remark/c0a43006495b4abc85d2681814b7af3c.jpg\"/> <img alt=\"\" class=\"\" src=\"/Storage/Shop/1/Products/716/remark/08ef5f69966f46d182d1f1332dfbd905.jpg\"/> <img alt=\"\" class=\"\" src=\"/Storage/Shop/1/Products/716/remark/e88c8da2a09249959a618e84eadf16c1.jpg\"/> <img alt=\"\" class=\"\" src=\"/Storage/Shop/1/Products/716/remark/4d3cf3db4aba4851955cf0e7ac111ece.jpg\"/> &nbsp; &nbsp; &nbsp; &nbsp; &nbsp; \n<img alt=\"\" class=\"\" src=\"/Storage/Shop/1/Products/716/remark/f7b2ccf4e583405fa251dc017afae371.jpg\"/> <img alt=\"\" class=\"\" src=\"/Storage/Shop/1/Products/716/remark/54dec48c41fc4cac8760118acf06c1f0.jpg\"/> <img alt=\"\" class=\"\" src=\"/Storage/Shop/1/Products/716/remark/63af58da22124120889514211c0c7a14.jpg\"/> <br/> <img alt=\"\" id=\"0bf2b038288b451e9a5d42fc4c4def10\" class=\"\" src=\"/Storage/Shop/1/Products/716/remark/d53e43f20c3a46158bc28f35df74316c.jpg\"/> <br/> <img alt=\"\" id=\"79223096476d4a15b61f8f9937a1b693\" class=\"\" src=\"/Storage/Shop/1/Products/716/remark/fd861621ad4145fe857bc8095d760134.jpg\"/> <br/> &nbsp;&nbsp; \n<br/> &nbsp;&nbsp; \n<br/> <img alt=\"\" id=\"c741c5bab80c4e64b291c0b7d95e4a5e\" class=\"\" src=\"/Storage/Shop/1/Products/716/remark/9e0934dc0fc44ff09149dd78e54e6600.jpg\"/></p>');
INSERT INTO `himall_productdescriptions` VALUES ('0', '717', '发布的商品不符合要求', '<ul id=\"parameter2\" class=\"p-parameter-list list-paddingleft-2\"><li><p>商品名称：欧莱雅水能润泽双效洁面膏100+50ml</p></li><li><p>商品编号：1019914947</p></li><li><p>商品毛重：100.00g</p></li><li><p>适合肤质：任何肤质</p></li><li><p>性别：男</p></li></ul><p class=\"more-par\"><a href=\"http://item.jd.com/1019914947.html?jd_pop=61d106a6-3638-4aca-ac44-2b362bd84ad4&abt=0#product-detail\" class=\"J-more-param\">更多参数&gt;&gt;</a></p><p><br/></p><p><br/><img data-lazyload=\"done\" alt=\"\" id=\"7f8d04f4971649d2947ec360ef847562\n\" src=\"/Storage/Shop/1/Products/717/remark/5319de9cbe7c4d8290726f8566a46364.jpg\"/></p>', '0', '0', null, null, null, '<ul id=\"parameter2\" class=\"p-parameter-list list-paddingleft-2\" style=\"width: 608.938px; white-space: normal;\"><li><p>商品名称：欧莱雅水能润泽双效洁面膏100+50ml</p></li><li><p>商品编号：1019914947</p></li><li><p>商品毛重：100.00g</p></li><li><p>适合肤质：任何肤质</p></li><li><p>性别：男</p></li></ul><p class=\"more-par\" style=\"white-space: normal;\"><a href=\"http://item.jd.com/1019914947.html?jd_pop=61d106a6-3638-4aca-ac44-2b362bd84ad4&abt=0#product-detail\" class=\"J-more-param\">更多参数&gt;&gt;</a></p><p style=\"white-space: normal;\"><br/></p><p style=\"white-space: normal;\"><br/><img data-lazyload=\"done\" alt=\"\" id=\"7f8d04f4971649d2947ec360ef847562\n\" src=\"/Storage/Shop/1/Products/717/remark/5f80437d52bc4fbbb5e63e591f6efb63.jpg\"/></p>');
INSERT INTO `himall_productdescriptions` VALUES ('0', '718', null, '<ul id=\"parameter2\" class=\"p-parameter-list list-paddingleft-2\"><li><p><br/></p></li><li><p>商品名称：贝德玛卸妆水</p></li><li><p>商品编号：1938255</p></li><li><p>品牌： <a href=\"https://list.jd.com/list.html?cat=1316,1381,13544&ev=exbrand_4583\" target=\"_blank\">贝德玛（BIODERMA）</a></p></li><li><p>商品毛重：500.00g</p></li><li><p>商品产地：法国</p></li><li><p>适合肤质：任何肤质</p></li><li><p>功效：深层清洁</p></li><li><p>产品产地：欧美</p></li><li><p>分类：洁面乳</p></li><li><p>质地：液/露状</p></li><li><p>性别：通用</p></li><li><p><br/></p></li></ul><p><br/></p><p><img data-lazyload=\"done\" alt=\"\" src=\"/Storage/Shop/1/Products/718/remark/cf9915c64dda4836a2ac16d563896ebe.jpg\"/><br/></p><p><img data-lazyload=\"done\" alt=\"\" src=\"/Storage/Shop/1/Products/718/remark/bf75714df4474510b392d12e3f815ded.jpg\"/></p>', '0', '0', null, null, null, '<ul id=\"parameter2\" class=\"p-parameter-list list-paddingleft-2\"><li><p><br/></p></li><li><p>商品名称：贝德玛卸妆水</p></li><li><p>商品编号：1938255</p></li><li><p>品牌： <a href=\"https://list.jd.com/list.html?cat=1316,1381,13544&ev=exbrand_4583\" target=\"_blank\">贝德玛（BIODERMA）</a></p></li><li><p>商品毛重：500.00g</p></li><li><p>商品产地：法国</p></li><li><p>适合肤质：任何肤质</p></li><li><p>功效：深层清洁</p></li><li><p>产品产地：欧美</p></li><li><p>分类：洁面乳</p></li><li><p>质地：液/露状</p></li><li><p>性别：通用</p></li><li><p><br/></p></li></ul><p><br/></p><p><img data-lazyload=\"done\" alt=\"\" src=\"/Storage/Shop/1/Products/718/remark/91630e8294ea4afd9e602763fab2e523.jpg\"/><br/></p><p><img data-lazyload=\"done\" alt=\"\" src=\"/Storage/Shop/1/Products/718/remark/bc01b119a70a413baba4af3c49750685.jpg\"/></p>');
INSERT INTO `himall_productdescriptions` VALUES ('0', '719', null, '<p><img alt=\"资生堂、洁面乳、护肤步骤、美容护肤\" src=\"/Storage/Shop/1/Products/719/remark/8fd8dffb6c894276a1d16401016d5f1e.jpg\" height=\"2039\" width=\"750\"/><br/><img alt=\"资生堂、洁面乳、护肤步骤、美容护肤\" src=\"/Storage/Shop/1/Products/719/remark/1c80cf97bc624439a283c87e2d8211a0.jpg\" height=\"1343\" width=\"750\"/><br/><img alt=\"资生堂、洁面乳、护肤步骤、美容护肤\" src=\"/Storage/Shop/1/Products/719/remark/a7843fe089db4980a2cafc3b7617b923.jpg\" height=\"1543\" width=\"750\"/><br/><br/></p><p>&nbsp;</p><p>&nbsp;</p><p>&nbsp;</p><p><br/><img alt=\"\" src=\"/Storage/Shop/1/Products/719/remark/a5e2f362cd984693bebe12d2c1138b93.jpg\" height=\"98\" width=\"750\"/></p><p style=\";background: white\"><strong><span style=\"font-family: &#39;微软雅黑&#39;,&#39;sans-serif&#39;;color: #e4007f;font-size: 13px\">卸妆</span></strong></p><p style=\";background: white\"><span style=\"font-family: &#39;微软雅黑&#39;,&#39;sans-serif&#39;;font-size: 13px\">面部卸妆是最基本的清洁环节，对面部进行卸妆前，一定要认真阅读卸妆用品卸妆说明书，因为不同的产品使用的方法也不尽相同。<br/> 在鼻子两侧要用卸妆乳上下涂抹，其他部位由内向外轻揉，待污垢完全与卸妆乳融合再擦掉或冲洗掉。</span></p><p style=\";background: white\"><strong><span style=\"font-family: &#39;微软雅黑&#39;,&#39;sans-serif&#39;;color: #e4007f;font-size: 13px\">洁面</span></strong></p><p style=\";background: white\"><span style=\"font-family: &#39;微软雅黑&#39;,&#39;sans-serif&#39;;font-size: 13px\">通过清洁使得皮肤处于尽可能无污染和无侵害的状态中，为皮肤提供良好的生理条件，清洁皮肤也是对皮肤很好的调整和放松过程，<br/> 有效地激发皮肤活力，使得毛孔充分通透，充分发挥皮肤健康和正常的吸收、呼吸、排泄功能，保持皮肤良好的新陈代谢状态。</span></p><p style=\";background: white\"><strong><span style=\"font-family: &#39;微软雅黑&#39;,&#39;sans-serif&#39;;color: #e4007f;font-size: 13px\">爽肤水</span></strong></p><p style=\";background: white\"><span style=\"font-family: &#39;微软雅黑&#39;,&#39;sans-serif&#39;;font-size: 13px\">爽肤水它的作用就在于再次清洁以恢复肌肤表面的酸碱值，并调理角质层，使肌肤更好地吸收，并为使用保养品作准备。专家建议<br/> 油性皮肤使用紧肤水，健康皮肤使用爽肤水，干性皮肤使用柔肤水，混合皮肤<span style=\"color: windowtext\">T</span><span style=\"color: windowtext\">区</span>使用紧肤水，敏感皮肤选用敏感水、修复水。</span></p><p style=\";background: white\"><strong><span style=\"font-family: &#39;微软雅黑&#39;,&#39;sans-serif&#39;;color: #e4007f;font-size: 13px\">精华</span></strong></p><p class=\"MsoListParagraph\" style=\"text-indent: 0;background: white\"><span style=\"font-family: &#39;微软雅黑&#39;,&#39;sans-serif&#39;;font-size: 13px\">精华素应该在清洁完皮肤，均匀涂抹柔肤水、软肤水后使用，切忌洁肤后马上使用。能够帮助皮肤形成皮脂膜，从而有效地吸收水<br/> 分去除老旧角质，辅助肌肤吸收精华素的营养，令精华素的养分更充分、直接地进入皮肤深层，令皮肤的柔软性、弹性更好。</span></p><p style=\";background: white\"><strong><span style=\"font-family: &#39;微软雅黑&#39;,&#39;sans-serif&#39;;color: #e4007f;font-size: 13px\">乳液</span></strong></p><p class=\"MsoListParagraph\" style=\"text-indent: 0;background: white\"><span style=\"font-family: &#39;微软雅黑&#39;,&#39;sans-serif&#39;;font-size: 13px\">最大的特点就是含水量很高，可以瞬间滋润肌肤，为干燥肌肤补充水分。加上乳液可以在肌肤表面形成轻薄透气的保护膜，可防止<br/> 水分流失，起到保湿效果。</span></p><p class=\"MsoListParagraph\" style=\"text-indent: 0;background: white\"><strong><span style=\"font-family: &#39;微软雅黑&#39;,&#39;sans-serif&#39;;color: #e4007f;font-size: 13px\">面霜</span></strong></p><p class=\"MsoListParagraph\" style=\"text-indent: 0;background: white\"><span style=\"font-family: &#39;微软雅黑&#39;,&#39;sans-serif&#39;;font-size: 13px\">一般来说， 干性皮肤适合使用面霜以及较为滋润的乳液，油性及混合性皮肤适合清爽的乳液及不含油分的面霜。干燥季节，如秋冬<br/> 季节，适合使用质地较厚的面霜。</span></p><p class=\"MsoListParagraph\" style=\"text-indent: 0;background: white\"><strong><span style=\"font-family: &#39;微软雅黑&#39;,&#39;sans-serif&#39;;color: #e4007f;font-size: 13px\">防晒隔离</span></strong></p><p class=\"MsoListParagraph\" style=\"text-indent: 0;background: white\"><span style=\"font-family: &#39;微软雅黑&#39;,&#39;sans-serif&#39;;font-size: 13px\">隔离霜大致分两种，有一种又称妆前底乳（Make-upBase），因为早先的彩妆产品都含有会伤皮肤的成分，所以“发明”了在<span style=\"color: windowtext\">护肤</span><br/> 与彩妆品之间加一道隔离霜以隔离彩妆和脏空气，也能使妆容更加细腻、服贴。另一种其实就是防晒霜 ，因为含有或完全以物理防<br/> 晒剂来阻隔紫外线，而被称为防晒隔离霜（UVBlock或SunBlock）。</span></p><p><br/></p>', '0', '0', null, null, null, '<p><img alt=\"资生堂、洁面乳、护肤步骤、美容护肤\" src=\"/Storage/Shop/1/Products/719/remark/a90dbdb3ce4b40448c59171f5bb21315.jpg\" height=\"2039\" width=\"750\"/><br/><img alt=\"资生堂、洁面乳、护肤步骤、美容护肤\" src=\"/Storage/Shop/1/Products/719/remark/19844539819646d4bb63d3f81bd2a180.jpg\" height=\"1343\" width=\"750\"/><br/><img alt=\"资生堂、洁面乳、护肤步骤、美容护肤\" src=\"/Storage/Shop/1/Products/719/remark/11b01b177fac47e497a988cd40abe91e.jpg\" height=\"1543\" width=\"750\"/><br/><br/></p><p>&nbsp;</p><p>&nbsp;</p><p>&nbsp;</p><p><br/><img alt=\"\" src=\"/Storage/Shop/1/Products/719/remark/34c2a1488f5d4e288fbbb7cfc9b7135c.jpg\" height=\"98\" width=\"750\"/></p><p style=\";background: white\"><strong><span style=\"font-family: &#39;微软雅黑&#39;,&#39;sans-serif&#39;;color: #e4007f;font-size: 13px\">卸妆</span></strong></p><p style=\";background: white\"><span style=\"font-family: &#39;微软雅黑&#39;,&#39;sans-serif&#39;;font-size: 13px\">面部卸妆是最基本的清洁环节，对面部进行卸妆前，一定要认真阅读卸妆用品卸妆说明书，因为不同的产品使用的方法也不尽相同。<br/> 在鼻子两侧要用卸妆乳上下涂抹，其他部位由内向外轻揉，待污垢完全与卸妆乳融合再擦掉或冲洗掉。</span></p><p style=\";background: white\"><strong><span style=\"font-family: &#39;微软雅黑&#39;,&#39;sans-serif&#39;;color: #e4007f;font-size: 13px\">洁面</span></strong></p><p style=\";background: white\"><span style=\"font-family: &#39;微软雅黑&#39;,&#39;sans-serif&#39;;font-size: 13px\">通过清洁使得皮肤处于尽可能无污染和无侵害的状态中，为皮肤提供良好的生理条件，清洁皮肤也是对皮肤很好的调整和放松过程，<br/> 有效地激发皮肤活力，使得毛孔充分通透，充分发挥皮肤健康和正常的吸收、呼吸、排泄功能，保持皮肤良好的新陈代谢状态。</span></p><p style=\";background: white\"><strong><span style=\"font-family: &#39;微软雅黑&#39;,&#39;sans-serif&#39;;color: #e4007f;font-size: 13px\">爽肤水</span></strong></p><p style=\";background: white\"><span style=\"font-family: &#39;微软雅黑&#39;,&#39;sans-serif&#39;;font-size: 13px\">爽肤水它的作用就在于再次清洁以恢复肌肤表面的酸碱值，并调理角质层，使肌肤更好地吸收，并为使用保养品作准备。专家建议<br/> 油性皮肤使用紧肤水，健康皮肤使用爽肤水，干性皮肤使用柔肤水，混合皮肤<span style=\"color: windowtext\">T</span><span style=\"color: windowtext\">区</span>使用紧肤水，敏感皮肤选用敏感水、修复水。</span></p><p style=\";background: white\"><strong><span style=\"font-family: &#39;微软雅黑&#39;,&#39;sans-serif&#39;;color: #e4007f;font-size: 13px\">精华</span></strong></p><p class=\"MsoListParagraph\" style=\"text-indent: 0;background: white\"><span style=\"font-family: &#39;微软雅黑&#39;,&#39;sans-serif&#39;;font-size: 13px\">精华素应该在清洁完皮肤，均匀涂抹柔肤水、软肤水后使用，切忌洁肤后马上使用。能够帮助皮肤形成皮脂膜，从而有效地吸收水<br/> 分去除老旧角质，辅助肌肤吸收精华素的营养，令精华素的养分更充分、直接地进入皮肤深层，令皮肤的柔软性、弹性更好。</span></p><p style=\";background: white\"><strong><span style=\"font-family: &#39;微软雅黑&#39;,&#39;sans-serif&#39;;color: #e4007f;font-size: 13px\">乳液</span></strong></p><p class=\"MsoListParagraph\" style=\"text-indent: 0;background: white\"><span style=\"font-family: &#39;微软雅黑&#39;,&#39;sans-serif&#39;;font-size: 13px\">最大的特点就是含水量很高，可以瞬间滋润肌肤，为干燥肌肤补充水分。加上乳液可以在肌肤表面形成轻薄透气的保护膜，可防止<br/> 水分流失，起到保湿效果。</span></p><p class=\"MsoListParagraph\" style=\"text-indent: 0;background: white\"><strong><span style=\"font-family: &#39;微软雅黑&#39;,&#39;sans-serif&#39;;color: #e4007f;font-size: 13px\">面霜</span></strong></p><p class=\"MsoListParagraph\" style=\"text-indent: 0;background: white\"><span style=\"font-family: &#39;微软雅黑&#39;,&#39;sans-serif&#39;;font-size: 13px\">一般来说， 干性皮肤适合使用面霜以及较为滋润的乳液，油性及混合性皮肤适合清爽的乳液及不含油分的面霜。干燥季节，如秋冬<br/> 季节，适合使用质地较厚的面霜。</span></p><p class=\"MsoListParagraph\" style=\"text-indent: 0;background: white\"><strong><span style=\"font-family: &#39;微软雅黑&#39;,&#39;sans-serif&#39;;color: #e4007f;font-size: 13px\">防晒隔离</span></strong></p><p class=\"MsoListParagraph\" style=\"text-indent: 0;background: white\"><span style=\"font-family: &#39;微软雅黑&#39;,&#39;sans-serif&#39;;font-size: 13px\">隔离霜大致分两种，有一种又称妆前底乳（Make-upBase），因为早先的彩妆产品都含有会伤皮肤的成分，所以“发明”了在<span style=\"color: windowtext\">护肤</span><br/> 与彩妆品之间加一道隔离霜以隔离彩妆和脏空气，也能使妆容更加细腻、服贴。另一种其实就是防晒霜 ，因为含有或完全以物理防<br/> 晒剂来阻隔紫外线，而被称为防晒隔离霜（UVBlock或SunBlock）。</span></p><p><br/></p>');
INSERT INTO `himall_productdescriptions` VALUES ('0', '720', null, '<ul class=\"cnt clearfix list-paddingleft-2\"><li><p></p></li><li><p>品牌：<a href=\"http://www.suning.com/pinpai/7128-0-0.html\" target=\"_blank\">欧莱雅(L&#39;OREAL)</a></p></li><li><p></p></li><li><p>类别：洁面膏</p></li><li><p></p></li><li><p>适用人群：男士</p></li><li><p></p></li><li><p>规格：100ml</p></li><li><p></p></li><li><p>功效：保湿补水,滋润营养,缓解痘痘,控油平衡,深层清洁</p></li><li><p></p></li></ul><p>	</p><p>\n		\n	\n	\n	</p><p>\n			</p><p><br/> <br/><img alt=\"\" src=\"/Storage/Shop/1/Products/720/remark/92f6fba280e64269963da8862194698e.jpg\" class=\"err-product\"/><img alt=\"\" src=\"/Storage/Shop/1/Products/720/remark/5b10b61510a64dbcb9914edc619b3800.jpg\" class=\"err-product\" height=\"547\" width=\"750\"/><img alt=\"\" src=\"/Storage/Shop/1/Products/720/remark/7469d19b0da242e1986a2dd5caec1ef7.jpg\" class=\"err-product\"/><img alt=\"\" src=\"/Storage/Shop/1/Products/720/remark/0d22be7d1f5e41c29e19e159db07ec75.jpg\" class=\"err-product\" height=\"530\" width=\"750\"/><img alt=\"\" src=\"/Storage/Shop/1/Products/720/remark/4ca48a1195b84ace9db48ed9caf6da6f.jpg\" class=\"err-product\" height=\"998\" width=\"750\"/><img alt=\"\" src=\"/Storage/Shop/1/Products/720/remark/7f625d8375f440a6b9e3f14be6c1cde4.jpg\" class=\"err-product\" height=\"859\" width=\"750\"/><img alt=\"\" src=\"/Storage/Shop/1/Products/720/remark/7a08f8b85fb847aeb411852f90b9e916.jpg\" class=\"err-product\" height=\"1146\" width=\"750\"/><img alt=\"\" src=\"/Storage/Shop/1/Products/720/remark/be7339e3e1204fbfa7874dea04f5d5e6.jpg\" class=\"err-product\" height=\"298\" width=\"750\"/></p><p><br/></p>', '0', '0', null, null, null, '<ul class=\"cnt clearfix list-paddingleft-2\"><li><p></p></li><li><p>品牌：<a href=\"http://www.suning.com/pinpai/7128-0-0.html\" target=\"_blank\">欧莱雅(L&#39;OREAL)</a></p></li><li><p></p></li><li><p>类别：洁面膏</p></li><li><p></p></li><li><p>适用人群：男士</p></li><li><p></p></li><li><p>规格：100ml</p></li><li><p></p></li><li><p>功效：保湿补水,滋润营养,缓解痘痘,控油平衡,深层清洁</p></li><li><p></p></li></ul><p>	</p><p>\n		\n	\n	\n	</p><p>\n			</p><p><br/> <br/><img alt=\"\" src=\"/Storage/Shop/1/Products/720/remark/09ecc6b562104d61be138ab086bbc080.jpg\" class=\"err-product\"/><img alt=\"\" src=\"/Storage/Shop/1/Products/720/remark/a2eec1d949514d5bb104d2a6a6c7fe95.jpg\" class=\"err-product\" height=\"547\" width=\"750\"/><img alt=\"\" src=\"/Storage/Shop/1/Products/720/remark/43f5523116be47f4bcd35677a0a105a0.jpg\" class=\"err-product\"/><img alt=\"\" src=\"/Storage/Shop/1/Products/720/remark/c6895b3a9af74c71928bd96f231df3e2.jpg\" class=\"err-product\" height=\"530\" width=\"750\"/><img alt=\"\" src=\"/Storage/Shop/1/Products/720/remark/e6ae8a1cad064cd89fc89c2894bf3374.jpg\" class=\"err-product\" height=\"998\" width=\"750\"/><img alt=\"\" src=\"/Storage/Shop/1/Products/720/remark/2019344aa6ae498688dbbf393699aea9.jpg\" class=\"err-product\" height=\"859\" width=\"750\"/><img alt=\"\" src=\"/Storage/Shop/1/Products/720/remark/18060f9599324a47a00decb1458ba6e3.jpg\" class=\"err-product\" height=\"1146\" width=\"750\"/><img alt=\"\" src=\"/Storage/Shop/1/Products/720/remark/55c56b6f4fa44d429d12357b53688174.jpg\" class=\"err-product\" height=\"298\" width=\"750\"/></p><p><br/></p>');
INSERT INTO `himall_productdescriptions` VALUES ('0', '721', null, '<p>	</p><p>\n		\n	\n	\n	</p><p>\n			</p><p><span style=\"font-size: 14px;\"><img alt=\"\" src=\"/Storage/Shop/1/Products/721/remark/4f55af65d96c4581af80568718eb6cec.jpg\" class=\"err-product\" height=\"554\" width=\"750\"/><img alt=\"\" src=\"/Storage/Shop/1/Products/721/remark/d2665882505246d68c04f917e99a3f3e.jpg\" class=\"err-product\" height=\"503\" width=\"750\"/><img alt=\"\" src=\"/Storage/Shop/1/Products/721/remark/ca83b1e5dbcf438cae4f8fb0bef2fd3b.jpg\" class=\"err-product\" height=\"402\" width=\"750\"/><img alt=\"\" src=\"/Storage/Shop/1/Products/721/remark/eee3873e6ba146abb367944e014f239f.jpg\" class=\"err-product\" height=\"490\" width=\"750\"/><img alt=\"\" src=\"/Storage/Shop/1/Products/721/remark/4e180a2a8e7048e8809beaa406fa6a38.jpg\" class=\"err-product\" height=\"689\" width=\"750\"/><img alt=\"\" src=\"/Storage/Shop/1/Products/721/remark/f0c092c5e4f74f82917c005ab5969285.jpg\" class=\"err-product\" height=\"609\" width=\"750\"/><img alt=\"\" src=\"/Storage/Shop/1/Products/721/remark/cbd3b55ad4fa4790973ccde24b5b8a96.jpg\" class=\"err-product\" height=\"636\" width=\"750\"/><img alt=\"\" src=\"/Storage/Shop/1/Products/721/remark/d85b46909c244f61b425acf4fdc9eb71.jpg\" class=\"err-product\" height=\"542\" width=\"750\"/><img alt=\"\" src=\"/Storage/Shop/1/Products/721/remark/2b6605b8ae814b35917405cc687a30b9.jpg\" class=\"err-product\" height=\"618\" width=\"750\"/></span></p><p><br/></p>', '0', '0', null, null, null, '<p>	</p><p>\n		\n	\n	\n	</p><p>\n			</p><p><span style=\"font-size: 14px;\"><img alt=\"\" src=\"/Storage/Shop/1/Products/721/remark/8305792eb6bd44438189c65ac039a83a.jpg\" class=\"err-product\" height=\"554\" width=\"750\"/><img alt=\"\" src=\"/Storage/Shop/1/Products/721/remark/4aa61446f853480eb4ac8d90031b5a92.jpg\" class=\"err-product\" height=\"503\" width=\"750\"/><img alt=\"\" src=\"/Storage/Shop/1/Products/721/remark/b23f9be772dc4af089ba5698e96b3015.jpg\" class=\"err-product\" height=\"402\" width=\"750\"/><img alt=\"\" src=\"/Storage/Shop/1/Products/721/remark/130cac77991145099d6cbe622d43f999.jpg\" class=\"err-product\" height=\"490\" width=\"750\"/><img alt=\"\" src=\"/Storage/Shop/1/Products/721/remark/a1d03da035b2406eb8e2b77bc5487400.jpg\" class=\"err-product\" height=\"689\" width=\"750\"/><img alt=\"\" src=\"/Storage/Shop/1/Products/721/remark/e47222a476104aa884c865f8c1fc490f.jpg\" class=\"err-product\" height=\"609\" width=\"750\"/><img alt=\"\" src=\"/Storage/Shop/1/Products/721/remark/c583d35aea6a4b45ad706aa39d4bf56b.jpg\" class=\"err-product\" height=\"636\" width=\"750\"/><img alt=\"\" src=\"/Storage/Shop/1/Products/721/remark/073b566967db449986b4bc3cb465ba2f.jpg\" class=\"err-product\" height=\"542\" width=\"750\"/><img alt=\"\" src=\"/Storage/Shop/1/Products/721/remark/b2a4b69fdc17429d92810366cde37ff7.jpg\" class=\"err-product\" height=\"618\" width=\"750\"/></span></p><p><br/></p>');
INSERT INTO `himall_productdescriptions` VALUES ('0', '722', null, '<p></p><p><img class=\"err-product\" style=\"border: 0px; vertical-align: middle; color: rgb(51, 51, 51); font-family: Arial, 宋体; line-height: 18px; white-space: normal; background-image: url(&quot;http://res.suning.cn/public/v3/css/images/blankbg.gif?v=2015102601&quot;); background-color: rgb(255, 255, 255); background-position: 50% 50%; background-repeat: no-repeat;\" alt=\"\" src=\"/Storage/Shop/1/Products/722/remark/3bad2edd27264da6a9885c15761a39a8.jpg\"/><img class=\"err-product\" style=\"border: 0px; vertical-align: middle; color: rgb(51, 51, 51); font-family: Arial, 宋体; line-height: 18px; white-space: normal; background-image: url(&quot;http://res.suning.cn/public/v3/css/images/blankbg.gif?v=2015102601&quot;); background-color: rgb(255, 255, 255); background-position: 50% 50%; background-repeat: no-repeat;\" alt=\"\" src=\"/Storage/Shop/1/Products/722/remark/2be3d3af29aa4bc783eacdb8b662b5ff.jpg\"/><img class=\"err-product\" style=\"border: 0px; vertical-align: middle; color: rgb(51, 51, 51); font-family: Arial, 宋体; line-height: 18px; white-space: normal; background-image: url(&quot;http://res.suning.cn/public/v3/css/images/blankbg.gif?v=2015102601&quot;); background-color: rgb(255, 255, 255); background-position: 50% 50%; background-repeat: no-repeat;\" alt=\"\" src=\"/Storage/Shop/1/Products/722/remark/f691e51a102f4d9b9288cde1d956b192.jpg\"/><img class=\"err-product\" style=\"border: 0px; vertical-align: middle; color: rgb(51, 51, 51); font-family: Arial, 宋体; line-height: 18px; white-space: normal; background-image: url(&quot;http://res.suning.cn/public/v3/css/images/blankbg.gif?v=2015102601&quot;); background-color: rgb(255, 255, 255); background-position: 50% 50%; background-repeat: no-repeat;\" alt=\"\" src=\"/Storage/Shop/1/Products/722/remark/1f5592e429ea4d50aaea6a7454681962.jpg\"/></p><p><br/></p>', '0', '0', null, null, null, '<p></p><p><img class=\"err-product\" style=\"border: 0px; vertical-align: middle; color: rgb(51, 51, 51); font-family: Arial, 宋体; line-height: 18px; white-space: normal; background-image: url(&quot;http://res.suning.cn/public/v3/css/images/blankbg.gif?v=2015102601&quot;); background-color: rgb(255, 255, 255); background-position: 50% 50%; background-repeat: no-repeat;\" alt=\"\" src=\"/Storage/Shop/1/Products/722/remark/70b241cff0464c79b2408a013f4b60da.jpg\"/><img class=\"err-product\" style=\"border: 0px; vertical-align: middle; color: rgb(51, 51, 51); font-family: Arial, 宋体; line-height: 18px; white-space: normal; background-image: url(&quot;http://res.suning.cn/public/v3/css/images/blankbg.gif?v=2015102601&quot;); background-color: rgb(255, 255, 255); background-position: 50% 50%; background-repeat: no-repeat;\" alt=\"\" src=\"/Storage/Shop/1/Products/722/remark/d57da045c18f4c168a4123e301f8b005.jpg\"/><img class=\"err-product\" style=\"border: 0px; vertical-align: middle; color: rgb(51, 51, 51); font-family: Arial, 宋体; line-height: 18px; white-space: normal; background-image: url(&quot;http://res.suning.cn/public/v3/css/images/blankbg.gif?v=2015102601&quot;); background-color: rgb(255, 255, 255); background-position: 50% 50%; background-repeat: no-repeat;\" alt=\"\" src=\"/Storage/Shop/1/Products/722/remark/d0f2957fb31d4006b043942c4a93bcb0.jpg\"/><img class=\"err-product\" style=\"border: 0px; vertical-align: middle; color: rgb(51, 51, 51); font-family: Arial, 宋体; line-height: 18px; white-space: normal; background-image: url(&quot;http://res.suning.cn/public/v3/css/images/blankbg.gif?v=2015102601&quot;); background-color: rgb(255, 255, 255); background-position: 50% 50%; background-repeat: no-repeat;\" alt=\"\" src=\"/Storage/Shop/1/Products/722/remark/7455cb018c4a4305bd5ff2651b8870bc.jpg\"/></p><p><br/></p>');
INSERT INTO `himall_productdescriptions` VALUES ('0', '723', null, '<p>	</p><p>\n		\n	\n	\n	</p><p>\n			</p><p><img alt=\"\" src=\"/Storage/Shop/1/Products/723/remark/bf70d8dda6724e8da5f91b6fd5581118.jpg\" class=\"err-product\"/><img alt=\"\" src=\"/Storage/Shop/1/Products/723/remark/e94cd18f26544a03a9fb08459423327a.jpg\" class=\"err-product\" height=\"981\" width=\"750\"/></p><p><br/></p>', '0', '0', null, null, null, '<p>	</p><p>\n		\n	\n	\n	</p><p>\n			</p><p><img alt=\"\" src=\"/Storage/Shop/1/Products/723/remark/58bff95373dd4461baf87c1bfe2a48f1.jpg\" class=\"err-product\"/><img alt=\"\" src=\"/Storage/Shop/1/Products/723/remark/f5f2a23014ed4f0286fce9de299e50ed.jpg\" class=\"err-product\" height=\"981\" width=\"750\"/></p><p><br/></p>');
INSERT INTO `himall_productdescriptions` VALUES ('0', '724', '不符合商品发布要求', '<p><img src=\"/Storage/Shop/1/Products/724/remark/5193b48188814ba98833bc8e296b3c36.jpg\" style=\"\" title=\"109410844010947290987500_x.jpg\"/></p><p><img src=\"/Storage/Shop/1/Products/724/remark/10de9784139b40bfac390029ec57e778.jpg\" style=\"\" title=\"168810314838304023352690_x.jpg\"/></p><p><img src=\"/Storage/Shop/1/Products/724/remark/cef1b478c146467bacb481830f41c7ca.jpg\" style=\"\" title=\"189017562165177084894720_x.jpg\"/></p><p><img src=\"/Storage/Shop/1/Products/724/remark/b822f25a16f84277a26e9962146ab01c.jpg\" style=\"\" title=\"200264111113504944268818_x.jpg\"/></p>', '0', '0', null, null, null, '<p><img src=\"/Storage/Shop/1/Products/724/remark/1fe069b4d1ce4dbeaf060d936f21352b.jpg\" style=\"\" title=\"109410844010947290987500_x.jpg\"/></p><p><img src=\"/Storage/Shop/1/Products/724/remark/c29709f0071e401c920f8a27ebf72035.jpg\" style=\"\" title=\"168810314838304023352690_x.jpg\"/></p><p><img src=\"/Storage/Shop/1/Products/724/remark/1ee248f63c214355969e971da38c31f8.jpg\" style=\"\" title=\"189017562165177084894720_x.jpg\"/></p><p><img src=\"/Storage/Shop/1/Products/724/remark/c0f46be6da1549dfb71f728e7112e83c.jpg\" style=\"\" title=\"200264111113504944268818_x.jpg\"/></p>');
INSERT INTO `himall_productdescriptions` VALUES ('0', '725', null, '<p><img src=\"/Storage/Shop/1/Products/725/remark/c4097f57fc424e3d86e754500a4619ba.jpg\" style=\"\" title=\"109410844010947290987500_x.jpg\"/></p><p><img src=\"/Storage/Shop/1/Products/725/remark/91fd2b27d8364b2dbb18d6706ba78d0d.jpg\" style=\"\" title=\"168810314838304023352690_x.jpg\"/></p><p><img src=\"/Storage/Shop/1/Products/725/remark/6500c4f38f7c448cab6ff5e141ae7b16.jpg\" style=\"\" title=\"189017562165177084894720_x.jpg\"/></p><p><img src=\"/Storage/Shop/1/Products/725/remark/4c3fbdcfefc74abab68e49b8b0316196.jpg\" style=\"\" title=\"200264111113504944268818_x.jpg\"/></p><p><br/></p>', '0', '0', null, null, null, '<p><img src=\"/Storage/Shop/1/Products/725/remark/71403aee09fd4c9caddd19167b424e5f.jpg\" style=\"\" title=\"109410844010947290987500_x.jpg\"/></p><p><img src=\"/Storage/Shop/1/Products/725/remark/ebdec17515db4400bdfdd79b76642587.jpg\" style=\"\" title=\"168810314838304023352690_x.jpg\"/></p><p><img src=\"/Storage/Shop/1/Products/725/remark/cfe8bcc45ff24dc1babe184028921562.jpg\" style=\"\" title=\"189017562165177084894720_x.jpg\"/></p><p><img src=\"/Storage/Shop/1/Products/725/remark/710bcf3455f84129abbbc1043c562de4.jpg\" style=\"\" title=\"200264111113504944268818_x.jpg\"/></p><p><br/></p>');
INSERT INTO `himall_productdescriptions` VALUES ('0', '726', null, '<p><img src=\"/Storage/Shop/1/Products/726/remark/4afbb713356b499885b16d24c3c1952a.jpg\" style=\"\" title=\"116200978242180899512160_x.jpg\"/></p><p><img src=\"/Storage/Shop/1/Products/726/remark/d516ce2cc1c4433a87fee83ae5b5b26e.jpg\" style=\"\" title=\"242294035163130769032200_x.jpg\"/></p><p><img src=\"/Storage/Shop/1/Products/726/remark/adce8ffeca5441a4b405378dcfc8f8ff.jpg\" style=\"\" title=\"404022205594154706214500_x.jpg\"/></p><p><img src=\"/Storage/Shop/1/Products/726/remark/b3a235f1dc644d339aa295144db793b7.jpg\" style=\"\" title=\"568878251566822860945400_x.jpg\"/></p><p><br/></p>', '0', '0', null, null, null, '<p><img src=\"/Storage/Shop/1/Products/726/remark/aaf43fb5a6044e90a37a78b9c2086fb2.jpg\" style=\"\" title=\"116200978242180899512160_x.jpg\"/></p><p><img src=\"/Storage/Shop/1/Products/726/remark/debc9be8ea3041d5ac11f6464482a23f.jpg\" style=\"\" title=\"242294035163130769032200_x.jpg\"/></p><p><img src=\"/Storage/Shop/1/Products/726/remark/ad367edcea784e5286b8d6803fa0dfc4.jpg\" style=\"\" title=\"404022205594154706214500_x.jpg\"/></p><p><img src=\"/Storage/Shop/1/Products/726/remark/89c31d75a552472897ac31225fe5c3ee.jpg\" style=\"\" title=\"568878251566822860945400_x.jpg\"/></p><p><br/></p>');
INSERT INTO `himall_productdescriptions` VALUES ('0', '727', null, '<p><img alt=\"\" src=\"/Storage/Shop/1/Products/727/remark/2ddd4acbf5b7485d9b210cea10382645.jpg\" class=\"err-product\"/><img alt=\"\" src=\"/Storage/Shop/1/Products/727/remark/585d6b6c1490404487122be39387835d.jpg\" class=\"err-product\"/><img alt=\"\" src=\"/Storage/Shop/1/Products/727/remark/3c72ab010d504ddca8dd192cc474985b.jpg\" class=\"err-product\"/></p><p><img alt=\"\" src=\"/Storage/Shop/1/Products/727/remark/5860d6637ed4462fa8ac9be632f7e36f.jpg\" class=\"err-product\"/></p><p><img alt=\"\" src=\"/Storage/Shop/1/Products/727/remark/da94d1c49ab1480bbcf1e2c0fbc45026.jpg\" class=\"err-product\"/><img alt=\"\" src=\"/Storage/Shop/1/Products/727/remark/08be69df80d54af0a62ba66a8ca276b8.jpg\" class=\"err-product\"/></p><p><br/></p>', '0', '0', null, null, null, '<p><img alt=\"\" src=\"/Storage/Shop/1/Products/727/remark/59c40726815548bb9c19889e0985b1e3.jpg\" class=\"err-product\"/><img alt=\"\" src=\"/Storage/Shop/1/Products/727/remark/905c7b51ea234ea2b4b738969e2153cc.jpg\" class=\"err-product\"/><img alt=\"\" src=\"/Storage/Shop/1/Products/727/remark/bbaa0d28f21e46ec91e07ec4eab1dee7.jpg\" class=\"err-product\"/></p><p><img alt=\"\" src=\"/Storage/Shop/1/Products/727/remark/a962a1613dac44f282868aadcfd28b49.jpg\" class=\"err-product\"/></p><p><img alt=\"\" src=\"/Storage/Shop/1/Products/727/remark/abd0eee467e04946aaa13dd19e72d0f8.jpg\" class=\"err-product\"/><img alt=\"\" src=\"/Storage/Shop/1/Products/727/remark/cb785cba7b0b4e71acb44175d60ba42e.jpg\" class=\"err-product\"/></p><p><br/></p>');
INSERT INTO `himall_productdescriptions` VALUES ('0', '728', null, '<p><br/> \n &nbsp;<img src=\"/Storage/Shop/1/Products/728/remark/4a68826fc97d43bea1cf8b3e0e557a99.jpg\" id=\"34141639bb7646649cd6d83221194ec4\n\"/> \n &nbsp;<br/> \n &nbsp;<br/> \n &nbsp;<img src=\"/Storage/Shop/1/Products/728/remark/132fed4193694a999a6e8fe8db099741.jpg\" id=\"8b6bbdc8c78a4ab0a110f0da90499519\n\"/>&nbsp;&nbsp; \n &nbsp;<br/> \n &nbsp;<img src=\"/Storage/Shop/1/Products/728/remark/f59de7e2aac14e47bd164144184fc777.jpg\" id=\"ec599c9b75c0476a91e0be6d24f4c5f7\n\"/> \n &nbsp;<br/> \n &nbsp;<img src=\"/Storage/Shop/1/Products/728/remark/7e8eb6979a4c45df9fbdae32b9925059.jpg\" id=\"d50d13a213f94ef68c21f5fedeccc6df\n\"/> \n &nbsp;<br/> \n &nbsp;<img src=\"/Storage/Shop/1/Products/728/remark/d4a115d8508b436094faae9d4c6445b2.jpg\" id=\"386461b85e7c4dd585008c69f5204732\n\"/> \n &nbsp;<br/> \n &nbsp;<img src=\"/Storage/Shop/1/Products/728/remark/f6e08a6b7c604a0ca93cd1989331fbe3.jpg\" id=\"3cb5315ff91d4321ac6b2909cfc03bb8\n\"/> \n &nbsp;<br/> \n &nbsp;<img src=\"/Storage/Shop/1/Products/728/remark/af92cd27128341d88f91eedb90dc96ec.jpg\" id=\"0af8e2bc4e784b379a3daf2bf0530224\n\"/> \n &nbsp;<br/> \n &nbsp;<img src=\"/Storage/Shop/1/Products/728/remark/4a6e8b3642ca450881bb79a24d8bbe27.jpg\" id=\"7b4616d0677d4dafbeb2aacba3dd341d\n\"/> \n &nbsp;<br/> \n &nbsp;<img src=\"/Storage/Shop/1/Products/728/remark/88e757b95e0847fab684ecece3b30c9d.jpg\" id=\"db39f6be7d3243dab0e3c6bb2fc25dd0\n\"/> \n &nbsp;<br/> \n &nbsp;<img src=\"/Storage/Shop/1/Products/728/remark/25f0bce1f4204834933a9cde4400ef0f.jpg\" id=\"ee6fb2d1a4ad4d64ae16d9bede615a4b\n\"/></p>', '0', '0', null, null, null, '<p><br/> \n &nbsp;<img src=\"/Storage/Shop/1/Products/728/remark/175b17b6d2e14d9ea7a5ab6c32f63f2a.jpg\" id=\"34141639bb7646649cd6d83221194ec4\n\"/> \n &nbsp;<br/> \n &nbsp;<br/> \n &nbsp;<img src=\"/Storage/Shop/1/Products/728/remark/cb0ec8b5ffe9487db1d8c66eeeff8ffe.jpg\" id=\"8b6bbdc8c78a4ab0a110f0da90499519\n\"/>&nbsp;&nbsp; \n &nbsp;<br/> \n &nbsp;<img src=\"/Storage/Shop/1/Products/728/remark/7464639d158f406bb0e23a894a90c31c.jpg\" id=\"ec599c9b75c0476a91e0be6d24f4c5f7\n\"/> \n &nbsp;<br/> \n &nbsp;<img src=\"/Storage/Shop/1/Products/728/remark/2159dc285716426db86ac33ff6287296.jpg\" id=\"d50d13a213f94ef68c21f5fedeccc6df\n\"/> \n &nbsp;<br/> \n &nbsp;<img src=\"/Storage/Shop/1/Products/728/remark/594de231bdd34853bb5da4582444ba06.jpg\" id=\"386461b85e7c4dd585008c69f5204732\n\"/> \n &nbsp;<br/> \n &nbsp;<img src=\"/Storage/Shop/1/Products/728/remark/54048e0c6e184dc89efb57f7a5c87877.jpg\" id=\"3cb5315ff91d4321ac6b2909cfc03bb8\n\"/> \n &nbsp;<br/> \n &nbsp;<img src=\"/Storage/Shop/1/Products/728/remark/36b6febe7e80489190dcb15d15dfab22.jpg\" id=\"0af8e2bc4e784b379a3daf2bf0530224\n\"/> \n &nbsp;<br/> \n &nbsp;<img src=\"/Storage/Shop/1/Products/728/remark/11301b2855d2486ea96b6d0ee6f6f8cd.jpg\" id=\"7b4616d0677d4dafbeb2aacba3dd341d\n\"/> \n &nbsp;<br/> \n &nbsp;<img src=\"/Storage/Shop/1/Products/728/remark/eb293544b2844a40859246e42236d593.jpg\" id=\"db39f6be7d3243dab0e3c6bb2fc25dd0\n\"/> \n &nbsp;<br/> \n &nbsp;<img src=\"/Storage/Shop/1/Products/728/remark/17fa3ab046b8422ca879da336df230a9.jpg\" id=\"ee6fb2d1a4ad4d64ae16d9bede615a4b\n\"/></p>');
INSERT INTO `himall_productdescriptions` VALUES ('0', '729', null, '<p style=\"text-align: center;\"><br/></p><table id=\"Table_01\" cellspacing=\"0\" cellpadding=\"0\" width=\"750\"><tbody><tr class=\"firstRow\"></tr></tbody></table><p>&nbsp;</p><p></p><p></p><p></p><p></p><p>\n			</p><p><img alt=\"\" src=\"/Storage/Shop/1/Products/729/remark/3ca2c81e167f43c9b291fec5c5ac7c4c.jpg\" class=\"err-product\" height=\"1125\" width=\"750\"/><img alt=\"\" src=\"/Storage/Shop/1/Products/729/remark/ed91dc1ed6624915b2cd5643e31f53c1.jpg\" class=\"err-product\"/><img alt=\"\" src=\"/Storage/Shop/1/Products/729/remark/daa4c020668846118777398a54ccb916.jpg\" class=\"err-product\"/><img alt=\"\" src=\"/Storage/Shop/1/Products/729/remark/f24eeea4ab174b75a728ed58b09bf535.jpg\" class=\"err-product\"/><img alt=\"\" src=\"/Storage/Shop/1/Products/729/remark/078a7f011ce54a1582eef807fc93ada4.jpg\" class=\"err-product\"/><img alt=\"\" src=\"/Storage/Shop/1/Products/729/remark/9368c37713594473a636575c63600bd9.jpg\" class=\"err-product\"/><img alt=\"\" src=\"/Storage/Shop/1/Products/729/remark/726dba6381e1446ca488583007e519b7.jpg\" class=\"err-product\"/><img alt=\"\" src=\"/Storage/Shop/1/Products/729/remark/44cebf8a35b04d35b330f309d66a89a8.jpg\" class=\"err-product\"/><img alt=\"\" src=\"/Storage/Shop/1/Products/729/remark/77edc94b83b64606be6acb624f479b57.jpg\" class=\"err-product\"/><img alt=\"\" src=\"/Storage/Shop/1/Products/729/remark/bb683195bdca46b78bc932a90e7b17b3.jpg\" class=\"err-product\"/><img alt=\"\" src=\"/Storage/Shop/1/Products/729/remark/6966e8ed0f7e4ba4af5b5acc1a39403d.jpg\" class=\"err-product\"/><img alt=\"\" src=\"/Storage/Shop/1/Products/729/remark/b11c808fc20f4bd6baaad2e83f6d73f4.jpg\" class=\"err-product\"/><img alt=\"\" src=\"/Storage/Shop/1/Products/729/remark/6daaf5f63e9d49359f36fd1c6d9c9f1a.jpg\" class=\"err-product\"/><img alt=\"\" src=\"/Storage/Shop/1/Products/729/remark/400c1509430b463881678e2488e684d5.jpg\" class=\"err-product\"/><img alt=\"\" src=\"/Storage/Shop/1/Products/729/remark/8814bc00c6b84508b42f7d47732c204c.jpg\" class=\"err-product\"/><img alt=\"\" src=\"/Storage/Shop/1/Products/729/remark/0ac0daf229bd441aab564744079c58cc.jpg\" class=\"err-product\"/></p><p><br/></p>', '0', '0', null, null, null, '<p style=\"white-space: normal;\"><img alt=\"\" src=\"/Storage/Shop/1/Products/729/remark/757950bd0a8040b9a43e8ae07a3a2c06.jpg\" class=\"err-product\" height=\"1125\" width=\"750\"/><img alt=\"\" src=\"/Storage/Shop/1/Products/729/remark/0456ad99af804e68af25dc8ede5463ba.jpg\" class=\"err-product\"/><img alt=\"\" src=\"/Storage/Shop/1/Products/729/remark/7993d982d2574050b3af48281689355d.jpg\" class=\"err-product\"/><img alt=\"\" src=\"/Storage/Shop/1/Products/729/remark/9cdb01733fd6438bb3d28fe5f9cafbac.jpg\" class=\"err-product\"/><img alt=\"\" src=\"/Storage/Shop/1/Products/729/remark/272fca1d0b16461fb677d0383eef8620.jpg\" class=\"err-product\"/><img alt=\"\" src=\"/Storage/Shop/1/Products/729/remark/c843f4ab33364e5eaa802d82ad337c1b.jpg\" class=\"err-product\"/><img alt=\"\" src=\"/Storage/Shop/1/Products/729/remark/7bb2ec6ea6984dadac5c16d51b78bc21.jpg\" class=\"err-product\"/><img alt=\"\" src=\"/Storage/Shop/1/Products/729/remark/378e8306ee974cc698bf501296008f1b.jpg\" class=\"err-product\"/><img alt=\"\" src=\"/Storage/Shop/1/Products/729/remark/9515a1086a3f4b5f8347adbbbdccc094.jpg\" class=\"err-product\"/><img alt=\"\" src=\"/Storage/Shop/1/Products/729/remark/bc109e6eec764927a02f65db09d53ba1.jpg\" class=\"err-product\"/><img alt=\"\" src=\"/Storage/Shop/1/Products/729/remark/d81cbc6abfff472b8471355e633fe556.jpg\" class=\"err-product\"/><img alt=\"\" src=\"/Storage/Shop/1/Products/729/remark/9686c0fbfc3343299c0f970135f4a69b.jpg\" class=\"err-product\"/><img alt=\"\" src=\"/Storage/Shop/1/Products/729/remark/78642f0c6e5e424bbe6dab85f9e620ad.jpg\" class=\"err-product\"/><img alt=\"\" src=\"/Storage/Shop/1/Products/729/remark/67700b6a80494f16a61bff6c7bc64da8.jpg\" class=\"err-product\"/><img alt=\"\" src=\"/Storage/Shop/1/Products/729/remark/2579ff06869e43c9a62f10dde016d3fb.jpg\" class=\"err-product\"/><img alt=\"\" src=\"/Storage/Shop/1/Products/729/remark/deecdf067ead4a45ad75dde35cc340db.jpg\" class=\"err-product\"/></p><p><br/></p>');
INSERT INTO `himall_productdescriptions` VALUES ('0', '730', null, '<p style=\"text-align: center;\"><br/></p><table id=\"Table_01\" cellspacing=\"0\" cellpadding=\"0\" width=\"750\"><tbody><tr class=\"firstRow\"></tr></tbody></table><p>&nbsp;</p><p style=\"white-space: normal;\"><img alt=\"\" src=\"/Storage/Shop/1/Products/730/remark/8dc46bc1fb984fa2b31ddd365a25800d.jpg\" class=\"err-product\"/><img alt=\"\" src=\"/Storage/Shop/1/Products/730/remark/f6424d96899b4538928dc75a50db31ce.jpg\" class=\"err-product\"/><img alt=\"\" src=\"/Storage/Shop/1/Products/730/remark/2d98ccd2ff5b43b39af2ac7a9e2ec00e.jpg\" class=\"err-product\"/><img alt=\"\" src=\"/Storage/Shop/1/Products/730/remark/f873f08d43e44df6bb68e3b7e2a4948d.jpg\" class=\"err-product\"/><img alt=\"\" src=\"/Storage/Shop/1/Products/730/remark/c3314e584dfd44dca15e8d5ae5539b19.jpg\" class=\"err-product\"/><img alt=\"\" src=\"/Storage/Shop/1/Products/730/remark/ae91971498b7428f9740f864dbb3c6a8.jpg\" class=\"err-product\"/></p><p><br/></p>', '0', '0', null, null, null, '<p style=\"white-space: normal;\"><img alt=\"\" src=\"/Storage/Shop/1/Products/730/remark/039e860ca67c4cea8a3467830630cf9f.jpg\" class=\"err-product\"/><img alt=\"\" src=\"/Storage/Shop/1/Products/730/remark/97566ca2b4b64c1291e68712965428f9.jpg\" class=\"err-product\"/><img alt=\"\" src=\"/Storage/Shop/1/Products/730/remark/ba2ad22da4154b9b913e01ad275c5974.jpg\" class=\"err-product\"/><img alt=\"\" src=\"/Storage/Shop/1/Products/730/remark/ac6a9dfa524c4ef0a3c584a0d25c6458.jpg\" class=\"err-product\"/><img alt=\"\" src=\"/Storage/Shop/1/Products/730/remark/3607ec7dfb924093a949e4ded2403c35.jpg\" class=\"err-product\"/><img alt=\"\" src=\"/Storage/Shop/1/Products/730/remark/a6d916f8a81c4033a362ddd8e444278c.jpg\" class=\"err-product\"/></p><p><br/></p>');
INSERT INTO `himall_productdescriptions` VALUES ('0', '731', null, '<p><img src=\"/Storage/Shop/1/Products/731/remark/29f8e4f74eb84abfbe6567dc3bd7c006.jpg\" style=\"\" title=\"209554334197123352980250_x.jpg\"/></p><p><img src=\"/Storage/Shop/1/Products/731/remark/9f0311eb387a4bbbae87f14d58840eec.jpg\" style=\"\" title=\"149619526513049839483124_x.jpg\"/></p><p><img src=\"/Storage/Shop/1/Products/731/remark/cd6a92db45ac4c8390b9b1c06cd5ca5b.jpg\" style=\"\" title=\"153644230497709383740290_x.jpg\"/></p><p><img src=\"/Storage/Shop/1/Products/731/remark/fe2ca3d4b6f34deab39d27d09d2c6d7c.jpg\" style=\"\" title=\"159367532318614918178614_x.jpg\"/></p><p><img src=\"/Storage/Shop/1/Products/731/remark/000da6a94097480f93bf36f3a5b1a0b8.jpg\" style=\"\" title=\"194235861660112372672400_x.jpg\"/></p><p><img src=\"/Storage/Shop/1/Products/731/remark/83a0a3301f4f4fb6affa42aee0f3dd97.jpg\" style=\"\" title=\"527900898580223302351000_x.jpg\"/></p>', '0', '0', null, null, null, '<p><img src=\"/Storage/Shop/1/Products/731/remark/6b5934dcb4bf450e9c7a43003d32bb65.jpg\" style=\"\" title=\"209554334197123352980250_x.jpg\"/></p><p><img src=\"/Storage/Shop/1/Products/731/remark/d077ed1080d944e19ff2f69b0bb37a62.jpg\" style=\"\" title=\"243699664793479767878100_x.jpg\"/></p><p><img src=\"/Storage/Shop/1/Products/731/remark/5a491bed275b400ead7e721f1618804b.jpg\" style=\"\" title=\"527900898580223302351000_x.jpg\"/></p><p><img src=\"/Storage/Shop/1/Products/731/remark/745bd62b00c44df7925b9f8ae2ed2952.jpg\" style=\"\" title=\"149619526513049839483124_x.jpg\"/></p>');
INSERT INTO `himall_productdescriptions` VALUES ('0', '732', null, '<p><img src=\"/Storage/Shop/1/Products/732/remark/bdffdd7fc8fa4843b8b09b968dd21c56.jpg\" style=\"\" title=\"195002464423249705883500_x.jpg\"/></p><p><img src=\"/Storage/Shop/1/Products/732/remark/22c39d59e0484171a29f862df8ddc6ef.jpg\" style=\"\" title=\"614524568244819835976000_x.jpg\"/></p><p><img src=\"/Storage/Shop/1/Products/732/remark/5155078390e146ee96a5f885ea693ba7.jpg\" style=\"\" title=\"143048838312642273387230_x.jpg\"/></p><p><img src=\"/Storage/Shop/1/Products/732/remark/d4702ac6d38248038ff49a99985816ac.jpg\" style=\"\" title=\"195002464423249705883500_x.jpg\"/></p><p><img src=\"/Storage/Shop/1/Products/732/remark/d488f888eb87402ab6f525703e3e02f7.jpg\" style=\"\" title=\"128055877307585846689100_x.jpg\"/></p><p><img src=\"/Storage/Shop/1/Products/732/remark/8a826f60622846a3820aa5fe9f1d7ca7.jpg\" style=\"\" title=\"532910300126203185575220_x.jpg\"/></p>', '0', '0', null, null, null, '<p><img src=\"/Storage/Shop/1/Products/732/remark/897d11bf97ca41a0946d03362164b1a7.jpg\" style=\"\" title=\"195002464423249705883500_x.jpg\"/></p><p><img src=\"/Storage/Shop/1/Products/732/remark/3f70d10e51254f138a8165649bb62934.jpg\" style=\"\" title=\"614524568244819835976000_x.jpg\"/></p><p><img src=\"/Storage/Shop/1/Products/732/remark/c0048f0e234648ebb7d38c2b7d523a21.jpg\" style=\"\" title=\"143048838312642273387230_x.jpg\"/></p><p><img src=\"/Storage/Shop/1/Products/732/remark/6331b35cfad4487e806d59f5fdb6bbb5.jpg\" style=\"\" title=\"128055877307585846689100_x.jpg\"/></p><p><img src=\"/Storage/Shop/1/Products/732/remark/9340224d54bb45b1a2944bfe39734f32.jpg\" style=\"\" title=\"532910300126203185575220_x.jpg\"/></p>');
INSERT INTO `himall_productdescriptions` VALUES ('0', '733', null, '<p><img src=\"/Storage/Shop/1/Products/733/remark/7e7f86e7a31b4ef89be411a2aaa8a828.jpg\" title=\"605303069192223693765340_x.jpg\" alt=\"605303069192223693765340_x.jpg\"/></p>', '0', '0', null, null, null, '<p><img src=\"/Storage/Shop/1/Products/733/remark/97ae97b480ba4ff6b83cf39c79c55b5a.jpg\" title=\"605303069192223693765340_x.jpg\" alt=\"605303069192223693765340_x.jpg\"/></p>');
INSERT INTO `himall_productdescriptions` VALUES ('0', '734', null, '<p><img src=\"/Storage/Shop/1/Products/734/remark/2df37f1c830d4922a4388592712b9263.jpg\" style=\"\" title=\"209284042610678409187503_x.jpg\"/></p><p><img src=\"/Storage/Shop/1/Products/734/remark/22030a54016b49ffaebe1419e3860a94.jpg\" style=\"\" title=\"155405307428358877855210_x.jpg\"/></p><p><img src=\"/Storage/Shop/1/Products/734/remark/195616c83d9a4737888d302105d0559d.jpg\" style=\"\" title=\"993928675280359254363800_x.jpg\"/></p><p><br/></p>', '0', '0', null, null, null, '<p><img src=\"/Storage/Shop/1/Products/734/remark/0c8fca7f70924ace856e4e2e2c655d2e.jpg\" style=\"\" title=\"209284042610678409187503_x.jpg\"/></p><p><img src=\"/Storage/Shop/1/Products/734/remark/fbedc854364540848608ed8752ecf405.jpg\" style=\"\" title=\"155405307428358877855210_x.jpg\"/></p><p><img src=\"/Storage/Shop/1/Products/734/remark/de1bf5f2e4474a9cb386ca73e9227705.jpg\" style=\"\" title=\"993928675280359254363800_x.jpg\"/></p><p><br/></p>');
INSERT INTO `himall_productdescriptions` VALUES ('0', '735', null, '<p><img src=\"/Storage/Shop/1/Products/735/remark/c20d18dd8ce44d18ad82a8b089366c2c.jpg\" style=\"\" title=\"132947138174987279773260_x.jpg\"/></p><p><img src=\"/Storage/Shop/1/Products/735/remark/61804bcef0114152906e1073a7e948fb.jpg\" style=\"\" title=\"434204117604219104195200_x.jpg\"/></p><p><img src=\"/Storage/Shop/1/Products/735/remark/b9005543099746e3b51769614e4e9a7a.jpg\" style=\"\" title=\"545816566120000764139960_x.jpg\"/></p><p><img src=\"/Storage/Shop/1/Products/735/remark/c6f1e6ea27fe4c1caf59492875a456d6.jpg\" style=\"\" title=\"290564507192393574294180_x.jpg\"/></p><p><img src=\"/Storage/Shop/1/Products/735/remark/f373fffe3703433d8bf662ef83dabd3b.jpg\" style=\"\" title=\"174581541815330709731594_x.jpg\"/></p><p><img src=\"/Storage/Shop/1/Products/735/remark/be3d243cd9d743c5ac95da69e85ca4ef.jpg\" style=\"\" title=\"109018166285452710015770_x.jpg\"/></p><p><img src=\"/Storage/Shop/1/Products/735/remark/b008b011daa744ceb8d25c64a12ddc16.jpg\" style=\"\" title=\"000000000145086165_5.jpg\"/></p><p><br/></p>', '0', '0', null, null, null, '<p><img src=\"/Storage/Shop/1/Products/735/remark/e45f945a40b344e692e922ed4bd42ec6.jpg\" style=\"\" title=\"132947138174987279773260_x.jpg\"/></p><p><img src=\"/Storage/Shop/1/Products/735/remark/cdd6014e85bc46b585050d91076c499b.jpg\" style=\"\" title=\"174581541815330709731594_x.jpg\"/></p><p><img src=\"/Storage/Shop/1/Products/735/remark/057ed9f3ef104b08b3f4670ab9151386.jpg\" style=\"\" title=\"290564507192393574294180_x.jpg\"/></p><p><img src=\"/Storage/Shop/1/Products/735/remark/1eeefb8c61bd48deac2741335c4b88cf.jpg\" style=\"\" title=\"000000000145086165_5.jpg\"/></p><p><img src=\"/Storage/Shop/1/Products/735/remark/c7a2f1b42f7544f58e53b20456a6038b.jpg\" style=\"\" title=\"545816566120000764139960_x.jpg\"/></p><p><br/></p>');
INSERT INTO `himall_productdescriptions` VALUES ('0', '736', null, '<p><br/></p><p><br/></p><p><br/></p><p><img alt=\"\" src=\"/Storage/Shop/1/Products/736/remark/8ceaade463b740b69efe3beb04619261.jpg\" class=\"err-product\" height=\"518\" width=\"750\"/><img alt=\"\" src=\"/Storage/Shop/1/Products/736/remark/5c417e47760b4de2b3687d7b18298f03.jpg\" class=\"err-product\" height=\"383\" width=\"750\"/><img alt=\"\" src=\"/Storage/Shop/1/Products/736/remark/9db4eaed5fc04a04aa44028a3781c36b.jpg\" class=\"err-product\" height=\"442\" width=\"750\"/></p><p style=\"text-align: center;\"><span style=\"font-size: 18px;\"><strong>新老包装 随机发放</strong></span><img alt=\"\" src=\"/Storage/Shop/1/Products/736/remark/3b5956c5fdc142b3aaa7a3643f1439a9.jpg\" class=\"err-product\" height=\"633\" width=\"750\"/><img alt=\"\" src=\"/Storage/Shop/1/Products/736/remark/f2a858a6135d45a08de3b2d7b0fbb2a2.jpg\" class=\"err-product\" height=\"562\" width=\"750\"/><img alt=\"\" src=\"/Storage/Shop/1/Products/736/remark/536240af920c4ae7b6ec7fd85d2ef20a.jpg\" class=\"err-product\" height=\"493\" width=\"750\"/><img alt=\"\" src=\"/Storage/Shop/1/Products/736/remark/645ee5dad898498598240e31e33f67da.jpg\" class=\"err-product\" height=\"495\" width=\"750\"/><img alt=\"\" src=\"/Storage/Shop/1/Products/736/remark/64da81241b8e4dc7915274e8e84fc00d.jpg\" class=\"err-product\" height=\"530\" width=\"750\"/><img alt=\"\" src=\"/Storage/Shop/1/Products/736/remark/a6b55c98e8ab484ba39d3f7d15ea2bec.jpg\" class=\"err-product\" height=\"843\" width=\"750\"/></p>', '0', '0', null, null, null, '<p><br/></p><p><br/></p><p><br/></p><p><img alt=\"\" src=\"/Storage/Shop/1/Products/736/remark/a488db2c81d544cabb3a5d5c24cfcdbf.jpg\" class=\"err-product\" height=\"518\" width=\"750\"/><img alt=\"\" src=\"/Storage/Shop/1/Products/736/remark/5afa433d57974bf881561d2de55327e3.jpg\" class=\"err-product\" height=\"383\" width=\"750\"/><img alt=\"\" src=\"/Storage/Shop/1/Products/736/remark/c165a125b251482bbc42c95ae35fe1f3.jpg\" class=\"err-product\" height=\"442\" width=\"750\"/></p><p style=\"text-align: center;\"><span style=\"font-size: 18px;\"><strong>新老包装 随机发放</strong></span><img alt=\"\" src=\"/Storage/Shop/1/Products/736/remark/c9938e688ce5467e94389a01b5f0a722.jpg\" class=\"err-product\" height=\"633\" width=\"750\"/><img alt=\"\" src=\"/Storage/Shop/1/Products/736/remark/ecf6dce7344b47c69f2d06ff2cd41580.jpg\" class=\"err-product\" height=\"562\" width=\"750\"/><img alt=\"\" src=\"/Storage/Shop/1/Products/736/remark/5ec34527b32b4fc0a7903a459a8a2887.jpg\" class=\"err-product\" height=\"493\" width=\"750\"/><img alt=\"\" src=\"/Storage/Shop/1/Products/736/remark/30e1de2a4719442d83766b54500970fc.jpg\" class=\"err-product\" height=\"495\" width=\"750\"/><img alt=\"\" src=\"/Storage/Shop/1/Products/736/remark/0b1e2fcec71d4d2cba819f1e2ac9f601.jpg\" class=\"err-product\" height=\"530\" width=\"750\"/><img alt=\"\" src=\"/Storage/Shop/1/Products/736/remark/105165cb34124ab2a0acbd1b3bdec2a1.jpg\" class=\"err-product\" height=\"843\" width=\"750\"/></p>');
INSERT INTO `himall_productdescriptions` VALUES ('0', '737', null, '<p><img src=\"/Storage/Shop/1/Products/737/remark/2596b3f7a0cf49078448670f782ce972.jpg\" title=\"632797017101150214225850_x.jpg\" alt=\"632797017101150214225850_x.jpg\" width=\"605\" height=\"212\" style=\"width: 605px; height: 212px;\"/></p>', '0', '0', null, null, null, '<p><img src=\"/Storage/Shop/1/Products/737/remark/c3a81f49a10b4dcc9f030928bb2b0908.jpg\" title=\"632797017101150214225850_x.jpg\" alt=\"632797017101150214225850_x.jpg\" width=\"529\" height=\"212\" style=\"width: 529px; height: 212px;\"/></p>');
INSERT INTO `himall_productdescriptions` VALUES ('0', '738', null, '<ul class=\"cnt clearfix list-paddingleft-2\"><li><p><br/></p></li><li><p>品牌：<a href=\"http://www.suning.com/pinpai/7131-0-0.html\" target=\"_blank\">妮维雅</a></p></li><li><p><br/></p></li><li><p>类别：洁肤水</p></li><li><p><br/></p></li><li><p>适合肤质：各种肤质</p></li><li><p><br/></p></li><li><p>适用人群：男士</p></li><li><p><br/></p></li><li><p>规格：150ml</p></li><li><p><br/></p></li><li><p>功效：保湿补水,深层清洁</p></li><li><p><img title=\"苏宁图片.png\" alt=\"苏宁图片.png\" src=\"/Storage/Shop/1/Products/738/remark/29739ea3851f40e697865e8760ae3418.png\" class=\"err-product\" style=\"font-family: &quot;microsoft yahei&quot;; font-size: 12px;\"/></p><p><br/></p></li></ul><p>&nbsp;</p><p style=\"text-align: center;\">&nbsp;（新老包装 随机发放）</p><p>&nbsp;</p><p><img style=\"display: block; margin-left: auto; margin-right: auto;\" title=\"suningtupian -1.png\" alt=\"suningtupian -1.png\" src=\"/Storage/Shop/1/Products/738/remark/e170cde01d32409dada08ad1e2aa5cbe.png\" class=\"err-product\"/></p><p><br/></p>', '0', '0', null, null, null, '<ul class=\"cnt clearfix list-paddingleft-2\"><li><p></p></li><li><p>品牌：<a href=\"http://www.suning.com/pinpai/7131-0-0.html\" target=\"_blank\">妮维雅</a></p></li><li><p></p></li><li><p>类别：洁肤水</p></li><li><p></p></li><li><p>适合肤质：各种肤质</p></li><li><p></p></li><li><p>适用人群：男士</p></li><li><p></p></li><li><p>规格：150ml</p></li><li><p></p></li><li><p>功效：保湿补水,深层清洁</p></li><li><p></p></li></ul><p>	</p><p>\n		\n	\n	\n	</p><p>\n			</p><p><img title=\"苏宁图片.png\" alt=\"苏宁图片.png\" src=\"/Storage/Shop/1/Products/738/remark/ee2f6edae26f4add85d0a34260ccba95.png\" class=\"err-product\"/></p><p>&nbsp;</p><p style=\"text-align: center;\">&nbsp;（新老包装 随机发放）</p><p>&nbsp;</p><p><img style=\"display: block; margin-left: auto; margin-right: auto;\" title=\"suningtupian -1.png\" alt=\"suningtupian -1.png\" src=\"/Storage/Shop/1/Products/738/remark/f6a6ab653ecc441aaefd3e3c93fd5594.png\" class=\"err-product\"/></p><p><br/></p>');
INSERT INTO `himall_productdescriptions` VALUES ('0', '739', null, '<h4 class=\"txt-head\"></h4><ul class=\"clearfix list-paddingleft-2\"><li><p><br/></p></li><ul class=\" list-paddingleft-2\" style=\"list-style-type: square;\"><li><p><strong>核心数</strong>：双核心</p></li><li><p><strong>CPU类型</strong>：Intel i5</p></li><li><p><strong>CPU型号</strong>：i5-4210H</p></li><li><p><strong>CPU主频</strong>：2.9</p></li><li><p><em class=\"icon i-cpu\"></em></p><p>CPU</p></li><li><p><br/></p></li><em class=\"ng-iconfont p-down-arrow\"></em><li>&nbsp; &nbsp; &nbsp; &nbsp; &nbsp; &nbsp;</li></ul><li><p><br/></p></li><ul class=\" list-paddingleft-2\" style=\"list-style-type: square;\"><li><p><strong>硬盘容量</strong>：1TB</p></li><li><p><strong>硬盘类型</strong>：机械硬盘</p></li><li><p><strong>硬盘转速</strong>：5400转/分</p></li><li><p><em class=\"icon i-pc-dish\"></em></p><p>硬盘</p></li><li><p><br/></p></li><em class=\"ng-iconfont p-down-arrow\"></em><li>&nbsp; &nbsp; &nbsp; &nbsp; &nbsp; &nbsp;</li></ul><li><p><br/></p></li><ul class=\" list-paddingleft-2\" style=\"list-style-type: square;\"><li><p><strong>内存容量</strong>：4GB</p></li><li><p><strong>内存类型</strong>：DDR3</p></li><li><p><strong>最大支持内存</strong>：16GB</p></li><li><p><em class=\"icon i-pc-memory\"></em></p><p>内存</p></li><li><p><br/></p></li><em class=\"ng-iconfont p-down-arrow\"></em><li>&nbsp; &nbsp; &nbsp; &nbsp; &nbsp; &nbsp;</li></ul><li><p><br/></p></li><ul class=\" list-paddingleft-2\" style=\"list-style-type: square;\"><li><p><strong>显卡类型</strong>：独立显卡</p></li><li><p><strong>显存容量</strong>：2GB</p></li><li><p><em class=\"icon i-pc-graphic\"></em></p><p>显卡</p></li><li><p><br/></p></li><em class=\"ng-iconfont p-down-arrow\"></em><li>&nbsp; &nbsp; &nbsp; &nbsp; &nbsp; &nbsp;</li></ul><li><p><br/></p></li><ul class=\" list-paddingleft-2\" style=\"list-style-type: square;\"><li><p><strong>屏幕尺寸</strong>：15.6英寸</p></li><li><p><strong>屏幕比例</strong>：16:9</p></li><li><p><strong>屏幕分辨率</strong>：1920×1080</p></li><li><p><strong>触摸功能</strong>：不支持</p></li><li><p><em class=\"icon i-pc-screen\"></em></p><p>显示屏</p></li><li><p><br/></p></li><em class=\"ng-iconfont p-down-arrow\"></em><li>&nbsp; &nbsp; &nbsp; &nbsp; &nbsp; &nbsp;</li></ul><li><p><br/></p></li><ul class=\" list-paddingleft-2\" style=\"list-style-type: square;\"><li><p><strong>颜色</strong>：黑色</p></li><li><p><strong>厚度</strong>：23.9mm</p></li><li><p><strong>机身尺寸</strong>：387 * 263.4 * 23.9</p></li><li><p><strong>重量</strong>：2.6KG</p></li><li><p><em class=\"icon i-pc-appearance\"></em></p><p>外观</p></li><li><p><br/></p></li><em class=\"ng-iconfont p-down-arrow\"></em><li>&nbsp; &nbsp; &nbsp; &nbsp; &nbsp; &nbsp;</li></ul><li><p><br/></p></li><ul class=\" list-paddingleft-2\" style=\"list-style-type: square;\"><li><p><strong>电池类型</strong>：4芯锂电池</p></li><li><p><strong>续航时间</strong>：适使用情况而定</p></li><li><p><strong>电源适配器</strong>：100-240V自适应交流电源适配器</p></li><li><p><em class=\"icon i-pc-battery\"></em></p><p>电池</p></li><li><p><br/></p></li><em class=\"ng-iconfont p-down-arrow\"></em><li>&nbsp; &nbsp; &nbsp; &nbsp; &nbsp; &nbsp;</li></ul><li><p><br/></p></li><ul class=\" list-paddingleft-2\" style=\"list-style-type: square;\"><li><p><strong>操作系统</strong>：Windows8.1</p></li><li><p><strong>蓝牙功能</strong>：蓝牙4.0</p></li><li><p><strong>局域网</strong>：10/100/1000Mbps</p></li><li><p><strong>无线局域网</strong>：802.11b/g/n</p></li><li><p><em class=\"icon i-others\"></em></p><p>其他</p></li></ul><p><br/></p></ul><table cellspacing=\"1\" cellpadding=\"1\" width=\"750\" style=\"width: 625px;\"><tbody><tr class=\"firstRow\"><td>&nbsp;<img alt=\"\" src=\"/Storage/Shop/1/Products/739/remark/8c076ee49295465f9d4e1de6af406daf.jpg\" class=\"err-product\"/></td></tr></tbody></table><table cellspacing=\"1\" cellpadding=\"1\" width=\"750\" style=\"width: 625px;\"><tbody><tr class=\"firstRow\"><td><p><img alt=\"\" src=\"/Storage/Shop/1/Products/739/remark/9a743ea73d98494d96cf64e03285c01d.jpg\" class=\"err-product\"/><img alt=\"\" src=\"/Storage/Shop/1/Products/739/remark/22f5eea2df484daf8b49382f65bbc9b3.jpg\" class=\"err-product\"/><img alt=\"\" src=\"/Storage/Shop/1/Products/739/remark/04878cd1a8754234b27b49cd25b9d952.jpg\" class=\"err-product\"/><img alt=\"\" src=\"/Storage/Shop/1/Products/739/remark/e5be3cc95e81469a81aa293af6763718.jpg\" class=\"err-product\"/></p></td></tr></tbody></table><p><br/></p>', '0', '0', null, null, null, '<ul class=\"clearfix list-paddingleft-2\" style=\"width: 608.938px; white-space: normal;\"><ul class=\" list-paddingleft-2\" style=\"list-style-type: square;\"><li><p><strong>核心数</strong>：双核心</p></li><li><p><strong>CPU类型</strong>：Intel i5</p></li><li><p><strong>CPU型号</strong>：i5-4210H</p></li><li><p><strong>CPU主频</strong>：2.9</p></li><li><p><em class=\"icon i-cpu\"></em></p><p>CPU</p></li><li><p><br/></p></li><em class=\"ng-iconfont p-down-arrow\"></em><li><p>&nbsp; &nbsp; &nbsp; &nbsp; &nbsp; &nbsp;</p></li></ul><li><p><br/></p></li><ul class=\" list-paddingleft-2\" style=\"list-style-type: square;\"><li><p><strong>硬盘容量</strong>：1TB</p></li><li><p><strong>硬盘类型</strong>：机械硬盘</p></li><li><p><strong>硬盘转速</strong>：5400转/分</p></li><li><p><em class=\"icon i-pc-dish\"></em></p><p>硬盘</p></li><li><p><br/></p></li><em class=\"ng-iconfont p-down-arrow\"></em><li><p>&nbsp; &nbsp; &nbsp; &nbsp; &nbsp; &nbsp;</p></li></ul><li><p><br/></p></li><ul class=\" list-paddingleft-2\" style=\"list-style-type: square;\"><li><p><strong>内存容量</strong>：4GB</p></li><li><p><strong>内存类型</strong>：DDR3</p></li><li><p><strong>最大支持内存</strong>：16GB</p></li><li><p><em class=\"icon i-pc-memory\"></em></p><p>内存</p></li><li><p><br/></p></li><em class=\"ng-iconfont p-down-arrow\"></em><li><p>&nbsp; &nbsp; &nbsp; &nbsp; &nbsp; &nbsp;</p></li></ul><li><p><br/></p></li><ul class=\" list-paddingleft-2\" style=\"list-style-type: square;\"><li><p><strong>显卡类型</strong>：独立显卡</p></li><li><p><strong>显存容量</strong>：2GB</p></li><li><p><em class=\"icon i-pc-graphic\"></em></p><p>显卡</p></li><li><p><br/></p></li><em class=\"ng-iconfont p-down-arrow\"></em><li><p>&nbsp; &nbsp; &nbsp; &nbsp; &nbsp; &nbsp;</p></li></ul><li><p><br/></p></li><ul class=\" list-paddingleft-2\" style=\"list-style-type: square;\"><li><p><strong>屏幕尺寸</strong>：15.6英寸</p></li><li><p><strong>屏幕比例</strong>：16:9</p></li><li><p><strong>屏幕分辨率</strong>：1920×1080</p></li><li><p><strong>触摸功能</strong>：不支持</p></li><li><p><em class=\"icon i-pc-screen\"></em></p><p>显示屏</p></li><li><p><br/></p></li><em class=\"ng-iconfont p-down-arrow\"></em><li><p>&nbsp; &nbsp; &nbsp; &nbsp; &nbsp; &nbsp;</p></li></ul><li><p><br/></p></li><ul class=\" list-paddingleft-2\" style=\"list-style-type: square;\"><li><p><strong>颜色</strong>：黑色</p></li><li><p><strong>厚度</strong>：23.9mm</p></li><li><p><strong>机身尺寸</strong>：387 * 263.4 * 23.9</p></li><li><p><strong>重量</strong>：2.6KG</p></li><li><p><em class=\"icon i-pc-appearance\"></em></p><p>外观</p></li><li><p><br/></p></li><em class=\"ng-iconfont p-down-arrow\"></em><li><p>&nbsp; &nbsp; &nbsp; &nbsp; &nbsp; &nbsp;</p></li></ul><li><p><br/></p></li><ul class=\" list-paddingleft-2\" style=\"list-style-type: square;\"><li><p><strong>电池类型</strong>：4芯锂电池</p></li><li><p><strong>续航时间</strong>：适使用情况而定</p></li><li><p><strong>电源适配器</strong>：100-240V自适应交流电源适配器</p></li><li><p><em class=\"icon i-pc-battery\"></em></p><p>电池</p></li><li><p><br/></p></li><em class=\"ng-iconfont p-down-arrow\"></em><li><p>&nbsp; &nbsp; &nbsp; &nbsp; &nbsp; &nbsp;</p></li></ul><li><p><br/></p></li><ul class=\" list-paddingleft-2\" style=\"list-style-type: square;\"><li><p><strong>操作系统</strong>：Windows8.1</p></li><li><p><strong>蓝牙功能</strong>：蓝牙4.0</p></li><li><p><strong>局域网</strong>：10/100/1000Mbps</p></li><li><p><strong>无线局域网</strong>：802.11b/g/n</p></li><li><p><em class=\"icon i-others\"></em></p><p>其他</p></li></ul><p><br/></p></ul><table cellspacing=\"1\" cellpadding=\"1\" width=\"625\" style=\"width: 625px;\"><tbody><tr class=\"firstRow\"><td>&nbsp;<img alt=\"\" src=\"/Storage/Shop/1/Products/739/remark/5c2ad565822d47cc8b419cfbbd4331ac.jpg\" class=\"err-product\"/></td></tr></tbody></table><table cellspacing=\"1\" cellpadding=\"1\" width=\"625\" style=\"width: 625px;\"><tbody><tr class=\"firstRow\"><td><p><img alt=\"\" src=\"/Storage/Shop/1/Products/739/remark/57ce3edf9d0543768c5df577ab6d0bf2.jpg\" class=\"err-product\"/><img alt=\"\" src=\"/Storage/Shop/1/Products/739/remark/397a93426a2f4de58e142abce3a605eb.jpg\" class=\"err-product\"/><img alt=\"\" src=\"/Storage/Shop/1/Products/739/remark/b7ba26f1d840470dabbc4400cc0db371.jpg\" class=\"err-product\"/><img alt=\"\" src=\"/Storage/Shop/1/Products/739/remark/e509d89df0df4745915320e27000f67c.jpg\" class=\"err-product\"/></p></td></tr></tbody></table><p><br/></p>');
INSERT INTO `himall_productdescriptions` VALUES ('0', '740', null, '<p><img src=\"/Storage/Shop/1/Products/740/remark/5ffd2c2df2be42beaf7c587a9e75576d.jpg\" style=\"\" title=\"196633272310882068712202_x.jpg\"/></p><p><img src=\"/Storage/Shop/1/Products/740/remark/14c2d210c663435ab03277c45a462003.jpg\" style=\"\" title=\"202090685639838752997510_x.jpg\"/></p><p><img src=\"/Storage/Shop/1/Products/740/remark/e5ac03eed0504e2aa912db79fa16f309.jpg\" style=\"\" title=\"174286217717460816478252_x.jpg\"/></p><p><img src=\"/Storage/Shop/1/Products/740/remark/acfedb88ff4d487a99af189830679e66.jpg\" style=\"\" title=\"175749673882711291510780_x.jpg\"/></p><p><img src=\"/Storage/Shop/1/Products/740/remark/c3a478ecd0a04ea9babecdf219b47b08.jpg\" style=\"\" title=\"610859365137508236086940_x.jpg\"/></p><p><img src=\"/Storage/Shop/1/Products/740/remark/f3369a23a31248d5a08c8081217705ca.jpg\" style=\"\" title=\"207511908627900835665620_x.jpg\"/></p>', '0', '0', null, null, null, '<p><img src=\"/Storage/Shop/1/Products/740/remark/7229756a557d432fa4a423a77fb2c203.jpg\" style=\"\" title=\"196633272310882068712202_x.jpg\"/></p><p><img src=\"/Storage/Shop/1/Products/740/remark/3ff631db46144439b71515bcac49989f.jpg\" style=\"\" title=\"202090685639838752997510_x.jpg\"/></p><p><img src=\"/Storage/Shop/1/Products/740/remark/24537d1273674c2fba2cefe2d13ca1f3.jpg\" style=\"\" title=\"174286217717460816478252_x.jpg\"/></p><p><img src=\"/Storage/Shop/1/Products/740/remark/314f678a46d24e2e97abb9a51c668e4e.jpg\" style=\"\" title=\"175749673882711291510780_x.jpg\"/></p><p><img src=\"/Storage/Shop/1/Products/740/remark/d1dc41b943064c49af7c3ed3afc0cb05.jpg\" style=\"\" title=\"610859365137508236086940_x.jpg\"/></p><p><img src=\"/Storage/Shop/1/Products/740/remark/9ac0bc18f2a3446882224832ccef9621.jpg\" style=\"\" title=\"207511908627900835665620_x.jpg\"/></p>');
INSERT INTO `himall_productdescriptions` VALUES ('0', '741', null, '<p>\n	</p><h4 class=\"txt-head\">核心参数</h4><ul class=\"clearfix list-paddingleft-2\"><li><p><br/></p></li><ul class=\" list-paddingleft-2\" style=\"list-style-type: square;\"><li><p><strong>核心数</strong>：四核心</p></li><li><p><strong>CPU类型</strong>：Intel i7</p></li><li><p><strong>CPU型号</strong>：i7-6700HQ</p></li><li><p><strong>CPU主频</strong>：2.6GHZ</p></li><li><p><em class=\"icon i-cpu\"></em></p><p>CPU</p></li><li><p><br/></p></li><em class=\"ng-iconfont p-down-arrow\"></em><li>&nbsp; &nbsp; &nbsp; &nbsp; &nbsp; &nbsp;</li></ul><li><p><br/></p></li><ul class=\" list-paddingleft-2\" style=\"list-style-type: square;\"><li><p><strong>硬盘容量</strong>：1TB</p></li><li><p><strong>硬盘类型</strong>：机械硬盘</p></li><li><p><strong>硬盘转速</strong>：5400转/分</p></li><li><p><strong>硬盘接口类型</strong>：SATA接口</p></li><li><p><em class=\"icon i-pc-dish\"></em></p><p>硬盘</p></li><li><p><br/></p></li><em class=\"ng-iconfont p-down-arrow\"></em><li>&nbsp; &nbsp; &nbsp; &nbsp; &nbsp; &nbsp;</li></ul><li><p><br/></p></li><ul class=\" list-paddingleft-2\" style=\"list-style-type: square;\"><li><p><strong>内存容量</strong>：8GB</p></li><li><p><strong>内存类型</strong>：DDR4</p></li><li><p><strong>最大支持内存</strong>：16GB</p></li><li><p><em class=\"icon i-pc-memory\"></em></p><p>内存</p></li><li><p><br/></p></li><em class=\"ng-iconfont p-down-arrow\"></em><li>&nbsp; &nbsp; &nbsp; &nbsp; &nbsp; &nbsp;</li></ul><li><p><br/></p></li><ul class=\" list-paddingleft-2\" style=\"list-style-type: square;\"><li><p><strong>显卡类型</strong>：独立显卡</p></li><li><p><strong>显存容量</strong>：2GB</p></li><li><p><strong>显卡型号</strong>：NVIDIA® GeForce® GTX 950M 独立显示芯片</p></li><li><p><em class=\"icon i-pc-graphic\"></em></p><p>显卡</p></li><li><p><br/></p></li><em class=\"ng-iconfont p-down-arrow\"></em><li>&nbsp; &nbsp; &nbsp; &nbsp; &nbsp; &nbsp;</li></ul><li><p><br/></p></li><ul class=\" list-paddingleft-2\" style=\"list-style-type: square;\"><li><p><strong>屏幕尺寸</strong>：15.6英寸</p></li><li><p><strong>屏幕比例</strong>：16:9</p></li><li><p><strong>屏幕分辨率</strong>：1920×1080</p></li><li><p><strong>屏幕类型</strong>：FHD背光</p></li><li><p><strong>触摸功能</strong>：不支持</p></li><li><p><em class=\"icon i-pc-screen\"></em></p><p>显示屏</p></li><li><p><br/></p></li><em class=\"ng-iconfont p-down-arrow\"></em><li>&nbsp; &nbsp; &nbsp; &nbsp; &nbsp; &nbsp;</li></ul><li><p><br/></p></li><ul class=\" list-paddingleft-2\" style=\"list-style-type: square;\"><li><p><strong>颜色</strong>：红黑</p></li><li><p><strong>厚度</strong>：29.2mm</p></li><li><p><strong>机身尺寸</strong>：380*251*29.2mm</p></li><li><p><strong>重量</strong>：2.45</p></li><li><p><em class=\"icon i-pc-appearance\"></em></p><p>外观</p></li><li><p><br/></p></li><em class=\"ng-iconfont p-down-arrow\"></em><li>&nbsp; &nbsp; &nbsp; &nbsp; &nbsp; &nbsp;</li></ul><li><p><br/></p></li><ul class=\" list-paddingleft-2\" style=\"list-style-type: square;\"><li><p><strong>电池类型</strong>：4芯锂电池</p></li><li><p><strong>续航时间</strong>：视使用环境而定</p></li><li><p><strong>电源适配器</strong>：输出：直流19 伏, 6.32 安, 120 瓦，输入：交流100 -240 伏，50/60 Hz</p></li><li><p><em class=\"icon i-pc-battery\"></em></p><p>电池</p></li><li><p><br/></p></li><em class=\"ng-iconfont p-down-arrow\"></em><li>&nbsp; &nbsp; &nbsp; &nbsp; &nbsp; &nbsp;</li></ul><li><p><br/></p></li><ul class=\" list-paddingleft-2\" style=\"list-style-type: square;\"><li><p><strong>操作系统</strong>：Windows10</p></li><li><p><strong>蓝牙功能</strong>：蓝牙4.0</p></li><li><p><strong>局域网</strong>：10/100/1000Mbps</p></li><li><p><strong>无线局域网</strong>：802.11b/g/n</p></li><li><p><em class=\"icon i-others\"></em></p><p>其他</p></li><li><p><em class=\"ng-iconfont p-down-arrow\" style=\"font-family: sans-serif; font-size: 16px;\"><img alt=\"\" src=\"/Storage/Shop/1/Products/741/remark/530a51f7ac5548fb83b671b7bfbf76d0.jpg\" class=\"err-product\" style=\"font-family: &quot;microsoft yahei&quot;; font-size: 12px;\"/><img alt=\"\" src=\"/Storage/Shop/1/Products/741/remark/0a44921c0d5f4254afbd30118df5c9a0.jpg\" class=\"err-product\" height=\"421\" width=\"750\" style=\"font-family: &quot;microsoft yahei&quot;; font-size: 12px;\"/><img alt=\"\" src=\"/Storage/Shop/1/Products/741/remark/ff1a3a4ca81044e98e1d517bdff01702.jpg\" class=\"err-product\" height=\"421\" width=\"750\" style=\"font-family: &quot;microsoft yahei&quot;; font-size: 12px;\"/><img alt=\"\" src=\"/Storage/Shop/1/Products/741/remark/a6c2a39ff8314b8eb1d929b2c88b5bf5.jpg\" class=\"err-product\" height=\"421\" width=\"750\" style=\"font-family: &quot;microsoft yahei&quot;; font-size: 12px;\"/><img alt=\"\" src=\"/Storage/Shop/1/Products/741/remark/0c085c09fc944acfa5e7965facc12f9f.jpg\" class=\"err-product\" height=\"421\" width=\"750\" style=\"font-family: &quot;microsoft yahei&quot;; font-size: 12px;\"/><img alt=\"\" src=\"/Storage/Shop/1/Products/741/remark/939fa30fca084ce8833da28375edceca.jpg\" class=\"err-product\" height=\"421\" width=\"750\" style=\"font-family: &quot;microsoft yahei&quot;; font-size: 12px;\"/><img alt=\"\" src=\"/Storage/Shop/1/Products/741/remark/c7a03cad3b634744bf152afbb845c18c.jpg\" class=\"err-product\" height=\"421\" width=\"750\" style=\"font-family: &quot;microsoft yahei&quot;; font-size: 12px;\"/><img alt=\"\" src=\"/Storage/Shop/1/Products/741/remark/04d759d54b8741b28237eef7dcde7807.jpg\" class=\"err-product\" height=\"421\" width=\"750\" style=\"font-family: &quot;microsoft yahei&quot;; font-size: 12px;\"/><img alt=\"\" src=\"/Storage/Shop/1/Products/741/remark/b85c85b4332d4fff9bbc041a1882d9a7.jpg\" class=\"err-product\" height=\"421\" width=\"750\" style=\"font-family: &quot;microsoft yahei&quot;; font-size: 12px;\"/><img alt=\"\" src=\"/Storage/Shop/1/Products/741/remark/a13c5f0567234c7bb5c14d934908c7a5.jpg\" class=\"err-product\" height=\"421\" width=\"750\" style=\"font-family: &quot;microsoft yahei&quot;; font-size: 12px;\"/><img alt=\"\" src=\"/Storage/Shop/1/Products/741/remark/562c64fe8bf44bb3bd51d74c58df31a0.jpg\" class=\"err-product\" height=\"421\" width=\"750\" style=\"font-family: &quot;microsoft yahei&quot;; font-size: 12px;\"/></em><br/></p></li></ul></ul><p><br/></p>', '0', '0', null, null, null, '<h4 class=\"txt-head\" style=\"white-space: normal;\">核心参数</h4><ul class=\"clearfix list-paddingleft-2\" style=\"width: 608.938px; white-space: normal;\"><li><p><br/></p></li><ul class=\" list-paddingleft-2\" style=\"list-style-type: square;\"><li><p><strong>核心数</strong>：四核心</p></li><li><p><strong>CPU类型</strong>：Intel i7</p></li><li><p><strong>CPU型号</strong>：i7-6700HQ</p></li><li><p><strong>CPU主频</strong>：2.6GHZ</p></li><li><p><em class=\"icon i-cpu\"></em></p><p>CPU</p></li><li><p><br/></p></li><em class=\"ng-iconfont p-down-arrow\"></em><li><p>&nbsp; &nbsp; &nbsp; &nbsp; &nbsp; &nbsp;</p></li></ul><li><p><br/></p></li><ul class=\" list-paddingleft-2\" style=\"list-style-type: square;\"><li><p><strong>硬盘容量</strong>：1TB</p></li><li><p><strong>硬盘类型</strong>：机械硬盘</p></li><li><p><strong>硬盘转速</strong>：5400转/分</p></li><li><p><strong>硬盘接口类型</strong>：SATA接口</p></li><li><p><em class=\"icon i-pc-dish\"></em></p><p>硬盘</p></li><li><p><br/></p></li><em class=\"ng-iconfont p-down-arrow\"></em><li><p>&nbsp; &nbsp; &nbsp; &nbsp; &nbsp; &nbsp;</p></li></ul><li><p><br/></p></li><ul class=\" list-paddingleft-2\" style=\"list-style-type: square;\"><li><p><strong>内存容量</strong>：8GB</p></li><li><p><strong>内存类型</strong>：DDR4</p></li><li><p><strong>最大支持内存</strong>：16GB</p></li><li><p><em class=\"icon i-pc-memory\"></em></p><p>内存</p></li><li><p><br/></p></li><em class=\"ng-iconfont p-down-arrow\"></em><li><p>&nbsp; &nbsp; &nbsp; &nbsp; &nbsp; &nbsp;</p></li></ul><li><p><br/></p></li><ul class=\" list-paddingleft-2\" style=\"list-style-type: square;\"><li><p><strong>显卡类型</strong>：独立显卡</p></li><li><p><strong>显存容量</strong>：2GB</p></li><li><p><strong>显卡型号</strong>：NVIDIA® GeForce® GTX 950M 独立显示芯片</p></li><li><p><em class=\"icon i-pc-graphic\"></em></p><p>显卡</p></li><li><p><br/></p></li><em class=\"ng-iconfont p-down-arrow\"></em><li><p>&nbsp; &nbsp; &nbsp; &nbsp; &nbsp; &nbsp;</p></li></ul><li><p><br/></p></li><ul class=\" list-paddingleft-2\" style=\"list-style-type: square;\"><li><p><strong>屏幕尺寸</strong>：15.6英寸</p></li><li><p><strong>屏幕比例</strong>：16:9</p></li><li><p><strong>屏幕分辨率</strong>：1920×1080</p></li><li><p><strong>屏幕类型</strong>：FHD背光</p></li><li><p><strong>触摸功能</strong>：不支持</p></li><li><p><em class=\"icon i-pc-screen\"></em></p><p>显示屏</p></li><li><p><br/></p></li><em class=\"ng-iconfont p-down-arrow\"></em><li><p>&nbsp; &nbsp; &nbsp; &nbsp; &nbsp; &nbsp;</p></li></ul><li><p><br/></p></li><ul class=\" list-paddingleft-2\" style=\"list-style-type: square;\"><li><p><strong>颜色</strong>：红黑</p></li><li><p><strong>厚度</strong>：29.2mm</p></li><li><p><strong>机身尺寸</strong>：380*251*29.2mm</p></li><li><p><strong>重量</strong>：2.45</p></li><li><p><em class=\"icon i-pc-appearance\"></em></p><p>外观</p></li><li><p><br/></p></li><em class=\"ng-iconfont p-down-arrow\"></em><li><p>&nbsp; &nbsp; &nbsp; &nbsp; &nbsp; &nbsp;</p></li></ul><li><p><br/></p></li><ul class=\" list-paddingleft-2\" style=\"list-style-type: square;\"><li><p><strong>电池类型</strong>：4芯锂电池</p></li><li><p><strong>续航时间</strong>：视使用环境而定</p></li><li><p><strong>电源适配器</strong>：输出：直流19 伏, 6.32 安, 120 瓦，输入：交流100 -240 伏，50/60 Hz</p></li><li><p><em class=\"icon i-pc-battery\"></em></p><p>电池</p></li><li><p><br/></p></li><em class=\"ng-iconfont p-down-arrow\"></em><li><p>&nbsp; &nbsp; &nbsp; &nbsp; &nbsp; &nbsp;</p></li></ul><li><p><br/></p></li><ul class=\" list-paddingleft-2\" style=\"list-style-type: square;\"><li><p><strong>操作系统</strong>：Windows10</p></li><li><p><strong>蓝牙功能</strong>：蓝牙4.0</p></li><li><p><strong>局域网</strong>：10/100/1000Mbps</p></li><li><p><strong>无线局域网</strong>：802.11b/g/n</p></li><li><p><em class=\"icon i-others\"></em></p><p>其他</p></li><li><p><em class=\"ng-iconfont p-down-arrow\" style=\"font-family: sans-serif; font-size: 16px;\"><img alt=\"\" src=\"/Storage/Shop/1/Products/741/remark/cf3c2144e601446eac1ef83a0f199b33.jpg\" class=\"err-product\" style=\"font-family: &quot;microsoft yahei&quot;; font-size: 12px;\"/><img alt=\"\" src=\"/Storage/Shop/1/Products/741/remark/d6b542d712194956bd2bf256a5d07b20.jpg\" class=\"err-product\" height=\"421\" width=\"750\" style=\"font-family: &quot;microsoft yahei&quot;; font-size: 12px;\"/><img alt=\"\" src=\"/Storage/Shop/1/Products/741/remark/5314cefe565c40a8bc00df060c77e4d7.jpg\" class=\"err-product\" height=\"421\" width=\"750\" style=\"font-family: &quot;microsoft yahei&quot;; font-size: 12px;\"/><img alt=\"\" src=\"/Storage/Shop/1/Products/741/remark/94ad58b4060e42848fabe29b9d4f7678.jpg\" class=\"err-product\" height=\"421\" width=\"750\" style=\"font-family: &quot;microsoft yahei&quot;; font-size: 12px;\"/><img alt=\"\" src=\"/Storage/Shop/1/Products/741/remark/c82a30d4970e4abca1e2ed60dfd52154.jpg\" class=\"err-product\" height=\"421\" width=\"750\" style=\"font-family: &quot;microsoft yahei&quot;; font-size: 12px;\"/><img alt=\"\" src=\"/Storage/Shop/1/Products/741/remark/c7901716a24e4ef697abef181bc1f8c1.jpg\" class=\"err-product\" height=\"421\" width=\"750\" style=\"font-family: &quot;microsoft yahei&quot;; font-size: 12px;\"/><img alt=\"\" src=\"/Storage/Shop/1/Products/741/remark/afce2c3909b24dd58bb98ec0f9cc6d39.jpg\" class=\"err-product\" height=\"421\" width=\"750\" style=\"font-family: &quot;microsoft yahei&quot;; font-size: 12px;\"/><img alt=\"\" src=\"/Storage/Shop/1/Products/741/remark/cee1c9b978044b2981d6e6a6c3d88bfb.jpg\" class=\"err-product\" height=\"421\" width=\"750\" style=\"font-family: &quot;microsoft yahei&quot;; font-size: 12px;\"/><img alt=\"\" src=\"/Storage/Shop/1/Products/741/remark/657acbaf0541463cad2c09c8fd2cbc6d.jpg\" class=\"err-product\" height=\"421\" width=\"750\" style=\"font-family: &quot;microsoft yahei&quot;; font-size: 12px;\"/><img alt=\"\" src=\"/Storage/Shop/1/Products/741/remark/23d83f79f0a940a28e4fbdb09ae23f7a.jpg\" class=\"err-product\" height=\"421\" width=\"750\" style=\"font-family: &quot;microsoft yahei&quot;; font-size: 12px;\"/><img alt=\"\" src=\"/Storage/Shop/1/Products/741/remark/7ab4f35206b24b3d8221fd0692ea6fff.jpg\" class=\"err-product\" height=\"421\" width=\"750\" style=\"font-family: &quot;microsoft yahei&quot;; font-size: 12px;\"/></em><br/></p></li><li><p><em class=\"ng-iconfont p-down-arrow\" style=\"font-family: sans-serif; font-size: 16px;\"><br/></em></p></li></ul></ul><p><br/></p>');
INSERT INTO `himall_productdescriptions` VALUES ('0', '742', null, '<p><img src=\"/Storage/Shop/1/Products/742/remark/066f89de309e43d6bea2ecfcd2b8443c.jpg\" style=\"\" title=\"101253536820931769317251_x.jpg\"/></p><p><img src=\"/Storage/Shop/1/Products/742/remark/5c562cfea87c490cba1a434502100c25.jpg\" style=\"\" title=\"190559784352025193155020_x.jpg\"/></p><p><img src=\"/Storage/Shop/1/Products/742/remark/08bf923be07e4c7c93e084a3822da754.jpg\" style=\"\" title=\"203256408834708158545700_x.jpg\"/></p><p><img src=\"/Storage/Shop/1/Products/742/remark/66db7d29bf434322a4b73055a70fa5db.jpg\" style=\"\" title=\"171061270229616959709800_x.jpg\"/></p><p><img src=\"/Storage/Shop/1/Products/742/remark/d57ac29ca1754076a3dc2d7c29032485.jpg\" style=\"\" title=\"105206931911539331857653_x.jpg\"/></p><p><img src=\"/Storage/Shop/1/Products/742/remark/7570f7b501ea4905bef8fdf3e8c729ee.jpg\" style=\"\" title=\"163129632489029728231700_x.jpg\"/></p><p><img src=\"/Storage/Shop/1/Products/742/remark/fd3f51582a02420c9cbd1d43f912b9c0.jpg\" style=\"\" title=\"101253536820931769317251_x.jpg\"/></p><p><img src=\"/Storage/Shop/1/Products/742/remark/1e60fea2ac28438f8dc8086294c7ff46.jpg\" style=\"\" title=\"190559784352025193155020_x.jpg\"/></p><p><img src=\"/Storage/Shop/1/Products/742/remark/47a2e5f7617b46e385bf8fab8d7d9d4d.jpg\" style=\"\" title=\"203256408834708158545700_x.jpg\"/></p><p><img src=\"/Storage/Shop/1/Products/742/remark/8da9a7be492c4b74a8ece6473decf9d8.jpg\" style=\"\" title=\"171061270229616959709800_x.jpg\"/></p><p><img src=\"/Storage/Shop/1/Products/742/remark/9eafe185844347efac120942262cec51.jpg\" style=\"\" title=\"105206931911539331857653_x.jpg\"/></p><p><img src=\"/Storage/Shop/1/Products/742/remark/88f58ac252a743cda21c28fb1ac8527a.jpg\" style=\"\" title=\"163129632489029728231700_x.jpg\"/></p><p><br/></p>', '0', '0', null, null, null, '<p><img src=\"/Storage/Shop/1/Products/742/remark/afb0f8b1bdd14f3ea202f4d1c082402e.jpg\" title=\"190559784352025193155020_x.jpg\" alt=\"190559784352025193155020_x.jpg\" width=\"575\" height=\"585\" style=\"width: 575px; height: 585px;\"/></p>');
INSERT INTO `himall_productdescriptions` VALUES ('0', '743', null, '<p><img src=\"/Storage/Shop/1/Products/743/remark/7dd6211c37fb441ea49338d504d2ab93.jpg\" title=\"164832297599576932834000_x.jpg\" alt=\"164832297599576932834000_x.jpg\" width=\"573\" height=\"1520\" style=\"width: 573px; height: 1520px;\"/></p>', '0', '0', null, null, null, '<p><img src=\"/Storage/Shop/1/Products/743/remark/6148756bdca94563a75e8398864cfeac.jpg\" title=\"164832297599576932834000_x.jpg\" alt=\"164832297599576932834000_x.jpg\" width=\"620\" height=\"1520\" style=\"width: 620px; height: 1520px;\"/></p>');
INSERT INTO `himall_productdescriptions` VALUES ('0', '744', null, '<p><img src=\"/Storage/Shop/1/Products/744/remark/a8fcbaf144bb417eba26c9a5ad07c44a.jpg\" title=\"102294239716504473127328_x.jpg\" alt=\"102294239716504473127328_x.jpg\" width=\"552\" height=\"2865\" style=\"width: 552px; height: 2865px;\"/></p>', '0', '0', null, null, null, '<p><img src=\"/Storage/Shop/1/Products/744/remark/adb6952c035d4a7ea9892cba07e8f24c.jpg\" title=\"102294239716504473127328_x.jpg\" alt=\"102294239716504473127328_x.jpg\" width=\"588\" height=\"3130\" style=\"width: 588px; height: 3130px;\"/></p>');
INSERT INTO `himall_productdescriptions` VALUES ('0', '745', null, '<p><img src=\"/Storage/Shop/1/Products/745/remark/77a083526b0443269405c7a8cc746252.jpg\" title=\"706815300143606758614590_x.jpg\" alt=\"706815300143606758614590_x.jpg\" width=\"606\" height=\"531\" style=\"width: 606px; height: 531px;\"/></p>', '0', '0', null, null, null, '<p><img src=\"/Storage/Shop/1/Products/745/remark/4197cf6a0a584f69baddad05432f30f2.jpg\" title=\"706815300143606758614590_x.jpg\" alt=\"706815300143606758614590_x.jpg\" width=\"618\" height=\"531\" style=\"width: 618px; height: 531px;\"/></p>');
INSERT INTO `himall_productdescriptions` VALUES ('0', '746', null, '<p><img src=\"/Storage/Shop/1/Products/746/remark/a1a4b92bf05d42c2bcbb0361093de4af.jpg\" style=\"\" title=\"254092320207544370723070_x.jpg\"/></p><p><img src=\"/Storage/Shop/1/Products/746/remark/025e869ed1be4d2293512e304fc3f33d.jpg\" style=\"\" title=\"180623610314940567046598_x.jpg\"/></p><p><img src=\"/Storage/Shop/1/Products/746/remark/f807022811a14e888ea4c0f146088b73.jpg\" style=\"\" title=\"158956928575064312669470_x.jpg\"/></p><p><img src=\"/Storage/Shop/1/Products/746/remark/c83697ad22734a929676b0e4516e1928.jpg\" style=\"\" title=\"109830556713545618383822_x.jpg\"/></p><p><img src=\"/Storage/Shop/1/Products/746/remark/e39ab74412464d849cefd67b1d110329.jpg\" style=\"\" title=\"154068696448416553795900_x.jpg\"/></p><p><img src=\"/Storage/Shop/1/Products/746/remark/e1c154e60f6c4209a11cf90af0cd09d8.jpg\" style=\"\" title=\"164945020811100395099595_x.jpg\"/></p><p><br/></p>', '0', '0', null, null, null, '<p><img src=\"/Storage/Shop/1/Products/746/remark/3e44fe7dfb8747ce8f325b66bf9c45e9.jpg\" style=\"\" title=\"254092320207544370723070_x.jpg\"/></p><p><img src=\"/Storage/Shop/1/Products/746/remark/585fbf4a63484ffeb8b10f812fba9c83.jpg\" style=\"\" title=\"180623610314940567046598_x.jpg\"/></p><p><img src=\"/Storage/Shop/1/Products/746/remark/e0e1111dd91c4af5b19e0d79cf383595.jpg\" style=\"\" title=\"109830556713545618383822_x.jpg\"/></p><p><img src=\"/Storage/Shop/1/Products/746/remark/f3765e2942c146d480eff315debce4b8.jpg\" style=\"\" title=\"115119514115970317649003_x.jpg\"/></p><p><img src=\"/Storage/Shop/1/Products/746/remark/bb9a0648241b4e47bc5076c8772c2b7c.jpg\" style=\"\" title=\"154068696448416553795900_x.jpg\"/></p><p><img src=\"/Storage/Shop/1/Products/746/remark/0f4b6010a24e4592b24d9ddea0bfe3b8.jpg\" style=\"\" title=\"164945020811100395099595_x.jpg\"/></p><p><br/></p>');
INSERT INTO `himall_productdescriptions` VALUES ('0', '747', null, '<p><img src=\"/Storage/Shop/1/Products/747/remark/e9efd1dd5bd34ebebb5282b693e4c6af.jpg\" style=\"\" title=\"200199594919382729362106_x.jpg\"/></p><p><img src=\"/Storage/Shop/1/Products/747/remark/88c792f8cf3c4ef295a8f9d084638635.jpg\" style=\"\" title=\"254513520974574754360700_x.jpg\"/></p><p><img src=\"/Storage/Shop/1/Products/747/remark/262ca9e340dc447f8219660f1a00342e.jpg\" style=\"\" title=\"205682348789378083682400_x.jpg\"/></p><p><img src=\"/Storage/Shop/1/Products/747/remark/5590b7e0207d4bbe97e1490c5ae50d6c.jpg\" style=\"\" title=\"114571995611894190766661_x.jpg\"/></p><p><img src=\"/Storage/Shop/1/Products/747/remark/47b9f8ecd3cf4c9bb864fd9fc4f3655e.jpg\" style=\"\" title=\"191263094576494936488280_x.jpg\"/></p><p><img src=\"/Storage/Shop/1/Products/747/remark/3529c330fdc945afaf1cc0b317ea8e43.jpg\" style=\"\" title=\"188828379140541586029510_x.jpg\"/></p><p><img src=\"/Storage/Shop/1/Products/747/remark/7b041dc4206b422d9f3e8a5f72867ce6.jpg\" style=\"\" title=\"161380848415949423087457_x.jpg\"/></p><p><br/></p>', '0', '0', null, null, null, '<p><img src=\"/Storage/Shop/1/Products/747/remark/1b6c6500b6fe43fcbffdd38f4fd8f7e9.jpg\" style=\"\" title=\"200199594919382729362106_x.jpg\"/></p><p><img src=\"/Storage/Shop/1/Products/747/remark/3a9cdf6c06124a9eb118ad6504577cd0.jpg\" style=\"\" title=\"254513520974574754360700_x.jpg\"/></p><p><img src=\"/Storage/Shop/1/Products/747/remark/cb29387da9114ae89dfb15ef6ab42703.jpg\" style=\"\" title=\"205682348789378083682400_x.jpg\"/></p><p><img src=\"/Storage/Shop/1/Products/747/remark/4783676efdb342899d06deb4e4763e74.jpg\" style=\"\" title=\"191263094576494936488280_x.jpg\"/></p><p><img src=\"/Storage/Shop/1/Products/747/remark/668c044c30644196bff4fb74ccecc74e.jpg\" style=\"\" title=\"188828379140541586029510_x.jpg\"/></p><p><img src=\"/Storage/Shop/1/Products/747/remark/69292f4c148c40f88f68eff5efd836bc.jpg\" style=\"\" title=\"161380848415949423087457_x.jpg\"/></p><p><br/></p>');
INSERT INTO `himall_productdescriptions` VALUES ('0', '748', null, '<p><img src=\"/Storage/Shop/1/Products/748/remark/d299566eac8f4711b4bc8eb304f578d0.jpg\" style=\"\" title=\"114356009114902161955534_x.jpg\"/></p><p><img src=\"/Storage/Shop/1/Products/748/remark/5b89734ffcd7420693690ca9c62ac6e5.jpg\" style=\"\" title=\"158966296352170822019910_x.jpg\"/></p><p><img src=\"/Storage/Shop/1/Products/748/remark/a41d43b300ac429d9ebc24042a8eb274.jpg\" style=\"\" title=\"180369332776254090383480_x.jpg\"/></p><p><img src=\"/Storage/Shop/1/Products/748/remark/9c6f543a57a94a39bd330e48dd1be45b.jpg\" style=\"\" title=\"188754394139208134727600_x.jpg\"/></p><p><br/></p>', '0', '0', null, null, null, '<p><img src=\"/Storage/Shop/1/Products/748/remark/3d007f9ba8e749d0bc83b3c98b2416ac.jpg\" style=\"\" title=\"114356009114902161955534_x.jpg\"/></p><p><img src=\"/Storage/Shop/1/Products/748/remark/86f1a6d6082b434db6ad4bb3282296f5.jpg\" style=\"\" title=\"158966296352170822019910_x.jpg\"/></p><p><img src=\"/Storage/Shop/1/Products/748/remark/1136e71509234753b4282bae4b635b42.jpg\" style=\"\" title=\"180369332776254090383480_x (1).jpg\"/></p><p><img src=\"/Storage/Shop/1/Products/748/remark/94858ab1de0549f6820ecf3eb6a3984a.jpg\" style=\"\" title=\"188754394139208134727600_x.jpg\"/></p><p><br/></p>');
INSERT INTO `himall_productdescriptions` VALUES ('0', '749', null, '<p><img src=\"/Storage/Shop/1/Products/749/remark/4445b2b71c1e42a3b246048b457fab30.jpg\" style=\"\" title=\"130770327070953959079750_x.jpg\"/></p><p><img src=\"/Storage/Shop/1/Products/749/remark/971682811e30463280cfab41cfe4c842.jpg\" style=\"\" title=\"124550073013133335991177_x.jpg\"/></p><p><img src=\"/Storage/Shop/1/Products/749/remark/277c1bd230d04d4db1db6538cb1d0059.jpg\" style=\"\" title=\"203029478111080927671545_x.jpg\"/></p><p><img src=\"/Storage/Shop/1/Products/749/remark/92310a3c88324edf84cf0b23f8731be0.jpg\" style=\"\" title=\"879915146185111203465000_x.jpg\"/></p><p><img src=\"/Storage/Shop/1/Products/749/remark/c791a0a1a89043ae8d8fd779a3a17edc.jpg\" style=\"\" title=\"172422154169193566069950_x.jpg\"/></p><p><img src=\"/Storage/Shop/1/Products/749/remark/5d242f4b062a43c5ab02093d682010d6.jpg\" style=\"\" title=\"200493045321581547287850_x.jpg\"/></p><p><img src=\"/Storage/Shop/1/Products/749/remark/427f72853e3f461ab609321da16b09b0.jpg\" style=\"\" title=\"336393284157900838633750_x.jpg\"/></p><p><img src=\"/Storage/Shop/1/Products/749/remark/2e44185798c44de8b4d91eab0cd7eeae.jpg\" style=\"\" title=\"396771162199382333953840_x.jpg\"/></p><p><br/></p>', '0', '0', null, null, null, '<p><img src=\"/Storage/Shop/1/Products/749/remark/fb0e42094f5a4b14a1d58be6d3240659.jpg\" style=\"\" title=\"130770327070953959079750_x.jpg\"/></p><p><img src=\"/Storage/Shop/1/Products/749/remark/5a44fe62fa82472ebb28ae4090715308.jpg\" style=\"\" title=\"203029478111080927671545_x.jpg\"/></p><p><img src=\"/Storage/Shop/1/Products/749/remark/075b106f3e804eedbb23afd3857021dd.jpg\" style=\"\" title=\"200493045321581547287850_x.jpg\"/></p><p><img src=\"/Storage/Shop/1/Products/749/remark/ca67ad162b3c480582b078597ae9af62.jpg\" style=\"\" title=\"172422154169193566069950_x.jpg\"/></p><p><img src=\"/Storage/Shop/1/Products/749/remark/487724d0148b4c07afdad233edf7c985.jpg\" style=\"\" title=\"336393284157900838633750_x.jpg\"/></p><p><img src=\"/Storage/Shop/1/Products/749/remark/05a253b787dd4814b30ced2a1747ae89.jpg\" style=\"\" title=\"879915146185111203465000_x.jpg\"/></p><p><img src=\"/Storage/Shop/1/Products/749/remark/4ca0d2d1cc8141e396e1bc2b0de38390.jpg\" style=\"\" title=\"396771162199382333953840_x.jpg\"/></p><p><br/></p>');
INSERT INTO `himall_productdescriptions` VALUES ('0', '1158', null, '<h1 data-spm=\"1000983\" style=\"margin: 0px; padding: 0px 0px 0.2em; font-size: 16px; font-family: &quot;microsoft yahei&quot;; line-height: 1; white-space: normal; background-color: rgb(255, 255, 255);\">小米手环2二代防水智能运动手表3男女跑步心率记计步器腕带1苹果<span style=\"font-size: 10px;\"></span></h1><p><br/></p>', '0', '0', null, null, null, '<h1 data-spm=\"1000983\" style=\"white-space: normal; margin: 0px; padding: 0px 0px 0.2em; font-size: 16px; font-family: &quot;microsoft yahei&quot;; line-height: 1; background-color: rgb(255, 255, 255);\">小米手环2二代防水智能运动手表3男女跑步心率记计步器腕带1苹果<span style=\"font-size: 10px;\"></span></h1><p><span style=\"font-size: 10px;\"></span><br/></p>');
INSERT INTO `himall_productdescriptions` VALUES ('0', '1159', null, '<p>小米手环</p>', '0', '0', null, null, null, '<p>小米手环</p>');
INSERT INTO `himall_productdescriptions` VALUES ('0', '1160', null, '<h3 class=\"tb-main-title\" data-title=\"Haier/海尔GDZE6-1W家用烘干机滚筒式6公斤杀菌排气式壁挂干衣机\" style=\"margin: 0px; padding: 0px; font-size: 16px; min-height: 21px; line-height: 21px; color: rgb(60, 60, 60); font-family: tahoma, arial, &quot;Hiragino Sans GB&quot;, 宋体, sans-serif; white-space: normal; background-color: rgb(255, 255, 255);\">Haier/海尔GDZE6-1W家用烘干机滚筒式6公斤杀菌排气式壁挂干衣机</h3><p><span style=\"font-size: 10px;\"></span><br/></p>', '0', '0', null, null, null, '<h3 class=\"tb-main-title\" data-title=\"Haier/海尔GDZE6-1W家用烘干机滚筒式6公斤杀菌排气式壁挂干衣机\" style=\"margin: 0px; padding: 0px; font-size: 16px; min-height: 21px; line-height: 21px; color: rgb(60, 60, 60); font-family: tahoma, arial, &quot;Hiragino Sans GB&quot;, 宋体, sans-serif; white-space: normal; background-color: rgb(255, 255, 255);\">Haier/海尔GDZE6-1W家用烘干机滚筒式6公斤杀菌排气式壁挂干衣机</h3><p><span style=\"font-size: 10px;\"></span><br/></p>');
INSERT INTO `himall_productdescriptions` VALUES ('0', '1161', null, '<h3 class=\"tb-main-title\" data-title=\"Haier/海尔GDZE6-1W家用烘干机滚筒式6公斤杀菌排气式壁挂干衣机\" style=\"margin: 0px; padding: 0px; font-size: 16px; min-height: 21px; line-height: 21px; color: rgb(60, 60, 60); font-family: tahoma, arial, &quot;Hiragino Sans GB&quot;, 宋体, sans-serif; white-space: normal; background-color: rgb(255, 255, 255);\">Haier/海尔GDZE6-1W家用烘干机滚筒式6公斤杀菌排气式壁挂干衣机</h3><p><span style=\"font-size: 10px;\"></span><br/></p>', '0', '0', null, null, null, '<h3 class=\"tb-main-title\" data-title=\"Haier/海尔GDZE6-1W家用烘干机滚筒式6公斤杀菌排气式壁挂干衣机\" style=\"margin: 0px; padding: 0px; font-size: 16px; min-height: 21px; line-height: 21px; color: rgb(60, 60, 60); font-family: tahoma, arial, &quot;Hiragino Sans GB&quot;, 宋体, sans-serif; white-space: normal; background-color: rgb(255, 255, 255);\">Haier/海尔GDZE6-1W家用烘干机滚筒式6公斤杀菌排气式壁挂干衣机</h3><p><span style=\"font-size: 10px;\"></span><br/></p>');
INSERT INTO `himall_productdescriptions` VALUES ('0', '1162', null, '<h3 class=\"tb-main-title\" data-title=\"科沃斯地宝灵犀扫地机器人吸尘器智能扫拖擦地一体\" style=\"margin: 0px; padding: 0px; font-size: 16px; min-height: 21px; line-height: 21px; color: rgb(60, 60, 60); font-family: tahoma, arial, &quot;Hiragino Sans GB&quot;, 宋体, sans-serif; white-space: normal; background-color: rgb(255, 255, 255);\">科沃斯地宝灵犀扫地机器人吸尘器智能扫拖擦地一体</h3><p><br/></p>', '0', '0', null, null, null, '<h3 class=\"tb-main-title\" data-title=\"科沃斯地宝灵犀扫地机器人吸尘器智能扫拖擦地一体\" style=\"margin: 0px; padding: 0px; font-size: 16px; min-height: 21px; line-height: 21px; color: rgb(60, 60, 60); font-family: tahoma, arial, &quot;Hiragino Sans GB&quot;, 宋体, sans-serif; white-space: normal; background-color: rgb(255, 255, 255);\">科沃斯地宝灵犀扫地机器人吸尘器智能扫拖擦地一体</h3><p><strong><span style=\"font-size: 10px;\"></span></strong><br/></p>');
INSERT INTO `himall_productdescriptions` VALUES ('0', '1163', null, '<h3 class=\"tb-main-title\" data-title=\"德瑞仕破壁料理机加热家用全自动德国静音智能多功能玻璃温控德国\" style=\"margin: 0px; padding: 0px; font-size: 16px; min-height: 21px; line-height: 21px; color: rgb(60, 60, 60); font-family: tahoma, arial, &quot;Hiragino Sans GB&quot;, 宋体, sans-serif; white-space: normal; background-color: rgb(255, 255, 255);\">德瑞仕破壁料理机加热家用全自动德国静音智能多功能玻璃温控德国</h3><p><span style=\"font-size: 10px;\"></span><br/></p>', '0', '0', null, null, null, '<h3 class=\"tb-main-title\" data-title=\"德瑞仕破壁料理机加热家用全自动德国静音智能多功能玻璃温控德国\" style=\"margin: 0px; padding: 0px; font-size: 16px; min-height: 21px; line-height: 21px; color: rgb(60, 60, 60); font-family: tahoma, arial, &quot;Hiragino Sans GB&quot;, 宋体, sans-serif; white-space: normal; background-color: rgb(255, 255, 255);\">德瑞仕破壁料理机加热家用全自动德国静音智能多功能玻璃温控德国</h3><p><span style=\"font-size: 10px;\"></span><br/></p>');
INSERT INTO `himall_productdescriptions` VALUES ('0', '1164', null, '<p>11</p>', '0', '0', null, null, null, '<p>11</p>');
INSERT INTO `himall_productdescriptions` VALUES ('0', '1271', '111', null, '0', '0', null, null, null, null);
INSERT INTO `himall_productdescriptions` VALUES ('0', '1272', '11', null, '0', '0', null, null, null, null);
INSERT INTO `himall_productdescriptions` VALUES ('0', '1273', '11', null, '0', '0', null, null, null, null);
INSERT INTO `himall_productdescriptions` VALUES ('0', '1274', null, '<p>11<br/></p>', '0', '0', null, null, null, '<p>11<br/></p>');

-- ----------------------------
-- Table structure for `himall_productdescriptiontemplates`
-- ----------------------------
DROP TABLE IF EXISTS `himall_productdescriptiontemplates`;
CREATE TABLE `himall_productdescriptiontemplates` (
  `Id` bigint(20) NOT NULL AUTO_INCREMENT,
  `ShopId` bigint(20) NOT NULL COMMENT '店铺ID',
  `Name` varchar(100) NOT NULL COMMENT '板式名称',
  `Position` int(11) NOT NULL COMMENT '位置（上、下）',
  `Content` varchar(4000) NOT NULL COMMENT 'PC端版式',
  `MobileContent` varchar(4000) DEFAULT NULL COMMENT '移动端版式',
  PRIMARY KEY (`Id`)
) ENGINE=InnoDB AUTO_INCREMENT=40 DEFAULT CHARSET=utf8 ROW_FORMAT=COMPACT;

-- ----------------------------
-- Records of himall_productdescriptiontemplates
-- ----------------------------

-- ----------------------------
-- Table structure for `himall_productrelationproducts`
-- ----------------------------
DROP TABLE IF EXISTS `himall_productrelationproducts`;
CREATE TABLE `himall_productrelationproducts` (
  `Id` int(11) NOT NULL AUTO_INCREMENT,
  `ProductId` bigint(20) NOT NULL COMMENT '商品id',
  `Relation` varchar(255) NOT NULL COMMENT '推荐的商品id列表，以‘，’分隔',
  PRIMARY KEY (`Id`)
) ENGINE=InnoDB AUTO_INCREMENT=16 DEFAULT CHARSET=utf8 COMMENT='推荐商品';

-- ----------------------------
-- Records of himall_productrelationproducts
-- ----------------------------
INSERT INTO `himall_productrelationproducts` VALUES ('15', '1273', '1272,1271,1270');

-- ----------------------------
-- Table structure for `himall_products`
-- ----------------------------
DROP TABLE IF EXISTS `himall_products`;
CREATE TABLE `himall_products` (
  `Id` bigint(20) NOT NULL AUTO_INCREMENT,
  `ShopId` bigint(20) NOT NULL COMMENT '店铺ID',
  `CategoryId` bigint(20) NOT NULL COMMENT '分类ID',
  `CategoryPath` varchar(100) NOT NULL COMMENT '分类路径',
  `TypeId` bigint(20) NOT NULL COMMENT '类型ID',
  `BrandId` bigint(20) NOT NULL COMMENT '品牌ID',
  `ProductName` varchar(100) NOT NULL COMMENT '商品名称',
  `ProductCode` varchar(100) DEFAULT NULL COMMENT '商品编号',
  `ShortDescription` varchar(4000) DEFAULT NULL COMMENT '广告词',
  `SaleStatus` int(11) NOT NULL COMMENT '销售状态',
  `AuditStatus` int(11) NOT NULL COMMENT '审核状态',
  `AddedDate` datetime NOT NULL COMMENT '添加日期',
  `DisplaySequence` bigint(20) NOT NULL COMMENT '显示顺序',
  `ImagePath` varchar(100) DEFAULT NULL COMMENT '存放图片的目录',
  `MarketPrice` decimal(18,2) NOT NULL COMMENT '市场价',
  `MinSalePrice` decimal(18,2) NOT NULL COMMENT '最小销售价',
  `HasSKU` tinyint(1) NOT NULL COMMENT '是否有SKU',
  `VistiCounts` bigint(20) NOT NULL COMMENT '浏览次数',
  `SaleCounts` bigint(20) NOT NULL COMMENT '销售量',
  `FreightTemplateId` bigint(20) NOT NULL COMMENT '运费模板ID',
  `Weight` decimal(18,2) DEFAULT NULL COMMENT '重量',
  `Volume` decimal(18,2) DEFAULT NULL COMMENT '体积',
  `Quantity` int(11) DEFAULT NULL COMMENT '数量',
  `MeasureUnit` varchar(20) DEFAULT NULL COMMENT '计量单位',
  `EditStatus` int(11) NOT NULL DEFAULT '0' COMMENT '修改状态 0 正常 1己修改 2待审核 3 己修改并待审核',
  `IsDeleted` bit(1) NOT NULL COMMENT '是否已删除',
  `MaxBuyCount` int(11) NOT NULL COMMENT '最大购买数',
  PRIMARY KEY (`Id`),
  KEY `FK_SHOPID` (`ShopId`) USING BTREE,
  KEY `FK_CategoryId` (`CategoryId`) USING BTREE,
  KEY `IX_SaleStatus` (`SaleStatus`) USING BTREE,
  KEY `IX_AuditStatus` (`AuditStatus`) USING BTREE,
  KEY `IX_ShopId` (`ShopId`) USING BTREE,
  KEY `IX_IsDeleted` (`IsDeleted`) USING BTREE,
  CONSTRAINT `FK_CategoryId` FOREIGN KEY (`CategoryId`) REFERENCES `himall_categories` (`Id`),
  CONSTRAINT `FK_SHOPID` FOREIGN KEY (`ShopId`) REFERENCES `himall_shops` (`Id`)
) ENGINE=InnoDB AUTO_INCREMENT=1275 DEFAULT CHARSET=utf8 ROW_FORMAT=COMPACT;

-- ----------------------------
-- Records of himall_products
-- ----------------------------
INSERT INTO `himall_products` VALUES ('699', '1', '3', '1|2|3', '82', '319', '三只松鼠_开口松子218gx2袋零食坚果特产炒货东北红松子原味', 'sz001', null, '1', '2', '2017-02-13 17:32:45', '1', '/Storage/Shop/1/Products/699', '59.90', '49.90', '0', '0', '1', '166', null, null, null, '包', '0', '', '0');
INSERT INTO `himall_products` VALUES ('700', '1', '7', '1|2|7', '82', '319', '三只松鼠_坚果组合613g零食坚果特产碧根果夏威夷果开口松子原味', 'bgg001', null, '1', '2', '2017-02-13 17:36:10', '1', '/Storage/Shop/1/Products/700', '69.90', '59.90', '0', '0', '12', '166', null, null, null, '包', '0', '', '0');
INSERT INTO `himall_products` VALUES ('701', '1', '6', '1|2|6', '82', '319', '三只松鼠 坚果炒货 休闲零食 纸皮核桃210g/袋', 'ht001', null, '1', '2', '2017-02-13 17:39:24', '1', '/Storage/Shop/1/Products/701', '39.90', '29.90', '0', '0', '7', '166', null, null, null, '包', '0', '', '0');
INSERT INTO `himall_products` VALUES ('702', '1', '5', '1|4|5', '82', '320', '卫龙 休闲零食 辣条 小面筋 办公室休闲食品 22g*20包(新老包装随机发货)', 'wl001', null, '1', '2', '2017-02-13 17:42:06', '1', '/Storage/Shop/1/Products/702', '13.00', '11.90', '0', '0', '3', '166', null, null, null, '包', '0', '', '0');
INSERT INTO `himall_products` VALUES ('703', '1', '5', '1|4|5', '82', '320', '卫龙 休闲零食 亲嘴条 辣条 400g/袋', 'wl001', null, '2', '1', '2017-02-13 17:48:53', '1', '/Storage/Shop/1/Products/703', '13.00', '10.80', '0', '0', '2', '166', null, null, null, '包', '0', '', '0');
INSERT INTO `himall_products` VALUES ('704', '1', '13', '8|9|13', '83', '321', 'ONLY2017早春新品宽松猫咪图案假两件针织衫女L|117124507 G43花灰 170/88A/L', '001', null, '1', '2', '2017-02-13 17:53:09', '1', '/Storage/Shop/1/Products/704', '599.00', '499.00', '0', '0', '1', '166', null, null, null, '件', '0', '', '0');
INSERT INTO `himall_products` VALUES ('705', '1', '10', '8|9|10', '83', '321', 'ONLY2017早春新品大V领宽松下摆开衩长袖针织衫女ES|117124502 F17庆典红 165/84A/M', 'only001', null, '1', '2', '2017-02-13 17:55:40', '1', '/Storage/Shop/1/Products/705', '499.00', '399.00', '0', '0', '6', '166', null, null, null, '件', '0', '', '0');
INSERT INTO `himall_products` VALUES ('706', '1', '10', '8|9|10', '83', '321', 'ONLY2016早春新品拼色宽松太空棉卫衣女E|11639R511 07B酒红色 165/84A/M', 'only002', null, '1', '2', '2017-02-13 17:58:44', '1', '/Storage/Shop/1/Products/706', '300.00', '234.00', '0', '0', '0', '166', null, null, null, '件', '0', '', '0');
INSERT INTO `himall_products` VALUES ('707', '1', '11', '8|9|11', '83', '321', 'ONLY春季新品含莱卡面料五分袖修身露肩一字领针织连衣裙女E|116361504 010黑 175/92A/XL', 'only003', null, '1', '2', '2017-02-13 18:01:30', '1', '/Storage/Shop/1/Products/707', '200.00', '175.00', '1', '0', '4', '166', null, null, null, '件', '0', '', '0');
INSERT INTO `himall_products` VALUES ('708', '1', '11', '8|9|11', '83', '321', 'ONLY春季新品纯棉修身高腰镂空蕾丝连衣裙女L|116307501 021奶白 155/76A/XS', 'only004', null, '1', '2', '2017-02-13 18:03:48', '1', '/Storage/Shop/1/Products/708', '500.00', '450.00', '0', '0', '1', '166', null, null, null, '件', '0', '', '0');
INSERT INTO `himall_products` VALUES ('709', '1', '12', '8|9|12', '83', '321', 'ONLY2016春季新品T恤衬衫叠搭纯棉两件套连衣裙女T|116360504 10D炭花灰 165/84A/M', 'only006', null, '1', '4', '2017-02-13 18:06:19', '1', '/Storage/Shop/1/Products/709', '699.00', '599.00', '0', '0', '0', '166', null, null, null, '件', '4', '', '0');
INSERT INTO `himall_products` VALUES ('710', '1', '11', '8|9|11', '83', '321', 'ONLY2016早春新品纯棉宽松徽章贴布牛仔背带裙女T|116342524 390洗水牛仔蓝(928) 155/76A/XS', 'only007', null, '1', '4', '2017-02-13 18:11:32', '1', '/Storage/Shop/1/Products/710', '300.00', '250.00', '0', '0', '0', '166', null, null, null, '件', '4', '', '0');
INSERT INTO `himall_products` VALUES ('711', '1', '11', '8|9|11', '83', '0', 'FOREVER21 甜美花朵抽褶吊带连衣裙 黑色/铁锈色 S', 'zara001', null, '2', '1', '2017-02-14 09:31:14', '1', '/Storage/Shop/1/Products/711', '169.00', '169.00', '0', '0', '0', '166', null, null, null, '件', '0', '', '0');
INSERT INTO `himall_products` VALUES ('712', '1', '11', '8|9|11', '83', '0', '[Forever21 Contemporary]纯色优雅及膝短袖连衣裙 香草色 S', 'zara002', null, '2', '1', '2017-02-14 09:35:30', '1', '/Storage/Shop/1/Products/712', '300.00', '229.00', '1', '0', '0', '166', null, null, null, '件', '0', '', '0');
INSERT INTO `himall_products` VALUES ('713', '1', '13', '8|9|13', '83', '0', 'XX FOREVER21 短款撞色条纹无袖针织衫 红色/白色 M', 'zara003', null, '1', '4', '2017-02-14 09:39:07', '1', '/Storage/Shop/1/Products/713', '60.00', '50.00', '0', '0', '0', '166', null, null, null, '件', '4', '', '0');
INSERT INTO `himall_products` VALUES ('714', '1', '16', '14|15|16', '84', '322', 'Apple MacBook Air 13.3英寸笔记本电脑 银色(Core i5 处理器/8GB内存/128GB SSD闪存 MMGF2CH/A)', 'MacBook001', '成交价6288元】浪漫之选！神券满6000减600元！超强的续航能力，纤薄、轻巧、耐用！', '1', '4', '2017-02-14 10:14:59', '1', '/Storage/Shop/1/Products/714', '6988.00', '6988.00', '0', '0', '0', '166', null, null, null, '台', '4', '', '0');
INSERT INTO `himall_products` VALUES ('715', '1', '16', '14|15|16', '84', '322', 'Apple MacBook Pro 15.4英寸笔记本电脑 银色(Core i7 处理器/16GB内存/256GB SSD闪存/Retina屏 MJLQ2CH/A)', 'MacBook002', '持久的电池使用时间，配备绚丽夺目的Retina显示屏！', '2', '1', '2017-02-14 10:19:19', '1', '/Storage/Shop/1/Products/715', '13688.00', '13688.00', '0', '0', '0', '166', null, null, null, '台', '0', '', '0');
INSERT INTO `himall_products` VALUES ('716', '1', '19', '17|18|19', '85', '323', '宇食俱进厄瓜多尔白虾大虾南美活冻海鲜水产海虾 1700克40-50白虾', 'sx001', '全场满199送橄榄皂 赠品不叠加 顺丰发出', '1', '2', '2017-02-14 10:31:33', '1', '/Storage/Shop/1/Products/716', '200.00', '158.00', '0', '0', '0', '166', null, null, null, '斤', '0', '', '0');
INSERT INTO `himall_products` VALUES ('717', '1', '22', '20|21|22', '87', '324', '欧莱雅水能润泽双效洁面膏100+50ml', 'oly001', null, '1', '4', '2017-02-14 10:42:13', '1', '/Storage/Shop/1/Products/717', '25.00', '19.90', '0', '0', '0', '166', null, null, null, '瓶', '4', '', '0');
INSERT INTO `himall_products` VALUES ('718', '1', '23', '20|21|23', '87', '328', '贝德玛（Bioderma）深层舒妍卸妆水 舒缓保湿粉水（干性中性敏感肌法国版/海外版随机发）500ml ', 'bdm001', '正品保障！法国原产地采购，海关保税区监管发货，正品价更优！', '2', '1', '2017-02-14 10:47:38', '1', '/Storage/Shop/1/Products/718', '120.00', '110.00', '0', '0', '0', '166', null, null, null, '瓶', '0', '', '0');
INSERT INTO `himall_products` VALUES ('719', '1', '22', '20|21|22', '87', '0', '资生堂洗颜专科柔澈泡沫洁面乳１２０ｇ', 'jm001', null, '1', '2', '2017-02-14 14:10:54', '1', '/Storage/Shop/1/Products/719', '40.00', '37.00', '0', '0', '0', '167', null, null, null, '支', '0', '', '0');
INSERT INTO `himall_products` VALUES ('720', '1', '22', '20|21|22', '87', '324', '欧莱雅（LOREAL）男士火山岩控油清痘洁面膏100ml', 'jm002', null, '1', '2', '2017-02-14 14:13:38', '1', '/Storage/Shop/1/Products/720', '40.00', '32.90', '0', '0', '0', '168', null, null, null, '支', '0', '', '0');
INSERT INTO `himall_products` VALUES ('721', '1', '22', '20|21|22', '87', '0', '丝塔芙(Cetaphil)洁面乳118ml', 'jm003', null, '1', '2', '2017-02-14 14:16:29', '1', '/Storage/Shop/1/Products/721', '60.00', '55.00', '0', '0', '0', '169', null, null, null, '支', '0', '', '0');
INSERT INTO `himall_products` VALUES ('722', '1', '22', '20|21|22', '87', '0', 'Clinique倩碧液体洁面皂温和型200ml', 'jm004', null, '1', '2', '2017-02-14 14:19:01', '1', '/Storage/Shop/1/Products/722', '150.00', '110.00', '0', '0', '0', '168', null, null, null, '瓶', '0', '', '0');
INSERT INTO `himall_products` VALUES ('723', '1', '22', '20|21|22', '87', '0', '露得清深层净化洗面乳2支装100g*2', 'jm005', null, '1', '2', '2017-02-14 14:20:57', '1', '/Storage/Shop/1/Products/723', '60.00', '50.00', '0', '0', '0', '166', null, null, null, '支', '0', '', '0');
INSERT INTO `himall_products` VALUES ('724', '1', '10', '8|9|10', '83', '0', '2016秋冬新款女装中长款羊毛大衣修身显瘦风衣西装格子毛呢外套女', 'wt001', null, '1', '3', '2017-02-14 14:26:18', '1', '/Storage/Shop/1/Products/724', '300.00', '248.00', '0', '0', '0', '167', null, null, null, '件', '4', '', '0');
INSERT INTO `himall_products` VALUES ('725', '1', '10', '8|9|10', '83', '0', '2016秋冬新款女装中长款羊毛大衣修身显瘦风衣西装格子毛呢外套女', 'wt001', null, '3', '1', '2017-02-14 14:28:50', '1', '/Storage/Shop/1/Products/725', '300.00', '248.00', '0', '0', '0', '167', null, null, null, '件', '3', '', '0');
INSERT INTO `himall_products` VALUES ('726', '1', '10', '8|9|10', '83', '0', '佐露丝女装2017新款韩版麂皮毛毛绒外套女中长款秋冬保暖加绒大衣宽松风衣潮 浅灰 S', 'wt002', null, '3', '1', '2017-02-14 14:32:42', '1', '/Storage/Shop/1/Products/726', '400.00', '388.00', '0', '0', '0', '168', null, null, null, '件', '3', '', '0');
INSERT INTO `himall_products` VALUES ('727', '1', '10', '8|9|10', '83', '0', '秀族 2016秋装新款韩版毛呢外套女装宽松粉色大衣中长款', 'wt003', null, '3', '1', '2017-02-14 14:34:49', '1', '/Storage/Shop/1/Products/727', '118.00', '98.00', '0', '0', '0', '168', null, null, null, '件', '3', '', '0');
INSERT INTO `himall_products` VALUES ('728', '1', '10', '8|9|10', '83', '0', '米兰茵韩版茧型加棉羊毛呢子外套中长款宽松加厚羊绒大衣女装', 'wt004', null, '3', '1', '2017-02-14 14:37:11', '1', '/Storage/Shop/1/Products/728', '200.00', '189.00', '0', '0', '0', '167', null, null, null, '件', '3', '', '0');
INSERT INTO `himall_products` VALUES ('729', '1', '10', '8|9|10', '83', '0', '2017秋冬加厚韩国韩范宽松中长款毛呢外套显瘦纯色大翻领', 'wt005', null, '3', '1', '2017-02-14 14:41:53', '1', '/Storage/Shop/1/Products/729', '200.00', '189.00', '0', '0', '0', '168', null, null, null, '件', '4', '', '0');
INSERT INTO `himall_products` VALUES ('730', '1', '10', '8|9|10', '83', '0', '2017秋冬加厚韩国韩范宽松中长款毛呢外套显瘦纯色大翻领', 'wt005', null, '3', '1', '2017-02-14 14:43:51', '1', '/Storage/Shop/1/Products/730', '200.00', '189.00', '0', '0', '0', '168', null, null, null, '件', '3', '', '0');
INSERT INTO `himall_products` VALUES ('731', '1', '37', '25|35|37', '88', '0', '蔓斯菲尔 设计师椅 简约时尚休闲塑料椅 创意电脑椅子 办公餐椅 会议椅', '123456789', '设计师款 缓解脊椎压力 减轻腰部劳损 时尚造型', '1', '2', '2017-02-14 15:32:54', '1', '/Storage/Shop/1/Products/731', '356.00', '99.00', '1', '0', '0', '166', null, null, null, '个', '0', '', '0');
INSERT INTO `himall_products` VALUES ('732', '1', '37', '25|35|37', '88', '0', '全实木电脑桌书桌办公桌', '456789', null, '1', '2', '2017-02-14 15:37:47', '1', '/Storage/Shop/1/Products/732', '5000.00', '200.00', '1', '0', '0', '166', null, null, null, '件', '0', '', '0');
INSERT INTO `himall_products` VALUES ('733', '1', '37', '25|35|37', '88', '0', '丹麦依诺维绅 功能沙发床 时尚沙发 书房必用 小鸟', '789456', '丹麦设计 独立袋装弹簧 北欧时尚简约', '1', '2', '2017-02-14 15:44:52', '1', '/Storage/Shop/1/Products/733', '5000.00', '4425.00', '0', '0', '0', '166', null, null, null, '件', '0', '', '0');
INSERT INTO `himall_products` VALUES ('734', '1', '37', '25|35|37', '88', '0', '原色木质简约现代艺术 家居配饰 软装配饰 可调光 木制DIY蘑菇台灯', '4534543', '欢迎各位客户的光顾，店铺有多个优惠促销，全场满299包邮', '1', '2', '2017-02-14 15:54:21', '1', '/Storage/Shop/1/Products/734', '100.00', '63.00', '0', '0', '0', '166', null, null, null, '件', '0', '', '0');
INSERT INTO `himall_products` VALUES ('735', '1', '37', '25|35|37', '88', '0', '惠宝隆无铅水晶红酒醒酒器蜗牛形干红葡萄酒醒酒壶分酒器500ml', '475674', null, '1', '2', '2017-02-14 15:59:53', '1', '/Storage/Shop/1/Products/735', '500.00', '98.00', '0', '0', '0', '166', null, null, null, '个', '0', '', '0');
INSERT INTO `himall_products` VALUES ('736', '1', '22', '20|21|22', '87', '0', '妮维雅男士水活多效洁面乳100g', 'jm010', null, '1', '2', '2017-02-14 16:11:39', '1', '/Storage/Shop/1/Products/736', '40.00', '33.00', '0', '0', '0', '167', null, null, null, '支', '0', '', '0');
INSERT INTO `himall_products` VALUES ('737', '1', '7', '1|2|7', '82', '319', '怡鲜来 法国新鲜冷冻银鳕鱼中段 200g 进口海鲜水产 深海野生鳕鱼', '445', null, '1', '2', '2017-02-14 16:13:13', '1', '/Storage/Shop/1/Products/737', '225.00', '83.00', '0', '0', '0', '166', null, null, null, '袋', '0', '', '1');
INSERT INTO `himall_products` VALUES ('738', '1', '22', '20|21|22', '87', '0', '妮维雅男士水活畅透精华洁面液150ml', 'jm011', null, '1', '2', '2017-02-14 16:14:19', '1', '/Storage/Shop/1/Products/738', '55.00', '35.00', '0', '0', '0', '166', null, null, null, '瓶', '0', '', '0');
INSERT INTO `himall_products` VALUES ('739', '1', '16', '14|15|16', '84', '0', '联想（Lenovo）Y50p-70 15.6英寸游戏笔记本电脑（I5-4210H 1T GTX960M升级版 ）', 'dn001', null, '1', '2', '2017-02-14 16:17:31', '1', '/Storage/Shop/1/Products/739', '5599.00', '4499.00', '0', '0', '0', '166', null, null, null, '台', '0', '', '0');
INSERT INTO `himall_products` VALUES ('740', '1', '154', '1|153|154', '82', '0', '红霞草莓 3斤 单果20-30克 新鲜水果 SG', '667', null, '1', '2', '2017-02-14 16:18:19', '1', '/Storage/Shop/1/Products/740', '30.00', '25.00', '0', '0', '0', '166', null, null, null, '斤', '0', '', '10');
INSERT INTO `himall_products` VALUES ('741', '1', '16', '14|15|16', '84', '0', '华硕（ASUS）FX50VX 15.6英寸游戏本（I7-6700 8G 1T GTX950M 2GB Win10 黑红）', 'dn002', null, '1', '2', '2017-02-14 16:20:04', '1', '/Storage/Shop/1/Products/741', '5899.00', '5399.00', '0', '0', '0', '166', null, null, null, '台', '0', '', '0');
INSERT INTO `himall_products` VALUES ('742', '1', '19', '17|18|19', '85', '0', '怡鲜来 阿根廷红虾2000g 4斤/盒 大号L2级 40-60尾', '445', null, '1', '2', '2017-02-14 16:21:08', '1', '/Storage/Shop/1/Products/742', '338.00', '168.00', '0', '0', '0', '166', null, null, null, '斤', '0', '', '1');
INSERT INTO `himall_products` VALUES ('743', '1', '156', '44|155|156', '84', '0', '勇艺达小勇机器人Y50B 太空银 家庭陪伴 启智教育 声控智能家居 视频监控', '556', null, '1', '2', '2017-02-14 16:27:54', '1', '/Storage/Shop/1/Products/743', '3680.00', '2999.00', '1', '0', '0', '166', null, null, null, '个', '0', '', '13');
INSERT INTO `himall_products` VALUES ('744', '1', '157', '20|21|157', '87', '0', 'SK-II 神仙水sk2护肤精华露 160ml', '667', null, '1', '2', '2017-02-14 16:37:01', '1', '/Storage/Shop/1/Products/744', '710.00', '469.00', '0', '0', '0', '166', null, null, null, '瓶', '0', '', '2');
INSERT INTO `himall_products` VALUES ('745', '1', '130', '42|127|130', '93', '0', '新西兰蔓越莓蜂蜜480g 进口蜂蜜选新西兰蜂蜜品牌 NatureBeing', '778', null, '1', '2', '2017-02-14 16:42:44', '1', '/Storage/Shop/1/Products/745', '328.00', '219.00', '0', '0', '0', '166', null, null, null, '瓶', '0', '', '1');
INSERT INTO `himall_products` VALUES ('746', '1', '37', '25|35|37', '88', '0', '棉麻布艺禅修加厚加大榻榻米地板圆形坐垫飘窗禅修瑜伽打坐垫55CM', '123456', '棉麻的面料，夏季透气不捂汗；加厚加大，填充饱满，高弹力 ', '1', '2', '2017-02-16 11:24:43', '1', '/Storage/Shop/1/Products/746', '50.00', '28.00', '0', '0', '0', '167', null, null, null, '个', '0', '', '3');
INSERT INTO `himall_products` VALUES ('747', '1', '37', '25|35|37', '88', '0', '北欧全实木床 简约美式实木北欧家具套装', '456456', '【北美进口纯实木】【全实木打造】【环保水性油漆】【环保健康】【安全无异味】', '1', '2', '2017-02-16 11:35:02', '1', '/Storage/Shop/1/Products/747', '50000.00', '1000.00', '0', '0', '0', '166', null, null, null, '张', '0', '', '0');
INSERT INTO `himall_products` VALUES ('748', '1', '67', '24|50|67', '86', '0', '多功能 无网研磨 易清洗 全钢 304不锈钢 豆浆机', '544335', '无网全钢易清洗，食品级304不锈钢，高效直流电机，精细研磨，营养丰富！', '1', '2', '2017-02-16 11:46:27', '1', '/Storage/Shop/1/Products/748', '400.00', '249.00', '0', '0', '0', '166', null, null, null, '件', '0', '', '0');
INSERT INTO `himall_products` VALUES ('749', '1', '159', '151|158|159', '95', '0', '积家（Jaeger）Master Control大师系列机械男表Q1552520 银色', '789456', '【特价专区】店铺全部商品执行低价销售！全国联保！高价手表可咨询客服改价优惠！', '1', '1', '2017-02-16 12:01:19', '1', '/Storage/Shop/1/Products/749', '50000.00', '20000.00', '0', '0', '0', '169', '0.00', '0.00', null, '块', '3', '', '2');
INSERT INTO `himall_products` VALUES ('1158', '1', '160', '151|158|160', '95', '0', '小米手环', 'xm', null, '1', '2', '2017-09-26 15:33:21', '1', '/Storage/Shop/1/Products/1158', '168.00', '158.00', '0', '0', '0', '166', '0.00', '0.00', null, 's', '4', '', '10');
INSERT INTO `himall_products` VALUES ('1159', '1', '160', '151|158|160', '95', '0', '小米手环', 'xm', '小米手环', '1', '2', '2017-09-26 17:25:57', '1', '/Storage/Shop/1/Products/1159', '168.00', '158.00', '0', '0', '0', '169', '0.00', '0.00', null, 'm', '4', '', '10');
INSERT INTO `himall_products` VALUES ('1160', '1', '58', '24|48|58', '86', '0', 'Haier海尔', 'Haier', '原装正版，假一赔10.', '1', '2', '2017-09-26 17:33:33', '1', '/Storage/Shop/1/Products/1160', '1800.00', '1799.00', '0', '0', '0', '169', '0.00', '0.00', null, '10', '4', '', '10');
INSERT INTO `himall_products` VALUES ('1161', '1', '66', '24|50|66', '86', '0', '美国OION空气净化器', 'ONOL', '美国OION空气净化器', '1', '2', '2017-09-26 17:36:15', '1', '/Storage/Shop/1/Products/1161', '1288.00', '1088.00', '0', '0', '0', '169', '0.00', '0.00', null, '1', '4', '', '5');
INSERT INTO `himall_products` VALUES ('1162', '1', '65', '24|50|65', '86', '0', '科沃斯地宝灵犀扫地机器人', 'kes', '科沃斯地宝灵犀扫地机器人', '1', '2', '2017-09-26 17:38:50', '1', '/Storage/Shop/1/Products/1162', '1000.00', '900.00', '0', '0', '0', '169', '0.00', '0.00', null, '10', '4', '', '10');
INSERT INTO `himall_products` VALUES ('1163', '1', '161', '24|49|161', '86', '0', '德瑞仕破壁料理机', 'DR', '德瑞仕破壁料理机', '1', '2', '2017-09-26 17:45:14', '1', '/Storage/Shop/1/Products/1163', '1588.00', '1500.00', '0', '0', '0', '169', '0.00', '0.00', null, '10', '4', '', '10');
INSERT INTO `himall_products` VALUES ('1164', '1', '22', '20|21|22', '87', '324', '1', '1', null, '1', '2', '2017-09-26 20:55:30', '1', '/Storage/Shop/1/Products/1164', '1.00', '1.00', '0', '0', '0', '166', '0.00', '0.00', null, '1', '4', '', '1');
INSERT INTO `himall_products` VALUES ('1199', '1', '1', '', '0', '0', '商品测试哦哦哦', 'xcx_476', '噢噢噢噢偶所多付', '1', '2', '2017-10-04 23:24:55', '1', null, '12.00', '198.00', '0', '0', '0', '0', null, null, null, null, '4', '', '100000');
INSERT INTO `himall_products` VALUES ('1254', '368', '1', '', '0', '0', '染发', 'xcx_326', '染发', '1', '2', '2017-10-13 23:12:44', '1', null, '0.50', '0.50', '0', '0', '0', '0', null, null, null, null, '0', '', '100000');
INSERT INTO `himall_products` VALUES ('1255', '372', '1', '', '0', '0', '明星发型设计', 'xcx_954', '明星发型设计，给你明星的感觉', '1', '2', '2017-10-14 12:41:01', '1', null, '0.10', '0.10', '0', '0', '3', '0', null, null, null, null, '0', '', '100000');
INSERT INTO `himall_products` VALUES ('1256', '369', '1', '', '0', '0', '好吃的', 'xcx_129', 'h奥驰的好吃的好吃的', '1', '2', '2017-10-14 16:20:07', '1', null, '0.10', '0.10', '0', '0', '1', '0', null, null, null, null, '0', '', '100000');
INSERT INTO `himall_products` VALUES ('1257', '372', '1', '', '0', '0', '时尚烫染设计', 'xcx_226', '明星专业烫染', '1', '2', '2017-10-14 18:52:34', '1', null, '0.10', '0.10', '0', '0', '5', '0', null, null, null, null, '0', '', '100000');
INSERT INTO `himall_products` VALUES ('1258', '373', '1', '', '0', '0', '巧克力蜜秀洗护', 'xcx_675', '含有蜂蜜蜂王浆让头发丝丝顺滑', '1', '2', '2017-10-14 23:13:26', '1', null, '68.00', '68.00', '0', '0', '0', '0', null, null, null, null, '0', '', '100000');
INSERT INTO `himall_products` VALUES ('1259', '373', '1', '', '0', '0', '蜜秀洗护', 'xcx_919', '含有丰富的蜂蜜精华', '1', '2', '2017-10-14 23:18:37', '1', null, '68.00', '68.00', '0', '0', '0', '0', null, null, null, null, '0', '', '100000');
INSERT INTO `himall_products` VALUES ('1260', '374', '1', '', '0', '0', '经典COCO', 'xcx_116', '香薰洗发水', '1', '2', '2017-10-15 14:15:04', '1', null, '58.00', '58.00', '0', '0', '0', '0', null, null, null, null, '0', '', '100000');
INSERT INTO `himall_products` VALUES ('1261', '372', '1', '', '0', '0', '养生按摩洗发', 'xcx_207', '按摩并洗发', '1', '2', '2017-10-16 09:16:51', '1', null, '0.10', '0.10', '0', '0', '2', '0', null, null, null, null, '0', '', '100000');
INSERT INTO `himall_products` VALUES ('1262', '372', '1', '', '0', '0', '男士洗面', 'xcx_942', '男士洗面清角质', '1', '2', '2017-10-16 09:30:24', '1', null, '0.10', '0.10', '0', '0', '5', '0', null, null, null, null, '0', '', '100000');
INSERT INTO `himall_products` VALUES ('1263', '372', '1', '', '0', '0', '正式数据验证', 'xcx_429', '正式系统验证', '1', '2', '2017-10-16 13:56:57', '1', null, '0.10', '0.10', '0', '0', '3', '0', null, null, null, null, '0', '', '100000');
INSERT INTO `himall_products` VALUES ('1264', '372', '1', '', '0', '0', '线下代码验证', 'xcx_988', '线下代码验证', '1', '2', '2017-10-16 13:59:53', '1', null, '0.15', '0.15', '0', '0', '4', '0', null, null, null, null, '0', '', '100000');
INSERT INTO `himall_products` VALUES ('1265', '372', '1', '', '0', '0', '正式测试2', 'xcx_796', '正式测试第二波', '1', '2', '2017-10-16 14:09:09', '1', null, '0.10', '0.10', '0', '0', '4', '0', null, null, null, null, '0', '', '100000');
INSERT INTO `himall_products` VALUES ('1266', '375', '1', '', '0', '0', '一桶天下（全家桶）', 'xcx_50', '全家桶洗护全套', '1', '2', '2017-10-16 14:20:07', '1', null, '199.00', '199.00', '0', '0', '0', '0', null, null, null, null, '0', '', '100000');
INSERT INTO `himall_products` VALUES ('1267', '375', '1', '', '0', '0', '一桶天下（全家桶）', 'xcx_999', '全家桶洗护全套', '1', '2', '2017-10-16 14:20:35', '1', null, '199.00', '199.00', '0', '0', '0', '0', null, null, null, null, '0', '', '100000');
INSERT INTO `himall_products` VALUES ('1268', '375', '1', '', '0', '0', '巧克力全家桶', 'xcx_269', '呵护一家人头发健康，请选择巧克力全家桶！', '1', '2', '2017-10-16 14:24:49', '1', null, '199.00', '199.00', '0', '0', '1', '0', null, null, null, null, '0', '', '100000');
INSERT INTO `himall_products` VALUES ('1269', '375', '1', '', '0', '0', '色彩私人订制专享', 'xcx_819', '私人专属特权，专业顶级发型顾问全程设计，随时调整风格', '1', '2', '2017-10-16 14:38:52', '1', null, '99999.00', '99999.00', '0', '0', '0', '0', null, null, null, null, '0', '', '100000');
INSERT INTO `himall_products` VALUES ('1270', '1', '1', '', '0', '0', '精剪', 'xcx_801', '剃光头', '1', '2', '2017-10-18 16:58:52', '1', null, '1888.00', '1888.00', '0', '0', '0', '0', null, null, null, null, '4', '', '100000');
INSERT INTO `himall_products` VALUES ('1271', '1', '1', '', '0', '0', '精剪', 'xcx_515', '剃光头', '1', '2', '2017-10-18 16:58:53', '1', null, '1888.00', '1888.00', '0', '0', '0', '0', null, null, null, null, '4', '', '100000');
INSERT INTO `himall_products` VALUES ('1272', '1', '1', '', '0', '0', '影浪吹风', 'xcx_885', '', '1', '2', '2017-10-19 10:12:49', '1', null, '188.00', '188.00', '0', '0', '0', '0', null, null, null, null, '4', '', '100000');
INSERT INTO `himall_products` VALUES ('1273', '1', '1', '', '0', '0', '湘西腊肉', 'xcx_713', '正宗湘西腊肉', '1', '2', '2017-10-20 16:56:43', '1', null, '0.50', '0.50', '0', '0', '0', '0', null, null, null, null, '4', '', '100000');
INSERT INTO `himall_products` VALUES ('1274', '1', '3', '1|2|3', '82', '0', '1111', '11', '222', '1', '1', '2017-11-01 14:44:11', '1', '/Storage/Shop/1/Products/1274', '11.00', '1111.00', '0', '0', '0', '166', '0.00', '0.00', null, '1', '3', '', '0');

-- ----------------------------
-- Table structure for `himall_productshopcategories`
-- ----------------------------
DROP TABLE IF EXISTS `himall_productshopcategories`;
CREATE TABLE `himall_productshopcategories` (
  `Id` bigint(20) NOT NULL AUTO_INCREMENT,
  `ProductId` bigint(20) NOT NULL,
  `ShopCategoryId` bigint(20) NOT NULL,
  PRIMARY KEY (`Id`),
  KEY `FK_Product_ProductShopCategory` (`ProductId`) USING BTREE,
  KEY `FK_ShopCategory_ProductShopCategory` (`ShopCategoryId`) USING BTREE,
  CONSTRAINT `himall_productshopcategories_ibfk_1` FOREIGN KEY (`ProductId`) REFERENCES `himall_products` (`Id`) ON DELETE CASCADE,
  CONSTRAINT `himall_productshopcategories_ibfk_2` FOREIGN KEY (`ShopCategoryId`) REFERENCES `himall_shopcategories` (`Id`) ON DELETE CASCADE
) ENGINE=InnoDB AUTO_INCREMENT=2098 DEFAULT CHARSET=utf8 ROW_FORMAT=COMPACT;

-- ----------------------------
-- Records of himall_productshopcategories
-- ----------------------------
INSERT INTO `himall_productshopcategories` VALUES ('1854', '703', '352');
INSERT INTO `himall_productshopcategories` VALUES ('1855', '701', '354');
INSERT INTO `himall_productshopcategories` VALUES ('1857', '700', '353');
INSERT INTO `himall_productshopcategories` VALUES ('1860', '718', '360');
INSERT INTO `himall_productshopcategories` VALUES ('1861', '717', '360');
INSERT INTO `himall_productshopcategories` VALUES ('1862', '716', '356');
INSERT INTO `himall_productshopcategories` VALUES ('1863', '715', '358');
INSERT INTO `himall_productshopcategories` VALUES ('1864', '714', '358');
INSERT INTO `himall_productshopcategories` VALUES ('1867', '722', '360');
INSERT INTO `himall_productshopcategories` VALUES ('1868', '723', '360');
INSERT INTO `himall_productshopcategories` VALUES ('1874', '738', '360');
INSERT INTO `himall_productshopcategories` VALUES ('1875', '741', '358');
INSERT INTO `himall_productshopcategories` VALUES ('1876', '736', '360');
INSERT INTO `himall_productshopcategories` VALUES ('2084', '1158', '357');
INSERT INTO `himall_productshopcategories` VALUES ('2085', '1159', '357');
INSERT INTO `himall_productshopcategories` VALUES ('2086', '1160', '359');
INSERT INTO `himall_productshopcategories` VALUES ('2087', '1161', '359');
INSERT INTO `himall_productshopcategories` VALUES ('2088', '1162', '359');
INSERT INTO `himall_productshopcategories` VALUES ('2089', '1163', '359');
INSERT INTO `himall_productshopcategories` VALUES ('2090', '1164', '350');

-- ----------------------------
-- Table structure for `himall_productvistis`
-- ----------------------------
DROP TABLE IF EXISTS `himall_productvistis`;
CREATE TABLE `himall_productvistis` (
  `Id` bigint(20) NOT NULL AUTO_INCREMENT,
  `ShopId` bigint(20) NOT NULL COMMENT '店铺ID',
  `ProductId` bigint(20) NOT NULL,
  `Date` datetime NOT NULL,
  `VistiCounts` bigint(20) NOT NULL COMMENT '浏览次数',
  `VisitUserCounts` bigint(20) NOT NULL COMMENT '浏览人数',
  `PayUserCounts` bigint(20) NOT NULL COMMENT '付款人数',
  `SaleCounts` bigint(20) NOT NULL COMMENT '商品销售数量',
  `SaleAmounts` decimal(18,2) NOT NULL COMMENT '商品销售额',
  `OrderCounts` bigint(20) unsigned DEFAULT '0' COMMENT '订单总数',
  `StatisticFlag` bit(1) NOT NULL COMMENT '是否已经统计(0：未统计,1已统计)',
  PRIMARY KEY (`Id`),
  KEY `FK_Product_ProductVisti` (`ProductId`) USING BTREE,
  CONSTRAINT `himall_productvistis_ibfk_1` FOREIGN KEY (`ProductId`) REFERENCES `himall_products` (`Id`) ON DELETE CASCADE
) ENGINE=InnoDB AUTO_INCREMENT=3432 DEFAULT CHARSET=utf8 ROW_FORMAT=COMPACT;

-- ----------------------------
-- Records of himall_productvistis
-- ----------------------------
INSERT INTO `himall_productvistis` VALUES ('2743', '1', '699', '2017-02-14 00:00:00', '13', '10', '1', '1', '49.90', '1', '');
INSERT INTO `himall_productvistis` VALUES ('2744', '1', '700', '2017-02-14 00:00:00', '17', '2', '1', '12', '718.80', '5', '');
INSERT INTO `himall_productvistis` VALUES ('2745', '1', '709', '2017-02-14 00:00:00', '1', '2', '1', '0', '0.00', null, '');
INSERT INTO `himall_productvistis` VALUES ('2746', '1', '702', '2017-02-14 00:00:00', '6', '0', '1', '3', '35.70', '1', '');
INSERT INTO `himall_productvistis` VALUES ('2747', '1', '707', '2017-02-14 00:00:00', '10', '4', '1', '4', '700.00', '0', '');
INSERT INTO `himall_productvistis` VALUES ('2748', '1', '703', '2017-02-14 00:00:00', '2', '0', '1', '2', '21.60', '2', '');
INSERT INTO `himall_productvistis` VALUES ('2749', '1', '704', '2017-02-14 00:00:00', '10', '2', '1', '1', '499.00', '0', '');
INSERT INTO `himall_productvistis` VALUES ('2750', '1', '705', '2017-02-14 00:00:00', '10', '2', '1', '6', '2394.00', '0', '');
INSERT INTO `himall_productvistis` VALUES ('2751', '1', '708', '2017-02-14 00:00:00', '4', '0', '1', '1', '450.00', '0', '');
INSERT INTO `himall_productvistis` VALUES ('2752', '1', '701', '2017-02-14 00:00:00', '9', '2', '1', '7', '209.30', '6', '');
INSERT INTO `himall_productvistis` VALUES ('2753', '1', '718', '2017-02-14 00:00:00', '11', '10', '0', '0', '0.00', null, '');
INSERT INTO `himall_productvistis` VALUES ('2754', '1', '712', '2017-02-14 00:00:00', '3', '0', '0', '0', '0.00', null, '');
INSERT INTO `himall_productvistis` VALUES ('2755', '1', '731', '2017-02-14 00:00:00', '1', '2', '0', '0', '0.00', null, '');
INSERT INTO `himall_productvistis` VALUES ('2756', '1', '717', '2017-02-14 00:00:00', '1', '2', '0', '0', '0.00', null, '');
INSERT INTO `himall_productvistis` VALUES ('2757', '1', '723', '2017-02-14 00:00:00', '1', '2', '0', '0', '0.00', null, '');
INSERT INTO `himall_productvistis` VALUES ('2758', '1', '734', '2017-02-14 00:00:00', '3', '4', '0', '0', '0.00', null, '');
INSERT INTO `himall_productvistis` VALUES ('2759', '1', '738', '2017-02-14 00:00:00', '3', '2', '0', '0', '0.00', null, '');
INSERT INTO `himall_productvistis` VALUES ('2760', '1', '733', '2017-02-14 00:00:00', '1', '2', '0', '0', '0.00', null, '');
INSERT INTO `himall_productvistis` VALUES ('2761', '1', '732', '2017-02-14 00:00:00', '5', '6', '0', '0', '0.00', null, '');
INSERT INTO `himall_productvistis` VALUES ('2762', '1', '741', '2017-02-14 00:00:00', '3', '4', '0', '0', '0.00', null, '');
INSERT INTO `himall_productvistis` VALUES ('2763', '1', '736', '2017-02-14 00:00:00', '1', '2', '0', '0', '0.00', null, '');
INSERT INTO `himall_productvistis` VALUES ('2764', '1', '740', '2017-02-14 00:00:00', '1', '2', '0', '0', '0.00', null, '');
INSERT INTO `himall_productvistis` VALUES ('2765', '1', '738', '2017-02-15 00:00:00', '9', '8', '0', '0', '0.00', null, '');
INSERT INTO `himall_productvistis` VALUES ('2766', '1', '742', '2017-02-15 00:00:00', '15', '8', '0', '0', '0.00', null, '');
INSERT INTO `himall_productvistis` VALUES ('2767', '1', '739', '2017-02-15 00:00:00', '3', '4', '0', '0', '0.00', null, '');
INSERT INTO `himall_productvistis` VALUES ('2768', '1', '731', '2017-02-15 00:00:00', '5', '4', '0', '0', '0.00', null, '');
INSERT INTO `himall_productvistis` VALUES ('2769', '1', '733', '2017-02-15 00:00:00', '9', '8', '0', '0', '0.00', null, '');
INSERT INTO `himall_productvistis` VALUES ('2770', '1', '702', '2017-02-15 00:00:00', '9', '10', '0', '0', '0.00', null, '');
INSERT INTO `himall_productvistis` VALUES ('2771', '1', '741', '2017-02-15 00:00:00', '49', '26', '0', '0', '0.00', null, '');
INSERT INTO `himall_productvistis` VALUES ('2772', '1', '704', '2017-02-15 00:00:00', '1', '2', '0', '0', '0.00', null, '');
INSERT INTO `himall_productvistis` VALUES ('2773', '1', '732', '2017-02-15 00:00:00', '9', '8', '0', '0', '0.00', null, '');
INSERT INTO `himall_productvistis` VALUES ('2774', '1', '745', '2017-02-15 00:00:00', '11', '10', '0', '0', '0.00', null, '');
INSERT INTO `himall_productvistis` VALUES ('2775', '1', '706', '2017-02-15 00:00:00', '1', '2', '0', '0', '0.00', null, '');
INSERT INTO `himall_productvistis` VALUES ('2776', '1', '735', '2017-02-15 00:00:00', '1', '2', '0', '0', '0.00', null, '');
INSERT INTO `himall_productvistis` VALUES ('2777', '1', '734', '2017-02-15 00:00:00', '5', '4', '0', '0', '0.00', null, '');
INSERT INTO `himall_productvistis` VALUES ('2778', '1', '744', '2017-02-15 00:00:00', '1', '2', '0', '0', '0.00', null, '');
INSERT INTO `himall_productvistis` VALUES ('2779', '1', '699', '2017-02-15 00:00:00', '19', '18', '0', '0', '0.00', null, '');
INSERT INTO `himall_productvistis` VALUES ('2780', '1', '700', '2017-02-15 00:00:00', '9', '8', '0', '0', '0.00', null, '');
INSERT INTO `himall_productvistis` VALUES ('2781', '1', '705', '2017-02-15 00:00:00', '3', '4', '0', '0', '0.00', null, '');
INSERT INTO `himall_productvistis` VALUES ('2782', '1', '722', '2017-02-15 00:00:00', '13', '10', '0', '0', '0.00', null, '');
INSERT INTO `himall_productvistis` VALUES ('2783', '1', '736', '2017-02-15 00:00:00', '17', '16', '0', '0', '0.00', null, '');
INSERT INTO `himall_productvistis` VALUES ('2784', '1', '730', '2017-02-15 00:00:00', '3', '4', '0', '0', '0.00', null, '');
INSERT INTO `himall_productvistis` VALUES ('2785', '1', '701', '2017-02-15 00:00:00', '9', '8', '0', '0', '0.00', null, '');
INSERT INTO `himall_productvistis` VALUES ('2786', '1', '721', '2017-02-15 00:00:00', '1', '2', '0', '0', '0.00', null, '');
INSERT INTO `himall_productvistis` VALUES ('2787', '1', '716', '2017-02-15 00:00:00', '4', '3', '0', '0', '0.00', null, '');
INSERT INTO `himall_productvistis` VALUES ('2788', '1', '723', '2017-02-15 00:00:00', '1', '2', '0', '0', '0.00', null, '');
INSERT INTO `himall_productvistis` VALUES ('2789', '1', '709', '2017-02-15 00:00:00', '1', '2', '0', '0', '0.00', null, '');
INSERT INTO `himall_productvistis` VALUES ('2790', '1', '718', '2017-02-15 00:00:00', '1', '2', '0', '0', '0.00', null, '');
INSERT INTO `himall_productvistis` VALUES ('2791', '1', '707', '2017-02-15 00:00:00', '1', '2', '0', '0', '0.00', null, '');
INSERT INTO `himall_productvistis` VALUES ('2792', '1', '727', '2017-02-15 00:00:00', '1', '2', '0', '0', '0.00', null, '');
INSERT INTO `himall_productvistis` VALUES ('2793', '1', '740', '2017-02-15 00:00:00', '1', '2', '0', '0', '0.00', null, '');
INSERT INTO `himall_productvistis` VALUES ('2794', '1', '708', '2017-02-15 00:00:00', '1', '2', '0', '0', '0.00', null, '');
INSERT INTO `himall_productvistis` VALUES ('2795', '1', '704', '2017-02-16 00:00:00', '3', '4', '0', '0', '0.00', null, '');
INSERT INTO `himall_productvistis` VALUES ('2796', '1', '734', '2017-02-16 00:00:00', '4', '1', '0', '0', '0.00', null, '');
INSERT INTO `himall_productvistis` VALUES ('2797', '1', '733', '2017-02-16 00:00:00', '28', '23', '0', '0', '0.00', null, '');
INSERT INTO `himall_productvistis` VALUES ('2798', '1', '707', '2017-02-16 00:00:00', '7', '6', '0', '0', '0.00', null, '');
INSERT INTO `himall_productvistis` VALUES ('2799', '1', '723', '2017-02-16 00:00:00', '5', '6', '0', '0', '0.00', null, '');
INSERT INTO `himall_productvistis` VALUES ('2800', '1', '738', '2017-02-16 00:00:00', '2', '1', '0', '0', '0.00', null, '');
INSERT INTO `himall_productvistis` VALUES ('2801', '1', '699', '2017-02-16 00:00:00', '9', '6', '0', '0', '0.00', null, '');
INSERT INTO `himall_productvistis` VALUES ('2802', '1', '705', '2017-02-16 00:00:00', '11', '8', '0', '0', '0.00', null, '');
INSERT INTO `himall_productvistis` VALUES ('2803', '1', '702', '2017-02-16 00:00:00', '3', '4', '0', '0', '0.00', null, '');
INSERT INTO `himall_productvistis` VALUES ('2804', '1', '722', '2017-02-16 00:00:00', '6', '5', '0', '0', '0.00', null, '');
INSERT INTO `himall_productvistis` VALUES ('2805', '1', '740', '2017-02-16 00:00:00', '11', '6', '0', '0', '0.00', null, '');
INSERT INTO `himall_productvistis` VALUES ('2806', '1', '701', '2017-02-16 00:00:00', '3', '2', '0', '0', '0.00', null, '');
INSERT INTO `himall_productvistis` VALUES ('2807', '1', '731', '2017-02-16 00:00:00', '5', '4', '0', '0', '0.00', null, '');
INSERT INTO `himall_productvistis` VALUES ('2808', '1', '732', '2017-02-16 00:00:00', '11', '8', '0', '0', '0.00', null, '');
INSERT INTO `himall_productvistis` VALUES ('2809', '1', '721', '2017-02-16 00:00:00', '1', '0', '0', '0', '0.00', null, '');
INSERT INTO `himall_productvistis` VALUES ('2810', '1', '744', '2017-02-16 00:00:00', '3', '4', '0', '0', '0.00', null, '');
INSERT INTO `himall_productvistis` VALUES ('2811', '1', '736', '2017-02-16 00:00:00', '9', '8', '0', '0', '0.00', null, '');
INSERT INTO `himall_productvistis` VALUES ('2812', '1', '719', '2017-02-16 00:00:00', '1', '2', '0', '0', '0.00', null, '');
INSERT INTO `himall_productvistis` VALUES ('2813', '1', '720', '2017-02-16 00:00:00', '4', '1', '0', '0', '0.00', null, '');
INSERT INTO `himall_productvistis` VALUES ('2814', '1', '741', '2017-02-16 00:00:00', '5', '6', '0', '0', '0.00', null, '');
INSERT INTO `himall_productvistis` VALUES ('2815', '1', '742', '2017-02-16 00:00:00', '7', '4', '0', '0', '0.00', null, '');
INSERT INTO `himall_productvistis` VALUES ('2816', '1', '737', '2017-02-16 00:00:00', '5', '4', '0', '0', '0.00', null, '');
INSERT INTO `himall_productvistis` VALUES ('2817', '1', '743', '2017-02-16 00:00:00', '5', '6', '0', '0', '0.00', null, '');
INSERT INTO `himall_productvistis` VALUES ('2818', '1', '700', '2017-02-16 00:00:00', '1', '2', '0', '0', '0.00', null, '');
INSERT INTO `himall_productvistis` VALUES ('2819', '1', '735', '2017-02-16 00:00:00', '5', '4', '0', '0', '0.00', null, '');
INSERT INTO `himall_productvistis` VALUES ('2820', '1', '749', '2017-02-16 00:00:00', '3', '4', '0', '0', '0.00', null, '');
INSERT INTO `himall_productvistis` VALUES ('2821', '1', '748', '2017-02-16 00:00:00', '1', '2', '0', '0', '0.00', null, '');
INSERT INTO `himall_productvistis` VALUES ('2822', '1', '726', '2017-02-16 00:00:00', '3', '2', '0', '0', '0.00', null, '');
INSERT INTO `himall_productvistis` VALUES ('2823', '1', '716', '2017-02-16 00:00:00', '1', '2', '0', '0', '0.00', null, '');
INSERT INTO `himall_productvistis` VALUES ('2824', '1', '714', '2017-02-16 00:00:00', '2', '1', '0', '0', '0.00', null, '');
INSERT INTO `himall_productvistis` VALUES ('2825', '1', '706', '2017-02-16 00:00:00', '1', '0', '0', '0', '0.00', null, '');
INSERT INTO `himall_productvistis` VALUES ('2826', '1', '704', '2017-02-17 00:00:00', '9', '8', '0', '0', '0.00', null, '');
INSERT INTO `himall_productvistis` VALUES ('2827', '1', '705', '2017-02-17 00:00:00', '5', '6', '0', '0', '0.00', null, '');
INSERT INTO `himall_productvistis` VALUES ('2828', '1', '734', '2017-02-17 00:00:00', '5', '6', '0', '0', '0.00', null, '');
INSERT INTO `himall_productvistis` VALUES ('2829', '1', '737', '2017-02-17 00:00:00', '1', '0', '0', '0', '0.00', null, '');
INSERT INTO `himall_productvistis` VALUES ('2830', '1', '732', '2017-02-17 00:00:00', '1', '2', '0', '0', '0.00', null, '');
INSERT INTO `himall_productvistis` VALUES ('2831', '1', '741', '2017-02-17 00:00:00', '7', '8', '0', '0', '0.00', null, '');
INSERT INTO `himall_productvistis` VALUES ('2832', '1', '699', '2017-02-17 00:00:00', '1', '2', '0', '0', '0.00', null, '');
INSERT INTO `himall_productvistis` VALUES ('2833', '1', '743', '2017-02-17 00:00:00', '1', '0', '0', '0', '0.00', null, '');
INSERT INTO `himall_productvistis` VALUES ('2834', '1', '700', '2017-02-17 00:00:00', '3', '4', '0', '0', '0.00', null, '');
INSERT INTO `himall_productvistis` VALUES ('2835', '1', '707', '2017-02-17 00:00:00', '7', '4', '0', '0', '0.00', null, '');
INSERT INTO `himall_productvistis` VALUES ('2836', '1', '742', '2017-02-17 00:00:00', '1', '2', '0', '0', '0.00', null, '');
INSERT INTO `himall_productvistis` VALUES ('2837', '1', '723', '2017-02-17 00:00:00', '3', '4', '0', '0', '0.00', null, '');
INSERT INTO `himall_productvistis` VALUES ('2838', '1', '733', '2017-02-17 00:00:00', '3', '4', '0', '0', '0.00', null, '');
INSERT INTO `himall_productvistis` VALUES ('2839', '1', '740', '2017-02-17 00:00:00', '3', '4', '0', '0', '0.00', null, '');
INSERT INTO `himall_productvistis` VALUES ('2840', '1', '748', '2017-02-17 00:00:00', '1', '2', '0', '0', '0.00', null, '');
INSERT INTO `himall_productvistis` VALUES ('2841', '1', '749', '2017-02-17 00:00:00', '1', '2', '0', '0', '0.00', null, '');
INSERT INTO `himall_productvistis` VALUES ('2842', '1', '700', '2017-02-18 00:00:00', '1', '2', '0', '0', '0.00', null, '');
INSERT INTO `himall_productvistis` VALUES ('2843', '1', '736', '2017-02-18 00:00:00', '3', '4', '0', '0', '0.00', null, '');
INSERT INTO `himall_productvistis` VALUES ('2844', '1', '707', '2017-02-18 00:00:00', '6', '7', '0', '0', '0.00', null, '');
INSERT INTO `himall_productvistis` VALUES ('2845', '1', '719', '2017-02-18 00:00:00', '1', '2', '0', '0', '0.00', null, '');
INSERT INTO `himall_productvistis` VALUES ('2846', '1', '722', '2017-02-18 00:00:00', '1', '0', '0', '0', '0.00', null, '');
INSERT INTO `himall_productvistis` VALUES ('2847', '1', '705', '2017-02-18 00:00:00', '3', '2', '0', '0', '0.00', null, '');
INSERT INTO `himall_productvistis` VALUES ('2848', '1', '704', '2017-02-18 00:00:00', '5', '4', '0', '0', '0.00', null, '');
INSERT INTO `himall_productvistis` VALUES ('2849', '1', '699', '2017-02-18 00:00:00', '5', '4', '0', '0', '0.00', null, '');
INSERT INTO `himall_productvistis` VALUES ('2850', '1', '733', '2017-02-18 00:00:00', '1', '2', '0', '0', '0.00', null, '');
INSERT INTO `himall_productvistis` VALUES ('2851', '1', '734', '2017-02-18 00:00:00', '1', '2', '0', '0', '0.00', null, '');
INSERT INTO `himall_productvistis` VALUES ('2852', '1', '741', '2017-02-18 00:00:00', '3', '4', '0', '0', '0.00', null, '');
INSERT INTO `himall_productvistis` VALUES ('2853', '1', '732', '2017-02-18 00:00:00', '3', '2', '0', '0', '0.00', null, '');
INSERT INTO `himall_productvistis` VALUES ('2854', '1', '740', '2017-02-18 00:00:00', '3', '4', '0', '0', '0.00', null, '');
INSERT INTO `himall_productvistis` VALUES ('2855', '1', '723', '2017-02-18 00:00:00', '1', '2', '0', '0', '0.00', null, '');
INSERT INTO `himall_productvistis` VALUES ('2856', '1', '702', '2017-02-18 00:00:00', '1', '2', '0', '0', '0.00', null, '');
INSERT INTO `himall_productvistis` VALUES ('2857', '1', '748', '2017-02-18 00:00:00', '1', '2', '0', '0', '0.00', null, '');
INSERT INTO `himall_productvistis` VALUES ('2858', '1', '727', '2017-02-18 00:00:00', '1', '2', '0', '0', '0.00', null, '');
INSERT INTO `himall_productvistis` VALUES ('2859', '1', '699', '2017-02-19 00:00:00', '9', '8', '0', '0', '0.00', null, '');
INSERT INTO `himall_productvistis` VALUES ('2860', '1', '705', '2017-02-19 00:00:00', '12', '11', '0', '0', '0.00', null, '');
INSERT INTO `himall_productvistis` VALUES ('2861', '1', '723', '2017-02-19 00:00:00', '3', '4', '0', '0', '0.00', null, '');
INSERT INTO `himall_productvistis` VALUES ('2862', '1', '722', '2017-02-19 00:00:00', '0', '1', '0', '0', '0.00', null, '');
INSERT INTO `himall_productvistis` VALUES ('2863', '1', '720', '2017-02-19 00:00:00', '3', '2', '0', '0', '0.00', null, '');
INSERT INTO `himall_productvistis` VALUES ('2864', '1', '726', '2017-02-19 00:00:00', '1', '2', '0', '0', '0.00', null, '');
INSERT INTO `himall_productvistis` VALUES ('2865', '1', '701', '2017-02-19 00:00:00', '11', '12', '0', '0', '0.00', null, '');
INSERT INTO `himall_productvistis` VALUES ('2866', '1', '702', '2017-02-19 00:00:00', '5', '6', '0', '0', '0.00', null, '');
INSERT INTO `himall_productvistis` VALUES ('2867', '1', '700', '2017-02-19 00:00:00', '7', '8', '0', '0', '0.00', null, '');
INSERT INTO `himall_productvistis` VALUES ('2868', '1', '707', '2017-02-19 00:00:00', '5', '6', '0', '0', '0.00', null, '');
INSERT INTO `himall_productvistis` VALUES ('2869', '1', '704', '2017-02-19 00:00:00', '6', '5', '0', '0', '0.00', null, '');
INSERT INTO `himall_productvistis` VALUES ('2870', '1', '737', '2017-02-19 00:00:00', '1', '2', '0', '0', '0.00', null, '');
INSERT INTO `himall_productvistis` VALUES ('2871', '1', '739', '2017-02-19 00:00:00', '5', '6', '0', '0', '0.00', null, '');
INSERT INTO `himall_productvistis` VALUES ('2872', '1', '732', '2017-02-19 00:00:00', '6', '5', '0', '0', '0.00', null, '');
INSERT INTO `himall_productvistis` VALUES ('2873', '1', '735', '2017-02-19 00:00:00', '5', '6', '0', '0', '0.00', null, '');
INSERT INTO `himall_productvistis` VALUES ('2874', '1', '736', '2017-02-19 00:00:00', '5', '6', '0', '0', '0.00', null, '');
INSERT INTO `himall_productvistis` VALUES ('2875', '1', '733', '2017-02-19 00:00:00', '5', '6', '0', '0', '0.00', null, '');
INSERT INTO `himall_productvistis` VALUES ('2876', '1', '741', '2017-02-19 00:00:00', '5', '6', '0', '0', '0.00', null, '');
INSERT INTO `himall_productvistis` VALUES ('2877', '1', '708', '2017-02-19 00:00:00', '1', '2', '0', '0', '0.00', null, '');
INSERT INTO `himall_productvistis` VALUES ('2878', '1', '706', '2017-02-19 00:00:00', '3', '4', '0', '0', '0.00', null, '');
INSERT INTO `himall_productvistis` VALUES ('2879', '1', '731', '2017-02-19 00:00:00', '1', '2', '0', '0', '0.00', null, '');
INSERT INTO `himall_productvistis` VALUES ('2880', '1', '738', '2017-02-19 00:00:00', '5', '6', '0', '0', '0.00', null, '');
INSERT INTO `himall_productvistis` VALUES ('2881', '1', '734', '2017-02-19 00:00:00', '5', '6', '0', '0', '0.00', null, '');
INSERT INTO `himall_productvistis` VALUES ('2882', '1', '730', '2017-02-19 00:00:00', '1', '2', '0', '0', '0.00', null, '');
INSERT INTO `himall_productvistis` VALUES ('2883', '1', '716', '2017-02-19 00:00:00', '1', '2', '0', '0', '0.00', null, '');
INSERT INTO `himall_productvistis` VALUES ('2884', '1', '742', '2017-02-19 00:00:00', '1', '2', '0', '0', '0.00', null, '');
INSERT INTO `himall_productvistis` VALUES ('2885', '1', '719', '2017-02-19 00:00:00', '1', '2', '0', '0', '0.00', null, '');
INSERT INTO `himall_productvistis` VALUES ('2886', '1', '740', '2017-02-19 00:00:00', '3', '4', '0', '0', '0.00', null, '');
INSERT INTO `himall_productvistis` VALUES ('2887', '1', '743', '2017-02-19 00:00:00', '1', '2', '0', '0', '0.00', null, '');
INSERT INTO `himall_productvistis` VALUES ('2888', '1', '721', '2017-02-19 00:00:00', '1', '2', '0', '0', '0.00', null, '');
INSERT INTO `himall_productvistis` VALUES ('2889', '1', '746', '2017-02-19 00:00:00', '1', '2', '0', '0', '0.00', null, '');
INSERT INTO `himall_productvistis` VALUES ('2890', '1', '703', '2017-02-19 00:00:00', '3', '4', '0', '0', '0.00', null, '');
INSERT INTO `himall_productvistis` VALUES ('2891', '1', '744', '2017-02-19 00:00:00', '1', '2', '0', '0', '0.00', null, '');
INSERT INTO `himall_productvistis` VALUES ('2892', '1', '727', '2017-02-19 00:00:00', '1', '2', '0', '0', '0.00', null, '');
INSERT INTO `himall_productvistis` VALUES ('2893', '1', '747', '2017-02-19 00:00:00', '1', '2', '0', '0', '0.00', null, '');
INSERT INTO `himall_productvistis` VALUES ('2894', '1', '749', '2017-02-19 00:00:00', '1', '2', '0', '0', '0.00', null, '');
INSERT INTO `himall_productvistis` VALUES ('2895', '1', '727', '2017-02-20 00:00:00', '1', '2', '0', '0', '0.00', null, '');
INSERT INTO `himall_productvistis` VALUES ('2896', '1', '730', '2017-02-20 00:00:00', '1', '2', '0', '0', '0.00', null, '');
INSERT INTO `himall_productvistis` VALUES ('2897', '1', '742', '2017-02-20 00:00:00', '1', '2', '0', '0', '0.00', null, '');
INSERT INTO `himall_productvistis` VALUES ('2898', '1', '740', '2017-02-20 00:00:00', '3', '4', '0', '0', '0.00', null, '');
INSERT INTO `himall_productvistis` VALUES ('2899', '1', '723', '2017-02-20 00:00:00', '7', '4', '0', '0', '0.00', null, '');
INSERT INTO `himall_productvistis` VALUES ('2900', '1', '747', '2017-02-20 00:00:00', '1', '0', '0', '0', '0.00', null, '');
INSERT INTO `himall_productvistis` VALUES ('2901', '1', '749', '2017-02-20 00:00:00', '3', '2', '0', '0', '0.00', null, '');
INSERT INTO `himall_productvistis` VALUES ('2902', '1', '739', '2017-02-20 00:00:00', '1', '2', '0', '0', '0.00', null, '');
INSERT INTO `himall_productvistis` VALUES ('2903', '1', '734', '2017-02-20 00:00:00', '4', '3', '0', '0', '0.00', null, '');
INSERT INTO `himall_productvistis` VALUES ('2904', '1', '728', '2017-02-20 00:00:00', '1', '2', '0', '0', '0.00', null, '');
INSERT INTO `himall_productvistis` VALUES ('2905', '1', '705', '2017-02-20 00:00:00', '3', '4', '0', '0', '0.00', null, '');
INSERT INTO `himall_productvistis` VALUES ('2906', '1', '702', '2017-02-20 00:00:00', '1', '0', '0', '0', '0.00', null, '');
INSERT INTO `himall_productvistis` VALUES ('2907', '1', '737', '2017-02-20 00:00:00', '1', '0', '0', '0', '0.00', null, '');
INSERT INTO `himall_productvistis` VALUES ('2908', '1', '736', '2017-02-20 00:00:00', '1', '2', '0', '0', '0.00', null, '');
INSERT INTO `himall_productvistis` VALUES ('2909', '1', '733', '2017-02-20 00:00:00', '1', '2', '0', '0', '0.00', null, '');
INSERT INTO `himall_productvistis` VALUES ('3290', '1', '703', '2017-09-26 00:00:00', '2', '2', '0', '0', '0.00', null, '');
INSERT INTO `himall_productvistis` VALUES ('3291', '1', '748', '2017-09-26 00:00:00', '2', '2', '0', '0', '0.00', null, '');
INSERT INTO `himall_productvistis` VALUES ('3292', '1', '1158', '2017-09-26 00:00:00', '2', '2', '0', '0', '0.00', null, '');
INSERT INTO `himall_productvistis` VALUES ('3293', '1', '1159', '2017-09-26 00:00:00', '2', '2', '0', '0', '0.00', null, '');
INSERT INTO `himall_productvistis` VALUES ('3294', '1', '1160', '2017-09-26 00:00:00', '2', '2', '0', '0', '0.00', null, '');
INSERT INTO `himall_productvistis` VALUES ('3295', '1', '1161', '2017-09-26 00:00:00', '2', '2', '0', '0', '0.00', null, '');
INSERT INTO `himall_productvistis` VALUES ('3296', '1', '1162', '2017-09-26 00:00:00', '2', '2', '0', '0', '0.00', null, '');
INSERT INTO `himall_productvistis` VALUES ('3297', '1', '1163', '2017-09-26 00:00:00', '2', '2', '0', '0', '0.00', null, '');
INSERT INTO `himall_productvistis` VALUES ('3298', '1', '1164', '2017-09-26 00:00:00', '2', '2', '0', '0', '0.00', null, '');
INSERT INTO `himall_productvistis` VALUES ('3299', '1', '741', '2017-09-26 00:00:00', '6', '6', '0', '0', '0.00', null, '');
INSERT INTO `himall_productvistis` VALUES ('3300', '1', '699', '2017-09-26 00:00:00', '2', '2', '0', '0', '0.00', null, '');
INSERT INTO `himall_productvistis` VALUES ('3397', '372', '1255', '2017-10-14 00:00:00', '14', '14', '0', '2', '0.18', null, '');
INSERT INTO `himall_productvistis` VALUES ('3398', '369', '1256', '2017-10-14 00:00:00', '10', '10', '0', '2', '1.10', null, '');
INSERT INTO `himall_productvistis` VALUES ('3399', '372', '1257', '2017-10-14 00:00:00', '24', '24', '0', '2', '0.17', null, '');
INSERT INTO `himall_productvistis` VALUES ('3400', '372', '1257', '2017-10-15 00:00:00', '8', '8', '0', '0', '0.00', null, '');
INSERT INTO `himall_productvistis` VALUES ('3401', '372', '1255', '2017-10-15 00:00:00', '6', '6', '0', '1', '0.10', null, '');
INSERT INTO `himall_productvistis` VALUES ('3402', '373', '1259', '2017-10-15 00:00:00', '2', '2', '0', '0', '0.00', null, '');
INSERT INTO `himall_productvistis` VALUES ('3403', '373', '1259', '2017-10-16 00:00:00', '6', '6', '0', '0', '0.00', null, '');
INSERT INTO `himall_productvistis` VALUES ('3404', '374', '1260', '2017-10-16 00:00:00', '4', '4', '0', '0', '0.00', null, '');
INSERT INTO `himall_productvistis` VALUES ('3405', '372', '1262', '2017-10-16 00:00:00', '10', '10', '0', '5', '0.44', null, '');
INSERT INTO `himall_productvistis` VALUES ('3406', '369', '1256', '2017-10-16 00:00:00', '10', '10', '0', '0', '0.00', null, '');
INSERT INTO `himall_productvistis` VALUES ('3407', '372', '1257', '2017-10-16 00:00:00', '2', '2', '0', '1', '0.10', null, '');
INSERT INTO `himall_productvistis` VALUES ('3408', '372', '1261', '2017-10-16 00:00:00', '8', '8', '0', '2', '0.15', null, '');
INSERT INTO `himall_productvistis` VALUES ('3409', '372', '1263', '2017-10-16 00:00:00', '14', '14', '0', '3', '0.24', null, '');
INSERT INTO `himall_productvistis` VALUES ('3410', '372', '1265', '2017-10-16 00:00:00', '30', '30', '0', '3', '0.24', null, '');
INSERT INTO `himall_productvistis` VALUES ('3411', '372', '1264', '2017-10-16 00:00:00', '16', '16', '0', '3', '0.42', null, '');
INSERT INTO `himall_productvistis` VALUES ('3412', '375', '1266', '2017-10-16 00:00:00', '12', '8', '0', '0', '0.00', null, '');
INSERT INTO `himall_productvistis` VALUES ('3413', '375', '1269', '2017-10-16 00:00:00', '2', '2', '0', '0', '0.00', null, '');
INSERT INTO `himall_productvistis` VALUES ('3414', '372', '1264', '2017-10-17 00:00:00', '6', '6', '0', '1', '0.12', null, '');
INSERT INTO `himall_productvistis` VALUES ('3415', '372', '1265', '2017-10-17 00:00:00', '10', '10', '0', '0', '0.00', null, '');
INSERT INTO `himall_productvistis` VALUES ('3416', '369', '1256', '2017-10-17 00:00:00', '10', '10', '0', '0', '0.00', null, '');
INSERT INTO `himall_productvistis` VALUES ('3417', '375', '1269', '2017-10-17 00:00:00', '2', '2', '0', '0', '0.00', null, '');
INSERT INTO `himall_productvistis` VALUES ('3418', '375', '1268', '2017-10-17 00:00:00', '6', '6', '0', '1', '199.00', null, '');
INSERT INTO `himall_productvistis` VALUES ('3419', '372', '1265', '2017-10-18 00:00:00', '2', '2', '0', '0', '0.00', null, '');
INSERT INTO `himall_productvistis` VALUES ('3420', '372', '1257', '2017-10-18 00:00:00', '10', '10', '0', '2', '0.17', null, '');
INSERT INTO `himall_productvistis` VALUES ('3421', '375', '1269', '2017-10-18 00:00:00', '2', '2', '0', '0', '0.00', null, '');
INSERT INTO `himall_productvistis` VALUES ('3422', '372', '1265', '2017-10-19 00:00:00', '2', '2', '0', '0', '0.00', null, '');
INSERT INTO `himall_productvistis` VALUES ('3423', '372', '1265', '2017-10-20 00:00:00', '2', '2', '0', '0', '0.00', null, '');
INSERT INTO `himall_productvistis` VALUES ('3424', '372', '1257', '2017-10-22 00:00:00', '2', '2', '0', '0', '0.00', null, '');
INSERT INTO `himall_productvistis` VALUES ('3425', '372', '1265', '2017-10-22 00:00:00', '2', '2', '0', '1', '0.10', null, '');
INSERT INTO `himall_productvistis` VALUES ('3426', '372', '1261', '2017-10-22 00:00:00', '2', '2', '0', '0', '0.00', null, '');
INSERT INTO `himall_productvistis` VALUES ('3427', '372', '1255', '2017-10-22 00:00:00', '2', '2', '0', '0', '0.00', null, '');
INSERT INTO `himall_productvistis` VALUES ('3428', '1', '1273', '2017-11-01 00:00:00', '2', '2', '0', '0', '0.00', null, '');
INSERT INTO `himall_productvistis` VALUES ('3429', '1', '1199', '2017-11-01 00:00:00', '2', '2', '0', '0', '0.00', null, '');
INSERT INTO `himall_productvistis` VALUES ('3430', '1', '749', '2017-11-01 00:00:00', '4', '4', '0', '0', '0.00', null, '');
INSERT INTO `himall_productvistis` VALUES ('3431', '1', '1274', '2017-11-01 00:00:00', '2', '2', '0', '0', '0.00', null, '');

-- ----------------------------
-- Table structure for `himall_productwords`
-- ----------------------------
DROP TABLE IF EXISTS `himall_productwords`;
CREATE TABLE `himall_productwords` (
  `Id` bigint(20) NOT NULL AUTO_INCREMENT,
  `WordId` bigint(20) DEFAULT NULL COMMENT '分词Id',
  `ProductId` bigint(20) DEFAULT NULL COMMENT '商品Id',
  PRIMARY KEY (`Id`),
  KEY `IX_WordId` (`WordId`) USING BTREE
) ENGINE=InnoDB AUTO_INCREMENT=1123 DEFAULT CHARSET=utf8;

-- ----------------------------
-- Records of himall_productwords
-- ----------------------------

-- ----------------------------
-- Table structure for `himall_promoter`
-- ----------------------------
DROP TABLE IF EXISTS `himall_promoter`;
CREATE TABLE `himall_promoter` (
  `Id` bigint(20) NOT NULL AUTO_INCREMENT COMMENT '编号',
  `UserId` bigint(20) DEFAULT NULL COMMENT '会员编号',
  `ShopName` varchar(100) DEFAULT NULL COMMENT '店铺名称',
  `Status` int(11) NOT NULL COMMENT '推销员状态 0审核 1通过 2注销',
  `ApplyTime` datetime DEFAULT NULL COMMENT '申请时间',
  `PassTime` datetime DEFAULT NULL COMMENT '通过时间',
  `Remark` varchar(2000) DEFAULT NULL COMMENT '备注',
  PRIMARY KEY (`Id`),
  KEY `FK_Himall_Promoter_UserId` (`UserId`) USING BTREE,
  CONSTRAINT `FK_Himall_Promoter_UserId` FOREIGN KEY (`UserId`) REFERENCES `himall_members` (`Id`) ON DELETE CASCADE
) ENGINE=InnoDB AUTO_INCREMENT=49 DEFAULT CHARSET=utf8 ROW_FORMAT=COMPACT;

-- ----------------------------
-- Records of himall_promoter
-- ----------------------------

-- ----------------------------
-- Table structure for `himall_receivingaddressconfig`
-- ----------------------------
DROP TABLE IF EXISTS `himall_receivingaddressconfig`;
CREATE TABLE `himall_receivingaddressconfig` (
  `Id` bigint(20) NOT NULL AUTO_INCREMENT,
  `AddressId_City` text,
  `AddressId` text NOT NULL COMMENT '逗号分隔',
  `ShopId` bigint(20) NOT NULL COMMENT '预留字段，防止将来其他商家一并支持货到付款',
  PRIMARY KEY (`Id`),
  KEY `FK_RACShopId` (`ShopId`) USING BTREE,
  CONSTRAINT `FK_RACShopId` FOREIGN KEY (`ShopId`) REFERENCES `himall_shops` (`Id`)
) ENGINE=InnoDB AUTO_INCREMENT=2 DEFAULT CHARSET=utf8 ROW_FORMAT=COMPACT;

-- ----------------------------
-- Records of himall_receivingaddressconfig
-- ----------------------------
INSERT INTO `himall_receivingaddressconfig` VALUES ('1', '\'2\',\'222\',\'233\',\'245\',\'251\',\'468\',\'482\',\'493\',\'501\',\'1034\',\'1042\',\'1050\',\'1696\',\'1710\',\'1717\',\'1726\',\'1740\',\'1788\',\'1813\',\'1823\',\'1839\',\'1852\',\'1865\',\'1897\',\'1909\',\'2052\',\'2208\',\'2234\',\'2243\',\'2251\',\'2311\',\'2398\',\'2534\',\'2594\',\'2749\',\'2841\',\'2959\',\'3012\',\'3041\',\'3100\',\'3130\',\'3166\',\'3222\',\'3422\',\'3601\',\'3634\',\'3651\'', '\'3\',\'4\',\'5\',\'6\',\'7\',\'8\',\'9\',\'10\',\'11\',\'12\',\'13\',\'14\',\'15\',\'16\',\'17\',\'18\',\'223\',\'224\',\'225\',\'226\',\'227\',\'228\',\'229\',\'230\',\'231\',\'232\',\'234\',\'235\',\'236\',\'237\',\'238\',\'239\',\'240\',\'241\',\'242\',\'243\',\'244\',\'246\',\'247\',\'248\',\'249\',\'250\',\'252\',\'253\',\'254\',\'255\',\'256\',\'257\',\'258\',\'259\',\'260\',\'261\',\'262\',\'263\',\'264\',\'469\',\'470\',\'471\',\'472\',\'473\',\'474\',\'475\',\'476\',\'477\',\'478\',\'479\',\'480\',\'481\',\'483\',\'484\',\'485\',\'486\',\'487\',\'488\',\'489\',\'490\',\'491\',\'492\',\'494\',\'495\',\'496\',\'497\',\'498\',\'499\',\'500\',\'502\',\'503\',\'504\',\'505\',\'506\',\'507\',\'508\',\'1035\',\'1036\',\'1037\',\'1038\',\'1039\',\'1040\',\'1041\',\'1124\',\'1125\',\'1043\',\'1044\',\'1045\',\'1046\',\'1047\',\'1048\',\'1049\',\'1126\',\'1051\',\'1052\',\'1053\',\'1054\',\'1055\',\'1056\',\'1057\',\'1697\',\'1698\',\'1699\',\'1700\',\'1701\',\'1702\',\'1703\',\'1704\',\'1705\',\'1706\',\'1707\',\'1708\',\'1709\',\'1711\',\'1712\',\'1713\',\'1714\',\'1715\',\'1716\',\'1718\',\'1719\',\'1720\',\'1721\',\'1722\',\'1723\',\'1724\',\'1725\',\'1727\',\'1728\',\'1729\',\'1730\',\'1731\',\'1732\',\'1733\',\'1734\',\'1735\',\'1736\',\'1737\',\'1738\',\'1739\',\'1741\',\'1742\',\'1743\',\'1744\',\'1745\',\'1746\',\'1747\',\'1748\',\'1749\',\'1789\',\'1790\',\'1791\',\'1792\',\'1793\',\'1794\',\'1814\',\'1815\',\'1816\',\'1817\',\'1818\',\'1819\',\'1820\',\'1821\',\'1822\',\'1824\',\'1825\',\'1826\',\'1827\',\'1828\',\'1829\',\'1830\',\'1831\',\'1832\',\'1834\',\'1835\',\'1840\',\'1841\',\'1842\',\'1843\',\'1844\',\'1845\',\'1846\',\'1847\',\'1848\',\'1849\',\'1850\',\'1851\',\'1853\',\'1854\',\'1855\',\'1856\',\'1857\',\'1858\',\'1859\',\'1860\',\'1861\',\'1862\',\'1863\',\'1864\',\'1866\',\'1867\',\'1868\',\'1869\',\'1870\',\'1871\',\'1872\',\'1873\',\'1874\',\'1898\',\'1899\',\'1900\',\'1901\',\'1902\',\'1903\',\'1904\',\'1905\',\'1906\',\'1907\',\'1908\',\'1910\',\'1911\',\'1912\',\'1913\',\'1914\',\'1915\',\'1916\',\'1917\',\'1918\',\'1919\',\'1920\',\'2053\',\'2054\',\'2055\',\'2056\',\'2209\',\'2210\',\'2211\',\'2212\',\'2213\',\'2214\',\'32627\',\'32628\',\'32629\',\'32630\',\'32631\',\'32632\',\'32633\',\'32634\',\'32760\',\'32761\',\'32762\',\'32763\',\'32764\',\'32765\',\'32766\',\'32767\',\'32768\',\'32769\',\'32770\',\'32771\',\'2252\',\'2253\',\'2254\',\'2255\',\'2256\',\'2257\',\'2258\',\'2259\',\'2260\',\'2261\',\'2262\',\'2263\',\'2264\',\'2265\',\'2266\',\'2267\',\'2268\',\'2269\',\'2270\',\'2271\',\'2272\',\'2273\',\'2274\',\'2275\',\'2276\',\'2277\',\'2278\',\'2279\',\'2280\',\'2281\',\'2282\',\'2283\',\'2284\',\'2285\',\'2286\',\'2287\',\'2288\',\'2289\',\'2312\',\'2313\',\'2314\',\'2315\',\'2316\',\'2317\',\'2399\',\'2400\',\'2401\',\'2402\',\'2403\',\'2404\',\'2405\',\'2406\',\'2407\',\'2408\',\'2535\',\'2536\',\'2537\',\'2538\',\'2539\',\'2540\',\'2541\',\'2542\',\'2543\',\'2544\',\'2595\',\'2596\',\'2597\',\'2598\',\'2599\',\'2600\',\'2601\',\'2602\',\'2603\',\'2604\',\'2605\',\'2606\',\'2607\',\'2608\',\'2750\',\'2751\',\'2752\',\'2753\',\'2754\',\'2755\',\'2756\',\'2757\',\'2758\',\'2759\',\'2760\',\'2842\',\'2843\',\'2844\',\'2845\',\'2846\',\'2847\',\'2848\',\'2849\',\'2850\',\'2851\',\'2852\',\'2853\',\'2960\',\'2961\',\'2962\',\'2963\',\'2964\',\'2965\',\'2966\',\'3013\',\'3014\',\'3015\',\'3016\',\'3017\',\'3018\',\'3019\',\'3020\',\'3021\',\'3042\',\'3043\',\'3044\',\'3045\',\'3046\',\'3047\',\'3048\',\'3101\',\'3102\',\'3103\',\'3131\',\'3132\',\'3133\',\'3134\',\'3167\',\'3168\',\'3169\',\'3170\',\'3171\',\'3172\',\'3173\',\'3174\',\'3175\',\'3223\',\'3224\',\'3225\',\'3226\',\'3227\',\'3228\',\'3229\',\'3423\',\'3424\',\'3425\',\'3426\',\'3427\',\'3428\',\'3429\',\'3430\',\'3431\',\'3432\',\'3433\',\'3434\',\'3435\',\'3602\',\'3603\',\'3604\',\'3605\',\'3606\',\'3607\',\'3608\',\'3609\',\'3610\',\'3611\',\'3612\',\'3613\',\'3614\',\'3615\',\'3635\',\'3636\',\'3637\',\'3638\',\'3639\'', '1');

-- ----------------------------
-- Table structure for `himall_recruitplan`
-- ----------------------------
DROP TABLE IF EXISTS `himall_recruitplan`;
CREATE TABLE `himall_recruitplan` (
  `Id` bigint(20) NOT NULL AUTO_INCREMENT COMMENT '编号',
  `Title` varchar(300) DEFAULT NULL COMMENT '招募标题',
  `Content` varchar(20000) DEFAULT NULL COMMENT '招募内容',
  PRIMARY KEY (`Id`)
) ENGINE=InnoDB AUTO_INCREMENT=3 DEFAULT CHARSET=utf8 ROW_FORMAT=COMPACT;

-- ----------------------------
-- Records of himall_recruitplan
-- ----------------------------
INSERT INTO `himall_recruitplan` VALUES ('2', '招募', '<p style=\"text-align: center;\"><img src=\"/temp/image/20170216/6362285762579745221167359.jpg\" title=\"banner-980x280.jpg\" alt=\"banner-980x280.jpg\"/></p><p>规则说明：<br/></p><p><span style=\"font-family: 微软雅黑; font-size: 13px;\">1、商城的会员成为平台销售员后可进入到平台分销市场并对参与推广的商品进行转发或代理；</span></p><p><span style=\"font-family: 微软雅黑; font-size: 13px;\">2、推广佣金由商家承担，商家在添加推广商品时可针对推广商品设置相应的推广佣金；</span></p><p><span style=\"font-family: 微软雅黑; font-size: 13px;\">3、当与销售员建立了绑定关系的消费者产生新的订单且商家完成发货后，此时会给销售员计算相应的佣金；当该笔订单正常完成并过售后维权期后，该笔佣金会置为已结算状态，并自动进入到个人预存款账户中；</span></p>');

-- ----------------------------
-- Table structure for `himall_recruitsetting`
-- ----------------------------
DROP TABLE IF EXISTS `himall_recruitsetting`;
CREATE TABLE `himall_recruitsetting` (
  `Id` bigint(20) NOT NULL AUTO_INCREMENT COMMENT '编号',
  `Enable` tinyint(1) NOT NULL COMMENT '招募开关',
  `MustMobile` tinyint(1) NOT NULL COMMENT '手机是否必填',
  `MustAddress` tinyint(1) NOT NULL COMMENT '地址必填',
  `MustRealName` tinyint(1) NOT NULL COMMENT '姓名必填',
  PRIMARY KEY (`Id`)
) ENGINE=InnoDB AUTO_INCREMENT=2 DEFAULT CHARSET=utf8 ROW_FORMAT=COMPACT;

-- ----------------------------
-- Records of himall_recruitsetting
-- ----------------------------
INSERT INTO `himall_recruitsetting` VALUES ('1', '0', '0', '0', '1');

-- ----------------------------
-- Table structure for `himall_refundreason`
-- ----------------------------
DROP TABLE IF EXISTS `himall_refundreason`;
CREATE TABLE `himall_refundreason` (
  `Id` int(11) NOT NULL AUTO_INCREMENT,
  `AfterSalesText` varchar(100) DEFAULT NULL COMMENT '售后原因',
  `Sequence` int(11) DEFAULT '100' COMMENT '排序',
  PRIMARY KEY (`Id`)
) ENGINE=InnoDB AUTO_INCREMENT=32 DEFAULT CHARSET=utf8 COMMENT='售后原因';

-- ----------------------------
-- Records of himall_refundreason
-- ----------------------------
INSERT INTO `himall_refundreason` VALUES ('28', '不想买了', '100');
INSERT INTO `himall_refundreason` VALUES ('29', '其他', '100');
INSERT INTO `himall_refundreason` VALUES ('30', '质量有问题', '100');

-- ----------------------------
-- Table structure for `himall_roleprivileges`
-- ----------------------------
DROP TABLE IF EXISTS `himall_roleprivileges`;
CREATE TABLE `himall_roleprivileges` (
  `Id` bigint(20) NOT NULL AUTO_INCREMENT,
  `Privilege` int(11) NOT NULL COMMENT '权限ID',
  `RoleId` bigint(20) NOT NULL COMMENT '角色ID',
  PRIMARY KEY (`Id`),
  KEY `FK_Role_RolePrivilege` (`RoleId`) USING BTREE,
  CONSTRAINT `himall_roleprivileges_ibfk_1` FOREIGN KEY (`RoleId`) REFERENCES `himall_roles` (`Id`) ON DELETE CASCADE
) ENGINE=InnoDB AUTO_INCREMENT=1816 DEFAULT CHARSET=utf8 ROW_FORMAT=COMPACT;

-- ----------------------------
-- Records of himall_roleprivileges
-- ----------------------------
INSERT INTO `himall_roleprivileges` VALUES ('1662', '2001', '47');
INSERT INTO `himall_roleprivileges` VALUES ('1663', '2002', '47');
INSERT INTO `himall_roleprivileges` VALUES ('1664', '2003', '47');
INSERT INTO `himall_roleprivileges` VALUES ('1665', '2004', '47');
INSERT INTO `himall_roleprivileges` VALUES ('1666', '2006', '47');
INSERT INTO `himall_roleprivileges` VALUES ('1667', '2007', '47');
INSERT INTO `himall_roleprivileges` VALUES ('1668', '3001', '47');
INSERT INTO `himall_roleprivileges` VALUES ('1669', '3002', '47');
INSERT INTO `himall_roleprivileges` VALUES ('1670', '3009', '47');
INSERT INTO `himall_roleprivileges` VALUES ('1671', '3003', '47');
INSERT INTO `himall_roleprivileges` VALUES ('1672', '3004', '47');
INSERT INTO `himall_roleprivileges` VALUES ('1673', '3005', '47');
INSERT INTO `himall_roleprivileges` VALUES ('1674', '3006', '47');
INSERT INTO `himall_roleprivileges` VALUES ('1675', '3007', '47');
INSERT INTO `himall_roleprivileges` VALUES ('1676', '3008', '47');
INSERT INTO `himall_roleprivileges` VALUES ('1677', '8004', '47');
INSERT INTO `himall_roleprivileges` VALUES ('1678', '8005', '47');
INSERT INTO `himall_roleprivileges` VALUES ('1679', '8006', '47');
INSERT INTO `himall_roleprivileges` VALUES ('1680', '8007', '47');
INSERT INTO `himall_roleprivileges` VALUES ('1682', '2001', '48');
INSERT INTO `himall_roleprivileges` VALUES ('1683', '2002', '48');
INSERT INTO `himall_roleprivileges` VALUES ('1684', '2003', '48');
INSERT INTO `himall_roleprivileges` VALUES ('1685', '2004', '48');
INSERT INTO `himall_roleprivileges` VALUES ('1686', '2006', '48');
INSERT INTO `himall_roleprivileges` VALUES ('1687', '2007', '48');
INSERT INTO `himall_roleprivileges` VALUES ('1688', '3001', '48');
INSERT INTO `himall_roleprivileges` VALUES ('1689', '3002', '48');
INSERT INTO `himall_roleprivileges` VALUES ('1690', '3009', '48');
INSERT INTO `himall_roleprivileges` VALUES ('1691', '3003', '48');
INSERT INTO `himall_roleprivileges` VALUES ('1692', '3004', '48');
INSERT INTO `himall_roleprivileges` VALUES ('1693', '3005', '48');
INSERT INTO `himall_roleprivileges` VALUES ('1694', '3006', '48');
INSERT INTO `himall_roleprivileges` VALUES ('1695', '3007', '48');
INSERT INTO `himall_roleprivileges` VALUES ('1696', '3008', '48');
INSERT INTO `himall_roleprivileges` VALUES ('1697', '4001', '48');
INSERT INTO `himall_roleprivileges` VALUES ('1698', '4002', '48');
INSERT INTO `himall_roleprivileges` VALUES ('1699', '4009', '48');
INSERT INTO `himall_roleprivileges` VALUES ('1700', '4010', '48');
INSERT INTO `himall_roleprivileges` VALUES ('1701', '4003', '48');
INSERT INTO `himall_roleprivileges` VALUES ('1702', '4004', '48');
INSERT INTO `himall_roleprivileges` VALUES ('1703', '4005', '48');
INSERT INTO `himall_roleprivileges` VALUES ('1704', '4006', '48');
INSERT INTO `himall_roleprivileges` VALUES ('1705', '4007', '48');
INSERT INTO `himall_roleprivileges` VALUES ('1706', '4008', '48');
INSERT INTO `himall_roleprivileges` VALUES ('1707', '5001', '48');
INSERT INTO `himall_roleprivileges` VALUES ('1708', '5002', '48');
INSERT INTO `himall_roleprivileges` VALUES ('1709', '5003', '48');
INSERT INTO `himall_roleprivileges` VALUES ('1710', '5004', '48');
INSERT INTO `himall_roleprivileges` VALUES ('1711', '5005', '48');
INSERT INTO `himall_roleprivileges` VALUES ('1712', '6002', '48');
INSERT INTO `himall_roleprivileges` VALUES ('1713', '6003', '48');
INSERT INTO `himall_roleprivileges` VALUES ('1714', '6004', '48');
INSERT INTO `himall_roleprivileges` VALUES ('1715', '6005', '48');
INSERT INTO `himall_roleprivileges` VALUES ('1716', '7002', '48');
INSERT INTO `himall_roleprivileges` VALUES ('1717', '7003', '48');
INSERT INTO `himall_roleprivileges` VALUES ('1718', '7004', '48');
INSERT INTO `himall_roleprivileges` VALUES ('1719', '7101', '48');
INSERT INTO `himall_roleprivileges` VALUES ('1720', '7102', '48');
INSERT INTO `himall_roleprivileges` VALUES ('1721', '7103', '48');
INSERT INTO `himall_roleprivileges` VALUES ('1722', '7104', '48');
INSERT INTO `himall_roleprivileges` VALUES ('1723', '8001', '48');
INSERT INTO `himall_roleprivileges` VALUES ('1724', '8002', '48');
INSERT INTO `himall_roleprivileges` VALUES ('1725', '8003', '48');
INSERT INTO `himall_roleprivileges` VALUES ('1726', '8004', '48');
INSERT INTO `himall_roleprivileges` VALUES ('1727', '8005', '48');
INSERT INTO `himall_roleprivileges` VALUES ('1728', '8006', '48');
INSERT INTO `himall_roleprivileges` VALUES ('1729', '8007', '48');
INSERT INTO `himall_roleprivileges` VALUES ('1730', '9020', '48');
INSERT INTO `himall_roleprivileges` VALUES ('1731', '9001', '48');
INSERT INTO `himall_roleprivileges` VALUES ('1732', '9002', '48');
INSERT INTO `himall_roleprivileges` VALUES ('1733', '9013', '48');
INSERT INTO `himall_roleprivileges` VALUES ('1734', '9003', '48');
INSERT INTO `himall_roleprivileges` VALUES ('1735', '9004', '48');
INSERT INTO `himall_roleprivileges` VALUES ('1736', '9005', '48');
INSERT INTO `himall_roleprivileges` VALUES ('1737', '9006', '48');
INSERT INTO `himall_roleprivileges` VALUES ('1738', '9007', '48');
INSERT INTO `himall_roleprivileges` VALUES ('1739', '9008', '48');
INSERT INTO `himall_roleprivileges` VALUES ('1740', '9011', '48');
INSERT INTO `himall_roleprivileges` VALUES ('1741', '9012', '48');
INSERT INTO `himall_roleprivileges` VALUES ('1742', '9014', '48');
INSERT INTO `himall_roleprivileges` VALUES ('1743', '9009', '48');
INSERT INTO `himall_roleprivileges` VALUES ('1744', '9010', '48');
INSERT INTO `himall_roleprivileges` VALUES ('1745', '10001', '48');
INSERT INTO `himall_roleprivileges` VALUES ('1746', '10002', '48');
INSERT INTO `himall_roleprivileges` VALUES ('1747', '10005', '48');
INSERT INTO `himall_roleprivileges` VALUES ('1748', '12001', '48');
INSERT INTO `himall_roleprivileges` VALUES ('1749', '12002', '48');
INSERT INTO `himall_roleprivileges` VALUES ('1750', '2001', '46');
INSERT INTO `himall_roleprivileges` VALUES ('1751', '2002', '46');
INSERT INTO `himall_roleprivileges` VALUES ('1752', '2003', '46');
INSERT INTO `himall_roleprivileges` VALUES ('1753', '2004', '46');
INSERT INTO `himall_roleprivileges` VALUES ('1754', '2006', '46');
INSERT INTO `himall_roleprivileges` VALUES ('1755', '2007', '46');
INSERT INTO `himall_roleprivileges` VALUES ('1756', '3001', '46');
INSERT INTO `himall_roleprivileges` VALUES ('1757', '3002', '46');
INSERT INTO `himall_roleprivileges` VALUES ('1758', '3009', '46');
INSERT INTO `himall_roleprivileges` VALUES ('1759', '3003', '46');
INSERT INTO `himall_roleprivileges` VALUES ('1760', '3004', '46');
INSERT INTO `himall_roleprivileges` VALUES ('1761', '3005', '46');
INSERT INTO `himall_roleprivileges` VALUES ('1762', '3006', '46');
INSERT INTO `himall_roleprivileges` VALUES ('1763', '3007', '46');
INSERT INTO `himall_roleprivileges` VALUES ('1764', '3008', '46');
INSERT INTO `himall_roleprivileges` VALUES ('1765', '4001', '46');
INSERT INTO `himall_roleprivileges` VALUES ('1766', '4002', '46');
INSERT INTO `himall_roleprivileges` VALUES ('1767', '4009', '46');
INSERT INTO `himall_roleprivileges` VALUES ('1768', '4010', '46');
INSERT INTO `himall_roleprivileges` VALUES ('1769', '4003', '46');
INSERT INTO `himall_roleprivileges` VALUES ('1770', '4004', '46');
INSERT INTO `himall_roleprivileges` VALUES ('1771', '4005', '46');
INSERT INTO `himall_roleprivileges` VALUES ('1772', '4006', '46');
INSERT INTO `himall_roleprivileges` VALUES ('1773', '4007', '46');
INSERT INTO `himall_roleprivileges` VALUES ('1774', '4008', '46');
INSERT INTO `himall_roleprivileges` VALUES ('1775', '5001', '46');
INSERT INTO `himall_roleprivileges` VALUES ('1776', '5002', '46');
INSERT INTO `himall_roleprivileges` VALUES ('1777', '5003', '46');
INSERT INTO `himall_roleprivileges` VALUES ('1778', '5004', '46');
INSERT INTO `himall_roleprivileges` VALUES ('1779', '5005', '46');
INSERT INTO `himall_roleprivileges` VALUES ('1780', '6002', '46');
INSERT INTO `himall_roleprivileges` VALUES ('1781', '6003', '46');
INSERT INTO `himall_roleprivileges` VALUES ('1782', '6004', '46');
INSERT INTO `himall_roleprivileges` VALUES ('1783', '6005', '46');
INSERT INTO `himall_roleprivileges` VALUES ('1784', '7002', '46');
INSERT INTO `himall_roleprivileges` VALUES ('1785', '7003', '46');
INSERT INTO `himall_roleprivileges` VALUES ('1786', '7004', '46');
INSERT INTO `himall_roleprivileges` VALUES ('1787', '7101', '46');
INSERT INTO `himall_roleprivileges` VALUES ('1788', '7102', '46');
INSERT INTO `himall_roleprivileges` VALUES ('1789', '7103', '46');
INSERT INTO `himall_roleprivileges` VALUES ('1790', '7104', '46');
INSERT INTO `himall_roleprivileges` VALUES ('1791', '8004', '46');
INSERT INTO `himall_roleprivileges` VALUES ('1792', '8005', '46');
INSERT INTO `himall_roleprivileges` VALUES ('1793', '8006', '46');
INSERT INTO `himall_roleprivileges` VALUES ('1794', '8007', '46');
INSERT INTO `himall_roleprivileges` VALUES ('1795', '9020', '46');
INSERT INTO `himall_roleprivileges` VALUES ('1796', '9001', '46');
INSERT INTO `himall_roleprivileges` VALUES ('1797', '9002', '46');
INSERT INTO `himall_roleprivileges` VALUES ('1798', '9013', '46');
INSERT INTO `himall_roleprivileges` VALUES ('1799', '9003', '46');
INSERT INTO `himall_roleprivileges` VALUES ('1800', '9004', '46');
INSERT INTO `himall_roleprivileges` VALUES ('1801', '9005', '46');
INSERT INTO `himall_roleprivileges` VALUES ('1802', '9006', '46');
INSERT INTO `himall_roleprivileges` VALUES ('1803', '9007', '46');
INSERT INTO `himall_roleprivileges` VALUES ('1804', '9008', '46');
INSERT INTO `himall_roleprivileges` VALUES ('1805', '9011', '46');
INSERT INTO `himall_roleprivileges` VALUES ('1806', '9012', '46');
INSERT INTO `himall_roleprivileges` VALUES ('1807', '9014', '46');
INSERT INTO `himall_roleprivileges` VALUES ('1808', '9009', '46');
INSERT INTO `himall_roleprivileges` VALUES ('1809', '9010', '46');
INSERT INTO `himall_roleprivileges` VALUES ('1810', '10001', '46');
INSERT INTO `himall_roleprivileges` VALUES ('1811', '10002', '46');
INSERT INTO `himall_roleprivileges` VALUES ('1812', '10005', '46');
INSERT INTO `himall_roleprivileges` VALUES ('1813', '12001', '46');
INSERT INTO `himall_roleprivileges` VALUES ('1814', '12002', '46');
INSERT INTO `himall_roleprivileges` VALUES ('1815', '4008', '49');

-- ----------------------------
-- Table structure for `himall_roles`
-- ----------------------------
DROP TABLE IF EXISTS `himall_roles`;
CREATE TABLE `himall_roles` (
  `Id` bigint(20) NOT NULL AUTO_INCREMENT,
  `ShopId` bigint(20) NOT NULL COMMENT '店铺ID',
  `RoleName` varchar(100) NOT NULL COMMENT '角色名称',
  `Description` varchar(1000) NOT NULL COMMENT '说明',
  PRIMARY KEY (`Id`)
) ENGINE=InnoDB AUTO_INCREMENT=50 DEFAULT CHARSET=utf8 ROW_FORMAT=COMPACT;

-- ----------------------------
-- Records of himall_roles
-- ----------------------------
INSERT INTO `himall_roles` VALUES ('46', '0', '客户体验', '客户体验');
INSERT INTO `himall_roles` VALUES ('47', '0', '演示组', '演示组');
INSERT INTO `himall_roles` VALUES ('48', '0', '管理员', '管理员');
INSERT INTO `himall_roles` VALUES ('49', '1', '体验组', '体验组');

-- ----------------------------
-- Table structure for `himall_searchproducts`
-- ----------------------------
DROP TABLE IF EXISTS `himall_searchproducts`;
CREATE TABLE `himall_searchproducts` (
  `Id` bigint(20) NOT NULL AUTO_INCREMENT,
  `ProductId` bigint(20) NOT NULL COMMENT '商品Id',
  `ProductName` varchar(100) NOT NULL DEFAULT '' COMMENT '商品名称',
  `ShopId` bigint(20) NOT NULL DEFAULT '0' COMMENT '店铺Id',
  `ShopName` varchar(100) DEFAULT '' COMMENT '店铺名称',
  `BrandId` bigint(20) DEFAULT '0' COMMENT '品牌Id',
  `BrandName` varchar(100) DEFAULT '' COMMENT '品牌名称',
  `BrandLogo` varchar(1000) DEFAULT '' COMMENT '品牌Logo',
  `FirstCateId` bigint(20) NOT NULL DEFAULT '0' COMMENT '一级分类Id',
  `FirstCateName` varchar(100) NOT NULL DEFAULT '' COMMENT '一级分类名称',
  `SecondCateId` bigint(20) NOT NULL COMMENT '二级分类Id',
  `SecondCateName` varchar(100) NOT NULL DEFAULT '' COMMENT '二级分类名称',
  `ThirdCateId` bigint(20) NOT NULL COMMENT '三级分类Id',
  `ThirdCateName` varchar(100) NOT NULL DEFAULT '' COMMENT '三级分类名称',
  `AttrValues` text COMMENT '属性值Id用英文逗号分隔',
  `Comments` int(11) NOT NULL DEFAULT '0' COMMENT '评论数',
  `SaleCount` int(11) NOT NULL DEFAULT '0' COMMENT '成交量',
  `SalePrice` decimal(18,2) NOT NULL DEFAULT '0.00' COMMENT '售价',
  `OnSaleTime` datetime DEFAULT NULL COMMENT '上架时间',
  `ImagePath` varchar(100) NOT NULL DEFAULT '' COMMENT '商品图片地址',
  `CanSearch` bit(1) NOT NULL DEFAULT b'0' COMMENT '可以搜索',
  PRIMARY KEY (`Id`),
  UNIQUE KEY `IX_ProductId` (`ProductId`) USING BTREE,
  KEY `IX_ShopId` (`ShopId`),
  KEY `IX_BrandId` (`BrandId`),
  KEY `IX_FirstCateId` (`FirstCateId`),
  KEY `IX_SecondCateId` (`SecondCateId`),
  KEY `IX_ThirdCateId` (`ThirdCateId`),
  KEY `IX_Comments` (`Comments`),
  KEY `IX_SaleCount` (`SaleCount`),
  KEY `IX_OnSaleTime` (`OnSaleTime`),
  KEY `IX_CanSearch` (`CanSearch`),
  KEY `IX_SalePrice` (`SalePrice`) USING BTREE,
  FULLTEXT KEY `ProductName` (`ProductName`)
) ENGINE=InnoDB AUTO_INCREMENT=153 DEFAULT CHARSET=utf8 ROW_FORMAT=COMPACT;

-- ----------------------------
-- Records of himall_searchproducts
-- ----------------------------
INSERT INTO `himall_searchproducts` VALUES ('71', '699', '三只松鼠_开口松子218gx2袋零食坚果特产炒货东北红松子原味', '1', 'Tim沙龙', '319', '三只松鼠', '/Storage/Plat/Brand/logo_319.jpg', '1', '食品、酒类、特产', '2', '坚果', '3', '松子', '811', '0', '0', '49.90', '2017-02-13 17:32:45', '/Storage/Shop/1/Products/699', '');
INSERT INTO `himall_searchproducts` VALUES ('72', '700', '三只松鼠_坚果组合613g零食坚果特产碧根果夏威夷果开口松子原味', '1', 'Tim沙龙', '319', '三只松鼠', '/Storage/Plat/Brand/logo_319.jpg', '1', '食品、酒类、特产', '2', '坚果', '7', '碧根果', '812', '0', '0', '59.90', '2017-02-13 17:36:10', '/Storage/Shop/1/Products/700', '');
INSERT INTO `himall_searchproducts` VALUES ('73', '701', '三只松鼠 坚果炒货 休闲零食 纸皮核桃210g/袋', '1', 'Tim沙龙', '319', '三只松鼠', '/Storage/Plat/Brand/logo_319.jpg', '1', '食品、酒类、特产', '2', '坚果', '6', '核桃', '810', '0', '0', '29.90', '2017-02-13 17:39:24', '/Storage/Shop/1/Products/701', '');
INSERT INTO `himall_searchproducts` VALUES ('74', '702', '卫龙 休闲零食 辣条 小面筋 办公室休闲食品 22g*20包(新老包装随机发货)', '1', 'Tim沙龙', '320', '卫龙', '/Storage/Plat/Brand/logo_320.jpg', '1', '食品、酒类、特产', '4', '辣条', '5', '卫龙', '813', '0', '0', '11.90', '2017-02-13 17:42:06', '/Storage/Shop/1/Products/702', '');
INSERT INTO `himall_searchproducts` VALUES ('75', '703', '卫龙 休闲零食 亲嘴条 辣条 400g/袋', '1', 'Tim沙龙', '320', '卫龙', '/Storage/Plat/Brand/logo_320.jpg', '1', '食品、酒类、特产', '4', '辣条', '5', '卫龙', '814', '0', '0', '10.80', '2017-02-13 17:48:53', '/Storage/Shop/1/Products/703', '');
INSERT INTO `himall_searchproducts` VALUES ('76', '704', 'ONLY2017早春新品宽松猫咪图案假两件针织衫女L|117124507 G43花灰 170/88A/L', '1', 'Tim沙龙', '321', 'only', '/Storage/Plat/Brand/logo_321.jpg', '8', '男装、女装、童装', '9', '女装', '13', '针织衫', '816', '0', '0', '499.00', '2017-02-13 17:53:09', '/Storage/Shop/1/Products/704', '');
INSERT INTO `himall_searchproducts` VALUES ('77', '705', 'ONLY2017早春新品大V领宽松下摆开衩长袖针织衫女ES|117124502 F17庆典红 165/84A/M', '1', 'Tim沙龙', '321', 'only', '/Storage/Plat/Brand/logo_321.jpg', '8', '男装、女装、童装', '9', '女装', '10', '外套', '819', '0', '0', '399.00', '2017-02-13 17:55:40', '/Storage/Shop/1/Products/705', '');
INSERT INTO `himall_searchproducts` VALUES ('78', '706', 'ONLY2016早春新品拼色宽松太空棉卫衣女E|11639R511 07B酒红色 165/84A/M', '1', 'Tim沙龙', '321', 'only', '/Storage/Plat/Brand/logo_321.jpg', '8', '男装、女装、童装', '9', '女装', '10', '外套', '819', '0', '0', '234.00', '2017-02-13 17:58:44', '/Storage/Shop/1/Products/706', '');
INSERT INTO `himall_searchproducts` VALUES ('79', '707', 'ONLY春季新品含莱卡面料五分袖修身露肩一字领针织连衣裙女E|116361504 010黑 175/92A/XL', '1', 'Tim沙龙', '321', 'only', '/Storage/Plat/Brand/logo_321.jpg', '8', '男装、女装、童装', '9', '女装', '11', '裙子', null, '0', '0', '175.00', '2017-02-13 18:01:30', '/Storage/Shop/1/Products/707', '');
INSERT INTO `himall_searchproducts` VALUES ('80', '708', 'ONLY春季新品纯棉修身高腰镂空蕾丝连衣裙女L|116307501 021奶白 155/76A/XS', '1', 'Tim沙龙', '321', 'only', '/Storage/Plat/Brand/logo_321.jpg', '8', '男装、女装、童装', '9', '女装', '11', '裙子', '817', '0', '0', '450.00', '2017-02-13 18:03:48', '/Storage/Shop/1/Products/708', '');
INSERT INTO `himall_searchproducts` VALUES ('81', '709', 'ONLY2016春季新品T恤衬衫叠搭纯棉两件套连衣裙女T|116360504 10D炭花灰 165/84A/M', '1', 'Tim沙龙', '321', 'only', '/Storage/Plat/Brand/logo_321.jpg', '8', '男装、女装、童装', '9', '女装', '12', '衬衣', '816', '0', '0', '599.00', '2017-02-13 18:06:19', '/Storage/Shop/1/Products/709', '');
INSERT INTO `himall_searchproducts` VALUES ('82', '710', 'ONLY2016早春新品纯棉宽松徽章贴布牛仔背带裙女T|116342524 390洗水牛仔蓝(928) 155/76A/XS', '1', 'Tim沙龙', '321', 'only', '/Storage/Plat/Brand/logo_321.jpg', '8', '男装、女装、童装', '9', '女装', '11', '裙子', '817', '0', '0', '250.00', '2017-02-13 18:11:32', '/Storage/Shop/1/Products/710', '');
INSERT INTO `himall_searchproducts` VALUES ('83', '711', 'FOREVER21 甜美花朵抽褶吊带连衣裙 黑色/铁锈色 S', '1', 'Tim沙龙', '0', null, null, '8', '男装、女装、童装', '9', '女装', '11', '裙子', '817', '0', '0', '169.00', '2017-02-14 09:31:14', '/Storage/Shop/1/Products/711', '');
INSERT INTO `himall_searchproducts` VALUES ('84', '712', '[Forever21 Contemporary]纯色优雅及膝短袖连衣裙 香草色 S', '1', 'Tim沙龙', '0', null, null, '8', '男装、女装、童装', '9', '女装', '11', '裙子', '817', '0', '0', '229.00', '2017-02-14 09:35:30', '/Storage/Shop/1/Products/712', '');
INSERT INTO `himall_searchproducts` VALUES ('85', '713', 'XX FOREVER21 短款撞色条纹无袖针织衫 红色/白色 M', '1', 'Tim沙龙', '0', null, null, '8', '男装、女装、童装', '9', '女装', '13', '针织衫', null, '0', '0', '50.00', '2017-02-14 09:39:07', '/Storage/Shop/1/Products/713', '');
INSERT INTO `himall_searchproducts` VALUES ('86', '714', 'Apple MacBook Air 13.3英寸笔记本电脑 银色(Core i5 处理器/8GB内存/128GB SSD闪存 MMGF2CH/A)', '1', 'Tim沙龙', '322', '苹果', '/Storage/Plat/Brand/logo_322.jpg', '14', '电脑办公', '15', '电脑整机', '16', '笔记本', '822', '0', '0', '6988.00', '2017-02-14 10:14:59', '/Storage/Shop/1/Products/714', '');
INSERT INTO `himall_searchproducts` VALUES ('87', '715', 'Apple MacBook Pro 15.4英寸笔记本电脑 银色(Core i7 处理器/16GB内存/256GB SSD闪存/Retina屏 MJLQ2CH/A)', '1', 'Tim沙龙', '322', '苹果', '/Storage/Plat/Brand/logo_322.jpg', '14', '电脑办公', '15', '电脑整机', '16', '笔记本', '824', '0', '0', '13688.00', '2017-02-14 10:19:19', '/Storage/Shop/1/Products/715', '');
INSERT INTO `himall_searchproducts` VALUES ('88', '716', '宇食俱进厄瓜多尔白虾大虾南美活冻海鲜水产海虾 1700克40-50白虾', '1', 'Tim沙龙', '323', '大洋世家', '/Storage/Plat/Brand/logo_323.jpg', '17', '生鲜', '18', '海鲜水产', '19', '虾类', '828,830,835', '0', '0', '158.00', '2017-02-14 10:31:33', '/Storage/Shop/1/Products/716', '');
INSERT INTO `himall_searchproducts` VALUES ('89', '717', '欧莱雅水能润泽双效洁面膏100+50ml', '1', 'Tim沙龙', '324', '欧莱雅', '/Storage/Plat/Brand/logo_324.jpg', '20', '个护化妆、清洁用品', '21', '面部护肤', '22', '洁面', '836,839', '0', '0', '19.90', '2017-02-14 10:42:13', '/Storage/Shop/1/Products/717', '');
INSERT INTO `himall_searchproducts` VALUES ('90', '718', '贝德玛（Bioderma）深层舒妍卸妆水 舒缓保湿粉水（干性中性敏感肌法国版/海外版随机发）500ml ', '1', 'Tim沙龙', '328', '贝德玛', '/Storage/Plat/Brand/logo_328.jpg', '20', '个护化妆、清洁用品', '21', '面部护肤', '23', '卸妆', '837', '0', '0', '110.00', '2017-02-14 10:47:38', '/Storage/Shop/1/Products/718', '');
INSERT INTO `himall_searchproducts` VALUES ('91', '719', '资生堂洗颜专科柔澈泡沫洁面乳１２０ｇ', '1', 'Tim沙龙', '0', null, null, '20', '个护化妆、清洁用品', '21', '面部护肤', '22', '洁面', '837', '0', '0', '37.00', '2017-02-14 14:10:54', '/Storage/Shop/1/Products/719', '');
INSERT INTO `himall_searchproducts` VALUES ('92', '720', '欧莱雅（LOREAL）男士火山岩控油清痘洁面膏100ml', '1', 'Tim沙龙', '324', '欧莱雅', '/Storage/Plat/Brand/logo_324.jpg', '20', '个护化妆、清洁用品', '21', '面部护肤', '22', '洁面', '836', '0', '0', '32.90', '2017-02-14 14:13:38', '/Storage/Shop/1/Products/720', '');
INSERT INTO `himall_searchproducts` VALUES ('93', '721', '丝塔芙(Cetaphil)洁面乳118ml', '1', 'Tim沙龙', '0', null, null, '20', '个护化妆、清洁用品', '21', '面部护肤', '22', '洁面', '839', '0', '0', '55.00', '2017-02-14 14:16:29', '/Storage/Shop/1/Products/721', '');
INSERT INTO `himall_searchproducts` VALUES ('94', '722', 'Clinique倩碧液体洁面皂温和型200ml', '1', 'Tim沙龙', '0', null, null, '20', '个护化妆、清洁用品', '21', '面部护肤', '22', '洁面', '837,838', '0', '0', '110.00', '2017-02-14 14:19:01', '/Storage/Shop/1/Products/722', '');
INSERT INTO `himall_searchproducts` VALUES ('95', '723', '露得清深层净化洗面乳2支装100g*2', '1', 'Tim沙龙', '0', null, null, '20', '个护化妆、清洁用品', '21', '面部护肤', '22', '洁面', '838', '0', '0', '50.00', '2017-02-14 14:20:57', '/Storage/Shop/1/Products/723', '');
INSERT INTO `himall_searchproducts` VALUES ('96', '724', '2016秋冬新款女装中长款羊毛大衣修身显瘦风衣西装格子毛呢外套女', '1', 'Tim沙龙', '0', null, null, '8', '男装、女装、童装', '9', '女装', '10', '外套', '819', '0', '0', '248.00', '2017-02-14 14:26:18', '/Storage/Shop/1/Products/724', '');
INSERT INTO `himall_searchproducts` VALUES ('97', '725', '2016秋冬新款女装中长款羊毛大衣修身显瘦风衣西装格子毛呢外套女', '1', 'Tim沙龙', '0', null, null, '8', '男装、女装、童装', '9', '女装', '10', '外套', null, '0', '0', '248.00', '2017-02-14 14:28:50', '/Storage/Shop/1/Products/725', '');
INSERT INTO `himall_searchproducts` VALUES ('98', '726', '佐露丝女装2017新款韩版麂皮毛毛绒外套女中长款秋冬保暖加绒大衣宽松风衣潮 浅灰 S', '1', 'Tim沙龙', '0', null, null, '8', '男装、女装、童装', '9', '女装', '10', '外套', '819', '0', '0', '388.00', '2017-02-14 14:32:42', '/Storage/Shop/1/Products/726', '');
INSERT INTO `himall_searchproducts` VALUES ('99', '727', '秀族 2016秋装新款韩版毛呢外套女装宽松粉色大衣中长款', '1', 'Tim沙龙', '0', null, null, '8', '男装、女装、童装', '9', '女装', '10', '外套', '819', '0', '0', '98.00', '2017-02-14 14:34:49', '/Storage/Shop/1/Products/727', '');
INSERT INTO `himall_searchproducts` VALUES ('100', '728', '米兰茵韩版茧型加棉羊毛呢子外套中长款宽松加厚羊绒大衣女装', '1', 'Tim沙龙', '0', null, null, '8', '男装、女装、童装', '9', '女装', '10', '外套', '819', '0', '0', '189.00', '2017-02-14 14:37:11', '/Storage/Shop/1/Products/728', '');
INSERT INTO `himall_searchproducts` VALUES ('101', '729', '2017秋冬加厚韩国韩范宽松中长款毛呢外套显瘦纯色大翻领', '1', 'Tim沙龙', '0', null, null, '8', '男装、女装、童装', '9', '女装', '10', '外套', '819', '0', '0', '189.00', '2017-02-14 14:41:53', '/Storage/Shop/1/Products/729', '');
INSERT INTO `himall_searchproducts` VALUES ('102', '730', '2017秋冬加厚韩国韩范宽松中长款毛呢外套显瘦纯色大翻领', '1', 'Tim沙龙', '0', null, null, '8', '男装、女装、童装', '9', '女装', '10', '外套', '819', '0', '0', '189.00', '2017-02-14 14:43:51', '/Storage/Shop/1/Products/730', '');
INSERT INTO `himall_searchproducts` VALUES ('103', '731', '蔓斯菲尔 设计师椅 简约时尚休闲塑料椅 创意电脑椅子 办公餐椅 会议椅', '1', 'Tim沙龙', '0', null, null, '25', '家居、家具、家装', '35', '家装软式', '37', '装饰摆件', null, '0', '0', '99.00', '2017-02-14 15:32:54', '/Storage/Shop/1/Products/731', '');
INSERT INTO `himall_searchproducts` VALUES ('104', '732', '全实木电脑桌书桌办公桌', '1', 'Tim沙龙', '0', null, null, '25', '家居、家具、家装', '35', '家装软式', '37', '装饰摆件', null, '0', '0', '200.00', '2017-02-14 15:37:47', '/Storage/Shop/1/Products/732', '');
INSERT INTO `himall_searchproducts` VALUES ('105', '733', '丹麦依诺维绅 功能沙发床 时尚沙发 书房必用 小鸟', '1', 'Tim沙龙', '0', null, null, '25', '家居、家具、家装', '35', '家装软式', '37', '装饰摆件', null, '0', '0', '4425.00', '2017-02-14 15:44:52', '/Storage/Shop/1/Products/733', '');
INSERT INTO `himall_searchproducts` VALUES ('106', '734', '原色木质简约现代艺术 家居配饰 软装配饰 可调光 木制DIY蘑菇台灯', '1', 'Tim沙龙', '0', null, null, '25', '家居、家具、家装', '35', '家装软式', '37', '装饰摆件', null, '0', '0', '63.00', '2017-02-14 15:54:21', '/Storage/Shop/1/Products/734', '');
INSERT INTO `himall_searchproducts` VALUES ('107', '735', '惠宝隆无铅水晶红酒醒酒器蜗牛形干红葡萄酒醒酒壶分酒器500ml', '1', 'Tim沙龙', '0', null, null, '25', '家居、家具、家装', '35', '家装软式', '37', '装饰摆件', null, '0', '0', '98.00', '2017-02-14 15:59:53', '/Storage/Shop/1/Products/735', '');
INSERT INTO `himall_searchproducts` VALUES ('108', '736', '妮维雅男士水活多效洁面乳100g', '1', 'Tim沙龙', '0', null, null, '20', '个护化妆、清洁用品', '21', '面部护肤', '22', '洁面', '836', '0', '0', '33.00', '2017-02-14 16:11:39', '/Storage/Shop/1/Products/736', '');
INSERT INTO `himall_searchproducts` VALUES ('109', '737', '怡鲜来 法国新鲜冷冻银鳕鱼中段 200g 进口海鲜水产 深海野生鳕鱼', '1', 'Tim沙龙', '319', '三只松鼠', '/Storage/Plat/Brand/logo_319.jpg', '1', '食品、酒类、特产', '2', '坚果', '7', '碧根果', '813', '0', '0', '83.00', '2017-02-14 16:13:13', '/Storage/Shop/1/Products/737', '');
INSERT INTO `himall_searchproducts` VALUES ('110', '738', '妮维雅男士水活畅透精华洁面液150ml', '1', 'Tim沙龙', '0', null, null, '20', '个护化妆、清洁用品', '21', '面部护肤', '22', '洁面', '836', '0', '0', '35.00', '2017-02-14 16:14:19', '/Storage/Shop/1/Products/738', '');
INSERT INTO `himall_searchproducts` VALUES ('111', '739', '联想（Lenovo）Y50p-70 15.6英寸游戏笔记本电脑（I5-4210H 1T GTX960M升级版 ）', '1', 'Tim沙龙', '0', null, null, '14', '电脑办公', '15', '电脑整机', '16', '笔记本', null, '0', '0', '4499.00', '2017-02-14 16:17:31', '/Storage/Shop/1/Products/739', '');
INSERT INTO `himall_searchproducts` VALUES ('112', '740', '红霞草莓 3斤 单果20-30克 新鲜水果 SG', '1', 'Tim沙龙', '0', null, null, '1', '食品、酒类、特产', '153', '水果', '154', '水果', null, '0', '0', '25.00', '2017-02-14 16:18:19', '/Storage/Shop/1/Products/740', '');
INSERT INTO `himall_searchproducts` VALUES ('113', '741', '华硕（ASUS）FX50VX 15.6英寸游戏本（I7-6700 8G 1T GTX950M 2GB Win10 黑红）', '1', 'Tim沙龙', '0', null, null, '14', '电脑办公', '15', '电脑整机', '16', '笔记本', '824', '0', '0', '5399.00', '2017-02-14 16:20:04', '/Storage/Shop/1/Products/741', '');
INSERT INTO `himall_searchproducts` VALUES ('114', '742', '怡鲜来 阿根廷红虾2000g 4斤/盒 大号L2级 40-60尾', '1', 'Tim沙龙', '0', null, null, '17', '生鲜', '18', '海鲜水产', '19', '虾类', null, '0', '0', '168.00', '2017-02-14 16:21:08', '/Storage/Shop/1/Products/742', '');
INSERT INTO `himall_searchproducts` VALUES ('115', '743', '勇艺达小勇机器人Y50B 太空银 家庭陪伴 启智教育 声控智能家居 视频监控', '1', 'Tim沙龙', '0', null, null, '44', '手机、 数码', '155', '数码产品', '156', '视频类用品', null, '0', '0', '2999.00', '2017-02-14 16:27:54', '/Storage/Shop/1/Products/743', '');
INSERT INTO `himall_searchproducts` VALUES ('116', '744', 'SK-II 神仙水sk2护肤精华露 160ml', '1', 'Tim沙龙', '0', null, null, '20', '个护化妆、清洁用品', '21', '面部护肤', '157', '面部护理', '838', '0', '0', '469.00', '2017-02-14 16:37:01', '/Storage/Shop/1/Products/744', '');
INSERT INTO `himall_searchproducts` VALUES ('117', '745', '新西兰蔓越莓蜂蜜480g 进口蜂蜜选新西兰蜂蜜品牌 NatureBeing', '1', 'Tim沙龙', '0', null, null, '42', '医药保健', '127', '营养健康', '130', '调节免疫', '843,848', '0', '0', '219.00', '2017-02-14 16:42:44', '/Storage/Shop/1/Products/745', '');
INSERT INTO `himall_searchproducts` VALUES ('118', '746', '棉麻布艺禅修加厚加大榻榻米地板圆形坐垫飘窗禅修瑜伽打坐垫55CM', '1', 'Tim沙龙', '0', null, null, '25', '家居、家具、家装', '35', '家装软式', '37', '装饰摆件', null, '0', '0', '28.00', '2017-02-16 11:24:43', '/Storage/Shop/1/Products/746', '');
INSERT INTO `himall_searchproducts` VALUES ('119', '747', '北欧全实木床 简约美式实木北欧家具套装', '1', 'Tim沙龙', '0', null, null, '25', '家居、家具、家装', '35', '家装软式', '37', '装饰摆件', null, '0', '0', '1000.00', '2017-02-16 11:35:02', '/Storage/Shop/1/Products/747', '');
INSERT INTO `himall_searchproducts` VALUES ('120', '748', '多功能 无网研磨 易清洗 全钢 304不锈钢 豆浆机', '1', 'Tim沙龙', '0', null, null, '24', '家用电器', '50', '生活电器', '67', '加湿器', null, '0', '0', '249.00', '2017-02-16 11:46:27', '/Storage/Shop/1/Products/748', '');
INSERT INTO `himall_searchproducts` VALUES ('121', '749', '积家（Jaeger）Master Control大师系列机械男表Q1552520 银色', '1', 'Ti2222222', null, null, null, '151', '钟表', '158', '手表', '159', '男表', null, '0', '0', '20000.00', '2017-02-16 12:01:19', '/Storage/Shop/1/Products/749', '');
INSERT INTO `himall_searchproducts` VALUES ('134', '1158', '小米手环', '1', 'Tim沙龙', '0', null, null, '151', '钟表', '158', '手表', '160', '小米手环', null, '0', '0', '158.00', '2017-09-26 15:33:21', '/Storage/Shop/1/Products/1158', '');
INSERT INTO `himall_searchproducts` VALUES ('135', '1159', '小米手环', '1', 'Tim沙龙', '0', null, null, '151', '钟表', '158', '手表', '160', '小米手环', null, '0', '0', '158.00', '2017-09-26 17:25:57', '/Storage/Shop/1/Products/1159', '');
INSERT INTO `himall_searchproducts` VALUES ('136', '1160', 'Haier海尔', '1', 'Tim沙龙', '0', null, null, '24', '家用电器', '48', '洗衣机', '58', '滚筒洗衣机', null, '0', '0', '1799.00', '2017-09-26 17:33:33', '/Storage/Shop/1/Products/1160', '');
INSERT INTO `himall_searchproducts` VALUES ('137', '1161', '美国OION空气净化器', '1', 'Tim沙龙', '0', null, null, '24', '家用电器', '50', '生活电器', '66', '进化器', null, '0', '0', '1088.00', '2017-09-26 17:36:15', '/Storage/Shop/1/Products/1161', '');
INSERT INTO `himall_searchproducts` VALUES ('138', '1162', '科沃斯地宝灵犀扫地机器人', '1', 'Tim沙龙', '0', null, null, '24', '家用电器', '50', '生活电器', '65', '吸尘器', null, '0', '0', '900.00', '2017-09-26 17:38:50', '/Storage/Shop/1/Products/1162', '');
INSERT INTO `himall_searchproducts` VALUES ('139', '1163', '德瑞仕破壁料理机', '1', 'Tim沙龙', '0', null, null, '24', '家用电器', '49', '厨卫大电', '161', '料理机', null, '0', '0', '1500.00', '2017-09-26 17:45:14', '/Storage/Shop/1/Products/1163', '');
INSERT INTO `himall_searchproducts` VALUES ('140', '1164', '1', '1', 'Tim沙龙', '324', '欧莱雅', '/Storage/Plat/Brand/logo_324.jpg', '20', '个护化妆、清洁用品', '21', '面部护肤', '22', '洁面', '836,838', '0', '0', '1.00', '2017-09-26 20:55:30', '/Storage/Shop/1/Products/1164', '');
INSERT INTO `himall_searchproducts` VALUES ('152', '1274', '1111', '1', 'Ti2222222', '0', null, null, '1', '食品、酒类、特产', '2', '坚果', '3', '松子', null, '0', '0', '1111.00', '2017-11-01 14:44:11', '/Storage/Shop/1/Products/1274', '');

-- ----------------------------
-- Table structure for `himall_segmentwords`
-- ----------------------------
DROP TABLE IF EXISTS `himall_segmentwords`;
CREATE TABLE `himall_segmentwords` (
  `Id` bigint(20) NOT NULL AUTO_INCREMENT,
  `Word` varchar(50) NOT NULL COMMENT '分词',
  PRIMARY KEY (`Id`),
  KEY `IX_Word` (`Word`) USING BTREE,
  FULLTEXT KEY `IX_FT_Word` (`Word`)
) ENGINE=InnoDB AUTO_INCREMENT=498 DEFAULT CHARSET=utf8;

-- ----------------------------
-- Records of himall_segmentwords
-- ----------------------------

-- ----------------------------
-- Table structure for `himall_sellerspecificationvalues`
-- ----------------------------
DROP TABLE IF EXISTS `himall_sellerspecificationvalues`;
CREATE TABLE `himall_sellerspecificationvalues` (
  `Id` bigint(20) NOT NULL AUTO_INCREMENT,
  `ShopId` bigint(20) NOT NULL COMMENT '店铺ID',
  `ValueId` bigint(20) NOT NULL COMMENT '规格值ID',
  `Specification` int(11) NOT NULL COMMENT '规格（颜色、尺寸、版本）',
  `TypeId` bigint(20) NOT NULL COMMENT '类型ID',
  `Value` varchar(100) NOT NULL COMMENT '商家的规格值',
  PRIMARY KEY (`Id`),
  KEY `FK_SpecificationValue_SellerSpecificationValue` (`ValueId`) USING BTREE,
  CONSTRAINT `himall_sellerspecificationvalues_ibfk_1` FOREIGN KEY (`ValueId`) REFERENCES `himall_specificationvalues` (`Id`) ON DELETE CASCADE
) ENGINE=InnoDB AUTO_INCREMENT=42 DEFAULT CHARSET=utf8 ROW_FORMAT=COMPACT;

-- ----------------------------
-- Records of himall_sellerspecificationvalues
-- ----------------------------

-- ----------------------------
-- Table structure for `himall_sendmessagerecord`
-- ----------------------------
DROP TABLE IF EXISTS `himall_sendmessagerecord`;
CREATE TABLE `himall_sendmessagerecord` (
  `Id` bigint(20) NOT NULL AUTO_INCREMENT,
  `MessageType` int(11) NOT NULL COMMENT '消息类别',
  `ContentType` int(11) NOT NULL COMMENT '内容类型',
  `SendContent` varchar(600) NOT NULL COMMENT '发送内容',
  `ToUserLabel` varchar(200) DEFAULT NULL COMMENT '发送对象',
  `SendState` int(11) DEFAULT NULL COMMENT '发送状态',
  `SendTime` datetime DEFAULT NULL COMMENT '发送时间',
  PRIMARY KEY (`Id`)
) ENGINE=InnoDB AUTO_INCREMENT=61 DEFAULT CHARSET=utf8;

-- ----------------------------
-- Records of himall_sendmessagerecord
-- ----------------------------

-- ----------------------------
-- Table structure for `himall_sendmessagerecordcoupon`
-- ----------------------------
DROP TABLE IF EXISTS `himall_sendmessagerecordcoupon`;
CREATE TABLE `himall_sendmessagerecordcoupon` (
  `Id` bigint(20) NOT NULL AUTO_INCREMENT,
  `MessageId` bigint(20) NOT NULL,
  `CouponId` bigint(20) NOT NULL,
  PRIMARY KEY (`Id`),
  KEY `FK_Reference_message` (`MessageId`),
  KEY `FK_Reference_messageCoupon` (`CouponId`),
  CONSTRAINT `FK_Reference_message` FOREIGN KEY (`MessageId`) REFERENCES `himall_sendmessagerecord` (`Id`),
  CONSTRAINT `FK_Reference_messageCoupon` FOREIGN KEY (`CouponId`) REFERENCES `himall_coupon` (`Id`)
) ENGINE=InnoDB AUTO_INCREMENT=45 DEFAULT CHARSET=utf8 COMMENT='发送优惠券详细';

-- ----------------------------
-- Records of himall_sendmessagerecordcoupon
-- ----------------------------

-- ----------------------------
-- Table structure for `himall_sendmessagerecordcouponsn`
-- ----------------------------
DROP TABLE IF EXISTS `himall_sendmessagerecordcouponsn`;
CREATE TABLE `himall_sendmessagerecordcouponsn` (
  `Id` bigint(20) NOT NULL AUTO_INCREMENT,
  `MessageId` bigint(20) NOT NULL,
  `CouponSN` varchar(50) NOT NULL,
  PRIMARY KEY (`Id`)
) ENGINE=InnoDB AUTO_INCREMENT=27 DEFAULT CHARSET=utf8;

-- ----------------------------
-- Records of himall_sendmessagerecordcouponsn
-- ----------------------------

-- ----------------------------
-- Table structure for `himall_sensitivewords`
-- ----------------------------
DROP TABLE IF EXISTS `himall_sensitivewords`;
CREATE TABLE `himall_sensitivewords` (
  `Id` int(4) NOT NULL AUTO_INCREMENT COMMENT '编号',
  `SensitiveWord` varchar(100) DEFAULT NULL COMMENT '敏感词',
  `CategoryName` varchar(100) DEFAULT NULL COMMENT '敏感词类别',
  PRIMARY KEY (`Id`),
  KEY `Id` (`Id`) USING BTREE
) ENGINE=InnoDB DEFAULT CHARSET=utf8 ROW_FORMAT=COMPACT;

-- ----------------------------
-- Records of himall_sensitivewords
-- ----------------------------

-- ----------------------------
-- Table structure for `himall_settled`
-- ----------------------------
DROP TABLE IF EXISTS `himall_settled`;
CREATE TABLE `himall_settled` (
  `ID` bigint(20) NOT NULL AUTO_INCREMENT,
  `BusinessType` int(11) NOT NULL COMMENT '商家类型 0、仅企业可入驻；1、仅个人可入驻；2、企业和个人均可',
  `SettlementAccountType` int(11) NOT NULL COMMENT '商家结算类型 0、仅银行账户；1、仅微信账户；2、银行账户及微信账户均可',
  `TrialDays` int(11) NOT NULL COMMENT '试用天数',
  `IsCity` int(11) NOT NULL COMMENT '地址必填 0、非必填；1、必填',
  `IsPeopleNumber` int(11) NOT NULL COMMENT '人数必填 0、非必填；1、必填',
  `IsAddress` int(11) NOT NULL COMMENT '详细地址必填 0、非必填；1、必填',
  `IsBusinessLicenseCode` int(11) NOT NULL COMMENT '营业执照号必填 0、非必填；1、必填',
  `IsBusinessScope` int(11) NOT NULL COMMENT '经营范围必填 0、非必填；1、必填',
  `IsBusinessLicense` int(11) NOT NULL COMMENT '营业执照必填 0、非必填；1、必填',
  `IsAgencyCode` int(11) NOT NULL COMMENT '机构代码必填 0、非必填；1、必填',
  `IsAgencyCodeLicense` int(11) NOT NULL COMMENT '机构代码证必填 0、非必填；1、必填',
  `IsTaxpayerToProve` int(11) NOT NULL COMMENT '纳税人证明必填 0、非必填；1、必填',
  `CompanyVerificationType` int(11) NOT NULL COMMENT '验证类型 0、验证手机；1、验证邮箱；2、均需验证',
  `IsSName` int(11) NOT NULL COMMENT '个人姓名必填 0、非必填；1、必填',
  `IsSCity` int(11) NOT NULL COMMENT '个人地址必填 0、非必填；1、必填',
  `IsSAddress` int(11) NOT NULL COMMENT '个人详细地址必填 0、非必填；1、必填',
  `IsSIDCard` int(11) NOT NULL COMMENT '个人身份证必填 0、非必填；1、必填',
  `IsSIdCardUrl` int(11) NOT NULL COMMENT '个人身份证上传 0、非必填；1、必填',
  `SelfVerificationType` int(11) NOT NULL COMMENT '个人验证类型 0、验证手机；1、验证邮箱；2、均需验证',
  PRIMARY KEY (`ID`)
) ENGINE=InnoDB AUTO_INCREMENT=3 DEFAULT CHARSET=utf8 COMMENT='入驻设置';

-- ----------------------------
-- Records of himall_settled
-- ----------------------------
INSERT INTO `himall_settled` VALUES ('2', '2', '2', '360', '1', '1', '1', '1', '1', '1', '1', '1', '1', '0', '1', '1', '1', '1', '1', '0');

-- ----------------------------
-- Table structure for `himall_shippingaddresses`
-- ----------------------------
DROP TABLE IF EXISTS `himall_shippingaddresses`;
CREATE TABLE `himall_shippingaddresses` (
  `Id` bigint(20) NOT NULL AUTO_INCREMENT,
  `UserId` bigint(20) NOT NULL COMMENT '用户ID',
  `RegionId` int(11) NOT NULL COMMENT '区域ID',
  `ShipTo` varchar(100) NOT NULL COMMENT '收货人',
  `Address` varchar(100) NOT NULL COMMENT '收货具体街道信息',
  `Phone` varchar(100) NOT NULL COMMENT '收货人电话',
  `IsDefault` tinyint(1) NOT NULL COMMENT '是否为默认',
  `IsQuick` tinyint(1) NOT NULL COMMENT '是否为轻松购地址',
  `Longitude` float DEFAULT NULL COMMENT '经度',
  `Latitude` float DEFAULT NULL COMMENT '纬度',
  PRIMARY KEY (`Id`),
  KEY `FK_Member_ShippingAddress` (`UserId`) USING BTREE,
  CONSTRAINT `himall_shippingaddresses_ibfk_1` FOREIGN KEY (`UserId`) REFERENCES `himall_members` (`Id`) ON DELETE CASCADE
) ENGINE=InnoDB AUTO_INCREMENT=282 DEFAULT CHARSET=utf8 ROW_FORMAT=COMPACT;

-- ----------------------------
-- Records of himall_shippingaddresses
-- ----------------------------
INSERT INTO `himall_shippingaddresses` VALUES ('153', '569', '27073', '小蘑菇', '湖南大剧院19楼', '181111', '1', '0', null, null);
INSERT INTO `himall_shippingaddresses` VALUES ('272', '698', '3', '11', '地址', '1', '0', '0', null, null);
INSERT INTO `himall_shippingaddresses` VALUES ('273', '702', '1954', '张三', '某巷某号', '18888888888', '1', '0', null, null);

-- ----------------------------
-- Table structure for `himall_shopaccount`
-- ----------------------------
DROP TABLE IF EXISTS `himall_shopaccount`;
CREATE TABLE `himall_shopaccount` (
  `Id` bigint(20) NOT NULL AUTO_INCREMENT COMMENT '编号',
  `ShopId` bigint(20) NOT NULL COMMENT '店铺Id',
  `ShopName` varchar(100) NOT NULL COMMENT '店铺名称',
  `Balance` decimal(18,2) NOT NULL DEFAULT '0.00' COMMENT '帐户余额',
  `PendingSettlement` decimal(18,2) NOT NULL DEFAULT '0.00' COMMENT '待结算',
  `Settled` decimal(18,2) NOT NULL DEFAULT '0.00' COMMENT '已结算',
  PRIMARY KEY (`Id`)
) ENGINE=InnoDB AUTO_INCREMENT=69 DEFAULT CHARSET=utf8 COMMENT='店铺资金表';

-- ----------------------------
-- Records of himall_shopaccount
-- ----------------------------
INSERT INTO `himall_shopaccount` VALUES ('1', '1', '官方旗舰店', '592.20', '0.00', '592.20');
INSERT INTO `himall_shopaccount` VALUES ('53', '369', '111商铺', '0.00', '0.00', '0.00');
INSERT INTO `himall_shopaccount` VALUES ('55', '372', '绝1111', '0.00', '0.73', '0.00');
INSERT INTO `himall_shopaccount` VALUES ('56', '373', '展1111', '0.00', '0.00', '0.00');
INSERT INTO `himall_shopaccount` VALUES ('57', '374', '坤1111', '0.00', '0.00', '0.00');
INSERT INTO `himall_shopaccount` VALUES ('58', '375', '小111', '0.00', '0.00', '0.00');
INSERT INTO `himall_shopaccount` VALUES ('59', '376', '丰彩', '0.00', '0.00', '0.00');
INSERT INTO `himall_shopaccount` VALUES ('60', '377', '小样', '0.00', '0.00', '0.00');
INSERT INTO `himall_shopaccount` VALUES ('61', '379', '一1111', '0.00', '0.00', '0.00');
INSERT INTO `himall_shopaccount` VALUES ('62', '381', '大1111', '0.00', '0.00', '0.00');
INSERT INTO `himall_shopaccount` VALUES ('63', '382', '欣11111', '0.00', '0.00', '0.00');
INSERT INTO `himall_shopaccount` VALUES ('64', '383', '苹1111', '0.00', '0.00', '0.00');
INSERT INTO `himall_shopaccount` VALUES ('65', '384', '深1111', '0.00', '0.00', '0.00');
INSERT INTO `himall_shopaccount` VALUES ('66', '385', '铭1111', '0.00', '0.00', '0.00');
INSERT INTO `himall_shopaccount` VALUES ('67', '386', '畅', '0.00', '0.00', '0.00');
INSERT INTO `himall_shopaccount` VALUES ('68', '387', 'songyicheng', '0.00', '0.00', '0.00');

-- ----------------------------
-- Table structure for `himall_shopaccountitem`
-- ----------------------------
DROP TABLE IF EXISTS `himall_shopaccountitem`;
CREATE TABLE `himall_shopaccountitem` (
  `Id` bigint(20) NOT NULL AUTO_INCREMENT COMMENT '编号',
  `ShopId` bigint(20) NOT NULL COMMENT '店铺ID',
  `ShopName` varchar(100) NOT NULL COMMENT '店铺名称',
  `AccountNo` varchar(50) NOT NULL COMMENT '交易流水号',
  `AccoutID` bigint(20) NOT NULL COMMENT '关联资金编号',
  `CreateTime` datetime NOT NULL COMMENT '创建时间',
  `Amount` decimal(18,2) NOT NULL DEFAULT '0.00' COMMENT '金额',
  `Balance` decimal(18,2) NOT NULL DEFAULT '0.00' COMMENT '帐户剩余',
  `TradeType` int(4) NOT NULL DEFAULT '0' COMMENT '交易类型',
  `IsIncome` bit(1) NOT NULL COMMENT '是否收入',
  `ReMark` varchar(1000) DEFAULT NULL COMMENT '交易备注',
  `DetailId` varchar(100) DEFAULT NULL COMMENT '详情ID',
  `SettlementCycle` int(11) NOT NULL COMMENT '结算周期(以天为单位)(冗余字段)',
  PRIMARY KEY (`Id`),
  KEY `FK_Himall_Shtem_AccoutID` (`AccoutID`),
  CONSTRAINT `FK_Himall_Shtem_AccoutID` FOREIGN KEY (`AccoutID`) REFERENCES `himall_shopaccount` (`Id`)
) ENGINE=InnoDB DEFAULT CHARSET=utf8 COMMENT='店铺资金流水表';

-- ----------------------------
-- Records of himall_shopaccountitem
-- ----------------------------

-- ----------------------------
-- Table structure for `himall_shopbonus`
-- ----------------------------
DROP TABLE IF EXISTS `himall_shopbonus`;
CREATE TABLE `himall_shopbonus` (
  `Id` bigint(20) NOT NULL AUTO_INCREMENT,
  `ShopId` bigint(20) NOT NULL,
  `Name` varchar(40) NOT NULL,
  `Count` int(11) NOT NULL COMMENT '红包数量',
  `RandomAmountStart` decimal(18,2) NOT NULL COMMENT '随机范围Start',
  `RandomAmountEnd` decimal(18,2) NOT NULL COMMENT '随机范围End',
  `UseState` int(11) NOT NULL COMMENT '1:满X元使用  2：没有限制',
  `UsrStatePrice` decimal(18,2) NOT NULL COMMENT '满多少元',
  `GrantPrice` decimal(18,2) NOT NULL COMMENT '满多少元才发放红包',
  `DateStart` datetime NOT NULL,
  `DateEnd` datetime NOT NULL,
  `BonusDateStart` datetime NOT NULL,
  `BonusDateEnd` datetime NOT NULL,
  `ShareTitle` varchar(30) NOT NULL COMMENT '分享',
  `ShareDetail` varchar(150) NOT NULL COMMENT '分享',
  `ShareImg` varchar(200) NOT NULL COMMENT '分享',
  `SynchronizeCard` tinyint(1) NOT NULL COMMENT '是否同步到微信卡包，是的话才出现微信卡卷相关UI',
  `CardTitle` varchar(30) DEFAULT NULL COMMENT '微信卡卷相关',
  `CardColor` varchar(20) DEFAULT NULL COMMENT '微信卡卷相关',
  `CardSubtitle` varchar(30) DEFAULT NULL COMMENT '微信卡卷相关',
  `IsInvalid` tinyint(1) NOT NULL COMMENT '是否失效',
  `ReceiveCount` int(11) DEFAULT NULL COMMENT '领取数量',
  `QRPath` varchar(80) NOT NULL COMMENT '二维码路径',
  `WXCardState` int(255) NOT NULL COMMENT '微信卡卷审核状态',
  PRIMARY KEY (`Id`),
  KEY `FK_zzzShopId` (`ShopId`) USING BTREE,
  CONSTRAINT `FK_zzzShopId` FOREIGN KEY (`ShopId`) REFERENCES `himall_shops` (`Id`)
) ENGINE=InnoDB AUTO_INCREMENT=17 DEFAULT CHARSET=utf8 ROW_FORMAT=COMPACT;

-- ----------------------------
-- Records of himall_shopbonus
-- ----------------------------
INSERT INTO `himall_shopbonus` VALUES ('8', '1', '情人节领红包', '520', '1.00', '5.20', '2', '52.00', '0.00', '2017-02-14 00:00:00', '2017-02-15 23:59:59', '2017-02-15 00:00:00', '2017-04-01 23:59:59', '情人节只送红包', '情人节领取52元钱红包', '/Storage/Shop/Bonus/61cd62c4-18ca-45f2-8377-62b4bec37ed5.png', '1', '情人节红包', 'Color101', null, '0', '0', '', '0');

-- ----------------------------
-- Table structure for `himall_shopbonusgrant`
-- ----------------------------
DROP TABLE IF EXISTS `himall_shopbonusgrant`;
CREATE TABLE `himall_shopbonusgrant` (
  `Id` bigint(20) NOT NULL AUTO_INCREMENT,
  `ShopBonusId` bigint(20) NOT NULL COMMENT '红包Id',
  `UserId` bigint(20) NOT NULL COMMENT '发放人',
  `OrderId` bigint(20) NOT NULL,
  `BonusQR` varchar(255) NOT NULL,
  PRIMARY KEY (`Id`),
  KEY `FK_ShopBonusId` (`ShopBonusId`) USING BTREE,
  KEY `FK_zzzUserID` (`UserId`) USING BTREE,
  CONSTRAINT `FK_ShopBonusId` FOREIGN KEY (`ShopBonusId`) REFERENCES `himall_shopbonus` (`Id`),
  CONSTRAINT `FK_zzzUserID` FOREIGN KEY (`UserId`) REFERENCES `himall_members` (`Id`)
) ENGINE=InnoDB AUTO_INCREMENT=116 DEFAULT CHARSET=utf8 ROW_FORMAT=COMPACT;

-- ----------------------------
-- Records of himall_shopbonusgrant
-- ----------------------------
INSERT INTO `himall_shopbonusgrant` VALUES ('39', '8', '569', '2017021494607403', '/Storage/ShopbonusGrant/ShopBonusShareCode/hare20170214025928.jpg');
INSERT INTO `himall_shopbonusgrant` VALUES ('40', '8', '569', '2017021440970743', '/Storage/ShopbonusGrant/ShopBonusShareCode/hare20170214025949.jpg');

-- ----------------------------
-- Table structure for `himall_shopbonusreceive`
-- ----------------------------
DROP TABLE IF EXISTS `himall_shopbonusreceive`;
CREATE TABLE `himall_shopbonusreceive` (
  `Id` bigint(20) NOT NULL AUTO_INCREMENT,
  `BonusGrantId` bigint(20) NOT NULL COMMENT '红包Id',
  `OpenId` varchar(100) DEFAULT NULL,
  `Price` decimal(18,2) DEFAULT NULL COMMENT '面额',
  `State` int(11) NOT NULL COMMENT '1.未使用  2.已使用  3.已过期',
  `ReceiveTime` datetime DEFAULT NULL COMMENT '领取时间',
  `UsedTime` datetime DEFAULT NULL COMMENT '使用时间',
  `UserId` bigint(20) DEFAULT NULL COMMENT 'UserID',
  `UsedOrderId` bigint(20) DEFAULT NULL COMMENT '使用的订单号',
  `WXName` varchar(30) DEFAULT NULL,
  `WXHead` varchar(255) DEFAULT NULL,
  PRIMARY KEY (`Id`),
  KEY `FK_BonusGrantId` (`BonusGrantId`) USING BTREE,
  KEY `FK_useUserID` (`UserId`) USING BTREE,
  CONSTRAINT `FK_BonusGrantId` FOREIGN KEY (`BonusGrantId`) REFERENCES `himall_shopbonusgrant` (`Id`),
  CONSTRAINT `FK_useUserID` FOREIGN KEY (`UserId`) REFERENCES `himall_members` (`Id`)
) ENGINE=InnoDB AUTO_INCREMENT=19686 DEFAULT CHARSET=utf8 ROW_FORMAT=COMPACT;

-- ----------------------------
-- Records of himall_shopbonusreceive
-- ----------------------------
INSERT INTO `himall_shopbonusreceive` VALUES ('17251', '39', null, '4.16', '1', null, null, null, null, null, null);
INSERT INTO `himall_shopbonusreceive` VALUES ('17252', '39', null, '1.16', '1', null, null, null, null, null, null);
INSERT INTO `himall_shopbonusreceive` VALUES ('17253', '39', null, '3.17', '1', null, null, null, null, null, null);
INSERT INTO `himall_shopbonusreceive` VALUES ('17254', '39', null, '2.14', '1', null, null, null, null, null, null);
INSERT INTO `himall_shopbonusreceive` VALUES ('17255', '39', null, '1.03', '1', null, null, null, null, null, null);
INSERT INTO `himall_shopbonusreceive` VALUES ('17256', '39', null, '4.14', '1', null, null, null, null, null, null);
INSERT INTO `himall_shopbonusreceive` VALUES ('17257', '39', null, '4.09', '1', null, null, null, null, null, null);
INSERT INTO `himall_shopbonusreceive` VALUES ('17258', '39', null, '1.06', '1', null, null, null, null, null, null);
INSERT INTO `himall_shopbonusreceive` VALUES ('17259', '39', null, '2.17', '1', null, null, null, null, null, null);
INSERT INTO `himall_shopbonusreceive` VALUES ('17260', '39', null, '1.04', '1', null, null, null, null, null, null);
INSERT INTO `himall_shopbonusreceive` VALUES ('17261', '39', null, '4.06', '1', null, null, null, null, null, null);
INSERT INTO `himall_shopbonusreceive` VALUES ('17262', '39', null, '3.01', '1', null, null, null, null, null, null);
INSERT INTO `himall_shopbonusreceive` VALUES ('17263', '39', null, '2.08', '1', null, null, null, null, null, null);
INSERT INTO `himall_shopbonusreceive` VALUES ('17264', '39', null, '4.05', '1', null, null, null, null, null, null);
INSERT INTO `himall_shopbonusreceive` VALUES ('17265', '39', null, '2.06', '1', null, null, null, null, null, null);
INSERT INTO `himall_shopbonusreceive` VALUES ('17266', '39', null, '2.07', '1', null, null, null, null, null, null);
INSERT INTO `himall_shopbonusreceive` VALUES ('17267', '39', null, '2.16', '1', null, null, null, null, null, null);
INSERT INTO `himall_shopbonusreceive` VALUES ('17268', '39', null, '4.14', '1', null, null, null, null, null, null);
INSERT INTO `himall_shopbonusreceive` VALUES ('17269', '39', null, '2.10', '1', null, null, null, null, null, null);
INSERT INTO `himall_shopbonusreceive` VALUES ('17270', '39', null, '3.10', '1', null, null, null, null, null, null);
INSERT INTO `himall_shopbonusreceive` VALUES ('17271', '39', null, '4.18', '1', null, null, null, null, null, null);
INSERT INTO `himall_shopbonusreceive` VALUES ('17272', '39', null, '1.19', '1', null, null, null, null, null, null);
INSERT INTO `himall_shopbonusreceive` VALUES ('17273', '39', null, '1.19', '1', null, null, null, null, null, null);
INSERT INTO `himall_shopbonusreceive` VALUES ('17274', '39', null, '4.01', '1', null, null, null, null, null, null);
INSERT INTO `himall_shopbonusreceive` VALUES ('17275', '39', null, '2.13', '1', null, null, null, null, null, null);
INSERT INTO `himall_shopbonusreceive` VALUES ('17276', '39', null, '1.03', '1', null, null, null, null, null, null);
INSERT INTO `himall_shopbonusreceive` VALUES ('17277', '39', null, '1.14', '1', null, null, null, null, null, null);
INSERT INTO `himall_shopbonusreceive` VALUES ('17278', '39', null, '1.12', '1', null, null, null, null, null, null);
INSERT INTO `himall_shopbonusreceive` VALUES ('17279', '39', null, '1.04', '1', null, null, null, null, null, null);
INSERT INTO `himall_shopbonusreceive` VALUES ('17280', '39', null, '2.06', '1', null, null, null, null, null, null);
INSERT INTO `himall_shopbonusreceive` VALUES ('17281', '39', null, '1.05', '1', null, null, null, null, null, null);
INSERT INTO `himall_shopbonusreceive` VALUES ('17282', '39', null, '2.18', '1', null, null, null, null, null, null);
INSERT INTO `himall_shopbonusreceive` VALUES ('17283', '39', null, '4.12', '1', null, null, null, null, null, null);
INSERT INTO `himall_shopbonusreceive` VALUES ('17284', '39', null, '2.03', '1', null, null, null, null, null, null);
INSERT INTO `himall_shopbonusreceive` VALUES ('17285', '39', null, '2.07', '1', null, null, null, null, null, null);
INSERT INTO `himall_shopbonusreceive` VALUES ('17286', '39', null, '4.18', '1', null, null, null, null, null, null);
INSERT INTO `himall_shopbonusreceive` VALUES ('17287', '39', null, '2.12', '1', null, null, null, null, null, null);
INSERT INTO `himall_shopbonusreceive` VALUES ('17288', '39', null, '2.19', '1', null, null, null, null, null, null);
INSERT INTO `himall_shopbonusreceive` VALUES ('17289', '39', null, '1.15', '1', null, null, null, null, null, null);
INSERT INTO `himall_shopbonusreceive` VALUES ('17290', '39', null, '4.09', '1', null, null, null, null, null, null);
INSERT INTO `himall_shopbonusreceive` VALUES ('17291', '39', null, '3.17', '1', null, null, null, null, null, null);
INSERT INTO `himall_shopbonusreceive` VALUES ('17292', '39', null, '4.12', '1', null, null, null, null, null, null);
INSERT INTO `himall_shopbonusreceive` VALUES ('17293', '39', null, '1.04', '1', null, null, null, null, null, null);
INSERT INTO `himall_shopbonusreceive` VALUES ('17294', '39', null, '2.14', '1', null, null, null, null, null, null);
INSERT INTO `himall_shopbonusreceive` VALUES ('17295', '39', null, '3.08', '1', null, null, null, null, null, null);
INSERT INTO `himall_shopbonusreceive` VALUES ('17296', '39', null, '3.04', '1', null, null, null, null, null, null);
INSERT INTO `himall_shopbonusreceive` VALUES ('17297', '39', null, '1.05', '1', null, null, null, null, null, null);
INSERT INTO `himall_shopbonusreceive` VALUES ('17298', '39', null, '3.11', '1', null, null, null, null, null, null);
INSERT INTO `himall_shopbonusreceive` VALUES ('17299', '39', null, '3.06', '1', null, null, null, null, null, null);
INSERT INTO `himall_shopbonusreceive` VALUES ('17300', '39', null, '1.12', '1', null, null, null, null, null, null);
INSERT INTO `himall_shopbonusreceive` VALUES ('17301', '39', null, '3.13', '1', null, null, null, null, null, null);
INSERT INTO `himall_shopbonusreceive` VALUES ('17302', '39', null, '3.19', '1', null, null, null, null, null, null);
INSERT INTO `himall_shopbonusreceive` VALUES ('17303', '39', null, '3.05', '1', null, null, null, null, null, null);
INSERT INTO `himall_shopbonusreceive` VALUES ('17304', '39', null, '4.09', '1', null, null, null, null, null, null);
INSERT INTO `himall_shopbonusreceive` VALUES ('17305', '39', null, '2.04', '1', null, null, null, null, null, null);
INSERT INTO `himall_shopbonusreceive` VALUES ('17306', '39', null, '2.07', '1', null, null, null, null, null, null);
INSERT INTO `himall_shopbonusreceive` VALUES ('17307', '39', null, '2.18', '1', null, null, null, null, null, null);
INSERT INTO `himall_shopbonusreceive` VALUES ('17308', '39', null, '3.03', '1', null, null, null, null, null, null);
INSERT INTO `himall_shopbonusreceive` VALUES ('17309', '39', null, '2.15', '1', null, null, null, null, null, null);
INSERT INTO `himall_shopbonusreceive` VALUES ('17310', '39', null, '4.12', '1', null, null, null, null, null, null);
INSERT INTO `himall_shopbonusreceive` VALUES ('17311', '39', null, '2.11', '1', null, null, null, null, null, null);
INSERT INTO `himall_shopbonusreceive` VALUES ('17312', '39', null, '2.01', '1', null, null, null, null, null, null);
INSERT INTO `himall_shopbonusreceive` VALUES ('17313', '39', null, '3.16', '1', null, null, null, null, null, null);
INSERT INTO `himall_shopbonusreceive` VALUES ('17314', '39', null, '4.02', '1', null, null, null, null, null, null);
INSERT INTO `himall_shopbonusreceive` VALUES ('17315', '39', null, '1.18', '1', null, null, null, null, null, null);
INSERT INTO `himall_shopbonusreceive` VALUES ('17316', '39', null, '2.16', '1', null, null, null, null, null, null);
INSERT INTO `himall_shopbonusreceive` VALUES ('17317', '39', null, '3.04', '1', null, null, null, null, null, null);
INSERT INTO `himall_shopbonusreceive` VALUES ('17318', '39', null, '4.19', '1', null, null, null, null, null, null);
INSERT INTO `himall_shopbonusreceive` VALUES ('17319', '39', null, '2.01', '1', null, null, null, null, null, null);
INSERT INTO `himall_shopbonusreceive` VALUES ('17320', '39', null, '4.17', '1', null, null, null, null, null, null);
INSERT INTO `himall_shopbonusreceive` VALUES ('17321', '39', null, '2.16', '1', null, null, null, null, null, null);
INSERT INTO `himall_shopbonusreceive` VALUES ('17322', '39', null, '2.09', '1', null, null, null, null, null, null);
INSERT INTO `himall_shopbonusreceive` VALUES ('17323', '39', null, '4.06', '1', null, null, null, null, null, null);
INSERT INTO `himall_shopbonusreceive` VALUES ('17324', '39', null, '4.05', '1', null, null, null, null, null, null);
INSERT INTO `himall_shopbonusreceive` VALUES ('17325', '39', null, '3.07', '1', null, null, null, null, null, null);
INSERT INTO `himall_shopbonusreceive` VALUES ('17326', '39', null, '2.15', '1', null, null, null, null, null, null);
INSERT INTO `himall_shopbonusreceive` VALUES ('17327', '39', null, '2.11', '1', null, null, null, null, null, null);
INSERT INTO `himall_shopbonusreceive` VALUES ('17328', '39', null, '2.03', '1', null, null, null, null, null, null);
INSERT INTO `himall_shopbonusreceive` VALUES ('17329', '39', null, '1.11', '1', null, null, null, null, null, null);
INSERT INTO `himall_shopbonusreceive` VALUES ('17330', '39', null, '1.18', '1', null, null, null, null, null, null);
INSERT INTO `himall_shopbonusreceive` VALUES ('17331', '39', null, '2.13', '1', null, null, null, null, null, null);
INSERT INTO `himall_shopbonusreceive` VALUES ('17332', '39', null, '2.07', '1', null, null, null, null, null, null);
INSERT INTO `himall_shopbonusreceive` VALUES ('17333', '39', null, '3.13', '1', null, null, null, null, null, null);
INSERT INTO `himall_shopbonusreceive` VALUES ('17334', '39', null, '3.04', '1', null, null, null, null, null, null);
INSERT INTO `himall_shopbonusreceive` VALUES ('17335', '39', null, '1.14', '1', null, null, null, null, null, null);
INSERT INTO `himall_shopbonusreceive` VALUES ('17336', '39', null, '4.05', '1', null, null, null, null, null, null);
INSERT INTO `himall_shopbonusreceive` VALUES ('17337', '39', null, '4.19', '1', null, null, null, null, null, null);
INSERT INTO `himall_shopbonusreceive` VALUES ('17338', '39', null, '1.11', '1', null, null, null, null, null, null);
INSERT INTO `himall_shopbonusreceive` VALUES ('17339', '39', null, '1.01', '1', null, null, null, null, null, null);
INSERT INTO `himall_shopbonusreceive` VALUES ('17340', '39', null, '1.09', '1', null, null, null, null, null, null);
INSERT INTO `himall_shopbonusreceive` VALUES ('17341', '39', null, '1.11', '1', null, null, null, null, null, null);
INSERT INTO `himall_shopbonusreceive` VALUES ('17342', '39', null, '2.15', '1', null, null, null, null, null, null);
INSERT INTO `himall_shopbonusreceive` VALUES ('17343', '39', null, '3.13', '1', null, null, null, null, null, null);
INSERT INTO `himall_shopbonusreceive` VALUES ('17344', '39', null, '2.01', '1', null, null, null, null, null, null);
INSERT INTO `himall_shopbonusreceive` VALUES ('17345', '39', null, '4.13', '1', null, null, null, null, null, null);
INSERT INTO `himall_shopbonusreceive` VALUES ('17346', '39', null, '4.15', '1', null, null, null, null, null, null);
INSERT INTO `himall_shopbonusreceive` VALUES ('17347', '39', null, '4.01', '1', null, null, null, null, null, null);
INSERT INTO `himall_shopbonusreceive` VALUES ('17348', '39', null, '2.15', '1', null, null, null, null, null, null);
INSERT INTO `himall_shopbonusreceive` VALUES ('17349', '39', null, '2.03', '1', null, null, null, null, null, null);
INSERT INTO `himall_shopbonusreceive` VALUES ('17350', '39', null, '3.06', '1', null, null, null, null, null, null);
INSERT INTO `himall_shopbonusreceive` VALUES ('17351', '39', null, '3.12', '1', null, null, null, null, null, null);
INSERT INTO `himall_shopbonusreceive` VALUES ('17352', '39', null, '1.18', '1', null, null, null, null, null, null);
INSERT INTO `himall_shopbonusreceive` VALUES ('17353', '39', null, '2.01', '1', null, null, null, null, null, null);
INSERT INTO `himall_shopbonusreceive` VALUES ('17354', '39', null, '4.10', '1', null, null, null, null, null, null);
INSERT INTO `himall_shopbonusreceive` VALUES ('17355', '39', null, '2.14', '1', null, null, null, null, null, null);
INSERT INTO `himall_shopbonusreceive` VALUES ('17356', '39', null, '1.03', '1', null, null, null, null, null, null);
INSERT INTO `himall_shopbonusreceive` VALUES ('17357', '39', null, '2.15', '1', null, null, null, null, null, null);
INSERT INTO `himall_shopbonusreceive` VALUES ('17358', '39', null, '4.18', '1', null, null, null, null, null, null);
INSERT INTO `himall_shopbonusreceive` VALUES ('17359', '39', null, '1.12', '1', null, null, null, null, null, null);
INSERT INTO `himall_shopbonusreceive` VALUES ('17360', '39', null, '3.02', '1', null, null, null, null, null, null);
INSERT INTO `himall_shopbonusreceive` VALUES ('17361', '39', null, '2.14', '1', null, null, null, null, null, null);
INSERT INTO `himall_shopbonusreceive` VALUES ('17362', '39', null, '2.09', '1', null, null, null, null, null, null);
INSERT INTO `himall_shopbonusreceive` VALUES ('17363', '39', null, '4.03', '1', null, null, null, null, null, null);
INSERT INTO `himall_shopbonusreceive` VALUES ('17364', '39', null, '2.16', '1', null, null, null, null, null, null);
INSERT INTO `himall_shopbonusreceive` VALUES ('17365', '39', null, '3.08', '1', null, null, null, null, null, null);
INSERT INTO `himall_shopbonusreceive` VALUES ('17366', '39', null, '1.19', '1', null, null, null, null, null, null);
INSERT INTO `himall_shopbonusreceive` VALUES ('17367', '39', null, '2.15', '1', null, null, null, null, null, null);
INSERT INTO `himall_shopbonusreceive` VALUES ('17368', '39', null, '4.08', '1', null, null, null, null, null, null);
INSERT INTO `himall_shopbonusreceive` VALUES ('17369', '39', null, '2.12', '1', null, null, null, null, null, null);
INSERT INTO `himall_shopbonusreceive` VALUES ('17370', '39', null, '2.12', '1', null, null, null, null, null, null);
INSERT INTO `himall_shopbonusreceive` VALUES ('17371', '39', null, '3.17', '1', null, null, null, null, null, null);
INSERT INTO `himall_shopbonusreceive` VALUES ('17372', '39', null, '3.05', '1', null, null, null, null, null, null);
INSERT INTO `himall_shopbonusreceive` VALUES ('17373', '39', null, '3.12', '1', null, null, null, null, null, null);
INSERT INTO `himall_shopbonusreceive` VALUES ('17374', '39', null, '2.19', '1', null, null, null, null, null, null);
INSERT INTO `himall_shopbonusreceive` VALUES ('17375', '39', null, '1.08', '1', null, null, null, null, null, null);
INSERT INTO `himall_shopbonusreceive` VALUES ('17376', '39', null, '3.16', '1', null, null, null, null, null, null);
INSERT INTO `himall_shopbonusreceive` VALUES ('17377', '39', null, '2.13', '1', null, null, null, null, null, null);
INSERT INTO `himall_shopbonusreceive` VALUES ('17378', '39', null, '1.17', '1', null, null, null, null, null, null);
INSERT INTO `himall_shopbonusreceive` VALUES ('17379', '39', null, '2.12', '1', null, null, null, null, null, null);
INSERT INTO `himall_shopbonusreceive` VALUES ('17380', '39', null, '4.07', '1', null, null, null, null, null, null);
INSERT INTO `himall_shopbonusreceive` VALUES ('17381', '39', null, '3.03', '1', null, null, null, null, null, null);
INSERT INTO `himall_shopbonusreceive` VALUES ('17382', '39', null, '4.18', '1', null, null, null, null, null, null);
INSERT INTO `himall_shopbonusreceive` VALUES ('17383', '39', null, '3.02', '1', null, null, null, null, null, null);
INSERT INTO `himall_shopbonusreceive` VALUES ('17384', '39', null, '4.14', '1', null, null, null, null, null, null);
INSERT INTO `himall_shopbonusreceive` VALUES ('17385', '39', null, '4.09', '1', null, null, null, null, null, null);
INSERT INTO `himall_shopbonusreceive` VALUES ('17386', '39', null, '2.12', '1', null, null, null, null, null, null);
INSERT INTO `himall_shopbonusreceive` VALUES ('17387', '39', null, '2.02', '1', null, null, null, null, null, null);
INSERT INTO `himall_shopbonusreceive` VALUES ('17388', '39', null, '2.09', '1', null, null, null, null, null, null);
INSERT INTO `himall_shopbonusreceive` VALUES ('17389', '39', null, '4.02', '1', null, null, null, null, null, null);
INSERT INTO `himall_shopbonusreceive` VALUES ('17390', '39', null, '4.07', '1', null, null, null, null, null, null);
INSERT INTO `himall_shopbonusreceive` VALUES ('17391', '39', null, '4.09', '1', null, null, null, null, null, null);
INSERT INTO `himall_shopbonusreceive` VALUES ('17392', '39', null, '3.04', '1', null, null, null, null, null, null);
INSERT INTO `himall_shopbonusreceive` VALUES ('17393', '39', null, '4.06', '1', null, null, null, null, null, null);
INSERT INTO `himall_shopbonusreceive` VALUES ('17394', '39', null, '3.14', '1', null, null, null, null, null, null);
INSERT INTO `himall_shopbonusreceive` VALUES ('17395', '39', null, '3.01', '1', null, null, null, null, null, null);
INSERT INTO `himall_shopbonusreceive` VALUES ('17396', '39', null, '1.16', '1', null, null, null, null, null, null);
INSERT INTO `himall_shopbonusreceive` VALUES ('17397', '39', null, '3.18', '1', null, null, null, null, null, null);
INSERT INTO `himall_shopbonusreceive` VALUES ('17398', '39', null, '1.12', '1', null, null, null, null, null, null);
INSERT INTO `himall_shopbonusreceive` VALUES ('17399', '39', null, '4.15', '1', null, null, null, null, null, null);
INSERT INTO `himall_shopbonusreceive` VALUES ('17400', '39', null, '3.11', '1', null, null, null, null, null, null);
INSERT INTO `himall_shopbonusreceive` VALUES ('17401', '39', null, '4.12', '1', null, null, null, null, null, null);
INSERT INTO `himall_shopbonusreceive` VALUES ('17402', '39', null, '1.13', '1', null, null, null, null, null, null);
INSERT INTO `himall_shopbonusreceive` VALUES ('17403', '39', null, '4.19', '1', null, null, null, null, null, null);
INSERT INTO `himall_shopbonusreceive` VALUES ('17404', '39', null, '2.06', '1', null, null, null, null, null, null);
INSERT INTO `himall_shopbonusreceive` VALUES ('17405', '39', null, '2.12', '1', null, null, null, null, null, null);
INSERT INTO `himall_shopbonusreceive` VALUES ('17406', '39', null, '4.05', '1', null, null, null, null, null, null);
INSERT INTO `himall_shopbonusreceive` VALUES ('17407', '39', null, '4.13', '1', null, null, null, null, null, null);
INSERT INTO `himall_shopbonusreceive` VALUES ('17408', '39', null, '3.02', '1', null, null, null, null, null, null);
INSERT INTO `himall_shopbonusreceive` VALUES ('17409', '39', null, '2.14', '1', null, null, null, null, null, null);
INSERT INTO `himall_shopbonusreceive` VALUES ('17410', '39', null, '1.05', '1', null, null, null, null, null, null);
INSERT INTO `himall_shopbonusreceive` VALUES ('17411', '39', null, '3.03', '1', null, null, null, null, null, null);
INSERT INTO `himall_shopbonusreceive` VALUES ('17412', '39', null, '4.17', '1', null, null, null, null, null, null);
INSERT INTO `himall_shopbonusreceive` VALUES ('17413', '39', null, '2.13', '1', null, null, null, null, null, null);
INSERT INTO `himall_shopbonusreceive` VALUES ('17414', '39', null, '4.09', '1', null, null, null, null, null, null);
INSERT INTO `himall_shopbonusreceive` VALUES ('17415', '39', null, '1.15', '1', null, null, null, null, null, null);
INSERT INTO `himall_shopbonusreceive` VALUES ('17416', '39', null, '3.05', '1', null, null, null, null, null, null);
INSERT INTO `himall_shopbonusreceive` VALUES ('17417', '39', null, '2.06', '1', null, null, null, null, null, null);
INSERT INTO `himall_shopbonusreceive` VALUES ('17418', '39', null, '3.06', '1', null, null, null, null, null, null);
INSERT INTO `himall_shopbonusreceive` VALUES ('17419', '39', null, '2.01', '1', null, null, null, null, null, null);
INSERT INTO `himall_shopbonusreceive` VALUES ('17420', '39', null, '2.16', '1', null, null, null, null, null, null);
INSERT INTO `himall_shopbonusreceive` VALUES ('17421', '39', null, '4.05', '1', null, null, null, null, null, null);
INSERT INTO `himall_shopbonusreceive` VALUES ('17422', '39', null, '2.04', '1', null, null, null, null, null, null);
INSERT INTO `himall_shopbonusreceive` VALUES ('17423', '39', null, '1.17', '1', null, null, null, null, null, null);
INSERT INTO `himall_shopbonusreceive` VALUES ('17424', '39', null, '1.19', '1', null, null, null, null, null, null);
INSERT INTO `himall_shopbonusreceive` VALUES ('17425', '39', null, '2.19', '1', null, null, null, null, null, null);
INSERT INTO `himall_shopbonusreceive` VALUES ('17426', '39', null, '1.04', '1', null, null, null, null, null, null);
INSERT INTO `himall_shopbonusreceive` VALUES ('17427', '39', null, '3.09', '1', null, null, null, null, null, null);
INSERT INTO `himall_shopbonusreceive` VALUES ('17428', '39', null, '1.13', '1', null, null, null, null, null, null);
INSERT INTO `himall_shopbonusreceive` VALUES ('17429', '39', null, '3.05', '1', null, null, null, null, null, null);
INSERT INTO `himall_shopbonusreceive` VALUES ('17430', '39', null, '2.06', '1', null, null, null, null, null, null);
INSERT INTO `himall_shopbonusreceive` VALUES ('17431', '39', null, '1.01', '1', null, null, null, null, null, null);
INSERT INTO `himall_shopbonusreceive` VALUES ('17432', '39', null, '2.11', '1', null, null, null, null, null, null);
INSERT INTO `himall_shopbonusreceive` VALUES ('17433', '39', null, '1.12', '1', null, null, null, null, null, null);
INSERT INTO `himall_shopbonusreceive` VALUES ('17434', '39', null, '4.10', '1', null, null, null, null, null, null);
INSERT INTO `himall_shopbonusreceive` VALUES ('17435', '39', null, '1.05', '1', null, null, null, null, null, null);
INSERT INTO `himall_shopbonusreceive` VALUES ('17436', '39', null, '3.09', '1', null, null, null, null, null, null);
INSERT INTO `himall_shopbonusreceive` VALUES ('17437', '39', null, '2.06', '1', null, null, null, null, null, null);
INSERT INTO `himall_shopbonusreceive` VALUES ('17438', '39', null, '2.06', '1', null, null, null, null, null, null);
INSERT INTO `himall_shopbonusreceive` VALUES ('17439', '39', null, '3.15', '1', null, null, null, null, null, null);
INSERT INTO `himall_shopbonusreceive` VALUES ('17440', '39', null, '3.10', '1', null, null, null, null, null, null);
INSERT INTO `himall_shopbonusreceive` VALUES ('17441', '39', null, '3.01', '1', null, null, null, null, null, null);
INSERT INTO `himall_shopbonusreceive` VALUES ('17442', '39', null, '1.02', '1', null, null, null, null, null, null);
INSERT INTO `himall_shopbonusreceive` VALUES ('17443', '39', null, '3.06', '1', null, null, null, null, null, null);
INSERT INTO `himall_shopbonusreceive` VALUES ('17444', '39', null, '3.19', '1', null, null, null, null, null, null);
INSERT INTO `himall_shopbonusreceive` VALUES ('17445', '39', null, '2.17', '1', null, null, null, null, null, null);
INSERT INTO `himall_shopbonusreceive` VALUES ('17446', '39', null, '3.03', '1', null, null, null, null, null, null);
INSERT INTO `himall_shopbonusreceive` VALUES ('17447', '39', null, '3.19', '1', null, null, null, null, null, null);
INSERT INTO `himall_shopbonusreceive` VALUES ('17448', '39', null, '4.16', '1', null, null, null, null, null, null);
INSERT INTO `himall_shopbonusreceive` VALUES ('17449', '39', null, '4.16', '1', null, null, null, null, null, null);
INSERT INTO `himall_shopbonusreceive` VALUES ('17450', '39', null, '1.11', '1', null, null, null, null, null, null);
INSERT INTO `himall_shopbonusreceive` VALUES ('17451', '39', null, '4.11', '1', null, null, null, null, null, null);
INSERT INTO `himall_shopbonusreceive` VALUES ('17452', '39', null, '4.03', '1', null, null, null, null, null, null);
INSERT INTO `himall_shopbonusreceive` VALUES ('17453', '39', null, '1.14', '1', null, null, null, null, null, null);
INSERT INTO `himall_shopbonusreceive` VALUES ('17454', '39', null, '4.08', '1', null, null, null, null, null, null);
INSERT INTO `himall_shopbonusreceive` VALUES ('17455', '39', null, '1.14', '1', null, null, null, null, null, null);
INSERT INTO `himall_shopbonusreceive` VALUES ('17456', '39', null, '4.17', '1', null, null, null, null, null, null);
INSERT INTO `himall_shopbonusreceive` VALUES ('17457', '39', null, '3.16', '1', null, null, null, null, null, null);
INSERT INTO `himall_shopbonusreceive` VALUES ('17458', '39', null, '3.19', '1', null, null, null, null, null, null);
INSERT INTO `himall_shopbonusreceive` VALUES ('17459', '39', null, '4.04', '1', null, null, null, null, null, null);
INSERT INTO `himall_shopbonusreceive` VALUES ('17460', '39', null, '4.15', '1', null, null, null, null, null, null);
INSERT INTO `himall_shopbonusreceive` VALUES ('17461', '39', null, '1.18', '1', null, null, null, null, null, null);
INSERT INTO `himall_shopbonusreceive` VALUES ('17462', '39', null, '2.05', '1', null, null, null, null, null, null);
INSERT INTO `himall_shopbonusreceive` VALUES ('17463', '39', null, '3.12', '1', null, null, null, null, null, null);
INSERT INTO `himall_shopbonusreceive` VALUES ('17464', '39', null, '3.09', '1', null, null, null, null, null, null);
INSERT INTO `himall_shopbonusreceive` VALUES ('17465', '39', null, '2.12', '1', null, null, null, null, null, null);
INSERT INTO `himall_shopbonusreceive` VALUES ('17466', '39', null, '2.18', '1', null, null, null, null, null, null);
INSERT INTO `himall_shopbonusreceive` VALUES ('17467', '39', null, '3.02', '1', null, null, null, null, null, null);
INSERT INTO `himall_shopbonusreceive` VALUES ('17468', '39', null, '3.01', '1', null, null, null, null, null, null);
INSERT INTO `himall_shopbonusreceive` VALUES ('17469', '39', null, '1.18', '1', null, null, null, null, null, null);
INSERT INTO `himall_shopbonusreceive` VALUES ('17470', '39', null, '4.18', '1', null, null, null, null, null, null);
INSERT INTO `himall_shopbonusreceive` VALUES ('17471', '39', null, '3.04', '1', null, null, null, null, null, null);
INSERT INTO `himall_shopbonusreceive` VALUES ('17472', '39', null, '4.10', '1', null, null, null, null, null, null);
INSERT INTO `himall_shopbonusreceive` VALUES ('17473', '39', null, '4.15', '1', null, null, null, null, null, null);
INSERT INTO `himall_shopbonusreceive` VALUES ('17474', '39', null, '3.18', '1', null, null, null, null, null, null);
INSERT INTO `himall_shopbonusreceive` VALUES ('17475', '39', null, '2.17', '1', null, null, null, null, null, null);
INSERT INTO `himall_shopbonusreceive` VALUES ('17476', '39', null, '4.15', '1', null, null, null, null, null, null);
INSERT INTO `himall_shopbonusreceive` VALUES ('17477', '39', null, '4.06', '1', null, null, null, null, null, null);
INSERT INTO `himall_shopbonusreceive` VALUES ('17478', '39', null, '3.02', '1', null, null, null, null, null, null);
INSERT INTO `himall_shopbonusreceive` VALUES ('17479', '39', null, '2.12', '1', null, null, null, null, null, null);
INSERT INTO `himall_shopbonusreceive` VALUES ('17480', '39', null, '3.12', '1', null, null, null, null, null, null);
INSERT INTO `himall_shopbonusreceive` VALUES ('17481', '39', null, '4.06', '1', null, null, null, null, null, null);
INSERT INTO `himall_shopbonusreceive` VALUES ('17482', '39', null, '4.08', '1', null, null, null, null, null, null);
INSERT INTO `himall_shopbonusreceive` VALUES ('17483', '39', null, '2.19', '1', null, null, null, null, null, null);
INSERT INTO `himall_shopbonusreceive` VALUES ('17484', '39', null, '1.10', '1', null, null, null, null, null, null);
INSERT INTO `himall_shopbonusreceive` VALUES ('17485', '39', null, '2.13', '1', null, null, null, null, null, null);
INSERT INTO `himall_shopbonusreceive` VALUES ('17486', '39', null, '4.01', '1', null, null, null, null, null, null);
INSERT INTO `himall_shopbonusreceive` VALUES ('17487', '39', null, '2.02', '1', null, null, null, null, null, null);
INSERT INTO `himall_shopbonusreceive` VALUES ('17488', '39', null, '2.17', '1', null, null, null, null, null, null);
INSERT INTO `himall_shopbonusreceive` VALUES ('17489', '39', null, '4.14', '1', null, null, null, null, null, null);
INSERT INTO `himall_shopbonusreceive` VALUES ('17490', '39', null, '1.17', '1', null, null, null, null, null, null);
INSERT INTO `himall_shopbonusreceive` VALUES ('17491', '39', null, '1.16', '1', null, null, null, null, null, null);
INSERT INTO `himall_shopbonusreceive` VALUES ('17492', '39', null, '1.11', '1', null, null, null, null, null, null);
INSERT INTO `himall_shopbonusreceive` VALUES ('17493', '39', null, '4.12', '1', null, null, null, null, null, null);
INSERT INTO `himall_shopbonusreceive` VALUES ('17494', '39', null, '1.08', '1', null, null, null, null, null, null);
INSERT INTO `himall_shopbonusreceive` VALUES ('17495', '39', null, '3.09', '1', null, null, null, null, null, null);
INSERT INTO `himall_shopbonusreceive` VALUES ('17496', '39', null, '3.12', '1', null, null, null, null, null, null);
INSERT INTO `himall_shopbonusreceive` VALUES ('17497', '39', null, '2.05', '1', null, null, null, null, null, null);
INSERT INTO `himall_shopbonusreceive` VALUES ('17498', '39', null, '4.05', '1', null, null, null, null, null, null);
INSERT INTO `himall_shopbonusreceive` VALUES ('17499', '39', null, '1.11', '1', null, null, null, null, null, null);
INSERT INTO `himall_shopbonusreceive` VALUES ('17500', '39', null, '1.01', '1', null, null, null, null, null, null);
INSERT INTO `himall_shopbonusreceive` VALUES ('17501', '39', null, '3.01', '1', null, null, null, null, null, null);
INSERT INTO `himall_shopbonusreceive` VALUES ('17502', '39', null, '3.13', '1', null, null, null, null, null, null);
INSERT INTO `himall_shopbonusreceive` VALUES ('17503', '39', null, '1.16', '1', null, null, null, null, null, null);
INSERT INTO `himall_shopbonusreceive` VALUES ('17504', '39', null, '2.16', '1', null, null, null, null, null, null);
INSERT INTO `himall_shopbonusreceive` VALUES ('17505', '39', null, '1.13', '1', null, null, null, null, null, null);
INSERT INTO `himall_shopbonusreceive` VALUES ('17506', '39', null, '1.11', '1', null, null, null, null, null, null);
INSERT INTO `himall_shopbonusreceive` VALUES ('17507', '39', null, '2.13', '1', null, null, null, null, null, null);
INSERT INTO `himall_shopbonusreceive` VALUES ('17508', '39', null, '3.03', '1', null, null, null, null, null, null);
INSERT INTO `himall_shopbonusreceive` VALUES ('17509', '39', null, '1.08', '1', null, null, null, null, null, null);
INSERT INTO `himall_shopbonusreceive` VALUES ('17510', '39', null, '3.16', '1', null, null, null, null, null, null);
INSERT INTO `himall_shopbonusreceive` VALUES ('17511', '39', null, '4.15', '1', null, null, null, null, null, null);
INSERT INTO `himall_shopbonusreceive` VALUES ('17512', '39', null, '4.17', '1', null, null, null, null, null, null);
INSERT INTO `himall_shopbonusreceive` VALUES ('17513', '39', null, '4.04', '1', null, null, null, null, null, null);
INSERT INTO `himall_shopbonusreceive` VALUES ('17514', '39', null, '3.03', '1', null, null, null, null, null, null);
INSERT INTO `himall_shopbonusreceive` VALUES ('17515', '39', null, '1.01', '1', null, null, null, null, null, null);
INSERT INTO `himall_shopbonusreceive` VALUES ('17516', '39', null, '3.09', '1', null, null, null, null, null, null);
INSERT INTO `himall_shopbonusreceive` VALUES ('17517', '39', null, '3.05', '1', null, null, null, null, null, null);
INSERT INTO `himall_shopbonusreceive` VALUES ('17518', '39', null, '2.02', '1', null, null, null, null, null, null);
INSERT INTO `himall_shopbonusreceive` VALUES ('17519', '39', null, '1.10', '1', null, null, null, null, null, null);
INSERT INTO `himall_shopbonusreceive` VALUES ('17520', '39', null, '2.19', '1', null, null, null, null, null, null);
INSERT INTO `himall_shopbonusreceive` VALUES ('17521', '39', null, '1.05', '1', null, null, null, null, null, null);
INSERT INTO `himall_shopbonusreceive` VALUES ('17522', '39', null, '2.17', '1', null, null, null, null, null, null);
INSERT INTO `himall_shopbonusreceive` VALUES ('17523', '39', null, '2.04', '1', null, null, null, null, null, null);
INSERT INTO `himall_shopbonusreceive` VALUES ('17524', '39', null, '1.15', '1', null, null, null, null, null, null);
INSERT INTO `himall_shopbonusreceive` VALUES ('17525', '39', null, '3.16', '1', null, null, null, null, null, null);
INSERT INTO `himall_shopbonusreceive` VALUES ('17526', '39', null, '1.16', '1', null, null, null, null, null, null);
INSERT INTO `himall_shopbonusreceive` VALUES ('17527', '39', null, '4.06', '1', null, null, null, null, null, null);
INSERT INTO `himall_shopbonusreceive` VALUES ('17528', '39', null, '1.17', '1', null, null, null, null, null, null);
INSERT INTO `himall_shopbonusreceive` VALUES ('17529', '39', null, '1.15', '1', null, null, null, null, null, null);
INSERT INTO `himall_shopbonusreceive` VALUES ('17530', '39', null, '3.18', '1', null, null, null, null, null, null);
INSERT INTO `himall_shopbonusreceive` VALUES ('17531', '39', null, '1.05', '1', null, null, null, null, null, null);
INSERT INTO `himall_shopbonusreceive` VALUES ('17532', '39', null, '3.01', '1', null, null, null, null, null, null);
INSERT INTO `himall_shopbonusreceive` VALUES ('17533', '39', null, '1.14', '1', null, null, null, null, null, null);
INSERT INTO `himall_shopbonusreceive` VALUES ('17534', '39', null, '4.03', '1', null, null, null, null, null, null);
INSERT INTO `himall_shopbonusreceive` VALUES ('17535', '39', null, '2.08', '1', null, null, null, null, null, null);
INSERT INTO `himall_shopbonusreceive` VALUES ('17536', '39', null, '4.13', '1', null, null, null, null, null, null);
INSERT INTO `himall_shopbonusreceive` VALUES ('17537', '39', null, '4.14', '1', null, null, null, null, null, null);
INSERT INTO `himall_shopbonusreceive` VALUES ('17538', '39', null, '3.14', '1', null, null, null, null, null, null);
INSERT INTO `himall_shopbonusreceive` VALUES ('17539', '39', null, '2.02', '1', null, null, null, null, null, null);
INSERT INTO `himall_shopbonusreceive` VALUES ('17540', '39', null, '3.15', '1', null, null, null, null, null, null);
INSERT INTO `himall_shopbonusreceive` VALUES ('17541', '39', null, '4.17', '1', null, null, null, null, null, null);
INSERT INTO `himall_shopbonusreceive` VALUES ('17542', '39', null, '2.06', '1', null, null, null, null, null, null);
INSERT INTO `himall_shopbonusreceive` VALUES ('17543', '39', null, '4.16', '1', null, null, null, null, null, null);
INSERT INTO `himall_shopbonusreceive` VALUES ('17544', '39', null, '3.06', '1', null, null, null, null, null, null);
INSERT INTO `himall_shopbonusreceive` VALUES ('17545', '39', null, '1.08', '1', null, null, null, null, null, null);
INSERT INTO `himall_shopbonusreceive` VALUES ('17546', '39', null, '1.09', '1', null, null, null, null, null, null);
INSERT INTO `himall_shopbonusreceive` VALUES ('17547', '39', null, '4.11', '1', null, null, null, null, null, null);
INSERT INTO `himall_shopbonusreceive` VALUES ('17548', '39', null, '4.19', '1', null, null, null, null, null, null);
INSERT INTO `himall_shopbonusreceive` VALUES ('17549', '39', null, '2.07', '1', null, null, null, null, null, null);
INSERT INTO `himall_shopbonusreceive` VALUES ('17550', '39', null, '4.13', '1', null, null, null, null, null, null);
INSERT INTO `himall_shopbonusreceive` VALUES ('17551', '39', null, '1.02', '1', null, null, null, null, null, null);
INSERT INTO `himall_shopbonusreceive` VALUES ('17552', '39', null, '2.06', '1', null, null, null, null, null, null);
INSERT INTO `himall_shopbonusreceive` VALUES ('17553', '39', null, '4.09', '1', null, null, null, null, null, null);
INSERT INTO `himall_shopbonusreceive` VALUES ('17554', '39', null, '4.04', '1', null, null, null, null, null, null);
INSERT INTO `himall_shopbonusreceive` VALUES ('17555', '39', null, '3.07', '1', null, null, null, null, null, null);
INSERT INTO `himall_shopbonusreceive` VALUES ('17556', '39', null, '2.19', '1', null, null, null, null, null, null);
INSERT INTO `himall_shopbonusreceive` VALUES ('17557', '39', null, '2.19', '1', null, null, null, null, null, null);
INSERT INTO `himall_shopbonusreceive` VALUES ('17558', '39', null, '4.07', '1', null, null, null, null, null, null);
INSERT INTO `himall_shopbonusreceive` VALUES ('17559', '39', null, '4.09', '1', null, null, null, null, null, null);
INSERT INTO `himall_shopbonusreceive` VALUES ('17560', '39', null, '1.05', '1', null, null, null, null, null, null);
INSERT INTO `himall_shopbonusreceive` VALUES ('17561', '39', null, '1.13', '1', null, null, null, null, null, null);
INSERT INTO `himall_shopbonusreceive` VALUES ('17562', '39', null, '4.18', '1', null, null, null, null, null, null);
INSERT INTO `himall_shopbonusreceive` VALUES ('17563', '39', null, '2.09', '1', null, null, null, null, null, null);
INSERT INTO `himall_shopbonusreceive` VALUES ('17564', '39', null, '4.07', '1', null, null, null, null, null, null);
INSERT INTO `himall_shopbonusreceive` VALUES ('17565', '39', null, '4.13', '1', null, null, null, null, null, null);
INSERT INTO `himall_shopbonusreceive` VALUES ('17566', '39', null, '1.01', '1', null, null, null, null, null, null);
INSERT INTO `himall_shopbonusreceive` VALUES ('17567', '39', null, '2.17', '1', null, null, null, null, null, null);
INSERT INTO `himall_shopbonusreceive` VALUES ('17568', '39', null, '3.17', '1', null, null, null, null, null, null);
INSERT INTO `himall_shopbonusreceive` VALUES ('17569', '39', null, '2.04', '1', null, null, null, null, null, null);
INSERT INTO `himall_shopbonusreceive` VALUES ('17570', '39', null, '2.09', '1', null, null, null, null, null, null);
INSERT INTO `himall_shopbonusreceive` VALUES ('17571', '39', null, '4.06', '1', null, null, null, null, null, null);
INSERT INTO `himall_shopbonusreceive` VALUES ('17572', '39', null, '3.17', '1', null, null, null, null, null, null);
INSERT INTO `himall_shopbonusreceive` VALUES ('17573', '39', null, '4.02', '1', null, null, null, null, null, null);
INSERT INTO `himall_shopbonusreceive` VALUES ('17574', '39', null, '1.15', '1', null, null, null, null, null, null);
INSERT INTO `himall_shopbonusreceive` VALUES ('17575', '39', null, '3.09', '1', null, null, null, null, null, null);
INSERT INTO `himall_shopbonusreceive` VALUES ('17576', '39', null, '1.02', '1', null, null, null, null, null, null);
INSERT INTO `himall_shopbonusreceive` VALUES ('17577', '39', null, '2.12', '1', null, null, null, null, null, null);
INSERT INTO `himall_shopbonusreceive` VALUES ('17578', '39', null, '2.11', '1', null, null, null, null, null, null);
INSERT INTO `himall_shopbonusreceive` VALUES ('17579', '39', null, '1.09', '1', null, null, null, null, null, null);
INSERT INTO `himall_shopbonusreceive` VALUES ('17580', '39', null, '4.09', '1', null, null, null, null, null, null);
INSERT INTO `himall_shopbonusreceive` VALUES ('17581', '39', null, '3.12', '1', null, null, null, null, null, null);
INSERT INTO `himall_shopbonusreceive` VALUES ('17582', '39', null, '2.01', '1', null, null, null, null, null, null);
INSERT INTO `himall_shopbonusreceive` VALUES ('17583', '39', null, '1.10', '1', null, null, null, null, null, null);
INSERT INTO `himall_shopbonusreceive` VALUES ('17584', '39', null, '3.07', '1', null, null, null, null, null, null);
INSERT INTO `himall_shopbonusreceive` VALUES ('17585', '39', null, '2.02', '1', null, null, null, null, null, null);
INSERT INTO `himall_shopbonusreceive` VALUES ('17586', '39', null, '4.12', '1', null, null, null, null, null, null);
INSERT INTO `himall_shopbonusreceive` VALUES ('17587', '39', null, '1.12', '1', null, null, null, null, null, null);
INSERT INTO `himall_shopbonusreceive` VALUES ('17588', '39', null, '2.17', '1', null, null, null, null, null, null);
INSERT INTO `himall_shopbonusreceive` VALUES ('17589', '39', null, '1.02', '1', null, null, null, null, null, null);
INSERT INTO `himall_shopbonusreceive` VALUES ('17590', '39', null, '1.06', '1', null, null, null, null, null, null);
INSERT INTO `himall_shopbonusreceive` VALUES ('17591', '39', null, '1.02', '1', null, null, null, null, null, null);
INSERT INTO `himall_shopbonusreceive` VALUES ('17592', '39', null, '3.10', '1', null, null, null, null, null, null);
INSERT INTO `himall_shopbonusreceive` VALUES ('17593', '39', null, '2.04', '1', null, null, null, null, null, null);
INSERT INTO `himall_shopbonusreceive` VALUES ('17594', '39', null, '3.13', '1', null, null, null, null, null, null);
INSERT INTO `himall_shopbonusreceive` VALUES ('17595', '39', null, '2.19', '1', null, null, null, null, null, null);
INSERT INTO `himall_shopbonusreceive` VALUES ('17596', '39', null, '4.19', '1', null, null, null, null, null, null);
INSERT INTO `himall_shopbonusreceive` VALUES ('17597', '39', null, '1.17', '1', null, null, null, null, null, null);
INSERT INTO `himall_shopbonusreceive` VALUES ('17598', '39', null, '4.06', '1', null, null, null, null, null, null);
INSERT INTO `himall_shopbonusreceive` VALUES ('17599', '39', null, '1.12', '1', null, null, null, null, null, null);
INSERT INTO `himall_shopbonusreceive` VALUES ('17600', '39', null, '4.09', '1', null, null, null, null, null, null);
INSERT INTO `himall_shopbonusreceive` VALUES ('17601', '39', null, '2.16', '1', null, null, null, null, null, null);
INSERT INTO `himall_shopbonusreceive` VALUES ('17602', '39', null, '2.11', '1', null, null, null, null, null, null);
INSERT INTO `himall_shopbonusreceive` VALUES ('17603', '39', null, '3.12', '1', null, null, null, null, null, null);
INSERT INTO `himall_shopbonusreceive` VALUES ('17604', '39', null, '4.13', '1', null, null, null, null, null, null);
INSERT INTO `himall_shopbonusreceive` VALUES ('17605', '39', null, '1.12', '1', null, null, null, null, null, null);
INSERT INTO `himall_shopbonusreceive` VALUES ('17606', '39', null, '3.01', '1', null, null, null, null, null, null);
INSERT INTO `himall_shopbonusreceive` VALUES ('17607', '39', null, '2.13', '1', null, null, null, null, null, null);
INSERT INTO `himall_shopbonusreceive` VALUES ('17608', '39', null, '1.10', '1', null, null, null, null, null, null);
INSERT INTO `himall_shopbonusreceive` VALUES ('17609', '39', null, '4.16', '1', null, null, null, null, null, null);
INSERT INTO `himall_shopbonusreceive` VALUES ('17610', '39', null, '3.18', '1', null, null, null, null, null, null);
INSERT INTO `himall_shopbonusreceive` VALUES ('17611', '39', null, '3.01', '1', null, null, null, null, null, null);
INSERT INTO `himall_shopbonusreceive` VALUES ('17612', '39', null, '4.09', '1', null, null, null, null, null, null);
INSERT INTO `himall_shopbonusreceive` VALUES ('17613', '39', null, '2.18', '1', null, null, null, null, null, null);
INSERT INTO `himall_shopbonusreceive` VALUES ('17614', '39', null, '2.04', '1', null, null, null, null, null, null);
INSERT INTO `himall_shopbonusreceive` VALUES ('17615', '39', null, '3.02', '1', null, null, null, null, null, null);
INSERT INTO `himall_shopbonusreceive` VALUES ('17616', '39', null, '4.09', '1', null, null, null, null, null, null);
INSERT INTO `himall_shopbonusreceive` VALUES ('17617', '39', null, '2.11', '1', null, null, null, null, null, null);
INSERT INTO `himall_shopbonusreceive` VALUES ('17618', '39', null, '4.08', '1', null, null, null, null, null, null);
INSERT INTO `himall_shopbonusreceive` VALUES ('17619', '39', null, '4.04', '1', null, null, null, null, null, null);
INSERT INTO `himall_shopbonusreceive` VALUES ('17620', '39', null, '4.17', '1', null, null, null, null, null, null);
INSERT INTO `himall_shopbonusreceive` VALUES ('17621', '39', null, '1.02', '1', null, null, null, null, null, null);
INSERT INTO `himall_shopbonusreceive` VALUES ('17622', '39', null, '2.16', '1', null, null, null, null, null, null);
INSERT INTO `himall_shopbonusreceive` VALUES ('17623', '39', null, '2.14', '1', null, null, null, null, null, null);
INSERT INTO `himall_shopbonusreceive` VALUES ('17624', '39', null, '3.12', '1', null, null, null, null, null, null);
INSERT INTO `himall_shopbonusreceive` VALUES ('17625', '39', null, '3.08', '1', null, null, null, null, null, null);
INSERT INTO `himall_shopbonusreceive` VALUES ('17626', '39', null, '2.05', '1', null, null, null, null, null, null);
INSERT INTO `himall_shopbonusreceive` VALUES ('17627', '39', null, '1.17', '1', null, null, null, null, null, null);
INSERT INTO `himall_shopbonusreceive` VALUES ('17628', '39', null, '3.07', '1', null, null, null, null, null, null);
INSERT INTO `himall_shopbonusreceive` VALUES ('17629', '39', null, '4.17', '1', null, null, null, null, null, null);
INSERT INTO `himall_shopbonusreceive` VALUES ('17630', '39', null, '1.12', '1', null, null, null, null, null, null);
INSERT INTO `himall_shopbonusreceive` VALUES ('17631', '39', null, '1.16', '1', null, null, null, null, null, null);
INSERT INTO `himall_shopbonusreceive` VALUES ('17632', '39', null, '4.04', '1', null, null, null, null, null, null);
INSERT INTO `himall_shopbonusreceive` VALUES ('17633', '39', null, '4.02', '1', null, null, null, null, null, null);
INSERT INTO `himall_shopbonusreceive` VALUES ('17634', '39', null, '3.17', '1', null, null, null, null, null, null);
INSERT INTO `himall_shopbonusreceive` VALUES ('17635', '39', null, '4.16', '1', null, null, null, null, null, null);
INSERT INTO `himall_shopbonusreceive` VALUES ('17636', '39', null, '3.14', '1', null, null, null, null, null, null);
INSERT INTO `himall_shopbonusreceive` VALUES ('17637', '39', null, '4.14', '1', null, null, null, null, null, null);
INSERT INTO `himall_shopbonusreceive` VALUES ('17638', '39', null, '3.13', '1', null, null, null, null, null, null);
INSERT INTO `himall_shopbonusreceive` VALUES ('17639', '39', null, '3.03', '1', null, null, null, null, null, null);
INSERT INTO `himall_shopbonusreceive` VALUES ('17640', '39', null, '1.12', '1', null, null, null, null, null, null);
INSERT INTO `himall_shopbonusreceive` VALUES ('17641', '39', null, '2.16', '1', null, null, null, null, null, null);
INSERT INTO `himall_shopbonusreceive` VALUES ('17642', '39', null, '3.07', '1', null, null, null, null, null, null);
INSERT INTO `himall_shopbonusreceive` VALUES ('17643', '39', null, '3.12', '1', null, null, null, null, null, null);
INSERT INTO `himall_shopbonusreceive` VALUES ('17644', '39', null, '2.09', '1', null, null, null, null, null, null);
INSERT INTO `himall_shopbonusreceive` VALUES ('17645', '39', null, '4.11', '1', null, null, null, null, null, null);
INSERT INTO `himall_shopbonusreceive` VALUES ('17646', '39', null, '3.18', '1', null, null, null, null, null, null);
INSERT INTO `himall_shopbonusreceive` VALUES ('17647', '39', null, '4.07', '1', null, null, null, null, null, null);
INSERT INTO `himall_shopbonusreceive` VALUES ('17648', '39', null, '3.08', '1', null, null, null, null, null, null);
INSERT INTO `himall_shopbonusreceive` VALUES ('17649', '39', null, '1.06', '1', null, null, null, null, null, null);
INSERT INTO `himall_shopbonusreceive` VALUES ('17650', '39', null, '1.08', '1', null, null, null, null, null, null);
INSERT INTO `himall_shopbonusreceive` VALUES ('17651', '39', null, '1.13', '1', null, null, null, null, null, null);
INSERT INTO `himall_shopbonusreceive` VALUES ('17652', '39', null, '4.17', '1', null, null, null, null, null, null);
INSERT INTO `himall_shopbonusreceive` VALUES ('17653', '39', null, '3.15', '1', null, null, null, null, null, null);
INSERT INTO `himall_shopbonusreceive` VALUES ('17654', '39', null, '2.07', '1', null, null, null, null, null, null);
INSERT INTO `himall_shopbonusreceive` VALUES ('17655', '39', null, '1.02', '1', null, null, null, null, null, null);
INSERT INTO `himall_shopbonusreceive` VALUES ('17656', '39', null, '4.14', '1', null, null, null, null, null, null);
INSERT INTO `himall_shopbonusreceive` VALUES ('17657', '39', null, '4.12', '1', null, null, null, null, null, null);
INSERT INTO `himall_shopbonusreceive` VALUES ('17658', '39', null, '1.09', '1', null, null, null, null, null, null);
INSERT INTO `himall_shopbonusreceive` VALUES ('17659', '39', null, '2.11', '1', null, null, null, null, null, null);
INSERT INTO `himall_shopbonusreceive` VALUES ('17660', '39', null, '3.04', '1', null, null, null, null, null, null);
INSERT INTO `himall_shopbonusreceive` VALUES ('17661', '39', null, '3.05', '1', null, null, null, null, null, null);
INSERT INTO `himall_shopbonusreceive` VALUES ('17662', '39', null, '1.04', '1', null, null, null, null, null, null);
INSERT INTO `himall_shopbonusreceive` VALUES ('17663', '39', null, '2.16', '1', null, null, null, null, null, null);
INSERT INTO `himall_shopbonusreceive` VALUES ('17664', '39', null, '3.11', '1', null, null, null, null, null, null);
INSERT INTO `himall_shopbonusreceive` VALUES ('17665', '39', null, '1.07', '1', null, null, null, null, null, null);
INSERT INTO `himall_shopbonusreceive` VALUES ('17666', '39', null, '2.06', '1', null, null, null, null, null, null);
INSERT INTO `himall_shopbonusreceive` VALUES ('17667', '39', null, '1.12', '1', null, null, null, null, null, null);
INSERT INTO `himall_shopbonusreceive` VALUES ('17668', '39', null, '3.14', '1', null, null, null, null, null, null);
INSERT INTO `himall_shopbonusreceive` VALUES ('17669', '39', null, '4.13', '1', null, null, null, null, null, null);
INSERT INTO `himall_shopbonusreceive` VALUES ('17670', '39', null, '3.17', '1', null, null, null, null, null, null);
INSERT INTO `himall_shopbonusreceive` VALUES ('17671', '39', null, '2.02', '1', null, null, null, null, null, null);
INSERT INTO `himall_shopbonusreceive` VALUES ('17672', '39', null, '2.16', '1', null, null, null, null, null, null);
INSERT INTO `himall_shopbonusreceive` VALUES ('17673', '39', null, '4.16', '1', null, null, null, null, null, null);
INSERT INTO `himall_shopbonusreceive` VALUES ('17674', '39', null, '1.07', '1', null, null, null, null, null, null);
INSERT INTO `himall_shopbonusreceive` VALUES ('17675', '39', null, '1.05', '1', null, null, null, null, null, null);
INSERT INTO `himall_shopbonusreceive` VALUES ('17676', '39', null, '1.13', '1', null, null, null, null, null, null);
INSERT INTO `himall_shopbonusreceive` VALUES ('17677', '39', null, '3.17', '1', null, null, null, null, null, null);
INSERT INTO `himall_shopbonusreceive` VALUES ('17678', '39', null, '3.15', '1', null, null, null, null, null, null);
INSERT INTO `himall_shopbonusreceive` VALUES ('17679', '39', null, '3.12', '1', null, null, null, null, null, null);
INSERT INTO `himall_shopbonusreceive` VALUES ('17680', '39', null, '3.17', '1', null, null, null, null, null, null);
INSERT INTO `himall_shopbonusreceive` VALUES ('17681', '39', null, '1.16', '1', null, null, null, null, null, null);
INSERT INTO `himall_shopbonusreceive` VALUES ('17682', '39', null, '2.15', '1', null, null, null, null, null, null);
INSERT INTO `himall_shopbonusreceive` VALUES ('17683', '39', null, '3.10', '1', null, null, null, null, null, null);
INSERT INTO `himall_shopbonusreceive` VALUES ('17684', '39', null, '3.05', '1', null, null, null, null, null, null);
INSERT INTO `himall_shopbonusreceive` VALUES ('17685', '39', null, '1.10', '1', null, null, null, null, null, null);
INSERT INTO `himall_shopbonusreceive` VALUES ('17686', '39', null, '2.12', '1', null, null, null, null, null, null);
INSERT INTO `himall_shopbonusreceive` VALUES ('17687', '39', null, '4.13', '1', null, null, null, null, null, null);
INSERT INTO `himall_shopbonusreceive` VALUES ('17688', '39', null, '4.11', '1', null, null, null, null, null, null);
INSERT INTO `himall_shopbonusreceive` VALUES ('17689', '39', null, '4.05', '1', null, null, null, null, null, null);
INSERT INTO `himall_shopbonusreceive` VALUES ('17690', '39', null, '2.09', '1', null, null, null, null, null, null);
INSERT INTO `himall_shopbonusreceive` VALUES ('17691', '39', null, '3.08', '1', null, null, null, null, null, null);
INSERT INTO `himall_shopbonusreceive` VALUES ('17692', '39', null, '2.16', '1', null, null, null, null, null, null);
INSERT INTO `himall_shopbonusreceive` VALUES ('17693', '39', null, '2.15', '1', null, null, null, null, null, null);
INSERT INTO `himall_shopbonusreceive` VALUES ('17694', '39', null, '3.05', '1', null, null, null, null, null, null);
INSERT INTO `himall_shopbonusreceive` VALUES ('17695', '39', null, '4.17', '1', null, null, null, null, null, null);
INSERT INTO `himall_shopbonusreceive` VALUES ('17696', '39', null, '1.07', '1', null, null, null, null, null, null);
INSERT INTO `himall_shopbonusreceive` VALUES ('17697', '39', null, '1.16', '1', null, null, null, null, null, null);
INSERT INTO `himall_shopbonusreceive` VALUES ('17698', '39', null, '4.09', '1', null, null, null, null, null, null);
INSERT INTO `himall_shopbonusreceive` VALUES ('17699', '39', null, '4.11', '1', null, null, null, null, null, null);
INSERT INTO `himall_shopbonusreceive` VALUES ('17700', '39', null, '1.06', '1', null, null, null, null, null, null);
INSERT INTO `himall_shopbonusreceive` VALUES ('17701', '39', null, '1.17', '1', null, null, null, null, null, null);
INSERT INTO `himall_shopbonusreceive` VALUES ('17702', '39', null, '2.11', '1', null, null, null, null, null, null);
INSERT INTO `himall_shopbonusreceive` VALUES ('17703', '39', null, '4.10', '1', null, null, null, null, null, null);
INSERT INTO `himall_shopbonusreceive` VALUES ('17704', '39', null, '4.02', '1', null, null, null, null, null, null);
INSERT INTO `himall_shopbonusreceive` VALUES ('17705', '39', null, '4.03', '1', null, null, null, null, null, null);
INSERT INTO `himall_shopbonusreceive` VALUES ('17706', '39', null, '4.09', '1', null, null, null, null, null, null);
INSERT INTO `himall_shopbonusreceive` VALUES ('17707', '39', null, '1.03', '1', null, null, null, null, null, null);
INSERT INTO `himall_shopbonusreceive` VALUES ('17708', '39', null, '1.12', '1', null, null, null, null, null, null);
INSERT INTO `himall_shopbonusreceive` VALUES ('17709', '39', null, '2.09', '1', null, null, null, null, null, null);
INSERT INTO `himall_shopbonusreceive` VALUES ('17710', '39', null, '2.18', '1', null, null, null, null, null, null);
INSERT INTO `himall_shopbonusreceive` VALUES ('17711', '39', null, '4.07', '1', null, null, null, null, null, null);
INSERT INTO `himall_shopbonusreceive` VALUES ('17712', '39', null, '2.04', '1', null, null, null, null, null, null);
INSERT INTO `himall_shopbonusreceive` VALUES ('17713', '39', null, '2.03', '1', null, null, null, null, null, null);
INSERT INTO `himall_shopbonusreceive` VALUES ('17714', '39', null, '3.02', '1', null, null, null, null, null, null);
INSERT INTO `himall_shopbonusreceive` VALUES ('17715', '39', null, '4.09', '1', null, null, null, null, null, null);
INSERT INTO `himall_shopbonusreceive` VALUES ('17716', '39', null, '3.08', '1', null, null, null, null, null, null);
INSERT INTO `himall_shopbonusreceive` VALUES ('17717', '39', null, '1.03', '1', null, null, null, null, null, null);
INSERT INTO `himall_shopbonusreceive` VALUES ('17718', '39', null, '2.17', '1', null, null, null, null, null, null);
INSERT INTO `himall_shopbonusreceive` VALUES ('17719', '39', null, '1.17', '1', null, null, null, null, null, null);
INSERT INTO `himall_shopbonusreceive` VALUES ('17720', '39', null, '1.16', '1', null, null, null, null, null, null);
INSERT INTO `himall_shopbonusreceive` VALUES ('17721', '39', null, '4.09', '1', null, null, null, null, null, null);
INSERT INTO `himall_shopbonusreceive` VALUES ('17722', '39', null, '2.15', '1', null, null, null, null, null, null);
INSERT INTO `himall_shopbonusreceive` VALUES ('17723', '39', null, '1.13', '1', null, null, null, null, null, null);
INSERT INTO `himall_shopbonusreceive` VALUES ('17724', '39', null, '1.19', '1', null, null, null, null, null, null);
INSERT INTO `himall_shopbonusreceive` VALUES ('17725', '39', null, '3.06', '1', null, null, null, null, null, null);
INSERT INTO `himall_shopbonusreceive` VALUES ('17726', '39', null, '1.08', '1', null, null, null, null, null, null);
INSERT INTO `himall_shopbonusreceive` VALUES ('17727', '39', null, '1.05', '1', null, null, null, null, null, null);
INSERT INTO `himall_shopbonusreceive` VALUES ('17728', '39', null, '2.16', '1', null, null, null, null, null, null);
INSERT INTO `himall_shopbonusreceive` VALUES ('17729', '39', null, '3.02', '1', null, null, null, null, null, null);
INSERT INTO `himall_shopbonusreceive` VALUES ('17730', '39', null, '1.13', '1', null, null, null, null, null, null);
INSERT INTO `himall_shopbonusreceive` VALUES ('17731', '39', null, '4.15', '1', null, null, null, null, null, null);
INSERT INTO `himall_shopbonusreceive` VALUES ('17732', '39', null, '2.11', '1', null, null, null, null, null, null);
INSERT INTO `himall_shopbonusreceive` VALUES ('17733', '39', null, '2.09', '1', null, null, null, null, null, null);
INSERT INTO `himall_shopbonusreceive` VALUES ('17734', '39', null, '2.02', '1', null, null, null, null, null, null);
INSERT INTO `himall_shopbonusreceive` VALUES ('17735', '39', null, '4.06', '1', null, null, null, null, null, null);
INSERT INTO `himall_shopbonusreceive` VALUES ('17736', '39', null, '2.10', '1', null, null, null, null, null, null);
INSERT INTO `himall_shopbonusreceive` VALUES ('17737', '39', null, '2.14', '1', null, null, null, null, null, null);
INSERT INTO `himall_shopbonusreceive` VALUES ('17738', '39', null, '4.10', '1', null, null, null, null, null, null);
INSERT INTO `himall_shopbonusreceive` VALUES ('17739', '39', null, '1.10', '1', null, null, null, null, null, null);
INSERT INTO `himall_shopbonusreceive` VALUES ('17740', '39', null, '1.15', '1', null, null, null, null, null, null);
INSERT INTO `himall_shopbonusreceive` VALUES ('17741', '39', null, '4.11', '1', null, null, null, null, null, null);
INSERT INTO `himall_shopbonusreceive` VALUES ('17742', '39', null, '2.10', '1', null, null, null, null, null, null);
INSERT INTO `himall_shopbonusreceive` VALUES ('17743', '39', null, '2.07', '1', null, null, null, null, null, null);
INSERT INTO `himall_shopbonusreceive` VALUES ('17744', '39', null, '2.16', '1', null, null, null, null, null, null);
INSERT INTO `himall_shopbonusreceive` VALUES ('17745', '39', null, '4.09', '1', null, null, null, null, null, null);
INSERT INTO `himall_shopbonusreceive` VALUES ('17746', '39', null, '2.01', '1', null, null, null, null, null, null);
INSERT INTO `himall_shopbonusreceive` VALUES ('17747', '39', null, '3.08', '1', null, null, null, null, null, null);
INSERT INTO `himall_shopbonusreceive` VALUES ('17748', '39', null, '4.03', '1', null, null, null, null, null, null);
INSERT INTO `himall_shopbonusreceive` VALUES ('17749', '39', null, '1.15', '1', null, null, null, null, null, null);
INSERT INTO `himall_shopbonusreceive` VALUES ('17750', '39', null, '2.12', '1', null, null, null, null, null, null);
INSERT INTO `himall_shopbonusreceive` VALUES ('17751', '39', null, '2.02', '1', null, null, null, null, null, null);
INSERT INTO `himall_shopbonusreceive` VALUES ('17752', '39', null, '1.07', '1', null, null, null, null, null, null);
INSERT INTO `himall_shopbonusreceive` VALUES ('17753', '39', null, '4.12', '1', null, null, null, null, null, null);
INSERT INTO `himall_shopbonusreceive` VALUES ('17754', '39', null, '4.08', '1', null, null, null, null, null, null);
INSERT INTO `himall_shopbonusreceive` VALUES ('17755', '39', null, '2.16', '1', null, null, null, null, null, null);
INSERT INTO `himall_shopbonusreceive` VALUES ('17756', '39', null, '4.01', '1', null, null, null, null, null, null);
INSERT INTO `himall_shopbonusreceive` VALUES ('17757', '39', null, '4.08', '1', null, null, null, null, null, null);
INSERT INTO `himall_shopbonusreceive` VALUES ('17758', '39', null, '3.08', '1', null, null, null, null, null, null);
INSERT INTO `himall_shopbonusreceive` VALUES ('17759', '39', null, '2.15', '1', null, null, null, null, null, null);
INSERT INTO `himall_shopbonusreceive` VALUES ('17760', '39', null, '1.01', '1', null, null, null, null, null, null);
INSERT INTO `himall_shopbonusreceive` VALUES ('17761', '39', null, '1.11', '1', null, null, null, null, null, null);
INSERT INTO `himall_shopbonusreceive` VALUES ('17762', '39', null, '1.08', '1', null, null, null, null, null, null);
INSERT INTO `himall_shopbonusreceive` VALUES ('17763', '39', null, '4.08', '1', null, null, null, null, null, null);
INSERT INTO `himall_shopbonusreceive` VALUES ('17764', '39', null, '3.01', '1', null, null, null, null, null, null);
INSERT INTO `himall_shopbonusreceive` VALUES ('17765', '39', null, '4.16', '1', null, null, null, null, null, null);
INSERT INTO `himall_shopbonusreceive` VALUES ('17766', '39', null, '2.07', '1', null, null, null, null, null, null);
INSERT INTO `himall_shopbonusreceive` VALUES ('17767', '39', null, '1.11', '1', null, null, null, null, null, null);
INSERT INTO `himall_shopbonusreceive` VALUES ('17768', '39', null, '2.18', '1', null, null, null, null, null, null);
INSERT INTO `himall_shopbonusreceive` VALUES ('17769', '39', null, '2.02', '1', null, null, null, null, null, null);
INSERT INTO `himall_shopbonusreceive` VALUES ('17770', '39', null, '3.14', '1', null, null, null, null, null, null);
INSERT INTO `himall_shopbonusreceive` VALUES ('17771', '40', null, '2.18', '1', null, null, null, null, null, null);
INSERT INTO `himall_shopbonusreceive` VALUES ('17772', '40', null, '3.01', '1', null, null, null, null, null, null);
INSERT INTO `himall_shopbonusreceive` VALUES ('17773', '40', null, '3.06', '1', null, null, null, null, null, null);
INSERT INTO `himall_shopbonusreceive` VALUES ('17774', '40', null, '1.07', '1', null, null, null, null, null, null);
INSERT INTO `himall_shopbonusreceive` VALUES ('17775', '40', null, '3.09', '1', null, null, null, null, null, null);
INSERT INTO `himall_shopbonusreceive` VALUES ('17776', '40', null, '4.08', '1', null, null, null, null, null, null);
INSERT INTO `himall_shopbonusreceive` VALUES ('17777', '40', null, '3.07', '1', null, null, null, null, null, null);
INSERT INTO `himall_shopbonusreceive` VALUES ('17778', '40', null, '2.15', '1', null, null, null, null, null, null);
INSERT INTO `himall_shopbonusreceive` VALUES ('17779', '40', null, '4.15', '1', null, null, null, null, null, null);
INSERT INTO `himall_shopbonusreceive` VALUES ('17780', '40', null, '2.09', '1', null, null, null, null, null, null);
INSERT INTO `himall_shopbonusreceive` VALUES ('17781', '40', null, '4.19', '1', null, null, null, null, null, null);
INSERT INTO `himall_shopbonusreceive` VALUES ('17782', '40', null, '3.09', '1', null, null, null, null, null, null);
INSERT INTO `himall_shopbonusreceive` VALUES ('17783', '40', null, '2.09', '1', null, null, null, null, null, null);
INSERT INTO `himall_shopbonusreceive` VALUES ('17784', '40', null, '4.07', '1', null, null, null, null, null, null);
INSERT INTO `himall_shopbonusreceive` VALUES ('17785', '40', null, '4.14', '1', null, null, null, null, null, null);
INSERT INTO `himall_shopbonusreceive` VALUES ('17786', '40', null, '4.05', '1', null, null, null, null, null, null);
INSERT INTO `himall_shopbonusreceive` VALUES ('17787', '40', null, '1.10', '1', null, null, null, null, null, null);
INSERT INTO `himall_shopbonusreceive` VALUES ('17788', '40', null, '3.05', '1', null, null, null, null, null, null);
INSERT INTO `himall_shopbonusreceive` VALUES ('17789', '40', null, '4.05', '1', null, null, null, null, null, null);
INSERT INTO `himall_shopbonusreceive` VALUES ('17790', '40', null, '3.14', '1', null, null, null, null, null, null);
INSERT INTO `himall_shopbonusreceive` VALUES ('17791', '40', null, '2.08', '1', null, null, null, null, null, null);
INSERT INTO `himall_shopbonusreceive` VALUES ('17792', '40', null, '2.07', '1', null, null, null, null, null, null);
INSERT INTO `himall_shopbonusreceive` VALUES ('17793', '40', null, '4.18', '1', null, null, null, null, null, null);
INSERT INTO `himall_shopbonusreceive` VALUES ('17794', '40', null, '4.16', '1', null, null, null, null, null, null);
INSERT INTO `himall_shopbonusreceive` VALUES ('17795', '40', null, '1.14', '1', null, null, null, null, null, null);
INSERT INTO `himall_shopbonusreceive` VALUES ('17796', '40', null, '1.13', '1', null, null, null, null, null, null);
INSERT INTO `himall_shopbonusreceive` VALUES ('17797', '40', null, '3.05', '1', null, null, null, null, null, null);
INSERT INTO `himall_shopbonusreceive` VALUES ('17798', '40', null, '4.09', '1', null, null, null, null, null, null);
INSERT INTO `himall_shopbonusreceive` VALUES ('17799', '40', null, '2.02', '1', null, null, null, null, null, null);
INSERT INTO `himall_shopbonusreceive` VALUES ('17800', '40', null, '3.05', '1', null, null, null, null, null, null);
INSERT INTO `himall_shopbonusreceive` VALUES ('17801', '40', null, '2.15', '1', null, null, null, null, null, null);
INSERT INTO `himall_shopbonusreceive` VALUES ('17802', '40', null, '2.19', '1', null, null, null, null, null, null);
INSERT INTO `himall_shopbonusreceive` VALUES ('17803', '40', null, '3.11', '1', null, null, null, null, null, null);
INSERT INTO `himall_shopbonusreceive` VALUES ('17804', '40', null, '2.02', '1', null, null, null, null, null, null);
INSERT INTO `himall_shopbonusreceive` VALUES ('17805', '40', null, '3.05', '1', null, null, null, null, null, null);
INSERT INTO `himall_shopbonusreceive` VALUES ('17806', '40', null, '4.12', '1', null, null, null, null, null, null);
INSERT INTO `himall_shopbonusreceive` VALUES ('17807', '40', null, '1.13', '1', null, null, null, null, null, null);
INSERT INTO `himall_shopbonusreceive` VALUES ('17808', '40', null, '1.10', '1', null, null, null, null, null, null);
INSERT INTO `himall_shopbonusreceive` VALUES ('17809', '40', null, '3.05', '1', null, null, null, null, null, null);
INSERT INTO `himall_shopbonusreceive` VALUES ('17810', '40', null, '2.11', '1', null, null, null, null, null, null);
INSERT INTO `himall_shopbonusreceive` VALUES ('17811', '40', null, '3.02', '1', null, null, null, null, null, null);
INSERT INTO `himall_shopbonusreceive` VALUES ('17812', '40', null, '2.05', '1', null, null, null, null, null, null);
INSERT INTO `himall_shopbonusreceive` VALUES ('17813', '40', null, '3.06', '1', null, null, null, null, null, null);
INSERT INTO `himall_shopbonusreceive` VALUES ('17814', '40', null, '3.17', '1', null, null, null, null, null, null);
INSERT INTO `himall_shopbonusreceive` VALUES ('17815', '40', null, '3.05', '1', null, null, null, null, null, null);
INSERT INTO `himall_shopbonusreceive` VALUES ('17816', '40', null, '4.18', '1', null, null, null, null, null, null);
INSERT INTO `himall_shopbonusreceive` VALUES ('17817', '40', null, '3.10', '1', null, null, null, null, null, null);
INSERT INTO `himall_shopbonusreceive` VALUES ('17818', '40', null, '2.11', '1', null, null, null, null, null, null);
INSERT INTO `himall_shopbonusreceive` VALUES ('17819', '40', null, '4.07', '1', null, null, null, null, null, null);
INSERT INTO `himall_shopbonusreceive` VALUES ('17820', '40', null, '4.09', '1', null, null, null, null, null, null);
INSERT INTO `himall_shopbonusreceive` VALUES ('17821', '40', null, '3.14', '1', null, null, null, null, null, null);
INSERT INTO `himall_shopbonusreceive` VALUES ('17822', '40', null, '1.17', '1', null, null, null, null, null, null);
INSERT INTO `himall_shopbonusreceive` VALUES ('17823', '40', null, '4.11', '1', null, null, null, null, null, null);
INSERT INTO `himall_shopbonusreceive` VALUES ('17824', '40', null, '3.02', '1', null, null, null, null, null, null);
INSERT INTO `himall_shopbonusreceive` VALUES ('17825', '40', null, '1.07', '1', null, null, null, null, null, null);
INSERT INTO `himall_shopbonusreceive` VALUES ('17826', '40', null, '4.03', '1', null, null, null, null, null, null);
INSERT INTO `himall_shopbonusreceive` VALUES ('17827', '40', null, '3.19', '1', null, null, null, null, null, null);
INSERT INTO `himall_shopbonusreceive` VALUES ('17828', '40', null, '3.06', '1', null, null, null, null, null, null);
INSERT INTO `himall_shopbonusreceive` VALUES ('17829', '40', null, '2.05', '1', null, null, null, null, null, null);
INSERT INTO `himall_shopbonusreceive` VALUES ('17830', '40', null, '2.05', '1', null, null, null, null, null, null);
INSERT INTO `himall_shopbonusreceive` VALUES ('17831', '40', null, '1.09', '1', null, null, null, null, null, null);
INSERT INTO `himall_shopbonusreceive` VALUES ('17832', '40', null, '2.08', '1', null, null, null, null, null, null);
INSERT INTO `himall_shopbonusreceive` VALUES ('17833', '40', null, '2.17', '1', null, null, null, null, null, null);
INSERT INTO `himall_shopbonusreceive` VALUES ('17834', '40', null, '4.11', '1', null, null, null, null, null, null);
INSERT INTO `himall_shopbonusreceive` VALUES ('17835', '40', null, '2.11', '1', null, null, null, null, null, null);
INSERT INTO `himall_shopbonusreceive` VALUES ('17836', '40', null, '3.07', '1', null, null, null, null, null, null);
INSERT INTO `himall_shopbonusreceive` VALUES ('17837', '40', null, '2.01', '1', null, null, null, null, null, null);
INSERT INTO `himall_shopbonusreceive` VALUES ('17838', '40', null, '4.19', '1', null, null, null, null, null, null);
INSERT INTO `himall_shopbonusreceive` VALUES ('17839', '40', null, '4.07', '1', null, null, null, null, null, null);
INSERT INTO `himall_shopbonusreceive` VALUES ('17840', '40', null, '2.02', '1', null, null, null, null, null, null);
INSERT INTO `himall_shopbonusreceive` VALUES ('17841', '40', null, '3.08', '1', null, null, null, null, null, null);
INSERT INTO `himall_shopbonusreceive` VALUES ('17842', '40', null, '3.06', '1', null, null, null, null, null, null);
INSERT INTO `himall_shopbonusreceive` VALUES ('17843', '40', null, '2.15', '1', null, null, null, null, null, null);
INSERT INTO `himall_shopbonusreceive` VALUES ('17844', '40', null, '2.14', '1', null, null, null, null, null, null);
INSERT INTO `himall_shopbonusreceive` VALUES ('17845', '40', null, '4.01', '1', null, null, null, null, null, null);
INSERT INTO `himall_shopbonusreceive` VALUES ('17846', '40', null, '1.14', '1', null, null, null, null, null, null);
INSERT INTO `himall_shopbonusreceive` VALUES ('17847', '40', null, '4.12', '1', null, null, null, null, null, null);
INSERT INTO `himall_shopbonusreceive` VALUES ('17848', '40', null, '2.03', '1', null, null, null, null, null, null);
INSERT INTO `himall_shopbonusreceive` VALUES ('17849', '40', null, '2.15', '1', null, null, null, null, null, null);
INSERT INTO `himall_shopbonusreceive` VALUES ('17850', '40', null, '3.02', '1', null, null, null, null, null, null);
INSERT INTO `himall_shopbonusreceive` VALUES ('17851', '40', null, '3.02', '1', null, null, null, null, null, null);
INSERT INTO `himall_shopbonusreceive` VALUES ('17852', '40', null, '4.12', '1', null, null, null, null, null, null);
INSERT INTO `himall_shopbonusreceive` VALUES ('17853', '40', null, '4.09', '1', null, null, null, null, null, null);
INSERT INTO `himall_shopbonusreceive` VALUES ('17854', '40', null, '4.12', '1', null, null, null, null, null, null);
INSERT INTO `himall_shopbonusreceive` VALUES ('17855', '40', null, '4.11', '1', null, null, null, null, null, null);
INSERT INTO `himall_shopbonusreceive` VALUES ('17856', '40', null, '2.03', '1', null, null, null, null, null, null);
INSERT INTO `himall_shopbonusreceive` VALUES ('17857', '40', null, '4.06', '1', null, null, null, null, null, null);
INSERT INTO `himall_shopbonusreceive` VALUES ('17858', '40', null, '3.13', '1', null, null, null, null, null, null);
INSERT INTO `himall_shopbonusreceive` VALUES ('17859', '40', null, '4.03', '1', null, null, null, null, null, null);
INSERT INTO `himall_shopbonusreceive` VALUES ('17860', '40', null, '4.11', '1', null, null, null, null, null, null);
INSERT INTO `himall_shopbonusreceive` VALUES ('17861', '40', null, '3.04', '1', null, null, null, null, null, null);
INSERT INTO `himall_shopbonusreceive` VALUES ('17862', '40', null, '3.06', '1', null, null, null, null, null, null);
INSERT INTO `himall_shopbonusreceive` VALUES ('17863', '40', null, '2.17', '1', null, null, null, null, null, null);
INSERT INTO `himall_shopbonusreceive` VALUES ('17864', '40', null, '2.14', '1', null, null, null, null, null, null);
INSERT INTO `himall_shopbonusreceive` VALUES ('17865', '40', null, '3.17', '1', null, null, null, null, null, null);
INSERT INTO `himall_shopbonusreceive` VALUES ('17866', '40', null, '3.04', '1', null, null, null, null, null, null);
INSERT INTO `himall_shopbonusreceive` VALUES ('17867', '40', null, '4.05', '1', null, null, null, null, null, null);
INSERT INTO `himall_shopbonusreceive` VALUES ('17868', '40', null, '2.12', '1', null, null, null, null, null, null);
INSERT INTO `himall_shopbonusreceive` VALUES ('17869', '40', null, '3.03', '1', null, null, null, null, null, null);
INSERT INTO `himall_shopbonusreceive` VALUES ('17870', '40', null, '3.01', '1', null, null, null, null, null, null);
INSERT INTO `himall_shopbonusreceive` VALUES ('17871', '40', null, '1.14', '1', null, null, null, null, null, null);
INSERT INTO `himall_shopbonusreceive` VALUES ('17872', '40', null, '3.08', '1', null, null, null, null, null, null);
INSERT INTO `himall_shopbonusreceive` VALUES ('17873', '40', null, '3.19', '1', null, null, null, null, null, null);
INSERT INTO `himall_shopbonusreceive` VALUES ('17874', '40', null, '4.12', '1', null, null, null, null, null, null);
INSERT INTO `himall_shopbonusreceive` VALUES ('17875', '40', null, '1.14', '1', null, null, null, null, null, null);
INSERT INTO `himall_shopbonusreceive` VALUES ('17876', '40', null, '2.03', '1', null, null, null, null, null, null);
INSERT INTO `himall_shopbonusreceive` VALUES ('17877', '40', null, '4.01', '1', null, null, null, null, null, null);
INSERT INTO `himall_shopbonusreceive` VALUES ('17878', '40', null, '3.09', '1', null, null, null, null, null, null);
INSERT INTO `himall_shopbonusreceive` VALUES ('17879', '40', null, '2.09', '1', null, null, null, null, null, null);
INSERT INTO `himall_shopbonusreceive` VALUES ('17880', '40', null, '1.17', '1', null, null, null, null, null, null);
INSERT INTO `himall_shopbonusreceive` VALUES ('17881', '40', null, '1.01', '1', null, null, null, null, null, null);
INSERT INTO `himall_shopbonusreceive` VALUES ('17882', '40', null, '4.03', '1', null, null, null, null, null, null);
INSERT INTO `himall_shopbonusreceive` VALUES ('17883', '40', null, '4.05', '1', null, null, null, null, null, null);
INSERT INTO `himall_shopbonusreceive` VALUES ('17884', '40', null, '2.14', '1', null, null, null, null, null, null);
INSERT INTO `himall_shopbonusreceive` VALUES ('17885', '40', null, '4.19', '1', null, null, null, null, null, null);
INSERT INTO `himall_shopbonusreceive` VALUES ('17886', '40', null, '1.12', '1', null, null, null, null, null, null);
INSERT INTO `himall_shopbonusreceive` VALUES ('17887', '40', null, '3.18', '1', null, null, null, null, null, null);
INSERT INTO `himall_shopbonusreceive` VALUES ('17888', '40', null, '3.17', '1', null, null, null, null, null, null);
INSERT INTO `himall_shopbonusreceive` VALUES ('17889', '40', null, '2.04', '1', null, null, null, null, null, null);
INSERT INTO `himall_shopbonusreceive` VALUES ('17890', '40', null, '3.10', '1', null, null, null, null, null, null);
INSERT INTO `himall_shopbonusreceive` VALUES ('17891', '40', null, '1.15', '1', null, null, null, null, null, null);
INSERT INTO `himall_shopbonusreceive` VALUES ('17892', '40', null, '3.19', '1', null, null, null, null, null, null);
INSERT INTO `himall_shopbonusreceive` VALUES ('17893', '40', null, '2.11', '1', null, null, null, null, null, null);
INSERT INTO `himall_shopbonusreceive` VALUES ('17894', '40', null, '2.15', '1', null, null, null, null, null, null);
INSERT INTO `himall_shopbonusreceive` VALUES ('17895', '40', null, '3.19', '1', null, null, null, null, null, null);
INSERT INTO `himall_shopbonusreceive` VALUES ('17896', '40', null, '1.04', '1', null, null, null, null, null, null);
INSERT INTO `himall_shopbonusreceive` VALUES ('17897', '40', null, '4.12', '1', null, null, null, null, null, null);
INSERT INTO `himall_shopbonusreceive` VALUES ('17898', '40', null, '4.01', '1', null, null, null, null, null, null);
INSERT INTO `himall_shopbonusreceive` VALUES ('17899', '40', null, '4.12', '1', null, null, null, null, null, null);
INSERT INTO `himall_shopbonusreceive` VALUES ('17900', '40', null, '3.08', '1', null, null, null, null, null, null);
INSERT INTO `himall_shopbonusreceive` VALUES ('17901', '40', null, '3.02', '1', null, null, null, null, null, null);
INSERT INTO `himall_shopbonusreceive` VALUES ('17902', '40', null, '3.03', '1', null, null, null, null, null, null);
INSERT INTO `himall_shopbonusreceive` VALUES ('17903', '40', null, '3.15', '1', null, null, null, null, null, null);
INSERT INTO `himall_shopbonusreceive` VALUES ('17904', '40', null, '2.17', '1', null, null, null, null, null, null);
INSERT INTO `himall_shopbonusreceive` VALUES ('17905', '40', null, '3.13', '1', null, null, null, null, null, null);
INSERT INTO `himall_shopbonusreceive` VALUES ('17906', '40', null, '1.06', '1', null, null, null, null, null, null);
INSERT INTO `himall_shopbonusreceive` VALUES ('17907', '40', null, '4.13', '1', null, null, null, null, null, null);
INSERT INTO `himall_shopbonusreceive` VALUES ('17908', '40', null, '4.06', '1', null, null, null, null, null, null);
INSERT INTO `himall_shopbonusreceive` VALUES ('17909', '40', null, '2.18', '1', null, null, null, null, null, null);
INSERT INTO `himall_shopbonusreceive` VALUES ('17910', '40', null, '3.06', '1', null, null, null, null, null, null);
INSERT INTO `himall_shopbonusreceive` VALUES ('17911', '40', null, '4.12', '1', null, null, null, null, null, null);
INSERT INTO `himall_shopbonusreceive` VALUES ('17912', '40', null, '4.17', '1', null, null, null, null, null, null);
INSERT INTO `himall_shopbonusreceive` VALUES ('17913', '40', null, '4.16', '1', null, null, null, null, null, null);
INSERT INTO `himall_shopbonusreceive` VALUES ('17914', '40', null, '3.01', '1', null, null, null, null, null, null);
INSERT INTO `himall_shopbonusreceive` VALUES ('17915', '40', null, '4.10', '1', null, null, null, null, null, null);
INSERT INTO `himall_shopbonusreceive` VALUES ('17916', '40', null, '1.16', '1', null, null, null, null, null, null);
INSERT INTO `himall_shopbonusreceive` VALUES ('17917', '40', null, '3.06', '1', null, null, null, null, null, null);
INSERT INTO `himall_shopbonusreceive` VALUES ('17918', '40', null, '4.01', '1', null, null, null, null, null, null);
INSERT INTO `himall_shopbonusreceive` VALUES ('17919', '40', null, '1.10', '1', null, null, null, null, null, null);
INSERT INTO `himall_shopbonusreceive` VALUES ('17920', '40', null, '2.15', '1', null, null, null, null, null, null);
INSERT INTO `himall_shopbonusreceive` VALUES ('17921', '40', null, '1.10', '1', null, null, null, null, null, null);
INSERT INTO `himall_shopbonusreceive` VALUES ('17922', '40', null, '1.02', '1', null, null, null, null, null, null);
INSERT INTO `himall_shopbonusreceive` VALUES ('17923', '40', null, '4.16', '1', null, null, null, null, null, null);
INSERT INTO `himall_shopbonusreceive` VALUES ('17924', '40', null, '2.07', '1', null, null, null, null, null, null);
INSERT INTO `himall_shopbonusreceive` VALUES ('17925', '40', null, '4.14', '1', null, null, null, null, null, null);
INSERT INTO `himall_shopbonusreceive` VALUES ('17926', '40', null, '3.17', '1', null, null, null, null, null, null);
INSERT INTO `himall_shopbonusreceive` VALUES ('17927', '40', null, '4.04', '1', null, null, null, null, null, null);
INSERT INTO `himall_shopbonusreceive` VALUES ('17928', '40', null, '3.01', '1', null, null, null, null, null, null);
INSERT INTO `himall_shopbonusreceive` VALUES ('17929', '40', null, '1.17', '1', null, null, null, null, null, null);
INSERT INTO `himall_shopbonusreceive` VALUES ('17930', '40', null, '2.17', '1', null, null, null, null, null, null);
INSERT INTO `himall_shopbonusreceive` VALUES ('17931', '40', null, '1.10', '1', null, null, null, null, null, null);
INSERT INTO `himall_shopbonusreceive` VALUES ('17932', '40', null, '4.01', '1', null, null, null, null, null, null);
INSERT INTO `himall_shopbonusreceive` VALUES ('17933', '40', null, '3.05', '1', null, null, null, null, null, null);
INSERT INTO `himall_shopbonusreceive` VALUES ('17934', '40', null, '3.09', '1', null, null, null, null, null, null);
INSERT INTO `himall_shopbonusreceive` VALUES ('17935', '40', null, '4.15', '1', null, null, null, null, null, null);
INSERT INTO `himall_shopbonusreceive` VALUES ('17936', '40', null, '1.17', '1', null, null, null, null, null, null);
INSERT INTO `himall_shopbonusreceive` VALUES ('17937', '40', null, '3.17', '1', null, null, null, null, null, null);
INSERT INTO `himall_shopbonusreceive` VALUES ('17938', '40', null, '1.07', '1', null, null, null, null, null, null);
INSERT INTO `himall_shopbonusreceive` VALUES ('17939', '40', null, '2.17', '1', null, null, null, null, null, null);
INSERT INTO `himall_shopbonusreceive` VALUES ('17940', '40', null, '4.01', '1', null, null, null, null, null, null);
INSERT INTO `himall_shopbonusreceive` VALUES ('17941', '40', null, '2.06', '1', null, null, null, null, null, null);
INSERT INTO `himall_shopbonusreceive` VALUES ('17942', '40', null, '1.05', '1', null, null, null, null, null, null);
INSERT INTO `himall_shopbonusreceive` VALUES ('17943', '40', null, '4.04', '1', null, null, null, null, null, null);
INSERT INTO `himall_shopbonusreceive` VALUES ('17944', '40', null, '4.10', '1', null, null, null, null, null, null);
INSERT INTO `himall_shopbonusreceive` VALUES ('17945', '40', null, '4.16', '1', null, null, null, null, null, null);
INSERT INTO `himall_shopbonusreceive` VALUES ('17946', '40', null, '4.04', '1', null, null, null, null, null, null);
INSERT INTO `himall_shopbonusreceive` VALUES ('17947', '40', null, '2.08', '1', null, null, null, null, null, null);
INSERT INTO `himall_shopbonusreceive` VALUES ('17948', '40', null, '3.12', '1', null, null, null, null, null, null);
INSERT INTO `himall_shopbonusreceive` VALUES ('17949', '40', null, '3.04', '1', null, null, null, null, null, null);
INSERT INTO `himall_shopbonusreceive` VALUES ('17950', '40', null, '3.15', '1', null, null, null, null, null, null);
INSERT INTO `himall_shopbonusreceive` VALUES ('17951', '40', null, '1.19', '1', null, null, null, null, null, null);
INSERT INTO `himall_shopbonusreceive` VALUES ('17952', '40', null, '3.02', '1', null, null, null, null, null, null);
INSERT INTO `himall_shopbonusreceive` VALUES ('17953', '40', null, '2.15', '1', null, null, null, null, null, null);
INSERT INTO `himall_shopbonusreceive` VALUES ('17954', '40', null, '1.03', '1', null, null, null, null, null, null);
INSERT INTO `himall_shopbonusreceive` VALUES ('17955', '40', null, '4.04', '1', null, null, null, null, null, null);
INSERT INTO `himall_shopbonusreceive` VALUES ('17956', '40', null, '3.06', '1', null, null, null, null, null, null);
INSERT INTO `himall_shopbonusreceive` VALUES ('17957', '40', null, '4.05', '1', null, null, null, null, null, null);
INSERT INTO `himall_shopbonusreceive` VALUES ('17958', '40', null, '2.16', '1', null, null, null, null, null, null);
INSERT INTO `himall_shopbonusreceive` VALUES ('17959', '40', null, '2.13', '1', null, null, null, null, null, null);
INSERT INTO `himall_shopbonusreceive` VALUES ('17960', '40', null, '1.08', '1', null, null, null, null, null, null);
INSERT INTO `himall_shopbonusreceive` VALUES ('17961', '40', null, '2.02', '1', null, null, null, null, null, null);
INSERT INTO `himall_shopbonusreceive` VALUES ('17962', '40', null, '3.01', '1', null, null, null, null, null, null);
INSERT INTO `himall_shopbonusreceive` VALUES ('17963', '40', null, '4.01', '1', null, null, null, null, null, null);
INSERT INTO `himall_shopbonusreceive` VALUES ('17964', '40', null, '3.05', '1', null, null, null, null, null, null);
INSERT INTO `himall_shopbonusreceive` VALUES ('17965', '40', null, '1.13', '1', null, null, null, null, null, null);
INSERT INTO `himall_shopbonusreceive` VALUES ('17966', '40', null, '3.05', '1', null, null, null, null, null, null);
INSERT INTO `himall_shopbonusreceive` VALUES ('17967', '40', null, '2.04', '1', null, null, null, null, null, null);
INSERT INTO `himall_shopbonusreceive` VALUES ('17968', '40', null, '4.09', '1', null, null, null, null, null, null);
INSERT INTO `himall_shopbonusreceive` VALUES ('17969', '40', null, '4.02', '1', null, null, null, null, null, null);
INSERT INTO `himall_shopbonusreceive` VALUES ('17970', '40', null, '4.02', '1', null, null, null, null, null, null);
INSERT INTO `himall_shopbonusreceive` VALUES ('17971', '40', null, '4.14', '1', null, null, null, null, null, null);
INSERT INTO `himall_shopbonusreceive` VALUES ('17972', '40', null, '3.11', '1', null, null, null, null, null, null);
INSERT INTO `himall_shopbonusreceive` VALUES ('17973', '40', null, '1.12', '1', null, null, null, null, null, null);
INSERT INTO `himall_shopbonusreceive` VALUES ('17974', '40', null, '2.01', '1', null, null, null, null, null, null);
INSERT INTO `himall_shopbonusreceive` VALUES ('17975', '40', null, '4.17', '1', null, null, null, null, null, null);
INSERT INTO `himall_shopbonusreceive` VALUES ('17976', '40', null, '2.18', '1', null, null, null, null, null, null);
INSERT INTO `himall_shopbonusreceive` VALUES ('17977', '40', null, '1.03', '1', null, null, null, null, null, null);
INSERT INTO `himall_shopbonusreceive` VALUES ('17978', '40', null, '2.03', '1', null, null, null, null, null, null);
INSERT INTO `himall_shopbonusreceive` VALUES ('17979', '40', null, '2.10', '1', null, null, null, null, null, null);
INSERT INTO `himall_shopbonusreceive` VALUES ('17980', '40', null, '1.08', '1', null, null, null, null, null, null);
INSERT INTO `himall_shopbonusreceive` VALUES ('17981', '40', null, '1.19', '1', null, null, null, null, null, null);
INSERT INTO `himall_shopbonusreceive` VALUES ('17982', '40', null, '4.07', '1', null, null, null, null, null, null);
INSERT INTO `himall_shopbonusreceive` VALUES ('17983', '40', null, '2.09', '1', null, null, null, null, null, null);
INSERT INTO `himall_shopbonusreceive` VALUES ('17984', '40', null, '4.15', '1', null, null, null, null, null, null);
INSERT INTO `himall_shopbonusreceive` VALUES ('17985', '40', null, '2.02', '1', null, null, null, null, null, null);
INSERT INTO `himall_shopbonusreceive` VALUES ('17986', '40', null, '1.05', '1', null, null, null, null, null, null);
INSERT INTO `himall_shopbonusreceive` VALUES ('17987', '40', null, '4.01', '1', null, null, null, null, null, null);
INSERT INTO `himall_shopbonusreceive` VALUES ('17988', '40', null, '2.14', '1', null, null, null, null, null, null);
INSERT INTO `himall_shopbonusreceive` VALUES ('17989', '40', null, '3.03', '1', null, null, null, null, null, null);
INSERT INTO `himall_shopbonusreceive` VALUES ('17990', '40', null, '4.05', '1', null, null, null, null, null, null);
INSERT INTO `himall_shopbonusreceive` VALUES ('17991', '40', null, '4.11', '1', null, null, null, null, null, null);
INSERT INTO `himall_shopbonusreceive` VALUES ('17992', '40', null, '2.08', '1', null, null, null, null, null, null);
INSERT INTO `himall_shopbonusreceive` VALUES ('17993', '40', null, '2.16', '1', null, null, null, null, null, null);
INSERT INTO `himall_shopbonusreceive` VALUES ('17994', '40', null, '1.04', '1', null, null, null, null, null, null);
INSERT INTO `himall_shopbonusreceive` VALUES ('17995', '40', null, '4.14', '1', null, null, null, null, null, null);
INSERT INTO `himall_shopbonusreceive` VALUES ('17996', '40', null, '1.05', '1', null, null, null, null, null, null);
INSERT INTO `himall_shopbonusreceive` VALUES ('17997', '40', null, '4.08', '1', null, null, null, null, null, null);
INSERT INTO `himall_shopbonusreceive` VALUES ('17998', '40', null, '4.01', '1', null, null, null, null, null, null);
INSERT INTO `himall_shopbonusreceive` VALUES ('17999', '40', null, '4.04', '1', null, null, null, null, null, null);
INSERT INTO `himall_shopbonusreceive` VALUES ('18000', '40', null, '1.14', '1', null, null, null, null, null, null);
INSERT INTO `himall_shopbonusreceive` VALUES ('18001', '40', null, '3.10', '1', null, null, null, null, null, null);
INSERT INTO `himall_shopbonusreceive` VALUES ('18002', '40', null, '3.16', '1', null, null, null, null, null, null);
INSERT INTO `himall_shopbonusreceive` VALUES ('18003', '40', null, '4.01', '1', null, null, null, null, null, null);
INSERT INTO `himall_shopbonusreceive` VALUES ('18004', '40', null, '1.19', '1', null, null, null, null, null, null);
INSERT INTO `himall_shopbonusreceive` VALUES ('18005', '40', null, '3.13', '1', null, null, null, null, null, null);
INSERT INTO `himall_shopbonusreceive` VALUES ('18006', '40', null, '3.03', '1', null, null, null, null, null, null);
INSERT INTO `himall_shopbonusreceive` VALUES ('18007', '40', null, '3.19', '1', null, null, null, null, null, null);
INSERT INTO `himall_shopbonusreceive` VALUES ('18008', '40', null, '3.12', '1', null, null, null, null, null, null);
INSERT INTO `himall_shopbonusreceive` VALUES ('18009', '40', null, '3.10', '1', null, null, null, null, null, null);
INSERT INTO `himall_shopbonusreceive` VALUES ('18010', '40', null, '4.13', '1', null, null, null, null, null, null);
INSERT INTO `himall_shopbonusreceive` VALUES ('18011', '40', null, '2.15', '1', null, null, null, null, null, null);
INSERT INTO `himall_shopbonusreceive` VALUES ('18012', '40', null, '4.14', '1', null, null, null, null, null, null);
INSERT INTO `himall_shopbonusreceive` VALUES ('18013', '40', null, '4.16', '1', null, null, null, null, null, null);
INSERT INTO `himall_shopbonusreceive` VALUES ('18014', '40', null, '2.10', '1', null, null, null, null, null, null);
INSERT INTO `himall_shopbonusreceive` VALUES ('18015', '40', null, '1.08', '1', null, null, null, null, null, null);
INSERT INTO `himall_shopbonusreceive` VALUES ('18016', '40', null, '4.08', '1', null, null, null, null, null, null);
INSERT INTO `himall_shopbonusreceive` VALUES ('18017', '40', null, '1.04', '1', null, null, null, null, null, null);
INSERT INTO `himall_shopbonusreceive` VALUES ('18018', '40', null, '3.06', '1', null, null, null, null, null, null);
INSERT INTO `himall_shopbonusreceive` VALUES ('18019', '40', null, '4.11', '1', null, null, null, null, null, null);
INSERT INTO `himall_shopbonusreceive` VALUES ('18020', '40', null, '3.07', '1', null, null, null, null, null, null);
INSERT INTO `himall_shopbonusreceive` VALUES ('18021', '40', null, '3.04', '1', null, null, null, null, null, null);
INSERT INTO `himall_shopbonusreceive` VALUES ('18022', '40', null, '2.04', '1', null, null, null, null, null, null);
INSERT INTO `himall_shopbonusreceive` VALUES ('18023', '40', null, '1.01', '1', null, null, null, null, null, null);
INSERT INTO `himall_shopbonusreceive` VALUES ('18024', '40', null, '3.17', '1', null, null, null, null, null, null);
INSERT INTO `himall_shopbonusreceive` VALUES ('18025', '40', null, '3.06', '1', null, null, null, null, null, null);
INSERT INTO `himall_shopbonusreceive` VALUES ('18026', '40', null, '2.06', '1', null, null, null, null, null, null);
INSERT INTO `himall_shopbonusreceive` VALUES ('18027', '40', null, '2.09', '1', null, null, null, null, null, null);
INSERT INTO `himall_shopbonusreceive` VALUES ('18028', '40', null, '2.17', '1', null, null, null, null, null, null);
INSERT INTO `himall_shopbonusreceive` VALUES ('18029', '40', null, '3.18', '1', null, null, null, null, null, null);
INSERT INTO `himall_shopbonusreceive` VALUES ('18030', '40', null, '4.19', '1', null, null, null, null, null, null);
INSERT INTO `himall_shopbonusreceive` VALUES ('18031', '40', null, '3.12', '1', null, null, null, null, null, null);
INSERT INTO `himall_shopbonusreceive` VALUES ('18032', '40', null, '4.07', '1', null, null, null, null, null, null);
INSERT INTO `himall_shopbonusreceive` VALUES ('18033', '40', null, '4.03', '1', null, null, null, null, null, null);
INSERT INTO `himall_shopbonusreceive` VALUES ('18034', '40', null, '1.09', '1', null, null, null, null, null, null);
INSERT INTO `himall_shopbonusreceive` VALUES ('18035', '40', null, '2.07', '1', null, null, null, null, null, null);
INSERT INTO `himall_shopbonusreceive` VALUES ('18036', '40', null, '3.02', '1', null, null, null, null, null, null);
INSERT INTO `himall_shopbonusreceive` VALUES ('18037', '40', null, '4.12', '1', null, null, null, null, null, null);
INSERT INTO `himall_shopbonusreceive` VALUES ('18038', '40', null, '4.02', '1', null, null, null, null, null, null);
INSERT INTO `himall_shopbonusreceive` VALUES ('18039', '40', null, '2.15', '1', null, null, null, null, null, null);
INSERT INTO `himall_shopbonusreceive` VALUES ('18040', '40', null, '3.18', '1', null, null, null, null, null, null);
INSERT INTO `himall_shopbonusreceive` VALUES ('18041', '40', null, '1.11', '1', null, null, null, null, null, null);
INSERT INTO `himall_shopbonusreceive` VALUES ('18042', '40', null, '3.16', '1', null, null, null, null, null, null);
INSERT INTO `himall_shopbonusreceive` VALUES ('18043', '40', null, '4.11', '1', null, null, null, null, null, null);
INSERT INTO `himall_shopbonusreceive` VALUES ('18044', '40', null, '1.12', '1', null, null, null, null, null, null);
INSERT INTO `himall_shopbonusreceive` VALUES ('18045', '40', null, '4.14', '1', null, null, null, null, null, null);
INSERT INTO `himall_shopbonusreceive` VALUES ('18046', '40', null, '3.01', '1', null, null, null, null, null, null);
INSERT INTO `himall_shopbonusreceive` VALUES ('18047', '40', null, '3.12', '1', null, null, null, null, null, null);
INSERT INTO `himall_shopbonusreceive` VALUES ('18048', '40', null, '3.03', '1', null, null, null, null, null, null);
INSERT INTO `himall_shopbonusreceive` VALUES ('18049', '40', null, '2.03', '1', null, null, null, null, null, null);
INSERT INTO `himall_shopbonusreceive` VALUES ('18050', '40', null, '2.01', '1', null, null, null, null, null, null);
INSERT INTO `himall_shopbonusreceive` VALUES ('18051', '40', null, '4.03', '1', null, null, null, null, null, null);
INSERT INTO `himall_shopbonusreceive` VALUES ('18052', '40', null, '3.08', '1', null, null, null, null, null, null);
INSERT INTO `himall_shopbonusreceive` VALUES ('18053', '40', null, '3.07', '1', null, null, null, null, null, null);
INSERT INTO `himall_shopbonusreceive` VALUES ('18054', '40', null, '2.13', '1', null, null, null, null, null, null);
INSERT INTO `himall_shopbonusreceive` VALUES ('18055', '40', null, '2.07', '1', null, null, null, null, null, null);
INSERT INTO `himall_shopbonusreceive` VALUES ('18056', '40', null, '3.16', '1', null, null, null, null, null, null);
INSERT INTO `himall_shopbonusreceive` VALUES ('18057', '40', null, '2.01', '1', null, null, null, null, null, null);
INSERT INTO `himall_shopbonusreceive` VALUES ('18058', '40', null, '4.02', '1', null, null, null, null, null, null);
INSERT INTO `himall_shopbonusreceive` VALUES ('18059', '40', null, '4.01', '1', null, null, null, null, null, null);
INSERT INTO `himall_shopbonusreceive` VALUES ('18060', '40', null, '2.04', '1', null, null, null, null, null, null);
INSERT INTO `himall_shopbonusreceive` VALUES ('18061', '40', null, '1.10', '1', null, null, null, null, null, null);
INSERT INTO `himall_shopbonusreceive` VALUES ('18062', '40', null, '3.12', '1', null, null, null, null, null, null);
INSERT INTO `himall_shopbonusreceive` VALUES ('18063', '40', null, '3.12', '1', null, null, null, null, null, null);
INSERT INTO `himall_shopbonusreceive` VALUES ('18064', '40', null, '2.07', '1', null, null, null, null, null, null);
INSERT INTO `himall_shopbonusreceive` VALUES ('18065', '40', null, '4.16', '1', null, null, null, null, null, null);
INSERT INTO `himall_shopbonusreceive` VALUES ('18066', '40', null, '3.03', '1', null, null, null, null, null, null);
INSERT INTO `himall_shopbonusreceive` VALUES ('18067', '40', null, '2.10', '1', null, null, null, null, null, null);
INSERT INTO `himall_shopbonusreceive` VALUES ('18068', '40', null, '4.02', '1', null, null, null, null, null, null);
INSERT INTO `himall_shopbonusreceive` VALUES ('18069', '40', null, '1.07', '1', null, null, null, null, null, null);
INSERT INTO `himall_shopbonusreceive` VALUES ('18070', '40', null, '1.12', '1', null, null, null, null, null, null);
INSERT INTO `himall_shopbonusreceive` VALUES ('18071', '40', null, '1.09', '1', null, null, null, null, null, null);
INSERT INTO `himall_shopbonusreceive` VALUES ('18072', '40', null, '1.08', '1', null, null, null, null, null, null);
INSERT INTO `himall_shopbonusreceive` VALUES ('18073', '40', null, '1.17', '1', null, null, null, null, null, null);
INSERT INTO `himall_shopbonusreceive` VALUES ('18074', '40', null, '3.12', '1', null, null, null, null, null, null);
INSERT INTO `himall_shopbonusreceive` VALUES ('18075', '40', null, '4.13', '1', null, null, null, null, null, null);
INSERT INTO `himall_shopbonusreceive` VALUES ('18076', '40', null, '2.06', '1', null, null, null, null, null, null);
INSERT INTO `himall_shopbonusreceive` VALUES ('18077', '40', null, '3.04', '1', null, null, null, null, null, null);
INSERT INTO `himall_shopbonusreceive` VALUES ('18078', '40', null, '4.09', '1', null, null, null, null, null, null);
INSERT INTO `himall_shopbonusreceive` VALUES ('18079', '40', null, '2.17', '1', null, null, null, null, null, null);
INSERT INTO `himall_shopbonusreceive` VALUES ('18080', '40', null, '4.01', '1', null, null, null, null, null, null);
INSERT INTO `himall_shopbonusreceive` VALUES ('18081', '40', null, '4.01', '1', null, null, null, null, null, null);
INSERT INTO `himall_shopbonusreceive` VALUES ('18082', '40', null, '4.13', '1', null, null, null, null, null, null);
INSERT INTO `himall_shopbonusreceive` VALUES ('18083', '40', null, '3.10', '1', null, null, null, null, null, null);
INSERT INTO `himall_shopbonusreceive` VALUES ('18084', '40', null, '2.17', '1', null, null, null, null, null, null);
INSERT INTO `himall_shopbonusreceive` VALUES ('18085', '40', null, '1.14', '1', null, null, null, null, null, null);
INSERT INTO `himall_shopbonusreceive` VALUES ('18086', '40', null, '1.10', '1', null, null, null, null, null, null);
INSERT INTO `himall_shopbonusreceive` VALUES ('18087', '40', null, '4.16', '1', null, null, null, null, null, null);
INSERT INTO `himall_shopbonusreceive` VALUES ('18088', '40', null, '1.12', '1', null, null, null, null, null, null);
INSERT INTO `himall_shopbonusreceive` VALUES ('18089', '40', null, '2.07', '1', null, null, null, null, null, null);
INSERT INTO `himall_shopbonusreceive` VALUES ('18090', '40', null, '3.15', '1', null, null, null, null, null, null);
INSERT INTO `himall_shopbonusreceive` VALUES ('18091', '40', null, '4.16', '1', null, null, null, null, null, null);
INSERT INTO `himall_shopbonusreceive` VALUES ('18092', '40', null, '3.05', '1', null, null, null, null, null, null);
INSERT INTO `himall_shopbonusreceive` VALUES ('18093', '40', null, '3.08', '1', null, null, null, null, null, null);
INSERT INTO `himall_shopbonusreceive` VALUES ('18094', '40', null, '2.04', '1', null, null, null, null, null, null);
INSERT INTO `himall_shopbonusreceive` VALUES ('18095', '40', null, '3.11', '1', null, null, null, null, null, null);
INSERT INTO `himall_shopbonusreceive` VALUES ('18096', '40', null, '3.03', '1', null, null, null, null, null, null);
INSERT INTO `himall_shopbonusreceive` VALUES ('18097', '40', null, '3.03', '1', null, null, null, null, null, null);
INSERT INTO `himall_shopbonusreceive` VALUES ('18098', '40', null, '3.03', '1', null, null, null, null, null, null);
INSERT INTO `himall_shopbonusreceive` VALUES ('18099', '40', null, '3.09', '1', null, null, null, null, null, null);
INSERT INTO `himall_shopbonusreceive` VALUES ('18100', '40', null, '3.12', '1', null, null, null, null, null, null);
INSERT INTO `himall_shopbonusreceive` VALUES ('18101', '40', null, '2.16', '1', null, null, null, null, null, null);
INSERT INTO `himall_shopbonusreceive` VALUES ('18102', '40', null, '3.03', '1', null, null, null, null, null, null);
INSERT INTO `himall_shopbonusreceive` VALUES ('18103', '40', null, '3.16', '1', null, null, null, null, null, null);
INSERT INTO `himall_shopbonusreceive` VALUES ('18104', '40', null, '2.18', '1', null, null, null, null, null, null);
INSERT INTO `himall_shopbonusreceive` VALUES ('18105', '40', null, '1.08', '1', null, null, null, null, null, null);
INSERT INTO `himall_shopbonusreceive` VALUES ('18106', '40', null, '1.03', '1', null, null, null, null, null, null);
INSERT INTO `himall_shopbonusreceive` VALUES ('18107', '40', null, '2.01', '1', null, null, null, null, null, null);
INSERT INTO `himall_shopbonusreceive` VALUES ('18108', '40', null, '1.02', '1', null, null, null, null, null, null);
INSERT INTO `himall_shopbonusreceive` VALUES ('18109', '40', null, '3.12', '1', null, null, null, null, null, null);
INSERT INTO `himall_shopbonusreceive` VALUES ('18110', '40', null, '1.05', '1', null, null, null, null, null, null);
INSERT INTO `himall_shopbonusreceive` VALUES ('18111', '40', null, '1.05', '1', null, null, null, null, null, null);
INSERT INTO `himall_shopbonusreceive` VALUES ('18112', '40', null, '2.10', '1', null, null, null, null, null, null);
INSERT INTO `himall_shopbonusreceive` VALUES ('18113', '40', null, '1.18', '1', null, null, null, null, null, null);
INSERT INTO `himall_shopbonusreceive` VALUES ('18114', '40', null, '4.14', '1', null, null, null, null, null, null);
INSERT INTO `himall_shopbonusreceive` VALUES ('18115', '40', null, '1.17', '1', null, null, null, null, null, null);
INSERT INTO `himall_shopbonusreceive` VALUES ('18116', '40', null, '4.18', '1', null, null, null, null, null, null);
INSERT INTO `himall_shopbonusreceive` VALUES ('18117', '40', null, '3.18', '1', null, null, null, null, null, null);
INSERT INTO `himall_shopbonusreceive` VALUES ('18118', '40', null, '2.03', '1', null, null, null, null, null, null);
INSERT INTO `himall_shopbonusreceive` VALUES ('18119', '40', null, '2.08', '1', null, null, null, null, null, null);
INSERT INTO `himall_shopbonusreceive` VALUES ('18120', '40', null, '3.14', '1', null, null, null, null, null, null);
INSERT INTO `himall_shopbonusreceive` VALUES ('18121', '40', null, '4.10', '1', null, null, null, null, null, null);
INSERT INTO `himall_shopbonusreceive` VALUES ('18122', '40', null, '1.04', '1', null, null, null, null, null, null);
INSERT INTO `himall_shopbonusreceive` VALUES ('18123', '40', null, '2.11', '1', null, null, null, null, null, null);
INSERT INTO `himall_shopbonusreceive` VALUES ('18124', '40', null, '4.11', '1', null, null, null, null, null, null);
INSERT INTO `himall_shopbonusreceive` VALUES ('18125', '40', null, '1.12', '1', null, null, null, null, null, null);
INSERT INTO `himall_shopbonusreceive` VALUES ('18126', '40', null, '3.01', '1', null, null, null, null, null, null);
INSERT INTO `himall_shopbonusreceive` VALUES ('18127', '40', null, '2.11', '1', null, null, null, null, null, null);
INSERT INTO `himall_shopbonusreceive` VALUES ('18128', '40', null, '3.05', '1', null, null, null, null, null, null);
INSERT INTO `himall_shopbonusreceive` VALUES ('18129', '40', null, '2.02', '1', null, null, null, null, null, null);
INSERT INTO `himall_shopbonusreceive` VALUES ('18130', '40', null, '1.12', '1', null, null, null, null, null, null);
INSERT INTO `himall_shopbonusreceive` VALUES ('18131', '40', null, '4.15', '1', null, null, null, null, null, null);
INSERT INTO `himall_shopbonusreceive` VALUES ('18132', '40', null, '4.06', '1', null, null, null, null, null, null);
INSERT INTO `himall_shopbonusreceive` VALUES ('18133', '40', null, '2.04', '1', null, null, null, null, null, null);
INSERT INTO `himall_shopbonusreceive` VALUES ('18134', '40', null, '3.09', '1', null, null, null, null, null, null);
INSERT INTO `himall_shopbonusreceive` VALUES ('18135', '40', null, '4.18', '1', null, null, null, null, null, null);
INSERT INTO `himall_shopbonusreceive` VALUES ('18136', '40', null, '4.03', '1', null, null, null, null, null, null);
INSERT INTO `himall_shopbonusreceive` VALUES ('18137', '40', null, '4.09', '1', null, null, null, null, null, null);
INSERT INTO `himall_shopbonusreceive` VALUES ('18138', '40', null, '2.12', '1', null, null, null, null, null, null);
INSERT INTO `himall_shopbonusreceive` VALUES ('18139', '40', null, '1.04', '1', null, null, null, null, null, null);
INSERT INTO `himall_shopbonusreceive` VALUES ('18140', '40', null, '1.10', '1', null, null, null, null, null, null);
INSERT INTO `himall_shopbonusreceive` VALUES ('18141', '40', null, '1.08', '1', null, null, null, null, null, null);
INSERT INTO `himall_shopbonusreceive` VALUES ('18142', '40', null, '3.11', '1', null, null, null, null, null, null);
INSERT INTO `himall_shopbonusreceive` VALUES ('18143', '40', null, '1.19', '1', null, null, null, null, null, null);
INSERT INTO `himall_shopbonusreceive` VALUES ('18144', '40', null, '3.01', '1', null, null, null, null, null, null);
INSERT INTO `himall_shopbonusreceive` VALUES ('18145', '40', null, '2.02', '1', null, null, null, null, null, null);
INSERT INTO `himall_shopbonusreceive` VALUES ('18146', '40', null, '3.03', '1', null, null, null, null, null, null);
INSERT INTO `himall_shopbonusreceive` VALUES ('18147', '40', null, '2.01', '1', null, null, null, null, null, null);
INSERT INTO `himall_shopbonusreceive` VALUES ('18148', '40', null, '4.04', '1', null, null, null, null, null, null);
INSERT INTO `himall_shopbonusreceive` VALUES ('18149', '40', null, '3.14', '1', null, null, null, null, null, null);
INSERT INTO `himall_shopbonusreceive` VALUES ('18150', '40', null, '4.05', '1', null, null, null, null, null, null);
INSERT INTO `himall_shopbonusreceive` VALUES ('18151', '40', null, '1.07', '1', null, null, null, null, null, null);
INSERT INTO `himall_shopbonusreceive` VALUES ('18152', '40', null, '4.03', '1', null, null, null, null, null, null);
INSERT INTO `himall_shopbonusreceive` VALUES ('18153', '40', null, '4.10', '1', null, null, null, null, null, null);
INSERT INTO `himall_shopbonusreceive` VALUES ('18154', '40', null, '1.16', '1', null, null, null, null, null, null);
INSERT INTO `himall_shopbonusreceive` VALUES ('18155', '40', null, '2.18', '1', null, null, null, null, null, null);
INSERT INTO `himall_shopbonusreceive` VALUES ('18156', '40', null, '1.06', '1', null, null, null, null, null, null);
INSERT INTO `himall_shopbonusreceive` VALUES ('18157', '40', null, '1.12', '1', null, null, null, null, null, null);
INSERT INTO `himall_shopbonusreceive` VALUES ('18158', '40', null, '2.10', '1', null, null, null, null, null, null);
INSERT INTO `himall_shopbonusreceive` VALUES ('18159', '40', null, '1.05', '1', null, null, null, null, null, null);
INSERT INTO `himall_shopbonusreceive` VALUES ('18160', '40', null, '1.09', '1', null, null, null, null, null, null);
INSERT INTO `himall_shopbonusreceive` VALUES ('18161', '40', null, '3.10', '1', null, null, null, null, null, null);
INSERT INTO `himall_shopbonusreceive` VALUES ('18162', '40', null, '1.14', '1', null, null, null, null, null, null);
INSERT INTO `himall_shopbonusreceive` VALUES ('18163', '40', null, '1.13', '1', null, null, null, null, null, null);
INSERT INTO `himall_shopbonusreceive` VALUES ('18164', '40', null, '4.17', '1', null, null, null, null, null, null);
INSERT INTO `himall_shopbonusreceive` VALUES ('18165', '40', null, '3.02', '1', null, null, null, null, null, null);
INSERT INTO `himall_shopbonusreceive` VALUES ('18166', '40', null, '4.10', '1', null, null, null, null, null, null);
INSERT INTO `himall_shopbonusreceive` VALUES ('18167', '40', null, '2.16', '1', null, null, null, null, null, null);
INSERT INTO `himall_shopbonusreceive` VALUES ('18168', '40', null, '2.17', '1', null, null, null, null, null, null);
INSERT INTO `himall_shopbonusreceive` VALUES ('18169', '40', null, '3.10', '1', null, null, null, null, null, null);
INSERT INTO `himall_shopbonusreceive` VALUES ('18170', '40', null, '4.15', '1', null, null, null, null, null, null);
INSERT INTO `himall_shopbonusreceive` VALUES ('18171', '40', null, '4.16', '1', null, null, null, null, null, null);
INSERT INTO `himall_shopbonusreceive` VALUES ('18172', '40', null, '4.09', '1', null, null, null, null, null, null);
INSERT INTO `himall_shopbonusreceive` VALUES ('18173', '40', null, '1.07', '1', null, null, null, null, null, null);
INSERT INTO `himall_shopbonusreceive` VALUES ('18174', '40', null, '1.13', '1', null, null, null, null, null, null);
INSERT INTO `himall_shopbonusreceive` VALUES ('18175', '40', null, '3.07', '1', null, null, null, null, null, null);
INSERT INTO `himall_shopbonusreceive` VALUES ('18176', '40', null, '1.10', '1', null, null, null, null, null, null);
INSERT INTO `himall_shopbonusreceive` VALUES ('18177', '40', null, '3.07', '1', null, null, null, null, null, null);
INSERT INTO `himall_shopbonusreceive` VALUES ('18178', '40', null, '3.11', '1', null, null, null, null, null, null);
INSERT INTO `himall_shopbonusreceive` VALUES ('18179', '40', null, '2.02', '1', null, null, null, null, null, null);
INSERT INTO `himall_shopbonusreceive` VALUES ('18180', '40', null, '4.03', '1', null, null, null, null, null, null);
INSERT INTO `himall_shopbonusreceive` VALUES ('18181', '40', null, '3.04', '1', null, null, null, null, null, null);
INSERT INTO `himall_shopbonusreceive` VALUES ('18182', '40', null, '1.04', '1', null, null, null, null, null, null);
INSERT INTO `himall_shopbonusreceive` VALUES ('18183', '40', null, '1.11', '1', null, null, null, null, null, null);
INSERT INTO `himall_shopbonusreceive` VALUES ('18184', '40', null, '4.05', '1', null, null, null, null, null, null);
INSERT INTO `himall_shopbonusreceive` VALUES ('18185', '40', null, '1.12', '1', null, null, null, null, null, null);
INSERT INTO `himall_shopbonusreceive` VALUES ('18186', '40', null, '4.13', '1', null, null, null, null, null, null);
INSERT INTO `himall_shopbonusreceive` VALUES ('18187', '40', null, '2.06', '1', null, null, null, null, null, null);
INSERT INTO `himall_shopbonusreceive` VALUES ('18188', '40', null, '3.15', '1', null, null, null, null, null, null);
INSERT INTO `himall_shopbonusreceive` VALUES ('18189', '40', null, '3.12', '1', null, null, null, null, null, null);
INSERT INTO `himall_shopbonusreceive` VALUES ('18190', '40', null, '3.17', '1', null, null, null, null, null, null);
INSERT INTO `himall_shopbonusreceive` VALUES ('18191', '40', null, '3.04', '1', null, null, null, null, null, null);
INSERT INTO `himall_shopbonusreceive` VALUES ('18192', '40', null, '2.07', '1', null, null, null, null, null, null);
INSERT INTO `himall_shopbonusreceive` VALUES ('18193', '40', null, '1.07', '1', null, null, null, null, null, null);
INSERT INTO `himall_shopbonusreceive` VALUES ('18194', '40', null, '4.02', '1', null, null, null, null, null, null);
INSERT INTO `himall_shopbonusreceive` VALUES ('18195', '40', null, '1.18', '1', null, null, null, null, null, null);
INSERT INTO `himall_shopbonusreceive` VALUES ('18196', '40', null, '3.10', '1', null, null, null, null, null, null);
INSERT INTO `himall_shopbonusreceive` VALUES ('18197', '40', null, '3.13', '1', null, null, null, null, null, null);
INSERT INTO `himall_shopbonusreceive` VALUES ('18198', '40', null, '1.13', '1', null, null, null, null, null, null);
INSERT INTO `himall_shopbonusreceive` VALUES ('18199', '40', null, '3.12', '1', null, null, null, null, null, null);
INSERT INTO `himall_shopbonusreceive` VALUES ('18200', '40', null, '2.10', '1', null, null, null, null, null, null);
INSERT INTO `himall_shopbonusreceive` VALUES ('18201', '40', null, '2.17', '1', null, null, null, null, null, null);
INSERT INTO `himall_shopbonusreceive` VALUES ('18202', '40', null, '3.19', '1', null, null, null, null, null, null);
INSERT INTO `himall_shopbonusreceive` VALUES ('18203', '40', null, '2.08', '1', null, null, null, null, null, null);
INSERT INTO `himall_shopbonusreceive` VALUES ('18204', '40', null, '1.07', '1', null, null, null, null, null, null);
INSERT INTO `himall_shopbonusreceive` VALUES ('18205', '40', null, '4.17', '1', null, null, null, null, null, null);
INSERT INTO `himall_shopbonusreceive` VALUES ('18206', '40', null, '4.13', '1', null, null, null, null, null, null);
INSERT INTO `himall_shopbonusreceive` VALUES ('18207', '40', null, '2.01', '1', null, null, null, null, null, null);
INSERT INTO `himall_shopbonusreceive` VALUES ('18208', '40', null, '3.08', '1', null, null, null, null, null, null);
INSERT INTO `himall_shopbonusreceive` VALUES ('18209', '40', null, '4.17', '1', null, null, null, null, null, null);
INSERT INTO `himall_shopbonusreceive` VALUES ('18210', '40', null, '1.14', '1', null, null, null, null, null, null);
INSERT INTO `himall_shopbonusreceive` VALUES ('18211', '40', null, '3.17', '1', null, null, null, null, null, null);
INSERT INTO `himall_shopbonusreceive` VALUES ('18212', '40', null, '1.04', '1', null, null, null, null, null, null);
INSERT INTO `himall_shopbonusreceive` VALUES ('18213', '40', null, '1.08', '1', null, null, null, null, null, null);
INSERT INTO `himall_shopbonusreceive` VALUES ('18214', '40', null, '1.16', '1', null, null, null, null, null, null);
INSERT INTO `himall_shopbonusreceive` VALUES ('18215', '40', null, '1.18', '1', null, null, null, null, null, null);
INSERT INTO `himall_shopbonusreceive` VALUES ('18216', '40', null, '1.03', '1', null, null, null, null, null, null);
INSERT INTO `himall_shopbonusreceive` VALUES ('18217', '40', null, '1.03', '1', null, null, null, null, null, null);
INSERT INTO `himall_shopbonusreceive` VALUES ('18218', '40', null, '2.14', '1', null, null, null, null, null, null);
INSERT INTO `himall_shopbonusreceive` VALUES ('18219', '40', null, '3.07', '1', null, null, null, null, null, null);
INSERT INTO `himall_shopbonusreceive` VALUES ('18220', '40', null, '4.13', '1', null, null, null, null, null, null);
INSERT INTO `himall_shopbonusreceive` VALUES ('18221', '40', null, '2.10', '1', null, null, null, null, null, null);
INSERT INTO `himall_shopbonusreceive` VALUES ('18222', '40', null, '2.06', '1', null, null, null, null, null, null);
INSERT INTO `himall_shopbonusreceive` VALUES ('18223', '40', null, '1.19', '1', null, null, null, null, null, null);
INSERT INTO `himall_shopbonusreceive` VALUES ('18224', '40', null, '1.11', '1', null, null, null, null, null, null);
INSERT INTO `himall_shopbonusreceive` VALUES ('18225', '40', null, '1.14', '1', null, null, null, null, null, null);
INSERT INTO `himall_shopbonusreceive` VALUES ('18226', '40', null, '4.16', '1', null, null, null, null, null, null);
INSERT INTO `himall_shopbonusreceive` VALUES ('18227', '40', null, '2.13', '1', null, null, null, null, null, null);
INSERT INTO `himall_shopbonusreceive` VALUES ('18228', '40', null, '4.12', '1', null, null, null, null, null, null);
INSERT INTO `himall_shopbonusreceive` VALUES ('18229', '40', null, '4.07', '1', null, null, null, null, null, null);
INSERT INTO `himall_shopbonusreceive` VALUES ('18230', '40', null, '4.02', '1', null, null, null, null, null, null);
INSERT INTO `himall_shopbonusreceive` VALUES ('18231', '40', null, '2.05', '1', null, null, null, null, null, null);
INSERT INTO `himall_shopbonusreceive` VALUES ('18232', '40', null, '1.17', '1', null, null, null, null, null, null);
INSERT INTO `himall_shopbonusreceive` VALUES ('18233', '40', null, '3.14', '1', null, null, null, null, null, null);
INSERT INTO `himall_shopbonusreceive` VALUES ('18234', '40', null, '2.06', '1', null, null, null, null, null, null);
INSERT INTO `himall_shopbonusreceive` VALUES ('18235', '40', null, '3.17', '1', null, null, null, null, null, null);
INSERT INTO `himall_shopbonusreceive` VALUES ('18236', '40', null, '3.11', '1', null, null, null, null, null, null);
INSERT INTO `himall_shopbonusreceive` VALUES ('18237', '40', null, '4.10', '1', null, null, null, null, null, null);
INSERT INTO `himall_shopbonusreceive` VALUES ('18238', '40', null, '2.05', '1', null, null, null, null, null, null);
INSERT INTO `himall_shopbonusreceive` VALUES ('18239', '40', null, '3.15', '1', null, null, null, null, null, null);
INSERT INTO `himall_shopbonusreceive` VALUES ('18240', '40', null, '1.02', '1', null, null, null, null, null, null);
INSERT INTO `himall_shopbonusreceive` VALUES ('18241', '40', null, '2.11', '1', null, null, null, null, null, null);
INSERT INTO `himall_shopbonusreceive` VALUES ('18242', '40', null, '3.09', '1', null, null, null, null, null, null);
INSERT INTO `himall_shopbonusreceive` VALUES ('18243', '40', null, '1.07', '1', null, null, null, null, null, null);
INSERT INTO `himall_shopbonusreceive` VALUES ('18244', '40', null, '3.11', '1', null, null, null, null, null, null);
INSERT INTO `himall_shopbonusreceive` VALUES ('18245', '40', null, '2.16', '1', null, null, null, null, null, null);
INSERT INTO `himall_shopbonusreceive` VALUES ('18246', '40', null, '4.07', '1', null, null, null, null, null, null);
INSERT INTO `himall_shopbonusreceive` VALUES ('18247', '40', null, '2.16', '1', null, null, null, null, null, null);
INSERT INTO `himall_shopbonusreceive` VALUES ('18248', '40', null, '2.02', '1', null, null, null, null, null, null);
INSERT INTO `himall_shopbonusreceive` VALUES ('18249', '40', null, '2.09', '1', null, null, null, null, null, null);
INSERT INTO `himall_shopbonusreceive` VALUES ('18250', '40', null, '3.08', '1', null, null, null, null, null, null);
INSERT INTO `himall_shopbonusreceive` VALUES ('18251', '40', null, '3.15', '1', null, null, null, null, null, null);
INSERT INTO `himall_shopbonusreceive` VALUES ('18252', '40', null, '4.05', '1', null, null, null, null, null, null);
INSERT INTO `himall_shopbonusreceive` VALUES ('18253', '40', null, '4.04', '1', null, null, null, null, null, null);
INSERT INTO `himall_shopbonusreceive` VALUES ('18254', '40', null, '4.17', '1', null, null, null, null, null, null);
INSERT INTO `himall_shopbonusreceive` VALUES ('18255', '40', null, '1.12', '1', null, null, null, null, null, null);
INSERT INTO `himall_shopbonusreceive` VALUES ('18256', '40', null, '1.01', '1', null, null, null, null, null, null);
INSERT INTO `himall_shopbonusreceive` VALUES ('18257', '40', null, '1.17', '1', null, null, null, null, null, null);
INSERT INTO `himall_shopbonusreceive` VALUES ('18258', '40', null, '4.15', '1', null, null, null, null, null, null);
INSERT INTO `himall_shopbonusreceive` VALUES ('18259', '40', null, '2.14', '1', null, null, null, null, null, null);
INSERT INTO `himall_shopbonusreceive` VALUES ('18260', '40', null, '3.07', '1', null, null, null, null, null, null);
INSERT INTO `himall_shopbonusreceive` VALUES ('18261', '40', null, '1.16', '1', null, null, null, null, null, null);
INSERT INTO `himall_shopbonusreceive` VALUES ('18262', '40', null, '4.16', '1', null, null, null, null, null, null);
INSERT INTO `himall_shopbonusreceive` VALUES ('18263', '40', null, '4.07', '1', null, null, null, null, null, null);
INSERT INTO `himall_shopbonusreceive` VALUES ('18264', '40', null, '1.04', '1', null, null, null, null, null, null);
INSERT INTO `himall_shopbonusreceive` VALUES ('18265', '40', null, '1.07', '1', null, null, null, null, null, null);
INSERT INTO `himall_shopbonusreceive` VALUES ('18266', '40', null, '4.02', '1', null, null, null, null, null, null);
INSERT INTO `himall_shopbonusreceive` VALUES ('18267', '40', null, '1.13', '1', null, null, null, null, null, null);
INSERT INTO `himall_shopbonusreceive` VALUES ('18268', '40', null, '3.11', '1', null, null, null, null, null, null);
INSERT INTO `himall_shopbonusreceive` VALUES ('18269', '40', null, '3.10', '1', null, null, null, null, null, null);
INSERT INTO `himall_shopbonusreceive` VALUES ('18270', '40', null, '2.18', '1', null, null, null, null, null, null);
INSERT INTO `himall_shopbonusreceive` VALUES ('18271', '40', null, '3.16', '1', null, null, null, null, null, null);
INSERT INTO `himall_shopbonusreceive` VALUES ('18272', '40', null, '2.14', '1', null, null, null, null, null, null);
INSERT INTO `himall_shopbonusreceive` VALUES ('18273', '40', null, '3.17', '1', null, null, null, null, null, null);
INSERT INTO `himall_shopbonusreceive` VALUES ('18274', '40', null, '1.10', '1', null, null, null, null, null, null);
INSERT INTO `himall_shopbonusreceive` VALUES ('18275', '40', null, '1.12', '1', null, null, null, null, null, null);
INSERT INTO `himall_shopbonusreceive` VALUES ('18276', '40', null, '3.12', '1', null, null, null, null, null, null);
INSERT INTO `himall_shopbonusreceive` VALUES ('18277', '40', null, '4.05', '1', null, null, null, null, null, null);
INSERT INTO `himall_shopbonusreceive` VALUES ('18278', '40', null, '2.14', '1', null, null, null, null, null, null);
INSERT INTO `himall_shopbonusreceive` VALUES ('18279', '40', null, '4.04', '1', null, null, null, null, null, null);
INSERT INTO `himall_shopbonusreceive` VALUES ('18280', '40', null, '2.12', '1', null, null, null, null, null, null);
INSERT INTO `himall_shopbonusreceive` VALUES ('18281', '40', null, '1.13', '1', null, null, null, null, null, null);
INSERT INTO `himall_shopbonusreceive` VALUES ('18282', '40', null, '3.18', '1', null, null, null, null, null, null);
INSERT INTO `himall_shopbonusreceive` VALUES ('18283', '40', null, '3.19', '1', null, null, null, null, null, null);
INSERT INTO `himall_shopbonusreceive` VALUES ('18284', '40', null, '4.11', '1', null, null, null, null, null, null);
INSERT INTO `himall_shopbonusreceive` VALUES ('18285', '40', null, '2.04', '1', null, null, null, null, null, null);
INSERT INTO `himall_shopbonusreceive` VALUES ('18286', '40', null, '1.19', '1', null, null, null, null, null, null);
INSERT INTO `himall_shopbonusreceive` VALUES ('18287', '40', null, '2.15', '1', null, null, null, null, null, null);
INSERT INTO `himall_shopbonusreceive` VALUES ('18288', '40', null, '4.04', '1', null, null, null, null, null, null);
INSERT INTO `himall_shopbonusreceive` VALUES ('18289', '40', null, '2.06', '1', null, null, null, null, null, null);
INSERT INTO `himall_shopbonusreceive` VALUES ('18290', '40', null, '1.01', '1', null, null, null, null, null, null);

-- ----------------------------
-- Table structure for `himall_shopbranch`
-- ----------------------------
DROP TABLE IF EXISTS `himall_shopbranch`;
CREATE TABLE `himall_shopbranch` (
  `Id` bigint(20) NOT NULL AUTO_INCREMENT COMMENT '主键',
  `ShopId` bigint(20) NOT NULL COMMENT '商家店铺ID',
  `ShopBranchName` varchar(30) NOT NULL COMMENT '门店名称',
  `AddressId` int(11) NOT NULL COMMENT '门店地址ID',
  `AddressPath` varchar(50) DEFAULT NULL COMMENT '所在区域全路径编号(省，市，区)',
  `AddressDetail` varchar(40) NOT NULL COMMENT '门店详细地址',
  `ContactUser` varchar(50) NOT NULL COMMENT '联系人',
  `ContactPhone` varchar(50) NOT NULL COMMENT '联系地址',
  `Status` int(11) NOT NULL COMMENT '门店状态(0:正常，1:冻结)',
  `CreateDate` datetime NOT NULL COMMENT '创建时间',
  `ServeRadius` int(11) DEFAULT NULL COMMENT '服务半径',
  `Longitude` float DEFAULT NULL COMMENT '经度',
  `Latitude` float DEFAULT NULL COMMENT '维度',
  `ShopImages` varchar(500) DEFAULT NULL,
  PRIMARY KEY (`Id`)
) ENGINE=InnoDB AUTO_INCREMENT=72 DEFAULT CHARSET=utf8 COMMENT='门店信息表';

-- ----------------------------
-- Records of himall_shopbranch
-- ----------------------------
INSERT INTO `himall_shopbranch` VALUES ('26', '1', '辣条君', '27073', '1812,1813,1814,27073,', '湖', '李', '13', '0', '0001-01-01 00:00:00', null, null, null, null);

-- ----------------------------
-- Table structure for `himall_shopbranchmanagers`
-- ----------------------------
DROP TABLE IF EXISTS `himall_shopbranchmanagers`;
CREATE TABLE `himall_shopbranchmanagers` (
  `Id` bigint(20) NOT NULL AUTO_INCREMENT,
  `ShopBranchId` bigint(20) NOT NULL COMMENT '门店表ID',
  `UserName` varchar(100) NOT NULL COMMENT '用户名称',
  `Password` varchar(100) NOT NULL COMMENT '密码',
  `PasswordSalt` varchar(100) NOT NULL COMMENT '密码加盐',
  `CreateDate` datetime NOT NULL COMMENT '创建日期',
  `Remark` varchar(1000) DEFAULT NULL,
  `RealName` varchar(1000) DEFAULT NULL COMMENT '真实名称',
  PRIMARY KEY (`Id`)
) ENGINE=InnoDB AUTO_INCREMENT=81 DEFAULT CHARSET=utf8 COMMENT='门店管理员表';

-- ----------------------------
-- Records of himall_shopbranchmanagers
-- ----------------------------
INSERT INTO `himall_shopbranchmanagers` VALUES ('22', '26', 'admin', '75cf2238a251d615ec8b7727a481e3a5', '4b0586411be3e8d74f93', '2017-02-14 10:25:38', null, null);

-- ----------------------------
-- Table structure for `himall_shopbranchskus`
-- ----------------------------
DROP TABLE IF EXISTS `himall_shopbranchskus`;
CREATE TABLE `himall_shopbranchskus` (
  `Id` int(11) NOT NULL AUTO_INCREMENT,
  `ProductId` bigint(20) NOT NULL COMMENT '商品id(冗余字段)',
  `SkuId` varchar(100) NOT NULL COMMENT 'SKU表Id',
  `ShopId` bigint(20) NOT NULL COMMENT '商家id(冗余字段)',
  `ShopBranchId` bigint(20) NOT NULL COMMENT '门店id',
  `Stock` int(11) NOT NULL COMMENT '库存',
  `Status` int(11) NOT NULL COMMENT '门店SKU状态',
  `CreateDate` datetime NOT NULL COMMENT 'SKU添加时间',
  PRIMARY KEY (`Id`)
) ENGINE=InnoDB AUTO_INCREMENT=386 DEFAULT CHARSET=utf8 COMMENT='商家分店SKU信息';

-- ----------------------------
-- Records of himall_shopbranchskus
-- ----------------------------
INSERT INTO `himall_shopbranchskus` VALUES ('24', '702', '702_0_0_0', '1', '26', '1000', '0', '2017-02-14 14:53:29');
INSERT INTO `himall_shopbranchskus` VALUES ('25', '704', '704_0_0_0', '1', '26', '1000', '0', '2017-02-14 14:53:29');
INSERT INTO `himall_shopbranchskus` VALUES ('26', '705', '705_0_0_0', '1', '26', '995', '0', '2017-02-14 14:53:29');
INSERT INTO `himall_shopbranchskus` VALUES ('27', '706', '706_0_0_0', '1', '26', '1000', '1', '2017-02-14 14:53:29');
INSERT INTO `himall_shopbranchskus` VALUES ('28', '707', '707_655_663_0', '1', '26', '1000', '1', '2017-02-14 14:53:29');
INSERT INTO `himall_shopbranchskus` VALUES ('29', '701', '701_0_0_0', '1', '26', '994', '0', '2017-02-14 14:53:29');
INSERT INTO `himall_shopbranchskus` VALUES ('30', '700', '700_0_0_0', '1', '26', '990', '0', '2017-02-14 14:53:29');
INSERT INTO `himall_shopbranchskus` VALUES ('31', '716', '716_0_0_0', '1', '26', '1000', '1', '2017-02-14 14:53:29');
INSERT INTO `himall_shopbranchskus` VALUES ('32', '708', '708_0_0_0', '1', '26', '1000', '1', '2017-02-14 14:53:29');

-- ----------------------------
-- Table structure for `himall_shopbrandapplys`
-- ----------------------------
DROP TABLE IF EXISTS `himall_shopbrandapplys`;
CREATE TABLE `himall_shopbrandapplys` (
  `Id` int(11) NOT NULL AUTO_INCREMENT COMMENT '编号',
  `ShopId` bigint(20) NOT NULL COMMENT '商家Id',
  `BrandId` bigint(20) DEFAULT NULL COMMENT '品牌Id',
  `BrandName` varchar(100) DEFAULT NULL COMMENT '品牌名称',
  `Logo` varchar(1000) DEFAULT NULL COMMENT '品牌Logo',
  `Description` varchar(1000) DEFAULT NULL COMMENT '描述',
  `AuthCertificate` varchar(4000) DEFAULT NULL COMMENT '品牌授权证书',
  `ApplyMode` int(11) NOT NULL COMMENT '申请类型 枚举 BrandApplyMode',
  `Remark` varchar(1000) DEFAULT NULL COMMENT '备注',
  `AuditStatus` int(11) NOT NULL COMMENT '审核状态 枚举 BrandAuditStatus',
  `ApplyTime` datetime NOT NULL COMMENT '操作时间',
  PRIMARY KEY (`Id`),
  KEY `FK_ShopId` (`ShopId`) USING BTREE,
  KEY `FK_BrandId` (`BrandId`) USING BTREE,
  KEY `Id` (`Id`) USING BTREE,
  CONSTRAINT `himall_shopbrandapplys_ibfk_1` FOREIGN KEY (`BrandId`) REFERENCES `himall_brands` (`Id`),
  CONSTRAINT `himall_shopbrandapplys_ibfk_2` FOREIGN KEY (`ShopId`) REFERENCES `himall_shops` (`Id`)
) ENGINE=InnoDB AUTO_INCREMENT=247 DEFAULT CHARSET=gbk ROW_FORMAT=COMPACT;

-- ----------------------------
-- Records of himall_shopbrandapplys
-- ----------------------------

-- ----------------------------
-- Table structure for `himall_shopbrands`
-- ----------------------------
DROP TABLE IF EXISTS `himall_shopbrands`;
CREATE TABLE `himall_shopbrands` (
  `Id` bigint(20) NOT NULL AUTO_INCREMENT COMMENT '编号',
  `ShopId` bigint(20) NOT NULL COMMENT '商家Id',
  `BrandId` bigint(20) NOT NULL COMMENT '品牌Id',
  PRIMARY KEY (`Id`),
  KEY `ShopId` (`ShopId`) USING BTREE,
  KEY `BrandId` (`BrandId`) USING BTREE,
  KEY `Id` (`Id`) USING BTREE,
  CONSTRAINT `himall_shopbrands_ibfk_1` FOREIGN KEY (`BrandId`) REFERENCES `himall_brands` (`Id`),
  CONSTRAINT `himall_shopbrands_ibfk_2` FOREIGN KEY (`ShopId`) REFERENCES `himall_shops` (`Id`)
) ENGINE=InnoDB AUTO_INCREMENT=178 DEFAULT CHARSET=gbk ROW_FORMAT=COMPACT;

-- ----------------------------
-- Records of himall_shopbrands
-- ----------------------------

-- ----------------------------
-- Table structure for `himall_shopcategories`
-- ----------------------------
DROP TABLE IF EXISTS `himall_shopcategories`;
CREATE TABLE `himall_shopcategories` (
  `Id` bigint(20) NOT NULL AUTO_INCREMENT,
  `ShopId` bigint(20) NOT NULL COMMENT '店铺ID',
  `ParentCategoryId` bigint(20) NOT NULL COMMENT '上级分类ID',
  `Name` varchar(100) DEFAULT NULL COMMENT '分类名称',
  `DisplaySequence` bigint(20) NOT NULL,
  `IsShow` tinyint(1) NOT NULL COMMENT '是否显示',
  PRIMARY KEY (`Id`)
) ENGINE=InnoDB AUTO_INCREMENT=396 DEFAULT CHARSET=utf8 ROW_FORMAT=COMPACT;

-- ----------------------------
-- Records of himall_shopcategories
-- ----------------------------
INSERT INTO `himall_shopcategories` VALUES ('350', '1', '0', '衣服', '1', '1');
INSERT INTO `himall_shopcategories` VALUES ('352', '1', '0', '零食', '2', '1');
INSERT INTO `himall_shopcategories` VALUES ('353', '1', '352', '松子', '1', '1');
INSERT INTO `himall_shopcategories` VALUES ('354', '1', '352', '核桃', '2', '1');
INSERT INTO `himall_shopcategories` VALUES ('355', '1', '0', '生鲜', '3', '1');
INSERT INTO `himall_shopcategories` VALUES ('356', '1', '355', '虾类', '1', '1');
INSERT INTO `himall_shopcategories` VALUES ('357', '1', '0', '电脑', '4', '1');
INSERT INTO `himall_shopcategories` VALUES ('358', '1', '357', '笔记本', '1', '1');
INSERT INTO `himall_shopcategories` VALUES ('359', '1', '0', '个护', '5', '1');
INSERT INTO `himall_shopcategories` VALUES ('360', '1', '359', '洁面/卸妆', '1', '1');
INSERT INTO `himall_shopcategories` VALUES ('391', '309', '0', '美发', '6', '1');
INSERT INTO `himall_shopcategories` VALUES ('392', '306', '0', '美食', '7', '1');
INSERT INTO `himall_shopcategories` VALUES ('393', '306', '392', '面', '1', '1');
INSERT INTO `himall_shopcategories` VALUES ('394', '308', '0', '衣服', '8', '1');
INSERT INTO `himall_shopcategories` VALUES ('395', '308', '0', '裤子', '9', '1');

-- ----------------------------
-- Table structure for `himall_shopdistributorsetting`
-- ----------------------------
DROP TABLE IF EXISTS `himall_shopdistributorsetting`;
CREATE TABLE `himall_shopdistributorsetting` (
  `Id` bigint(20) NOT NULL AUTO_INCREMENT COMMENT '编号',
  `ShopId` bigint(20) NOT NULL COMMENT '店铺ID',
  `DistributorDefaultRate` decimal(6,2) NOT NULL COMMENT '分销默认分佣比',
  `DistributorShareName` varchar(100) DEFAULT NULL COMMENT '分销分享名称',
  `DistributorShareContent` varchar(1000) DEFAULT NULL COMMENT '分销分享说明',
  `DistributorShareLogo` varchar(100) DEFAULT NULL,
  PRIMARY KEY (`Id`)
) ENGINE=InnoDB AUTO_INCREMENT=14 DEFAULT CHARSET=utf8 ROW_FORMAT=COMPACT;

-- ----------------------------
-- Records of himall_shopdistributorsetting
-- ----------------------------
INSERT INTO `himall_shopdistributorsetting` VALUES ('8', '1', '3.00', null, null, null);

-- ----------------------------
-- Table structure for `himall_shopfooter`
-- ----------------------------
DROP TABLE IF EXISTS `himall_shopfooter`;
CREATE TABLE `himall_shopfooter` (
  `Id` bigint(20) NOT NULL AUTO_INCREMENT,
  `ShopId` bigint(20) NOT NULL,
  `Footer` varchar(5000) DEFAULT NULL,
  PRIMARY KEY (`Id`)
) ENGINE=InnoDB AUTO_INCREMENT=32 DEFAULT CHARSET=utf8;

-- ----------------------------
-- Records of himall_shopfooter
-- ----------------------------
INSERT INTO `himall_shopfooter` VALUES ('19', '1', '');
INSERT INTO `himall_shopfooter` VALUES ('28', '306', '');
INSERT INTO `himall_shopfooter` VALUES ('29', '309', '');
INSERT INTO `himall_shopfooter` VALUES ('30', '308', '');
INSERT INTO `himall_shopfooter` VALUES ('31', '358', '');

-- ----------------------------
-- Table structure for `himall_shopgrades`
-- ----------------------------
DROP TABLE IF EXISTS `himall_shopgrades`;
CREATE TABLE `himall_shopgrades` (
  `Id` bigint(20) NOT NULL AUTO_INCREMENT,
  `Name` varchar(100) NOT NULL COMMENT '店铺等级名称',
  `ProductLimit` int(11) NOT NULL COMMENT '最大上传商品数量',
  `ImageLimit` int(11) NOT NULL COMMENT '最大图片可使用空间数量',
  `TemplateLimit` int(11) NOT NULL,
  `ChargeStandard` decimal(8,2) NOT NULL,
  `Remark` varchar(1000) DEFAULT NULL,
  PRIMARY KEY (`Id`)
) ENGINE=InnoDB AUTO_INCREMENT=16 DEFAULT CHARSET=utf8 ROW_FORMAT=COMPACT;

-- ----------------------------
-- Records of himall_shopgrades
-- ----------------------------
INSERT INTO `himall_shopgrades` VALUES ('1', '白金店铺', '500', '500', '500', '500.00', null);
INSERT INTO `himall_shopgrades` VALUES ('2', '钻石店铺', '1000', '1000', '1000', '1000.00', null);

-- ----------------------------
-- Table structure for `himall_shophomemoduleproducts`
-- ----------------------------
DROP TABLE IF EXISTS `himall_shophomemoduleproducts`;
CREATE TABLE `himall_shophomemoduleproducts` (
  `Id` bigint(20) NOT NULL AUTO_INCREMENT,
  `HomeModuleId` bigint(20) NOT NULL,
  `ProductId` bigint(20) NOT NULL COMMENT '商品ID',
  `DisplaySequence` int(11) NOT NULL COMMENT '排序',
  PRIMARY KEY (`Id`),
  KEY `FK_Product_ShopHomeModuleProduct` (`ProductId`) USING BTREE,
  KEY `FK_ShopHomeModule_ShopHomeModuleProduct` (`HomeModuleId`) USING BTREE,
  CONSTRAINT `himall_shophomemoduleproducts_ibfk_1` FOREIGN KEY (`ProductId`) REFERENCES `himall_products` (`Id`) ON DELETE CASCADE,
  CONSTRAINT `himall_shophomemoduleproducts_ibfk_2` FOREIGN KEY (`HomeModuleId`) REFERENCES `himall_shophomemodules` (`Id`) ON DELETE CASCADE
) ENGINE=InnoDB AUTO_INCREMENT=108 DEFAULT CHARSET=utf8 ROW_FORMAT=COMPACT;

-- ----------------------------
-- Records of himall_shophomemoduleproducts
-- ----------------------------
INSERT INTO `himall_shophomemoduleproducts` VALUES ('48', '29', '705', '1');
INSERT INTO `himall_shophomemoduleproducts` VALUES ('49', '29', '706', '2');
INSERT INTO `himall_shophomemoduleproducts` VALUES ('50', '29', '707', '3');
INSERT INTO `himall_shophomemoduleproducts` VALUES ('51', '29', '708', '4');
INSERT INTO `himall_shophomemoduleproducts` VALUES ('84', '30', '719', '9');
INSERT INTO `himall_shophomemoduleproducts` VALUES ('85', '30', '720', '10');
INSERT INTO `himall_shophomemoduleproducts` VALUES ('86', '30', '721', '11');
INSERT INTO `himall_shophomemoduleproducts` VALUES ('87', '30', '722', '12');
INSERT INTO `himall_shophomemoduleproducts` VALUES ('88', '30', '723', '13');
INSERT INTO `himall_shophomemoduleproducts` VALUES ('89', '30', '736', '18');
INSERT INTO `himall_shophomemoduleproducts` VALUES ('90', '30', '738', '19');
INSERT INTO `himall_shophomemoduleproducts` VALUES ('91', '30', '744', '21');
INSERT INTO `himall_shophomemoduleproducts` VALUES ('100', '31', '731', '5');
INSERT INTO `himall_shophomemoduleproducts` VALUES ('101', '31', '732', '6');
INSERT INTO `himall_shophomemoduleproducts` VALUES ('102', '31', '733', '7');
INSERT INTO `himall_shophomemoduleproducts` VALUES ('103', '31', '734', '8');
INSERT INTO `himall_shophomemoduleproducts` VALUES ('104', '31', '743', '9');
INSERT INTO `himall_shophomemoduleproducts` VALUES ('105', '31', '746', '10');
INSERT INTO `himall_shophomemoduleproducts` VALUES ('106', '31', '747', '11');
INSERT INTO `himall_shophomemoduleproducts` VALUES ('107', '31', '748', '12');

-- ----------------------------
-- Table structure for `himall_shophomemodules`
-- ----------------------------
DROP TABLE IF EXISTS `himall_shophomemodules`;
CREATE TABLE `himall_shophomemodules` (
  `Id` bigint(20) NOT NULL AUTO_INCREMENT,
  `ShopId` bigint(20) NOT NULL,
  `Name` varchar(20) NOT NULL COMMENT '模块名称',
  `IsEnable` tinyint(1) NOT NULL COMMENT '是否启用',
  `DisplaySequence` int(11) NOT NULL COMMENT '排序',
  `Url` varchar(200) DEFAULT NULL COMMENT '楼层链接',
  PRIMARY KEY (`Id`)
) ENGINE=InnoDB AUTO_INCREMENT=32 DEFAULT CHARSET=utf8 ROW_FORMAT=COMPACT;

-- ----------------------------
-- Records of himall_shophomemodules
-- ----------------------------
INSERT INTO `himall_shophomemodules` VALUES ('29', '1', '服装', '1', '3', 'http://demo.himall.kuaidiantong.cn/Search/SearchAd?cid=9');
INSERT INTO `himall_shophomemodules` VALUES ('30', '1', '清洁护肤', '1', '2', 'http://demo.himall.kuaidiantong.cn/Search/SearchAd?cid=35');
INSERT INTO `himall_shophomemodules` VALUES ('31', '1', '家居', '1', '1', 'http://demo.himall.kuaidiantong.cn/Search/SearchAd?');

-- ----------------------------
-- Table structure for `himall_shophomemodulestopimg`
-- ----------------------------
DROP TABLE IF EXISTS `himall_shophomemodulestopimg`;
CREATE TABLE `himall_shophomemodulestopimg` (
  `Id` bigint(20) NOT NULL AUTO_INCREMENT,
  `ImgPath` varchar(200) NOT NULL,
  `Url` varchar(200) DEFAULT NULL,
  `HomeModuleId` bigint(20) NOT NULL,
  `DisplaySequence` int(11) NOT NULL,
  PRIMARY KEY (`Id`),
  KEY `FK_SFTHomeModuleId` (`HomeModuleId`),
  CONSTRAINT `FK_SFTHomeModuleId` FOREIGN KEY (`HomeModuleId`) REFERENCES `himall_shophomemodules` (`Id`)
) ENGINE=InnoDB AUTO_INCREMENT=2 DEFAULT CHARSET=utf8;

-- ----------------------------
-- Records of himall_shophomemodulestopimg
-- ----------------------------

-- ----------------------------
-- Table structure for `himall_shopopenapisetting`
-- ----------------------------
DROP TABLE IF EXISTS `himall_shopopenapisetting`;
CREATE TABLE `himall_shopopenapisetting` (
  `Id` bigint(20) NOT NULL AUTO_INCREMENT COMMENT '主键',
  `ShopId` bigint(20) NOT NULL COMMENT '店铺编号',
  `AppKey` varchar(100) NOT NULL COMMENT 'app_key',
  `AppSecreat` varchar(100) NOT NULL COMMENT 'app_secreat',
  `AddDate` datetime DEFAULT NULL COMMENT '增加时间',
  `LastEditDate` datetime DEFAULT NULL COMMENT '最后重置时间',
  `IsEnable` tinyint(1) NOT NULL DEFAULT '0' COMMENT '是否开启',
  `IsRegistered` tinyint(1) NOT NULL DEFAULT '0' COMMENT '是否己注册',
  PRIMARY KEY (`Id`)
) ENGINE=InnoDB AUTO_INCREMENT=4 DEFAULT CHARSET=utf8;

-- ----------------------------
-- Records of himall_shopopenapisetting
-- ----------------------------
INSERT INTO `himall_shopopenapisetting` VALUES ('3', '1', 'open1bmwqk1z31f', 'oash8fjsx9k6wp3ihf6c8', '2017-10-17 17:50:19', '2017-10-17 17:50:19', '0', '0');

-- ----------------------------
-- Table structure for `himall_shoppingcarts`
-- ----------------------------
DROP TABLE IF EXISTS `himall_shoppingcarts`;
CREATE TABLE `himall_shoppingcarts` (
  `Id` bigint(20) NOT NULL AUTO_INCREMENT,
  `UserId` bigint(20) NOT NULL COMMENT '用户ID',
  `ProductId` bigint(20) NOT NULL COMMENT '商品ID',
  `SkuId` varchar(100) DEFAULT NULL COMMENT 'SKUID',
  `Quantity` bigint(20) NOT NULL COMMENT '购买数量',
  `AddTime` datetime NOT NULL COMMENT '添加时间',
  PRIMARY KEY (`Id`),
  KEY `FK_Member_ShoppingCart` (`UserId`) USING BTREE,
  KEY `FK_Product_ShoppingCart` (`ProductId`) USING BTREE,
  CONSTRAINT `himall_shoppingcarts_ibfk_1` FOREIGN KEY (`UserId`) REFERENCES `himall_members` (`Id`) ON DELETE CASCADE,
  CONSTRAINT `himall_shoppingcarts_ibfk_2` FOREIGN KEY (`ProductId`) REFERENCES `himall_products` (`Id`) ON DELETE CASCADE
) ENGINE=InnoDB AUTO_INCREMENT=503 DEFAULT CHARSET=utf8 ROW_FORMAT=COMPACT;

-- ----------------------------
-- Records of himall_shoppingcarts
-- ----------------------------
INSERT INTO `himall_shoppingcarts` VALUES ('156', '569', '708', '708_0_0_0', '1', '2017-02-14 16:27:14');

-- ----------------------------
-- Table structure for `himall_shoprenewrecord`
-- ----------------------------
DROP TABLE IF EXISTS `himall_shoprenewrecord`;
CREATE TABLE `himall_shoprenewrecord` (
  `Id` bigint(20) NOT NULL AUTO_INCREMENT,
  `ShopId` bigint(20) NOT NULL COMMENT '店铺ID',
  `Operator` varchar(100) NOT NULL COMMENT '操作者',
  `OperateDate` datetime NOT NULL COMMENT '操作日期',
  `OperateContent` varchar(1000) DEFAULT NULL COMMENT '操作明细',
  `OperateType` int(1) NOT NULL COMMENT '类型',
  `Amount` decimal(10,2) NOT NULL COMMENT '支付金额',
  PRIMARY KEY (`Id`)
) ENGINE=InnoDB AUTO_INCREMENT=2 DEFAULT CHARSET=utf8 COMMENT='店铺续费记录表';

-- ----------------------------
-- Records of himall_shoprenewrecord
-- ----------------------------

-- ----------------------------
-- Table structure for `himall_shops`
-- ----------------------------
DROP TABLE IF EXISTS `himall_shops`;
CREATE TABLE `himall_shops` (
  `Id` bigint(20) NOT NULL AUTO_INCREMENT,
  `GradeId` bigint(20) NOT NULL COMMENT '店铺等级',
  `ShopName` varchar(100) NOT NULL COMMENT '店铺名称',
  `Logo` varchar(100) DEFAULT NULL COMMENT '店铺LOGO路径',
  `SubDomains` varchar(100) DEFAULT NULL COMMENT '预留子域名，未使用',
  `Theme` varchar(100) DEFAULT NULL COMMENT '预留主题，未使用',
  `IsSelf` tinyint(1) NOT NULL COMMENT '是否是官方自营店',
  `ShopStatus` int(11) NOT NULL COMMENT '店铺状态',
  `RefuseReason` varchar(1000) DEFAULT NULL COMMENT '审核拒绝原因',
  `CreateDate` datetime NOT NULL COMMENT '店铺创建日期',
  `EndDate` datetime DEFAULT NULL COMMENT '店铺过期日期',
  `CompanyName` varchar(100) DEFAULT NULL COMMENT '公司名称',
  `CompanyRegionId` int(11) NOT NULL COMMENT '公司省市区',
  `CompanyAddress` varchar(100) DEFAULT NULL COMMENT '公司地址',
  `CompanyPhone` varchar(100) DEFAULT NULL COMMENT '公司电话',
  `CompanyEmployeeCount` int(11) NOT NULL COMMENT '公司员工数量',
  `CompanyRegisteredCapital` decimal(18,2) NOT NULL COMMENT '公司注册资金',
  `ContactsName` varchar(100) DEFAULT NULL COMMENT '联系人姓名',
  `ContactsPhone` varchar(100) DEFAULT NULL COMMENT '联系电话',
  `ContactsEmail` varchar(100) DEFAULT NULL COMMENT '联系Email',
  `BusinessLicenceNumber` varchar(100) DEFAULT NULL COMMENT '营业执照号',
  `BusinessLicenceNumberPhoto` varchar(100) NOT NULL COMMENT '营业执照',
  `BusinessLicenceRegionId` int(11) NOT NULL COMMENT '营业执照所在地',
  `BusinessLicenceStart` datetime DEFAULT NULL COMMENT '营业执照有效期开始',
  `BusinessLicenceEnd` datetime DEFAULT NULL COMMENT '营业执照有效期',
  `BusinessSphere` varchar(100) DEFAULT NULL COMMENT '法定经营范围',
  `OrganizationCode` varchar(100) DEFAULT NULL COMMENT '组织机构代码',
  `OrganizationCodePhoto` varchar(100) DEFAULT NULL COMMENT '组织机构执照',
  `GeneralTaxpayerPhot` varchar(100) DEFAULT NULL COMMENT '一般纳税人证明',
  `BankAccountName` varchar(100) DEFAULT NULL COMMENT '银行开户名',
  `BankAccountNumber` varchar(100) DEFAULT NULL COMMENT '公司银行账号',
  `BankName` varchar(100) DEFAULT NULL COMMENT '开户银行支行名称',
  `BankCode` varchar(100) DEFAULT NULL COMMENT '支行联行号',
  `BankRegionId` int(11) NOT NULL COMMENT '开户银行所在地',
  `BankPhoto` varchar(100) DEFAULT NULL,
  `TaxRegistrationCertificate` varchar(100) DEFAULT NULL COMMENT '税务登记证',
  `TaxpayerId` varchar(100) DEFAULT NULL COMMENT '税务登记证号',
  `TaxRegistrationCertificatePhoto` varchar(100) DEFAULT NULL COMMENT '纳税人识别号',
  `PayPhoto` varchar(100) DEFAULT NULL COMMENT '支付凭证',
  `PayRemark` varchar(1000) DEFAULT NULL COMMENT '支付注释',
  `SenderName` varchar(100) DEFAULT NULL COMMENT '商家发货人名称',
  `SenderAddress` varchar(100) DEFAULT NULL COMMENT '商家发货人地址',
  `SenderPhone` varchar(100) DEFAULT NULL COMMENT '商家发货人电话',
  `Freight` decimal(18,2) NOT NULL COMMENT '运费',
  `FreeFreight` decimal(18,2) NOT NULL COMMENT '多少钱开始免运费',
  `Stage` int(11) DEFAULT '0' COMMENT '注册步骤',
  `SenderRegionId` int(11) DEFAULT NULL COMMENT '商家发货人省市区',
  `BusinessLicenseCert` varchar(120) DEFAULT NULL COMMENT '营业执照证书',
  `ProductCert` varchar(120) DEFAULT NULL COMMENT '商品证书',
  `OtherCert` varchar(120) DEFAULT NULL COMMENT '其他证书',
  `legalPerson` varchar(50) DEFAULT NULL COMMENT '法人代表',
  `CompanyFoundingDate` datetime DEFAULT NULL COMMENT '公司成立日期',
  `BusinessType` int(11) DEFAULT '0' COMMENT '0、企业；1、个人',
  `IDCard` varchar(50) DEFAULT '' COMMENT '身份证号',
  `IDCardUrl` varchar(200) DEFAULT '' COMMENT '身份证URL',
  `IDCardUrl2` varchar(200) DEFAULT NULL COMMENT '身份证照片URL2',
  `WeiXinNickName` varchar(200) DEFAULT '' COMMENT '微信昵称',
  `WeiXinSex` int(11) DEFAULT '0' COMMENT '微信性别;0、男；1、女',
  `WeiXinAddress` varchar(200) DEFAULT '' COMMENT '微信地区',
  `WeiXinTrueName` varchar(200) DEFAULT '' COMMENT '微信真实姓名',
  `WeiXinOpenId` varchar(200) DEFAULT '' COMMENT '微信标识符',
  `WeiXinImg` varchar(200) DEFAULT NULL,
  `AutoAllotOrder` tinyint(1) DEFAULT NULL COMMENT '商家是否开启自动分配订单',
  `Lng` decimal(10,7) NOT NULL DEFAULT '0.0000000' COMMENT '店铺位置经度',
  `Lat` decimal(10,7) NOT NULL DEFAULT '0.0000000' COMMENT '店铺位置纬度',
  `WelcomeTitle` varchar(200) DEFAULT NULL COMMENT '店铺欢迎语',
  `OpeningTime` varchar(20) DEFAULT NULL COMMENT '营业时间',
  `Industry` varchar(20) DEFAULT NULL COMMENT '行业',
  `BranchImage` varchar(200) DEFAULT NULL COMMENT '营业环境',
  `ShopDescription` varchar(200) DEFAULT NULL COMMENT '店铺描述',
  `ContactsPosition` varchar(20) DEFAULT NULL COMMENT '申请人职位',
  PRIMARY KEY (`Id`),
  KEY `IX_ShopIsSelf` (`IsSelf`) USING BTREE
) ENGINE=InnoDB AUTO_INCREMENT=388 DEFAULT CHARSET=utf8 ROW_FORMAT=COMPACT;

-- ----------------------------
-- Records of himall_shops
-- ----------------------------
INSERT INTO `himall_shops` VALUES ('1', '1', 'Ti2222222', '/Storage/Plat/Site/logo.png', null, null, '1', '7', null, '2014-10-30 00:00:00', '2020-12-31 00:00:00', '网络科技', '3653', '大厦', '8', '2', '1.00', '生', '558', 'Yang', '96', '/Storage/Shop/1/Cert/BusinessLicenceNumberPhoto1.png', '102', '2014-05-05 00:00:00', '2014-12-12 00:00:00', '1', '66548726', '/Storage/Shop/1/Cert/OrganizationCodePhoto1.png', '/Storage/Shop/1/Cert/GeneralTaxpayerPhoto1.png', '杨先生', '6228445888796651200', '中国银行', '44698', '101', '/Storage/Shop/1/Cert/BankPhoto1.png', '1', '33695', '/Storage/Shop/1/Cert/TaxRegistrationCertificatePhoto1.png', '/Storage/Shop/1/Cert/PayPhoto1.png', '1', '1', '1', '1', '11.00', '11.00', '5', '102', '/Storage/Shop/1/Cert/BusinessLicenseCert', '/Storage/Shop/1/Cert/ProductCert', '/Storage/Shop/1/Cert/OtherCert', null, null, '0', '', '', null, '', '0', '', '', '', null, null, '113.0174810', '28.1994310', '欢迎光临本店', '09:00-22:00', null, null, '沙龙', null);
INSERT INTO `himall_shops` VALUES ('367', '0', '', null, null, null, '0', '1', null, '2017-10-13 22:58:16', null, null, '0', null, null, '1', '0.00', null, null, null, null, '', '0', null, null, null, null, null, null, null, null, null, null, '0', null, null, null, null, null, null, null, null, null, '0.00', '0.00', '1', null, null, null, null, null, null, null, null, null, null, null, null, null, null, null, null, null, '0.0000000', '0.0000000', null, null, null, null, null, null);
INSERT INTO `himall_shops` VALUES ('368', '0', '', null, null, null, '0', '1', null, '2017-10-13 23:01:15', null, null, '0', null, null, '1', '0.00', null, null, null, null, '', '0', null, null, null, null, null, null, null, null, null, null, '0', null, null, null, null, null, null, null, null, null, '0.00', '0.00', '1', null, null, null, null, null, null, null, null, null, null, null, null, null, null, null, null, null, '0.0000000', '0.0000000', null, null, null, null, null, null);
INSERT INTO `himall_shops` VALUES ('369', '1', '吃22222222', 'https://1/temp/20171014095233591367.png', null, null, '0', '7', null, '2017-10-14 09:54:47', '2018-10-09 09:54:47', null, '0', '123号', '123456', '1', '0.00', '鸡', '540', null, null, '/Storage/Shop/369/Cert/BusinessLicenceNumberPhoto1.png', '0', null, null, null, null, null, null, null, null, null, null, '0', null, null, null, null, null, null, null, null, null, '0.00', '0.00', '5', null, null, null, null, null, null, '0', null, null, null, null, null, null, null, null, null, null, '121.4737010', '31.2304160', '的店铺', '00：00-24：00', '美发', '42325101.png', '专门', '老板');
INSERT INTO `himall_shops` VALUES ('372', '1', '绝222222', 'https://1/20171014120512371582.png', null, null, '0', '7', null, '2017-10-14 12:32:22', '2018-10-09 12:32:22', null, '0', '北塔', '16', '1', '0.00', '虎', '516', null, null, '/Storage/Shop/372/Cert/BusinessLicenceNumberPhoto1.png', '0', null, null, null, null, null, null, null, null, null, null, '0', null, null, null, null, null, null, null, null, null, '0.00', '0.00', '5', null, null, null, null, null, null, '0', null, null, null, null, null, null, null, null, null, null, '112.9951000', '28.1581200', '绝妙', '09：00-22：00', '美发', 'mp/2017', '绝妙', '老板');
INSERT INTO `himall_shops` VALUES ('373', '1', '展22222', null, null, null, '0', '7', null, '2017-10-15 14:46:48', '2018-10-10 14:46:48', null, '0', '南街86号', '59', '1', '0.00', '强', '59', null, null, '/Storage/Shop/373/Cert/BusinessLicenceNumberPhoto1.png', '0', null, null, null, null, null, null, null, null, null, null, '0', null, null, null, null, null, null, null, null, null, '0.00', '0.00', '5', null, null, null, null, null, null, '0', null, null, null, null, null, null, null, null, null, null, '118.0522740', '36.7843787', '', '09：00-22：00', '美发', '', '', '老板');
INSERT INTO `himall_shops` VALUES ('374', '1', '坤22222', null, null, null, '0', '7', null, '2017-10-15 14:47:12', '2018-10-10 14:47:12', null, '0', '路142号', '698', '1', '0.00', '潘天', '520', null, null, '/Storage/Shop/374/Cert/BusinessLicenceNumberPhoto1.png', '0', null, null, null, null, null, null, null, null, null, null, '0', null, null, null, null, null, null, null, null, null, '0.00', '0.00', '5', null, null, null, null, null, null, '0', null, null, null, null, null, null, null, null, null, null, '109.9545200', '27.5331800', '', '09：00-22：00', '美发', '', '', '老板');
INSERT INTO `himall_shops` VALUES ('375', '1', '小22222', 'https://1/temp/20171016032708017590.png', null, null, '0', '7', null, '2017-10-16 16:17:35', '2018-10-11 16:17:35', null, '0', '合', '888', '1', '0.00', '葛超', '59', null, null, '/Storage/Shop/375/Cert/BusinessLicenceNumberPhoto1.png', '0', null, null, null, null, null, null, null, null, null, null, '0', null, null, null, null, null, null, null, null, null, '0.00', '0.00', '5', null, null, null, null, null, null, '0', null, null, null, null, null, null, null, null, null, null, '117.2911145', '31.8514193', '铸就品质如一，', '09：00-22：00', '美发', '', '30年品牌，铸就品', '老板');
INSERT INTO `himall_shops` VALUES ('376', '1', '丰3333333', null, null, null, '0', '7', null, '2017-10-16 16:17:47', '2018-10-11 16:17:47', null, '0', '健康南路将军苑C4', '16666666666', '1', '0.00', '王玉法', '571', null, null, '/Storage/Shop/376/Cert/BusinessLicenceNumberPhoto1.png', '0', null, null, null, null, null, null, null, null, null, null, '0', null, null, null, null, null, null, null, null, null, '0.00', '0.00', '5', null, null, null, null, null, null, '0', null, null, null, null, null, null, null, null, null, null, '115.9828800', '36.4547040', '', '09：00-22：00', '其他', '', '', '老板');
INSERT INTO `himall_shops` VALUES ('377', '1', '小样', null, null, null, '0', '7', null, '2017-10-17 15:10:00', '2018-10-12 15:10:00', null, '0', '', '', '1', '0.00', '小样', '53', null, null, '/Storage/Shop/377/Cert/BusinessLicenceNumberPhoto1.png', '0', null, null, null, null, null, null, null, null, null, null, '0', null, null, null, null, null, null, null, null, null, '0.00', '0.00', '5', null, null, null, null, null, null, '0', null, null, null, null, null, null, null, null, null, null, '120.0891238', '29.3134225', '', '09：00-22：00', '餐饮', '', '', '老板');
INSERT INTO `himall_shops` VALUES ('378', '0', '', null, null, null, '0', '1', null, '2017-10-17 17:47:09', null, null, '0', null, null, '1', '0.00', null, null, null, null, '', '0', '0001-01-01 00:00:00', '0001-01-01 00:00:00', null, null, null, null, null, null, null, null, '0', null, null, null, null, null, null, null, null, null, '0.00', '0.00', '1', null, null, null, null, null, '0001-01-01 00:00:00', '0', null, null, null, null, '0', null, null, null, null, null, '0.0000000', '0.0000000', null, null, null, null, null, null);
INSERT INTO `himall_shops` VALUES ('379', '1', '一111111', null, null, null, '0', '7', null, '2017-10-18 16:45:17', '2018-10-13 16:45:17', null, '0', '东段路南', '1666666666666', '1', '0.00', '卜志红', '57', null, null, '/Storage/Shop/379/Cert/BusinessLicenceNumberPhoto1.png', '0', null, null, null, null, null, null, null, null, null, null, '0', null, null, null, null, null, null, null, null, null, '0.00', '0.00', '5', null, null, null, null, null, null, '0', null, null, null, null, null, null, null, null, null, null, '114.3508646', '36.1015039', '', '09：00-22：00', '美发', '', '', '老板');
INSERT INTO `himall_shops` VALUES ('380', '0', '', null, null, null, '0', '1', null, '2017-10-18 16:42:45', null, null, '0', null, null, '1', '0.00', null, null, null, null, '', '0', null, null, null, null, null, null, null, null, null, null, '0', null, null, null, null, null, null, null, null, null, '0.00', '0.00', '1', null, null, null, null, null, null, null, null, null, null, null, null, null, null, null, null, null, '0.0000000', '0.0000000', null, null, null, null, null, null);
INSERT INTO `himall_shops` VALUES ('381', '1', '大222222222222', '/temp/20171018165249580131.png', null, null, '0', '7', null, '2017-10-18 17:04:40', '2018-10-13 17:04:40', null, '0', '5', '66666666666', '1', '0.00', '王伟涛', '59', null, null, '/Storage/Shop/381/Cert/BusinessLicenceNumberPhoto1.png', '0', null, null, null, null, null, null, null, null, null, null, '0', null, null, null, null, null, null, null, null, null, '0.00', '0.00', '5', null, null, null, null, null, null, '0', null, null, null, null, null, null, null, null, null, null, '121.3972401', '37.5352296', '就是好', '09：00-22：00', '美发', '506.png', '就是好', '老板');
INSERT INTO `himall_shops` VALUES ('382', '1', '欣11111', null, null, null, '0', '7', null, '2017-10-18 17:28:15', '2018-10-13 17:28:15', null, '0', '街二楼', '666666666666123', '1', '0.00', '军', '53', null, null, '/Storage/Shop/382/Cert/BusinessLicenceNumberPhoto1.png', '0', null, null, null, null, null, null, null, null, null, null, '0', null, null, null, null, null, null, null, null, null, '0.00', '0.00', '5', null, null, null, null, null, null, '0', null, null, null, null, null, null, null, null, null, null, '91.1089700', '29.6543800', '', '09：00-22：00', '美发', '', '', '老板');
INSERT INTO `himall_shops` VALUES ('383', '1', '苹1111', null, null, null, '0', '5', null, '2017-10-18 17:47:13', '2018-10-18 17:47:13', null, '0', '厚德路61-6', '1222222222222', '1', '0.00', '明', '592', null, null, '/Storage/Shop/383/Cert/BusinessLicenceNumberPhoto1.png', '0', null, null, null, null, null, null, null, null, null, null, '0', null, null, null, null, null, null, null, null, null, '0.00', '0.00', '5', null, null, null, null, null, null, '0', null, null, null, null, null, null, null, null, null, null, '114.9473700', '25.8541450', '', '09：00-22：00', '美发', '', '', '老板');
INSERT INTO `himall_shops` VALUES ('384', '1', '深1111', null, null, null, '0', '5', null, '2017-10-18 18:05:06', '2018-10-18 18:05:06', null, '0', '88号', '122222222222', '1', '0.00', 'dd', '58', null, null, '/Storage/Shop/384/Cert/BusinessLicenceNumberPhoto1.png', '0', null, null, null, null, null, null, null, null, null, null, '0', null, null, null, null, null, null, null, null, null, '0.00', '0.00', '5', null, null, null, null, null, null, '0', null, null, null, null, null, null, null, null, null, null, '113.2660800', '23.1708000', '洗发', '09：00-22：00', '美发', '', '洗发', '老板');
INSERT INTO `himall_shops` VALUES ('385', '1', '铭111', '/temp/20171018181122798881.png', null, null, '0', '5', null, '2017-10-18 18:12:21', '2018-10-18 18:12:21', null, '0', '街', '1222222222222', '1', '0.00', '正', '511', null, null, '/Storage/Shop/385/Cert/BusinessLicenceNumberPhoto1.png', '0', null, null, null, null, null, null, null, null, null, null, '0', null, null, null, null, null, null, null, null, null, '0.00', '0.00', '5', null, null, null, null, null, null, '0', null, null, null, null, null, null, null, null, null, null, '120.2679031', '32.0203545', '', '09：00-22：00', '美发', 'yunfenxiao.com/temp/20171018181122798881.png', '', '老板');
INSERT INTO `himall_shops` VALUES ('386', '1', '畅1111', null, null, null, '0', '5', null, '2017-10-19 10:00:57', '2018-10-19 10:00:57', null, '0', '68', '122222222222222222', '1', '0.00', '程礼', '550', null, null, '/Storage/Shop/386/Cert/BusinessLicenceNumberPhoto1.png', '0', null, null, null, null, null, null, null, null, null, null, '0', null, null, null, null, null, null, null, null, null, '0.00', '0.00', '5', null, null, null, null, null, null, '0', null, null, null, null, null, null, null, null, null, null, '117.2280400', '29.2948000', '', '09：00-22：00', '美发', '', '', '老板');
INSERT INTO `himall_shops` VALUES ('387', '1', 's222222222222', '/temp/20171021125409002006.png', null, null, '0', '5', null, '2017-10-21 12:54:21', '2018-10-21 12:54:21', null, '0', 'sksdkfk', '13222222', '1', '0.00', 'syc', '51', null, null, '/Storage/Shop/387/Cert/BusinessLicenceNumberPhoto1.png', '0', null, null, null, null, null, null, null, null, null, null, '0', null, null, null, null, null, null, null, null, null, '0.00', '0.00', '5', null, null, null, null, null, null, '0', null, null, null, null, null, null, null, null, null, null, '113.1289580', '29.3571040', 'sdfsdfsdfsdf', '00：00-24：00', '餐饮', '06.png', 'sdfsdfsdfsdf', '老板');

-- ----------------------------
-- Table structure for `himall_shopvistis`
-- ----------------------------
DROP TABLE IF EXISTS `himall_shopvistis`;
CREATE TABLE `himall_shopvistis` (
  `Id` bigint(20) NOT NULL AUTO_INCREMENT,
  `ShopId` bigint(20) NOT NULL COMMENT '店铺ID',
  `Date` datetime NOT NULL COMMENT '日期',
  `VistiCounts` bigint(20) NOT NULL COMMENT '浏览人数',
  `OrderUserCount` bigint(20) NOT NULL COMMENT '下单人数',
  `OrderCount` bigint(20) NOT NULL COMMENT '订单数',
  `OrderProductCount` bigint(20) NOT NULL COMMENT '下单件数',
  `OrderAmount` decimal(18,2) NOT NULL COMMENT '下单金额',
  `OrderPayUserCount` bigint(20) NOT NULL COMMENT '下单付款人数',
  `OrderPayCount` bigint(20) NOT NULL COMMENT '付款订单数',
  `SaleCounts` bigint(20) NOT NULL COMMENT '付款下单件数',
  `SaleAmounts` decimal(18,2) NOT NULL COMMENT '付款金额',
  `StatisticFlag` bit(1) NOT NULL COMMENT '是否已经统计(0：未统计,1已统计)',
  PRIMARY KEY (`Id`)
) ENGINE=InnoDB AUTO_INCREMENT=3080 DEFAULT CHARSET=utf8 ROW_FORMAT=COMPACT;

-- ----------------------------
-- Records of himall_shopvistis
-- ----------------------------
INSERT INTO `himall_shopvistis` VALUES ('2907', '1', '2017-02-14 00:00:00', '77', '1', '49', '99', '38111.70', '1', '37', '87', '35028.30', '');
INSERT INTO `himall_shopvistis` VALUES ('2908', '1', '2017-02-15 00:00:00', '189', '4', '8', '8', '5313.60', '0', '0', '0', '0.00', '');
INSERT INTO `himall_shopvistis` VALUES ('2909', '1', '2017-02-16 00:00:00', '113', '7', '14', '14', '17524.90', '0', '0', '0', '0.00', '');
INSERT INTO `himall_shopvistis` VALUES ('2910', '1', '2017-02-17 00:00:00', '59', '1', '1', '1', '200.00', '0', '0', '0', '0.00', '');
INSERT INTO `himall_shopvistis` VALUES ('2911', '1', '2017-02-18 00:00:00', '59', '1', '1', '1', '10.00', '0', '0', '0', '0.00', '');
INSERT INTO `himall_shopvistis` VALUES ('2912', '1', '2017-02-19 00:00:00', '181', '1', '1', '1', '299.00', '0', '0', '0', '0.00', '');
INSERT INTO `himall_shopvistis` VALUES ('2913', '1', '2017-02-20 00:00:00', '49', '0', '0', '0', '0.00', '0', '0', '0', '0.00', '');
INSERT INTO `himall_shopvistis` VALUES ('3027', '1', '2017-09-26 00:00:00', '23', '0', '0', '0', '0.00', '0', '0', '0', '0.00', '');
INSERT INTO `himall_shopvistis` VALUES ('3028', '309', '2017-09-27 00:00:00', '3', '0', '0', '0', '0.00', '0', '0', '0', '0.00', '');
INSERT INTO `himall_shopvistis` VALUES ('3029', '309', '2017-09-28 00:00:00', '19', '0', '0', '0', '0.00', '0', '0', '0', '0.00', '');
INSERT INTO `himall_shopvistis` VALUES ('3030', '309', '2017-09-29 00:00:00', '45', '0', '0', '0', '0.00', '0', '0', '0', '0.00', '');
INSERT INTO `himall_shopvistis` VALUES ('3031', '306', '2017-09-29 00:00:00', '9', '0', '0', '0', '0.00', '0', '0', '0', '0.00', '');
INSERT INTO `himall_shopvistis` VALUES ('3032', '308', '2017-09-29 00:00:00', '5', '0', '0', '0', '0.00', '0', '0', '0', '0.00', '');
INSERT INTO `himall_shopvistis` VALUES ('3033', '309', '2017-09-30 00:00:00', '5', '0', '0', '0', '0.00', '0', '0', '0', '0.00', '');
INSERT INTO `himall_shopvistis` VALUES ('3034', '306', '2017-09-30 00:00:00', '1', '0', '0', '0', '0.00', '0', '0', '0', '0.00', '');
INSERT INTO `himall_shopvistis` VALUES ('3035', '308', '2017-09-30 00:00:00', '1', '0', '0', '0', '0.00', '0', '0', '0', '0.00', '');
INSERT INTO `himall_shopvistis` VALUES ('3036', '309', '2017-10-02 00:00:00', '9', '0', '0', '0', '0.00', '0', '0', '0', '0.00', '');
INSERT INTO `himall_shopvistis` VALUES ('3037', '309', '2017-10-03 00:00:00', '13', '0', '0', '0', '0.00', '0', '0', '0', '0.00', '');
INSERT INTO `himall_shopvistis` VALUES ('3038', '309', '2017-10-04 00:00:00', '19', '0', '0', '0', '0.00', '0', '0', '0', '0.00', '');
INSERT INTO `himall_shopvistis` VALUES ('3039', '309', '2017-10-05 00:00:00', '115', '0', '0', '0', '0.00', '0', '0', '0', '0.00', '');
INSERT INTO `himall_shopvistis` VALUES ('3040', '309', '2017-10-06 00:00:00', '9', '0', '0', '0', '0.00', '0', '0', '0', '0.00', '');
INSERT INTO `himall_shopvistis` VALUES ('3041', '309', '2017-10-07 00:00:00', '31', '0', '0', '0', '0.00', '0', '0', '0', '0.00', '');
INSERT INTO `himall_shopvistis` VALUES ('3042', '309', '2017-10-08 00:00:00', '71', '0', '0', '0', '0.00', '0', '0', '0', '0.00', '');
INSERT INTO `himall_shopvistis` VALUES ('3043', '349', '2017-10-08 00:00:00', '13', '0', '0', '0', '0.00', '0', '0', '0', '0.00', '');
INSERT INTO `himall_shopvistis` VALUES ('3044', '309', '2017-10-09 00:00:00', '87', '0', '0', '0', '0.00', '0', '0', '0', '0.00', '');
INSERT INTO `himall_shopvistis` VALUES ('3045', '350', '2017-10-09 00:00:00', '17', '0', '0', '0', '0.00', '0', '0', '0', '0.00', '');
INSERT INTO `himall_shopvistis` VALUES ('3046', '362', '2017-10-09 00:00:00', '3', '0', '0', '0', '0.00', '0', '0', '0', '0.00', '');
INSERT INTO `himall_shopvistis` VALUES ('3047', '363', '2017-10-09 00:00:00', '3', '0', '0', '0', '0.00', '0', '0', '0', '0.00', '');
INSERT INTO `himall_shopvistis` VALUES ('3048', '362', '2017-10-10 00:00:00', '17', '0', '0', '0', '0.00', '0', '0', '0', '0.00', '');
INSERT INTO `himall_shopvistis` VALUES ('3049', '363', '2017-10-10 00:00:00', '79', '0', '0', '0', '0.00', '0', '0', '0', '0.00', '');
INSERT INTO `himall_shopvistis` VALUES ('3050', '365', '2017-10-10 00:00:00', '3', '0', '0', '0', '0.00', '0', '0', '0', '0.00', '');
INSERT INTO `himall_shopvistis` VALUES ('3051', '309', '2017-10-10 00:00:00', '65', '0', '0', '0', '0.00', '0', '0', '0', '0.00', '');
INSERT INTO `himall_shopvistis` VALUES ('3052', '349', '2017-10-11 00:00:00', '3', '0', '0', '0', '0.00', '0', '0', '0', '0.00', '');
INSERT INTO `himall_shopvistis` VALUES ('3053', '363', '2017-10-11 00:00:00', '109', '0', '0', '0', '0.00', '0', '0', '0', '0.00', '');
INSERT INTO `himall_shopvistis` VALUES ('3054', '362', '2017-10-11 00:00:00', '3', '0', '0', '0', '0.00', '0', '0', '0', '0.00', '');
INSERT INTO `himall_shopvistis` VALUES ('3055', '356', '2017-10-11 00:00:00', '1', '0', '0', '0', '0.00', '0', '0', '0', '0.00', '');
INSERT INTO `himall_shopvistis` VALUES ('3056', '365', '2017-10-11 00:00:00', '1', '0', '0', '0', '0.00', '0', '0', '0', '0.00', '');
INSERT INTO `himall_shopvistis` VALUES ('3057', '363', '2017-10-12 00:00:00', '127', '0', '0', '0', '0.00', '0', '0', '0', '0.00', '');
INSERT INTO `himall_shopvistis` VALUES ('3058', '362', '2017-10-12 00:00:00', '3', '0', '0', '0', '0.00', '0', '0', '0', '0.00', '');
INSERT INTO `himall_shopvistis` VALUES ('3059', '363', '2017-10-13 00:00:00', '109', '0', '0', '0', '0.00', '0', '0', '0', '0.00', '');
INSERT INTO `himall_shopvistis` VALUES ('3060', '362', '2017-10-13 00:00:00', '11', '0', '0', '0', '0.00', '0', '0', '0', '0.00', '');
INSERT INTO `himall_shopvistis` VALUES ('3061', '309', '2017-10-13 00:00:00', '7', '0', '0', '0', '0.00', '0', '0', '0', '0.00', '');
INSERT INTO `himall_shopvistis` VALUES ('3062', '372', '2017-10-14 00:00:00', '39', '0', '0', '0', '0.00', '0', '0', '0', '0.00', '');
INSERT INTO `himall_shopvistis` VALUES ('3063', '369', '2017-10-14 00:00:00', '9', '0', '0', '0', '0.00', '0', '0', '0', '0.00', '');
INSERT INTO `himall_shopvistis` VALUES ('3064', '372', '2017-10-15 00:00:00', '13', '0', '0', '0', '0.00', '0', '0', '0', '0.00', '');
INSERT INTO `himall_shopvistis` VALUES ('3065', '373', '2017-10-15 00:00:00', '1', '0', '0', '0', '0.00', '0', '0', '0', '0.00', '');
INSERT INTO `himall_shopvistis` VALUES ('3066', '373', '2017-10-16 00:00:00', '5', '0', '0', '0', '0.00', '0', '0', '0', '0.00', '');
INSERT INTO `himall_shopvistis` VALUES ('3067', '374', '2017-10-16 00:00:00', '3', '0', '0', '0', '0.00', '0', '0', '0', '0.00', '');
INSERT INTO `himall_shopvistis` VALUES ('3068', '372', '2017-10-16 00:00:00', '83', '0', '0', '0', '0.00', '0', '0', '0', '0.00', '');
INSERT INTO `himall_shopvistis` VALUES ('3069', '369', '2017-10-16 00:00:00', '9', '0', '0', '0', '0.00', '0', '0', '0', '0.00', '');
INSERT INTO `himall_shopvistis` VALUES ('3070', '375', '2017-10-16 00:00:00', '13', '0', '0', '0', '0.00', '0', '0', '0', '0.00', '');
INSERT INTO `himall_shopvistis` VALUES ('3071', '372', '2017-10-17 00:00:00', '23', '0', '0', '0', '0.00', '0', '0', '0', '0.00', '');
INSERT INTO `himall_shopvistis` VALUES ('3072', '369', '2017-10-17 00:00:00', '9', '0', '0', '0', '0.00', '0', '0', '0', '0.00', '');
INSERT INTO `himall_shopvistis` VALUES ('3073', '375', '2017-10-17 00:00:00', '7', '0', '0', '0', '0.00', '0', '0', '0', '0.00', '');
INSERT INTO `himall_shopvistis` VALUES ('3074', '372', '2017-10-18 00:00:00', '15', '0', '0', '0', '0.00', '0', '0', '0', '0.00', '');
INSERT INTO `himall_shopvistis` VALUES ('3075', '375', '2017-10-18 00:00:00', '1', '0', '0', '0', '0.00', '0', '0', '0', '0.00', '');
INSERT INTO `himall_shopvistis` VALUES ('3076', '372', '2017-10-19 00:00:00', '1', '0', '0', '0', '0.00', '0', '0', '0', '0.00', '');
INSERT INTO `himall_shopvistis` VALUES ('3077', '372', '2017-10-20 00:00:00', '1', '0', '0', '0', '0.00', '0', '0', '0', '0.00', '');
INSERT INTO `himall_shopvistis` VALUES ('3078', '372', '2017-10-22 00:00:00', '7', '0', '0', '0', '0.00', '0', '0', '0', '0.00', '');
INSERT INTO `himall_shopvistis` VALUES ('3079', '1', '2017-11-01 00:00:00', '7', '0', '0', '0', '0.00', '0', '0', '0', '0.00', '');

-- ----------------------------
-- Table structure for `himall_shopwithdraw`
-- ----------------------------
DROP TABLE IF EXISTS `himall_shopwithdraw`;
CREATE TABLE `himall_shopwithdraw` (
  `Id` bigint(20) NOT NULL AUTO_INCREMENT COMMENT '编号',
  `ShopId` bigint(20) NOT NULL COMMENT '店铺ID',
  `CashNo` varchar(100) NOT NULL COMMENT '提现流水号',
  `ApplyTime` datetime NOT NULL COMMENT '申请时间',
  `Status` int(11) NOT NULL COMMENT '提现状态',
  `CashType` int(11) NOT NULL COMMENT '提现方式',
  `CashAmount` decimal(18,2) NOT NULL COMMENT '提现金额',
  `Account` varchar(100) NOT NULL COMMENT '提现帐号',
  `AccountName` varchar(100) NOT NULL COMMENT '提现人',
  `SellerId` bigint(20) DEFAULT NULL,
  `SellerName` varchar(100) NOT NULL COMMENT '申请商家用户名',
  `DealTime` datetime DEFAULT NULL COMMENT '处理时间',
  `ShopRemark` varchar(1000) DEFAULT NULL COMMENT '商家备注',
  `PlatRemark` varchar(1000) DEFAULT NULL COMMENT '平台备注',
  `ShopName` varchar(200) DEFAULT '' COMMENT '商店名称',
  `SerialNo` varchar(200) DEFAULT '' COMMENT '支付商流水号',
  PRIMARY KEY (`Id`)
) ENGINE=InnoDB AUTO_INCREMENT=28 DEFAULT CHARSET=utf8 COMMENT='店铺提现表';

-- ----------------------------
-- Records of himall_shopwithdraw
-- ----------------------------

-- ----------------------------
-- Table structure for `himall_sitesettings`
-- ----------------------------
DROP TABLE IF EXISTS `himall_sitesettings`;
CREATE TABLE `himall_sitesettings` (
  `Id` bigint(20) NOT NULL AUTO_INCREMENT,
  `Key` varchar(100) NOT NULL,
  `Value` varchar(4000) NOT NULL,
  PRIMARY KEY (`Id`)
) ENGINE=InnoDB AUTO_INCREMENT=147 DEFAULT CHARSET=utf8 ROW_FORMAT=COMPACT;

-- ----------------------------
-- Records of himall_sitesettings
-- ----------------------------
INSERT INTO `himall_sitesettings` VALUES ('1', 'Logo', '/Storage/Plat/Site/logo.png');
INSERT INTO `himall_sitesettings` VALUES ('2', 'SiteName', 'xcx');
INSERT INTO `himall_sitesettings` VALUES ('3', 'ICPNubmer', ' ');
INSERT INTO `himall_sitesettings` VALUES ('4', 'CustomerTel', ' ');
INSERT INTO `himall_sitesettings` VALUES ('6', 'Keyword', '实木床');
INSERT INTO `himall_sitesettings` VALUES ('7', 'Hotkeywords', '三只松鼠,实木床');
INSERT INTO `himall_sitesettings` VALUES ('8', 'PageFoot', ' ');
INSERT INTO `himall_sitesettings` VALUES ('10', 'MemberLogo', '/Storage/Plat/Site/memberLogo.png');
INSERT INTO `himall_sitesettings` VALUES ('11', 'QRCode', '/Storage/Plat/Site/qrCode.png');
INSERT INTO `himall_sitesettings` VALUES ('12', 'FlowScript', 'FlowScript1');
INSERT INTO `himall_sitesettings` VALUES ('13', 'Site_SEOTitle', '多用户商城');
INSERT INTO `himall_sitesettings` VALUES ('14', 'Site_SEOKeywords', ',b2b2c商城');
INSERT INTO `himall_sitesettings` VALUES ('15', 'Site_SEODescription', 'b2b2c商城');
INSERT INTO `himall_sitesettings` VALUES ('16', 'ProdutAuditOnOff', '1');
INSERT INTO `himall_sitesettings` VALUES ('17', 'WithDrawMinimum', '1');
INSERT INTO `himall_sitesettings` VALUES ('18', 'WithDrawMaximum', '2000');
INSERT INTO `himall_sitesettings` VALUES ('19', 'WeekSettlement', '1');
INSERT INTO `himall_sitesettings` VALUES ('97', 'SiteIsClose', 'False');
INSERT INTO `himall_sitesettings` VALUES ('98', 'RegisterType', '0');
INSERT INTO `himall_sitesettings` VALUES ('99', 'MobileVerifOpen', 'False');
INSERT INTO `himall_sitesettings` VALUES ('100', 'RegisterEmailRequired', 'False');
INSERT INTO `himall_sitesettings` VALUES ('101', 'EmailVerifOpen', 'False');
INSERT INTO `himall_sitesettings` VALUES ('102', 'WXLogo', '/Storage/Plat/Site/wxlogo.png');
INSERT INTO `himall_sitesettings` VALUES ('103', 'PCLoginPic', '/Storage/Plat/Site/pcloginpic.png');
INSERT INTO `himall_sitesettings` VALUES ('104', 'PCBottomPic', '/Storage/Plat/ImageAd/PCBottomPic.jpg');
INSERT INTO `himall_sitesettings` VALUES ('105', 'WeixinAppId', 'dsfsd');
INSERT INTO `himall_sitesettings` VALUES ('106', 'WeixinAppSecret', 'k');
INSERT INTO `himall_sitesettings` VALUES ('107', 'WeixinToken', '2A11E2FE9FFBA3A1');
INSERT INTO `himall_sitesettings` VALUES ('108', 'WeixinPartnerID', '');
INSERT INTO `himall_sitesettings` VALUES ('109', 'WeixinPartnerKey', '');
INSERT INTO `himall_sitesettings` VALUES ('110', 'WeixinLoginUrl', '');
INSERT INTO `himall_sitesettings` VALUES ('111', 'WeixinIsValidationService', 'False');
INSERT INTO `himall_sitesettings` VALUES ('112', 'SellerAdminAgreement', '');
INSERT INTO `himall_sitesettings` VALUES ('113', 'AdvancePaymentPercent', '0');
INSERT INTO `himall_sitesettings` VALUES ('114', 'AdvancePaymentLimit', '0');
INSERT INTO `himall_sitesettings` VALUES ('115', 'UnpaidTimeout', '1');
INSERT INTO `himall_sitesettings` VALUES ('116', 'NoReceivingTimeout', '9');
INSERT INTO `himall_sitesettings` VALUES ('117', 'OrderCommentTimeout', '15');
INSERT INTO `himall_sitesettings` VALUES ('118', 'SalesReturnTimeout', '15');
INSERT INTO `himall_sitesettings` VALUES ('119', 'AS_ShopConfirmTimeout', '1');
INSERT INTO `himall_sitesettings` VALUES ('120', 'AS_SendGoodsCloseTimeout', '1');
INSERT INTO `himall_sitesettings` VALUES ('121', 'AS_ShopNoReceivingTimeout', '1');
INSERT INTO `himall_sitesettings` VALUES ('122', 'WX_MSGGetCouponTemplateId', '');
INSERT INTO `himall_sitesettings` VALUES ('123', 'AppUpdateDescription', '');
INSERT INTO `himall_sitesettings` VALUES ('124', 'AppVersion', '2.5');
INSERT INTO `himall_sitesettings` VALUES ('125', 'AndriodDownLoad', 'http://demo.himall.kuaidiantong.cn/app/himall.apk');
INSERT INTO `himall_sitesettings` VALUES ('126', 'IOSDownLoad', 'https://itunes.apple.com/cn/app/id1058273436');
INSERT INTO `himall_sitesettings` VALUES ('127', 'CanDownload', 'True');
INSERT INTO `himall_sitesettings` VALUES ('128', 'ShopAppVersion', '');
INSERT INTO `himall_sitesettings` VALUES ('129', 'ShopAndriodDownLoad', '');
INSERT INTO `himall_sitesettings` VALUES ('130', 'ShopIOSDownLoad', '');
INSERT INTO `himall_sitesettings` VALUES ('131', 'KuaidiType', '0');
INSERT INTO `himall_sitesettings` VALUES ('132', 'Kuaidi100Key', '');
INSERT INTO `himall_sitesettings` VALUES ('133', 'KuaidiApp_key', '');
INSERT INTO `himall_sitesettings` VALUES ('134', 'KuaidiAppSecret', '');
INSERT INTO `himall_sitesettings` VALUES ('135', 'Limittime', 'True');
INSERT INTO `himall_sitesettings` VALUES ('136', 'AdvertisementImagePath', '');
INSERT INTO `himall_sitesettings` VALUES ('137', 'AdvertisementUrl', '');
INSERT INTO `himall_sitesettings` VALUES ('138', 'AdvertisementState', 'False');
INSERT INTO `himall_sitesettings` VALUES ('139', 'IsOpenStore', 'True');
INSERT INTO `himall_sitesettings` VALUES ('140', 'IsOpenShopApp', 'True');
INSERT INTO `himall_sitesettings` VALUES ('141', 'UserCookieKey', '84e02a6da37502d0b1899d202a987b02');
INSERT INTO `himall_sitesettings` VALUES ('142', 'WeixinAppletId', '');
INSERT INTO `himall_sitesettings` VALUES ('143', 'WeixinAppletSecret', '');
INSERT INTO `himall_sitesettings` VALUES ('144', 'AutoAllotOrder', 'False');
INSERT INTO `himall_sitesettings` VALUES ('145', 'SitePhone', '65444444');
INSERT INTO `himall_sitesettings` VALUES ('146', 'XcxHomeVersionCode', '0');

-- ----------------------------
-- Table structure for `himall_sitesigninconfig`
-- ----------------------------
DROP TABLE IF EXISTS `himall_sitesigninconfig`;
CREATE TABLE `himall_sitesigninconfig` (
  `Id` bigint(20) NOT NULL AUTO_INCREMENT,
  `IsEnable` tinyint(1) NOT NULL COMMENT '开启签到',
  `DayIntegral` int(11) NOT NULL DEFAULT '0' COMMENT '签到获得积分',
  `DurationCycle` int(11) NOT NULL DEFAULT '0' COMMENT '持续周期',
  `DurationReward` int(11) NOT NULL DEFAULT '0' COMMENT '周期额外奖励积分',
  PRIMARY KEY (`Id`)
) ENGINE=InnoDB AUTO_INCREMENT=3 DEFAULT CHARSET=utf8 ROW_FORMAT=COMPACT;

-- ----------------------------
-- Records of himall_sitesigninconfig
-- ----------------------------
INSERT INTO `himall_sitesigninconfig` VALUES ('2', '1', '10', '5', '20');

-- ----------------------------
-- Table structure for `himall_skus`
-- ----------------------------
DROP TABLE IF EXISTS `himall_skus`;
CREATE TABLE `himall_skus` (
  `Id` varchar(100) NOT NULL COMMENT '商品ID_颜色规格ID_颜色规格ID_尺寸规格',
  `AutoId` bigint(20) NOT NULL AUTO_INCREMENT COMMENT '自增主键Id',
  `ProductId` bigint(20) NOT NULL COMMENT '商品ID',
  `Color` varchar(100) DEFAULT NULL COMMENT '颜色规格',
  `Size` varchar(100) DEFAULT NULL COMMENT '尺寸规格',
  `Version` varchar(100) DEFAULT NULL COMMENT '版本规格',
  `Sku` varchar(100) DEFAULT NULL COMMENT 'SKU',
  `Stock` bigint(20) NOT NULL COMMENT '库存',
  `CostPrice` decimal(18,2) NOT NULL COMMENT '成本价',
  `SalePrice` decimal(18,2) NOT NULL COMMENT '销售价',
  `ShowPic` varchar(200) DEFAULT NULL COMMENT '显示图片',
  `SafeStock` bigint(20) DEFAULT NULL COMMENT '警戒库存',
  PRIMARY KEY (`AutoId`),
  KEY `FK_Product_Sku` (`ProductId`) USING BTREE,
  KEY `AutoId` (`AutoId`),
  KEY `Id` (`Id`),
  CONSTRAINT `himall_skus_ibfk_1` FOREIGN KEY (`ProductId`) REFERENCES `himall_products` (`Id`) ON DELETE CASCADE
) ENGINE=InnoDB AUTO_INCREMENT=6296 DEFAULT CHARSET=utf8 ROW_FORMAT=COMPACT;

-- ----------------------------
-- Records of himall_skus
-- ----------------------------
INSERT INTO `himall_skus` VALUES ('702_0_0_0', '5036', '702', null, null, null, null, '1998', '0.00', '11.90', null, '0');
INSERT INTO `himall_skus` VALUES ('704_0_0_0', '5038', '704', null, null, null, null, '2000', '0.00', '499.00', null, '0');
INSERT INTO `himall_skus` VALUES ('705_0_0_0', '5039', '705', null, null, null, null, '2000', '0.00', '399.00', null, '0');
INSERT INTO `himall_skus` VALUES ('706_0_0_0', '5040', '706', null, null, null, null, '1000', '0.00', '234.00', null, '0');
INSERT INTO `himall_skus` VALUES ('709_0_0_0', '5044', '709', null, null, null, null, '2000', '0.00', '599.00', null, '0');
INSERT INTO `himall_skus` VALUES ('707_655_663_0', '5046', '707', '黑色', '175/92(L)', null, null, '4996', '0.00', '175.00', '/Storage/Shop/1/Products/707/skus/707_655_663_0.png', '0');
INSERT INTO `himall_skus` VALUES ('703_0_0_0', '5047', '703', null, null, null, null, '1998', '0.00', '10.80', null, '0');
INSERT INTO `himall_skus` VALUES ('701_0_0_0', '5048', '701', null, null, null, null, '1999', '0.00', '29.90', null, '0');
INSERT INTO `himall_skus` VALUES ('710_0_0_0', '5050', '710', null, null, null, null, '2000', '0.00', '250.00', null, '0');
INSERT INTO `himall_skus` VALUES ('699_0_0_0', '5051', '699', null, null, null, null, '999', '0.00', '49.90', null, '0');
INSERT INTO `himall_skus` VALUES ('700_0_0_0', '5052', '700', null, null, null, null, '1999', '0.00', '59.90', null, '0');
INSERT INTO `himall_skus` VALUES ('711_0_0_0', '5053', '711', null, null, null, null, '2000', '0.00', '169.00', null, '0');
INSERT INTO `himall_skus` VALUES ('712_0_661_0', '5054', '712', null, '165/84(S)', null, null, '1000', '0.00', '229.00', null, '0');
INSERT INTO `himall_skus` VALUES ('712_0_659_0', '5055', '712', null, '160/80(XS)', null, null, '1000', '0.00', '229.00', null, '0');
INSERT INTO `himall_skus` VALUES ('718_0_0_0', '5062', '718', null, null, null, null, '2000', '0.00', '110.00', null, '0');
INSERT INTO `himall_skus` VALUES ('717_0_0_0', '5063', '717', null, null, null, null, '20', '0.00', '19.90', null, '20');
INSERT INTO `himall_skus` VALUES ('716_0_0_0', '5064', '716', null, null, null, null, '2000', '0.00', '158.00', null, '20');
INSERT INTO `himall_skus` VALUES ('715_0_0_0', '5065', '715', null, null, null, null, '10000', '0.00', '13688.00', null, '0');
INSERT INTO `himall_skus` VALUES ('714_0_0_0', '5066', '714', null, null, null, null, '2000', '0.00', '6988.00', null, '0');
INSERT INTO `himall_skus` VALUES ('713_0_0_0', '5067', '713', null, null, null, null, '20', '0.00', '50.00', null, '20');
INSERT INTO `himall_skus` VALUES ('708_0_0_0', '5068', '708', null, null, null, null, '31', '0.00', '450.00', null, '30');
INSERT INTO `himall_skus` VALUES ('719_0_0_0', '5069', '719', null, null, null, null, '500', '0.00', '37.00', null, '0');
INSERT INTO `himall_skus` VALUES ('720_0_0_0', '5070', '720', null, null, null, null, '5000', '0.00', '32.90', null, '0');
INSERT INTO `himall_skus` VALUES ('721_0_0_0', '5071', '721', null, null, null, null, '5000', '0.00', '55.00', null, '0');
INSERT INTO `himall_skus` VALUES ('722_0_0_0', '5072', '722', null, null, null, null, '5000', '0.00', '110.00', null, '0');
INSERT INTO `himall_skus` VALUES ('723_0_0_0', '5073', '723', null, null, null, null, '5000', '0.00', '50.00', null, '0');
INSERT INTO `himall_skus` VALUES ('724_0_0_0', '5075', '724', null, null, null, null, '5000', '0.00', '248.00', null, '0');
INSERT INTO `himall_skus` VALUES ('725_0_0_0', '5076', '725', null, null, null, null, '5000', '0.00', '248.00', null, '0');
INSERT INTO `himall_skus` VALUES ('726_0_0_0', '5077', '726', null, null, null, null, '5000', '0.00', '388.00', null, '0');
INSERT INTO `himall_skus` VALUES ('727_0_0_0', '5078', '727', null, null, null, null, '5000', '0.00', '98.00', null, '0');
INSERT INTO `himall_skus` VALUES ('728_0_0_0', '5079', '728', null, null, null, null, '5000', '0.00', '189.00', null, '0');
INSERT INTO `himall_skus` VALUES ('729_0_0_0', '5080', '729', null, null, null, null, '5000', '0.00', '189.00', null, '0');
INSERT INTO `himall_skus` VALUES ('730_0_0_0', '5081', '730', null, null, null, null, '5000', '0.00', '189.00', null, '0');
INSERT INTO `himall_skus` VALUES ('733_0_0_0', '5084', '733', null, null, null, null, '999', '0.00', '4425.00', null, '0');
INSERT INTO `himall_skus` VALUES ('734_0_0_0', '5085', '734', null, null, null, null, '1000', '0.00', '63.00', null, '0');
INSERT INTO `himall_skus` VALUES ('735_0_0_0', '5086', '735', null, null, null, null, '800', '0.00', '98.00', null, '0');
INSERT INTO `himall_skus` VALUES ('737_0_0_0', '5088', '737', null, null, null, null, '25', '0.00', '83.00', null, '10');
INSERT INTO `himall_skus` VALUES ('738_0_0_0', '5089', '738', null, null, null, null, '5000', '0.00', '35.00', null, '0');
INSERT INTO `himall_skus` VALUES ('739_0_0_0', '5090', '739', null, null, null, null, '5000', '0.00', '4499.00', null, '0');
INSERT INTO `himall_skus` VALUES ('741_0_0_0', '5092', '741', null, null, null, null, '2000', '0.00', '5399.00', null, '0');
INSERT INTO `himall_skus` VALUES ('736_0_0_0', '5093', '736', null, null, null, null, '5000', '0.00', '33.00', null, '0');
INSERT INTO `himall_skus` VALUES ('743_669_0_0', '5095', '743', '银色', null, null, null, '20', '0.00', '2999.00', null, '10');
INSERT INTO `himall_skus` VALUES ('743_671_0_0', '5096', '743', '白色', null, null, null, '20', '0.00', '2999.00', null, '10');
INSERT INTO `himall_skus` VALUES ('743_670_0_0', '5097', '743', '黑色', null, null, null, '20', '0.00', '2999.00', null, '10');
INSERT INTO `himall_skus` VALUES ('744_0_0_0', '5098', '744', null, null, null, null, '20', '0.00', '469.00', null, '10');
INSERT INTO `himall_skus` VALUES ('745_0_0_0', '5099', '745', null, null, null, null, '10', '0.00', '219.00', null, '1');
INSERT INTO `himall_skus` VALUES ('731_675_0_0', '5113', '731', '蓝色', null, null, '123123', '10000', '0.00', '99.00', '/Storage/Shop/1/Products/731/skus/731_675_0_0.png', '10');
INSERT INTO `himall_skus` VALUES ('731_677_0_0', '5114', '731', '白色', null, null, '345345', '10000', '0.00', '99.00', '/Storage/Shop/1/Products/731/skus/731_677_0_0.png', '10');
INSERT INTO `himall_skus` VALUES ('731_674_0_0', '5115', '731', '绿色', null, null, '678678', '10000', '0.00', '99.00', '/Storage/Shop/1/Products/731/skus/731_674_0_0.png', '10');
INSERT INTO `himall_skus` VALUES ('731_676_0_0', '5116', '731', '黄色', null, null, '890890', '10000', '0.00', '99.00', '/Storage/Shop/1/Products/731/skus/731_676_0_0.png', '10');
INSERT INTO `himall_skus` VALUES ('731_673_0_0', '5117', '731', '红色', null, null, '098098', '10000', '0.00', '99.00', '/Storage/Shop/1/Products/731/skus/731_673_0_0.png', '10');
INSERT INTO `himall_skus` VALUES ('731_678_0_0', '5118', '731', '黑色', null, null, '789789', '10000', '0.00', '99.00', '/Storage/Shop/1/Products/731/skus/731_678_0_0.png', '10');
INSERT INTO `himall_skus` VALUES ('732_0_679_0', '5119', '732', null, '1.4M书桌', null, '898989', '6000', '0.00', '200.00', null, '0');
INSERT INTO `himall_skus` VALUES ('732_0_681_0', '5120', '732', null, '1.8M书桌', null, '895623', '6000', '0.00', '200.00', null, '0');
INSERT INTO `himall_skus` VALUES ('732_0_680_0', '5121', '732', null, '1.2M书桌', null, '121212', '6000', '0.00', '200.00', null, '0');
INSERT INTO `himall_skus` VALUES ('746_0_0_0', '5122', '746', null, null, null, null, '8000', '0.00', '28.00', null, '0');
INSERT INTO `himall_skus` VALUES ('747_0_0_0', '5123', '747', null, null, null, null, '9000', '0.00', '1000.00', null, '0');
INSERT INTO `himall_skus` VALUES ('748_0_0_0', '5124', '748', null, null, null, null, '5000', '0.00', '249.00', null, '0');
INSERT INTO `himall_skus` VALUES ('740_0_0_0', '5126', '740', null, null, null, null, '20', '0.00', '25.00', null, '10');
INSERT INTO `himall_skus` VALUES ('742_0_0_0', '5127', '742', null, null, null, null, '20', '0.00', '168.00', null, '50');
INSERT INTO `himall_skus` VALUES ('1158_0_0_0', '6214', '1158', null, null, null, null, '30', '0.00', '158.00', null, '10');
INSERT INTO `himall_skus` VALUES ('1159_0_0_0', '6215', '1159', null, null, null, null, '50', '0.00', '158.00', null, '10');
INSERT INTO `himall_skus` VALUES ('1160_0_0_0', '6216', '1160', null, null, null, null, '100', '0.00', '1799.00', null, '10');
INSERT INTO `himall_skus` VALUES ('1161_0_0_0', '6217', '1161', null, null, null, null, '100', '0.00', '1088.00', null, '10');
INSERT INTO `himall_skus` VALUES ('1162_0_0_0', '6218', '1162', null, null, null, null, '98', '0.00', '900.00', null, '10');
INSERT INTO `himall_skus` VALUES ('1163_0_0_0', '6219', '1163', null, null, null, null, '121', '0.00', '1500.00', null, '10');
INSERT INTO `himall_skus` VALUES ('1164_0_0_0', '6220', '1164', null, null, null, null, '1', '0.00', '1.00', null, '0');
INSERT INTO `himall_skus` VALUES ('1254_0_0_0', '6274', '1254', null, null, null, null, '1000', '5.00', '5.00', null, null);
INSERT INTO `himall_skus` VALUES ('1255_0_0_0', '6275', '1255', null, null, null, null, '95', '0.10', '0.10', null, null);
INSERT INTO `himall_skus` VALUES ('1256_0_0_0', '6276', '1256', null, null, null, null, '9996', '1.00', '1.00', null, null);
INSERT INTO `himall_skus` VALUES ('1257_0_0_0', '6277', '1257', null, null, null, null, '94', '0.10', '0.10', null, null);
INSERT INTO `himall_skus` VALUES ('1258_0_0_0', '6278', '1258', null, null, null, null, '100', '68.00', '68.00', null, null);
INSERT INTO `himall_skus` VALUES ('1259_0_0_0', '6279', '1259', null, null, null, null, '98', '68.00', '68.00', null, null);
INSERT INTO `himall_skus` VALUES ('1260_0_0_0', '6280', '1260', null, null, null, null, '99', '58.00', '58.00', null, null);
INSERT INTO `himall_skus` VALUES ('1261_0_0_0', '6281', '1261', null, null, null, null, '97', '0.10', '0.10', null, null);
INSERT INTO `himall_skus` VALUES ('1262_0_0_0', '6282', '1262', null, null, null, null, '97', '0.10', '0.10', null, null);
INSERT INTO `himall_skus` VALUES ('1263_0_0_0', '6283', '1263', null, null, null, null, '97', '0.10', '0.10', null, null);
INSERT INTO `himall_skus` VALUES ('1264_0_0_0', '6284', '1264', null, null, null, null, '100', '0.15', '0.15', null, null);
INSERT INTO `himall_skus` VALUES ('1265_0_0_0', '6285', '1265', null, null, null, null, '94', '0.10', '0.10', null, null);
INSERT INTO `himall_skus` VALUES ('1266_0_0_0', '6286', '1266', null, null, null, null, '0', '199.00', '199.00', null, null);
INSERT INTO `himall_skus` VALUES ('1267_0_0_0', '6287', '1267', null, null, null, null, '0', '199.00', '199.00', null, null);
INSERT INTO `himall_skus` VALUES ('1268_0_0_0', '6288', '1268', null, null, null, null, '1000', '199.00', '199.00', null, null);
INSERT INTO `himall_skus` VALUES ('1269_0_0_0', '6289', '1269', null, null, null, null, '97', '99999.00', '99999.00', null, null);
INSERT INTO `himall_skus` VALUES ('1270_0_0_0', '6290', '1270', null, null, null, null, '50', '1888.00', '1888.00', null, null);
INSERT INTO `himall_skus` VALUES ('1271_0_0_0', '6291', '1271', null, null, null, null, '50', '1888.00', '1888.00', null, null);
INSERT INTO `himall_skus` VALUES ('1272_0_0_0', '6292', '1272', null, null, null, null, '0', '188.00', '188.00', null, null);
INSERT INTO `himall_skus` VALUES ('1273_0_0_0', '6293', '1273', null, null, null, null, '2', '0.50', '0.50', null, null);
INSERT INTO `himall_skus` VALUES ('749_0_0_0', '6294', '749', null, null, null, null, '600', '0.00', '20000.00', null, '0');
INSERT INTO `himall_skus` VALUES ('1274_0_0_0', '6295', '1274', null, null, null, null, '1111', '0.00', '1111.00', null, '0');

-- ----------------------------
-- Table structure for `himall_slideads`
-- ----------------------------
DROP TABLE IF EXISTS `himall_slideads`;
CREATE TABLE `himall_slideads` (
  `Id` bigint(20) NOT NULL AUTO_INCREMENT,
  `ShopId` bigint(20) NOT NULL COMMENT '店铺ID，0：平台轮播图  ',
  `ImageUrl` varchar(100) NOT NULL COMMENT '图片保存URL',
  `Url` varchar(1000) NOT NULL COMMENT '图片跳转URL',
  `DisplaySequence` bigint(20) NOT NULL,
  `TypeId` int(11) NOT NULL DEFAULT '0',
  `Description` varchar(100) DEFAULT NULL,
  PRIMARY KEY (`Id`)
) ENGINE=InnoDB AUTO_INCREMENT=169 DEFAULT CHARSET=utf8 ROW_FORMAT=COMPACT;

-- ----------------------------
-- Records of himall_slideads
-- ----------------------------
INSERT INTO `himall_slideads` VALUES ('105', '0', '/Storage/Plat/ImageAd/201702141456215116690.jpg', 'http://demo.himall.kuaidiantong.cn/product/detail/723', '1', '1', null);
INSERT INTO `himall_slideads` VALUES ('106', '0', '/Storage/Plat/ImageAd/201702141456275819570.jpg', 'http://demo.himall.kuaidiantong.cn/product/detail/723', '2', '1', null);
INSERT INTO `himall_slideads` VALUES ('107', '0', '/Storage/Plat/ImageAd/201702141126285292890.jpg', 'http://demo.himall.kuaidiantong.cn/LimitTimeBuy/Detail/45', '3', '1', null);
INSERT INTO `himall_slideads` VALUES ('108', '0', '/Storage/Plat/ImageAd/201702141456377958540.jpg', 'http://demo.himall.kuaidiantong.cn/product/detail/734', '4', '1', null);
INSERT INTO `himall_slideads` VALUES ('109', '0', '/Storage/Plat/ImageAd/201702141456476728430.jpg', 'http://demo.himall.kuaidiantong.cn/LimitTimeBuy/Detail/45', '5', '1', null);
INSERT INTO `himall_slideads` VALUES ('110', '0', '/Storage/Plat/ImageAd/201702141507054403840.jpg', '/', '6', '2', null);
INSERT INTO `himall_slideads` VALUES ('111', '0', '/Storage/Plat/ImageAd/201702141507119013210.jpg', '/', '7', '2', null);
INSERT INTO `himall_slideads` VALUES ('112', '0', '/Storage/Plat/APP/SlidAd/201702141656064131340.png', 'http://demo.himall.kuaidiantong.cn/product/detail/735', '8', '8', '');
INSERT INTO `himall_slideads` VALUES ('113', '0', '/Storage/Plat/APP/SlidAd/201702141656402812130.jpg', 'http://demo.himall.kuaidiantong.cn/product/detail/745', '9', '8', '');
INSERT INTO `himall_slideads` VALUES ('114', '0', '/Storage/Plat/APP/SlidAd/201702141729484199440.jpg', 'http://demo.himall.kuaidiantong.cn/product/detail/713', '10', '8', '');
INSERT INTO `himall_slideads` VALUES ('115', '0', '/temp/201702151053059693630.png', '5', '11', '10', '分类');
INSERT INTO `himall_slideads` VALUES ('116', '0', '/temp/201702151053171172520.png', '3', '12', '10', '限时购');
INSERT INTO `himall_slideads` VALUES ('117', '0', '/temp/201702151053291655660.png', '2', '13', '10', '拼团');
INSERT INTO `himall_slideads` VALUES ('118', '0', '/temp/201702151053418652720.png', '1', '15', '10', '专题');
INSERT INTO `himall_slideads` VALUES ('119', '1', '/Storage/Shop/1/VShop/201702141740119921260.png', 'http://demo.himall.kuaidiantong.cn/product/detail/734', '1', '4', null);
INSERT INTO `himall_slideads` VALUES ('120', '1', '/Storage/Shop/1/VShop/201702141740317343450.png', 'http://demo.himall.kuaidiantong.cn/LimitTimeBuy/Detail/43', '2', '4', null);
INSERT INTO `himall_slideads` VALUES ('121', '0', '/temp/201702151053500286720.png', '4', '14', '10', '积分商城');
INSERT INTO `himall_slideads` VALUES ('122', '0', '/Storage/Plat/APP/SlidAd/201702151042004701760.jpg', 'http://demo.himall.kuaidiantong.cn/limittimebuy/detail/50', '16', '9', '');
INSERT INTO `himall_slideads` VALUES ('123', '0', '/Storage/Plat/APP/SlidAd/201702151042325485560.jpg', 'http://demo.himall.kuaidiantong.cn/product/detail/738', '17', '9', '');
INSERT INTO `himall_slideads` VALUES ('124', '0', '/Storage/Plat/APP/SlidAd/201702151042594568160.jpg', 'http://demo.himall.kuaidiantong.cn/product/detail/723', '18', '9', '');
INSERT INTO `himall_slideads` VALUES ('125', '0', '/temp/201702161535154633570.jpg', 'https://www.baidu.com/', '19', '11', '1');
INSERT INTO `himall_slideads` VALUES ('126', '0', '/temp/201702161535498181920.jpg', 'https://www.baidu.com/', '20', '11', '2');
INSERT INTO `himall_slideads` VALUES ('127', '1', '/Storage/Shop/1/ImageAd/201702161745280922140.jpg', '/', '3', '3', null);
INSERT INTO `himall_slideads` VALUES ('128', '1', '/Storage/Shop/1/ImageAd/201702161745417915320.jpg', '/', '4', '3', null);
INSERT INTO `himall_slideads` VALUES ('131', '1', '/Storage/Shop/1/ImageAd/201702161745488574860.jpg', '/', '5', '3', null);
INSERT INTO `himall_slideads` VALUES ('132', '1', '/Storage/Shop/1/ImageAd/201702161746002073460.jpg', '/', '6', '3', null);

-- ----------------------------
-- Table structure for `himall_specificationvalues`
-- ----------------------------
DROP TABLE IF EXISTS `himall_specificationvalues`;
CREATE TABLE `himall_specificationvalues` (
  `Id` bigint(20) NOT NULL AUTO_INCREMENT,
  `Specification` int(11) NOT NULL COMMENT '规格名',
  `TypeId` bigint(20) NOT NULL COMMENT '类型ID',
  `Value` varchar(100) NOT NULL COMMENT '规格值',
  PRIMARY KEY (`Id`),
  KEY `FK_Type_SpecificationValue` (`TypeId`) USING BTREE,
  CONSTRAINT `himall_specificationvalues_ibfk_1` FOREIGN KEY (`TypeId`) REFERENCES `himall_types` (`Id`) ON DELETE CASCADE
) ENGINE=InnoDB AUTO_INCREMENT=870 DEFAULT CHARSET=utf8 ROW_FORMAT=COMPACT;

-- ----------------------------
-- Records of himall_specificationvalues
-- ----------------------------
INSERT INTO `himall_specificationvalues` VALUES ('646', '1', '83', '紫色');
INSERT INTO `himall_specificationvalues` VALUES ('647', '1', '83', '红色');
INSERT INTO `himall_specificationvalues` VALUES ('648', '1', '83', '绿色');
INSERT INTO `himall_specificationvalues` VALUES ('649', '1', '83', '花色');
INSERT INTO `himall_specificationvalues` VALUES ('650', '1', '83', '蓝色');
INSERT INTO `himall_specificationvalues` VALUES ('651', '1', '83', '褐色');
INSERT INTO `himall_specificationvalues` VALUES ('652', '1', '83', '透明');
INSERT INTO `himall_specificationvalues` VALUES ('653', '1', '83', '酒红色');
INSERT INTO `himall_specificationvalues` VALUES ('654', '1', '83', '黄色');
INSERT INTO `himall_specificationvalues` VALUES ('655', '1', '83', '黑色');
INSERT INTO `himall_specificationvalues` VALUES ('656', '1', '83', '深灰色');
INSERT INTO `himall_specificationvalues` VALUES ('657', '1', '83', '深紫色');
INSERT INTO `himall_specificationvalues` VALUES ('658', '1', '83', '深蓝色');
INSERT INTO `himall_specificationvalues` VALUES ('659', '2', '83', '160/80(XS)');
INSERT INTO `himall_specificationvalues` VALUES ('660', '2', '83', '190/110(XXXL)');
INSERT INTO `himall_specificationvalues` VALUES ('661', '2', '83', '165/84(S)');
INSERT INTO `himall_specificationvalues` VALUES ('662', '2', '83', '170/88(M)');
INSERT INTO `himall_specificationvalues` VALUES ('663', '2', '83', '175/92(L)');
INSERT INTO `himall_specificationvalues` VALUES ('664', '2', '83', '180/96(XL)');
INSERT INTO `himall_specificationvalues` VALUES ('665', '2', '83', '185/100(XXL)');
INSERT INTO `himall_specificationvalues` VALUES ('666', '2', '83', '160/84(XS)');
INSERT INTO `himall_specificationvalues` VALUES ('667', '2', '83', '165/88(S)');
INSERT INTO `himall_specificationvalues` VALUES ('668', '2', '83', '170/92(M)');
INSERT INTO `himall_specificationvalues` VALUES ('669', '1', '84', '银色');
INSERT INTO `himall_specificationvalues` VALUES ('670', '1', '84', '黑色');
INSERT INTO `himall_specificationvalues` VALUES ('671', '1', '84', '白色');
INSERT INTO `himall_specificationvalues` VALUES ('672', '1', '88', '紫色');
INSERT INTO `himall_specificationvalues` VALUES ('673', '1', '88', '红色');
INSERT INTO `himall_specificationvalues` VALUES ('674', '1', '88', '绿色');
INSERT INTO `himall_specificationvalues` VALUES ('675', '1', '88', '蓝色');
INSERT INTO `himall_specificationvalues` VALUES ('676', '1', '88', '黄色');
INSERT INTO `himall_specificationvalues` VALUES ('677', '1', '88', '白色');
INSERT INTO `himall_specificationvalues` VALUES ('678', '1', '88', '黑色');
INSERT INTO `himall_specificationvalues` VALUES ('679', '2', '88', '1.4M书桌');
INSERT INTO `himall_specificationvalues` VALUES ('680', '2', '88', '1.2M书桌');
INSERT INTO `himall_specificationvalues` VALUES ('681', '2', '88', '1.8M书桌');
INSERT INTO `himall_specificationvalues` VALUES ('814', '1', '87', '紫色');
INSERT INTO `himall_specificationvalues` VALUES ('815', '1', '87', '红色');
INSERT INTO `himall_specificationvalues` VALUES ('816', '1', '87', '绿色');
INSERT INTO `himall_specificationvalues` VALUES ('817', '1', '87', '花色');
INSERT INTO `himall_specificationvalues` VALUES ('818', '1', '87', '蓝色');
INSERT INTO `himall_specificationvalues` VALUES ('819', '1', '87', '褐色');
INSERT INTO `himall_specificationvalues` VALUES ('820', '1', '87', '透明');
INSERT INTO `himall_specificationvalues` VALUES ('821', '1', '87', '酒红色');
INSERT INTO `himall_specificationvalues` VALUES ('822', '1', '87', '黄色');
INSERT INTO `himall_specificationvalues` VALUES ('823', '1', '87', '黑色');
INSERT INTO `himall_specificationvalues` VALUES ('824', '1', '87', '深灰色');
INSERT INTO `himall_specificationvalues` VALUES ('825', '1', '87', '深紫色');
INSERT INTO `himall_specificationvalues` VALUES ('826', '1', '87', '深蓝色');
INSERT INTO `himall_specificationvalues` VALUES ('827', '2', '87', '160/80(XS)');
INSERT INTO `himall_specificationvalues` VALUES ('828', '2', '87', '190/110(XXXL)');
INSERT INTO `himall_specificationvalues` VALUES ('829', '2', '87', '165/84(S)');
INSERT INTO `himall_specificationvalues` VALUES ('830', '2', '87', '170/88(M)');
INSERT INTO `himall_specificationvalues` VALUES ('831', '2', '87', '175/92(L)');
INSERT INTO `himall_specificationvalues` VALUES ('832', '2', '87', '180/96(XL)');
INSERT INTO `himall_specificationvalues` VALUES ('833', '2', '87', '185/100(XXL)');
INSERT INTO `himall_specificationvalues` VALUES ('834', '2', '87', '160/84(XS)');
INSERT INTO `himall_specificationvalues` VALUES ('835', '2', '87', '165/88(S)');
INSERT INTO `himall_specificationvalues` VALUES ('836', '2', '87', '170/92(M)');
INSERT INTO `himall_specificationvalues` VALUES ('837', '3', '87', '版本1');
INSERT INTO `himall_specificationvalues` VALUES ('838', '3', '87', '版本2');
INSERT INTO `himall_specificationvalues` VALUES ('839', '3', '87', '版本3');
INSERT INTO `himall_specificationvalues` VALUES ('840', '3', '87', '版本4');
INSERT INTO `himall_specificationvalues` VALUES ('841', '3', '87', '版本5');
INSERT INTO `himall_specificationvalues` VALUES ('842', '1', '96', '紫色');
INSERT INTO `himall_specificationvalues` VALUES ('843', '1', '96', '红色');
INSERT INTO `himall_specificationvalues` VALUES ('844', '1', '96', '绿色');
INSERT INTO `himall_specificationvalues` VALUES ('845', '1', '96', '花色');
INSERT INTO `himall_specificationvalues` VALUES ('846', '1', '96', '蓝色');
INSERT INTO `himall_specificationvalues` VALUES ('847', '1', '96', '褐色');
INSERT INTO `himall_specificationvalues` VALUES ('848', '1', '96', '透明');
INSERT INTO `himall_specificationvalues` VALUES ('849', '1', '96', '酒红色');
INSERT INTO `himall_specificationvalues` VALUES ('850', '1', '96', '黄色');
INSERT INTO `himall_specificationvalues` VALUES ('851', '1', '96', '黑色');
INSERT INTO `himall_specificationvalues` VALUES ('852', '1', '96', '深灰色');
INSERT INTO `himall_specificationvalues` VALUES ('853', '1', '96', '深紫色');
INSERT INTO `himall_specificationvalues` VALUES ('854', '1', '96', '深蓝色');
INSERT INTO `himall_specificationvalues` VALUES ('855', '2', '96', '160/80(XS)');
INSERT INTO `himall_specificationvalues` VALUES ('856', '2', '96', '190/110(XXXL)');
INSERT INTO `himall_specificationvalues` VALUES ('857', '2', '96', '165/84(S)');
INSERT INTO `himall_specificationvalues` VALUES ('858', '2', '96', '170/88(M)');
INSERT INTO `himall_specificationvalues` VALUES ('859', '2', '96', '175/92(L)');
INSERT INTO `himall_specificationvalues` VALUES ('860', '2', '96', '180/96(XL)');
INSERT INTO `himall_specificationvalues` VALUES ('861', '2', '96', '185/100(XXL)');
INSERT INTO `himall_specificationvalues` VALUES ('862', '2', '96', '160/84(XS)');
INSERT INTO `himall_specificationvalues` VALUES ('863', '2', '96', '165/88(S)');
INSERT INTO `himall_specificationvalues` VALUES ('864', '2', '96', '170/92(M)');
INSERT INTO `himall_specificationvalues` VALUES ('865', '3', '96', '版本1');
INSERT INTO `himall_specificationvalues` VALUES ('866', '3', '96', '版本2');
INSERT INTO `himall_specificationvalues` VALUES ('867', '3', '96', '版本3');
INSERT INTO `himall_specificationvalues` VALUES ('868', '3', '96', '版本4');
INSERT INTO `himall_specificationvalues` VALUES ('869', '3', '96', '版本5');

-- ----------------------------
-- Table structure for `himall_statisticordercomments`
-- ----------------------------
DROP TABLE IF EXISTS `himall_statisticordercomments`;
CREATE TABLE `himall_statisticordercomments` (
  `Id` bigint(20) NOT NULL AUTO_INCREMENT,
  `ShopId` bigint(20) NOT NULL,
  `CommentKey` int(11) NOT NULL COMMENT '评价的枚举（宝贝与描述相符 商家得分）',
  `CommentValue` decimal(10,4) NOT NULL,
  PRIMARY KEY (`Id`),
  KEY `himall_statisticordercomments_ibfk_1` (`ShopId`) USING BTREE,
  CONSTRAINT `himall_statisticordercomments_ibfk_1` FOREIGN KEY (`ShopId`) REFERENCES `himall_shops` (`Id`)
) ENGINE=InnoDB AUTO_INCREMENT=153 DEFAULT CHARSET=gbk ROW_FORMAT=COMPACT;

-- ----------------------------
-- Records of himall_statisticordercomments
-- ----------------------------
INSERT INTO `himall_statisticordercomments` VALUES ('105', '1', '1', '5.0000');
INSERT INTO `himall_statisticordercomments` VALUES ('106', '1', '2', '0.0000');
INSERT INTO `himall_statisticordercomments` VALUES ('107', '1', '3', '0.0000');
INSERT INTO `himall_statisticordercomments` VALUES ('108', '1', '4', '0.0000');
INSERT INTO `himall_statisticordercomments` VALUES ('109', '1', '9', '5.0000');
INSERT INTO `himall_statisticordercomments` VALUES ('110', '1', '10', '0.0000');
INSERT INTO `himall_statisticordercomments` VALUES ('111', '1', '11', '0.0000');
INSERT INTO `himall_statisticordercomments` VALUES ('112', '1', '12', '0.0000');
INSERT INTO `himall_statisticordercomments` VALUES ('113', '1', '5', '5.0000');
INSERT INTO `himall_statisticordercomments` VALUES ('114', '1', '6', '0.0000');
INSERT INTO `himall_statisticordercomments` VALUES ('115', '1', '7', '0.0000');
INSERT INTO `himall_statisticordercomments` VALUES ('116', '1', '8', '0.0000');

-- ----------------------------
-- Table structure for `himall_templatevisualizationsettings`
-- ----------------------------
DROP TABLE IF EXISTS `himall_templatevisualizationsettings`;
CREATE TABLE `himall_templatevisualizationsettings` (
  `Id` bigint(20) NOT NULL AUTO_INCREMENT,
  `CurrentTemplateName` varchar(2000) NOT NULL COMMENT '当前使用的模板的名称',
  `ShopId` bigint(20) NOT NULL COMMENT '店铺Id（平台为0）',
  PRIMARY KEY (`Id`)
) ENGINE=InnoDB AUTO_INCREMENT=6 DEFAULT CHARSET=utf8;

-- ----------------------------
-- Records of himall_templatevisualizationsettings
-- ----------------------------
INSERT INTO `himall_templatevisualizationsettings` VALUES ('3', 't9', '0');

-- ----------------------------
-- Table structure for `himall_theme`
-- ----------------------------
DROP TABLE IF EXISTS `himall_theme`;
CREATE TABLE `himall_theme` (
  `ThemeId` bigint(20) NOT NULL AUTO_INCREMENT,
  `TypeId` int(11) NOT NULL COMMENT '0、默认主题；1、自定义主题',
  `MainColor` varchar(50) DEFAULT NULL COMMENT '商城主色',
  `SecondaryColor` varchar(50) DEFAULT NULL COMMENT '商城辅色',
  `WritingColor` varchar(50) DEFAULT NULL COMMENT '字体颜色',
  `FrameColor` varchar(50) DEFAULT NULL COMMENT '边框颜色',
  `ClassifiedsColor` varchar(50) DEFAULT NULL COMMENT '商品分类栏',
  PRIMARY KEY (`ThemeId`)
) ENGINE=InnoDB AUTO_INCREMENT=2 DEFAULT CHARSET=utf8 COMMENT='主题设置表';

-- ----------------------------
-- Records of himall_theme
-- ----------------------------

-- ----------------------------
-- Table structure for `himall_topicmodules`
-- ----------------------------
DROP TABLE IF EXISTS `himall_topicmodules`;
CREATE TABLE `himall_topicmodules` (
  `Id` bigint(20) NOT NULL AUTO_INCREMENT,
  `TopicId` bigint(20) NOT NULL COMMENT '专题ID',
  `Name` varchar(100) NOT NULL COMMENT '专题名称',
  `TitleAlign` int(11) NOT NULL COMMENT '标题位置 0、left；1、center ；2、right',
  PRIMARY KEY (`Id`),
  KEY `FK_Topic_TopicModule` (`TopicId`) USING BTREE,
  CONSTRAINT `himall_topicmodules_ibfk_1` FOREIGN KEY (`TopicId`) REFERENCES `himall_topics` (`Id`) ON DELETE CASCADE
) ENGINE=InnoDB AUTO_INCREMENT=276 DEFAULT CHARSET=utf8 ROW_FORMAT=COMPACT;

-- ----------------------------
-- Records of himall_topicmodules
-- ----------------------------
INSERT INTO `himall_topicmodules` VALUES ('213', '57', '服装', '0');
INSERT INTO `himall_topicmodules` VALUES ('214', '57', '默认模块2', '0');
INSERT INTO `himall_topicmodules` VALUES ('215', '57', '默认模块3', '0');
INSERT INTO `himall_topicmodules` VALUES ('216', '56', '衣服', '0');
INSERT INTO `himall_topicmodules` VALUES ('217', '56', '食品', '0');
INSERT INTO `himall_topicmodules` VALUES ('218', '56', '家居', '0');
INSERT INTO `himall_topicmodules` VALUES ('219', '58', '默认模块1', '0');
INSERT INTO `himall_topicmodules` VALUES ('220', '58', '默认模块2', '0');
INSERT INTO `himall_topicmodules` VALUES ('221', '58', '默认模块3', '0');
INSERT INTO `himall_topicmodules` VALUES ('245', '54', '时尚潮流', '0');
INSERT INTO `himall_topicmodules` VALUES ('246', '54', '休闲零食', '0');
INSERT INTO `himall_topicmodules` VALUES ('250', '61', '食品', '0');
INSERT INTO `himall_topicmodules` VALUES ('251', '61', '服装', '0');
INSERT INTO `himall_topicmodules` VALUES ('252', '61', '家居', '0');
INSERT INTO `himall_topicmodules` VALUES ('260', '60', '家居', '0');
INSERT INTO `himall_topicmodules` VALUES ('264', '55', '零食', '0');
INSERT INTO `himall_topicmodules` VALUES ('265', '55', '服装', '0');
INSERT INTO `himall_topicmodules` VALUES ('266', '55', '家居', '0');
INSERT INTO `himall_topicmodules` VALUES ('267', '63', '食品', '0');
INSERT INTO `himall_topicmodules` VALUES ('268', '63', '服装', '0');
INSERT INTO `himall_topicmodules` VALUES ('269', '63', '家居', '0');
INSERT INTO `himall_topicmodules` VALUES ('273', '62', '家居', '0');
INSERT INTO `himall_topicmodules` VALUES ('274', '62', '食品', '0');
INSERT INTO `himall_topicmodules` VALUES ('275', '62', '清洁', '0');

-- ----------------------------
-- Table structure for `himall_topics`
-- ----------------------------
DROP TABLE IF EXISTS `himall_topics`;
CREATE TABLE `himall_topics` (
  `Id` bigint(20) NOT NULL AUTO_INCREMENT,
  `Name` varchar(100) NOT NULL COMMENT '专题名称',
  `FrontCoverImage` varchar(100) DEFAULT NULL COMMENT '封面图片',
  `TopImage` varchar(100) NOT NULL COMMENT '主图',
  `BackgroundImage` varchar(100) DEFAULT NULL COMMENT '背景图片',
  `PlatForm` int(11) NOT NULL DEFAULT '0' COMMENT '使用终端',
  `Tags` varchar(100) DEFAULT NULL COMMENT '标签',
  `ShopId` bigint(20) NOT NULL DEFAULT '0' COMMENT '店铺ID',
  `IsRecommend` tinyint(1) unsigned zerofill NOT NULL COMMENT '是否推荐',
  `SelfDefineText` text COMMENT '自定义热点',
  PRIMARY KEY (`Id`)
) ENGINE=InnoDB AUTO_INCREMENT=104 DEFAULT CHARSET=utf8 ROW_FORMAT=COMPACT;

-- ----------------------------
-- Records of himall_topics
-- ----------------------------
INSERT INTO `himall_topics` VALUES ('54', '情人节有礼', '', '/Storage/Plat/Topic/54/201702141026309101440.jpg', '', '99', '爱情', '0', '0', null);
INSERT INTO `himall_topics` VALUES ('55', '情人节钜惠活动', null, '/Storage/Plat/Topic/55/201702141036098564450.jpg', '/Storage/Plat/Topic/55/201702141031428398320.jpg', '0', null, '0', '1', '');
INSERT INTO `himall_topics` VALUES ('56', '情人节大放送', '', '/Storage/Plat/Topic/56/201702141108011679570.jpg', '', '99', '爱情', '1', '0', null);
INSERT INTO `himall_topics` VALUES ('57', '2月14好礼相送', '', '/Storage/Plat/Topic/57/201702141112100019070.jpg', '', '99', '情人节', '1', '0', null);
INSERT INTO `himall_topics` VALUES ('58', '214你约会我优惠', '', '/Storage/Plat/Topic/58/201702141117396835540.jpg', '', '99', '214', '1', '0', null);
INSERT INTO `himall_topics` VALUES ('60', '家居综合', null, '/Storage/Plat/Topic/60/201702161641282371640.jpg', '/Storage/Plat/Topic/60/201702161641341465710.png', '0', null, '0', '1', '');
INSERT INTO `himall_topics` VALUES ('61', '端午节大酬宾', null, '/Storage/Plat/Topic/61/201702161444494454990.jpg', '/Storage/Plat/Topic/61/201702161631467748550.png', '0', null, '0', '1', '');
INSERT INTO `himall_topics` VALUES ('62', '214你约会我优惠', '', '/Storage/Plat/Topic/62/201702161459410994070.jpg', '', '99', '爱情', '0', '0', null);
INSERT INTO `himall_topics` VALUES ('63', '百货', '', '/Storage/Plat/Topic/63/201702161501044258490.jpg', '', '99', '优惠', '0', '0', null);

-- ----------------------------
-- Table structure for `himall_typebrands`
-- ----------------------------
DROP TABLE IF EXISTS `himall_typebrands`;
CREATE TABLE `himall_typebrands` (
  `Id` bigint(20) NOT NULL AUTO_INCREMENT,
  `TypeId` bigint(20) NOT NULL,
  `BrandId` bigint(20) NOT NULL,
  PRIMARY KEY (`Id`),
  KEY `FK_Brand_TypeBrand` (`BrandId`) USING BTREE,
  KEY `FK_Type_TypeBrand` (`TypeId`) USING BTREE,
  CONSTRAINT `himall_typebrands_ibfk_1` FOREIGN KEY (`BrandId`) REFERENCES `himall_brands` (`Id`) ON DELETE CASCADE,
  CONSTRAINT `himall_typebrands_ibfk_2` FOREIGN KEY (`TypeId`) REFERENCES `himall_types` (`Id`) ON DELETE CASCADE
) ENGINE=InnoDB AUTO_INCREMENT=1885 DEFAULT CHARSET=utf8 ROW_FORMAT=COMPACT;

-- ----------------------------
-- Records of himall_typebrands
-- ----------------------------
INSERT INTO `himall_typebrands` VALUES ('1720', '82', '319');
INSERT INTO `himall_typebrands` VALUES ('1721', '82', '320');
INSERT INTO `himall_typebrands` VALUES ('1722', '83', '321');
INSERT INTO `himall_typebrands` VALUES ('1724', '85', '323');
INSERT INTO `himall_typebrands` VALUES ('1728', '84', '322');
INSERT INTO `himall_typebrands` VALUES ('1729', '93', '350');
INSERT INTO `himall_typebrands` VALUES ('1730', '93', '348');
INSERT INTO `himall_typebrands` VALUES ('1883', '87', '328');
INSERT INTO `himall_typebrands` VALUES ('1884', '87', '324');

-- ----------------------------
-- Table structure for `himall_types`
-- ----------------------------
DROP TABLE IF EXISTS `himall_types`;
CREATE TABLE `himall_types` (
  `Id` bigint(20) NOT NULL AUTO_INCREMENT,
  `Name` varchar(100) NOT NULL COMMENT '类型名称',
  `IsSupportColor` tinyint(1) NOT NULL COMMENT '是否支持颜色规格',
  `IsSupportSize` tinyint(1) NOT NULL COMMENT '是否支持尺寸规格',
  `IsSupportVersion` tinyint(1) NOT NULL COMMENT '是否支持版本规格',
  `IsDeleted` bit(1) NOT NULL COMMENT '是否已删除',
  `ColorAlias` varchar(50) DEFAULT NULL COMMENT '颜色别名',
  `SizeAlias` varchar(50) DEFAULT NULL COMMENT '尺码别名',
  `VersionAlias` varchar(50) DEFAULT NULL COMMENT '规格别名',
  PRIMARY KEY (`Id`)
) ENGINE=InnoDB AUTO_INCREMENT=97 DEFAULT CHARSET=utf8 ROW_FORMAT=COMPACT;

-- ----------------------------
-- Records of himall_types
-- ----------------------------
INSERT INTO `himall_types` VALUES ('82', '零食', '0', '0', '0', '', null, null, null);
INSERT INTO `himall_types` VALUES ('83', '衣服', '1', '1', '0', '', null, null, null);
INSERT INTO `himall_types` VALUES ('84', '电脑办公', '1', '0', '0', '', null, null, null);
INSERT INTO `himall_types` VALUES ('85', '生鲜', '0', '0', '0', '', null, null, null);
INSERT INTO `himall_types` VALUES ('86', '家用电器', '0', '0', '0', '', null, null, null);
INSERT INTO `himall_types` VALUES ('87', '化妆', '0', '0', '0', '', '颜色', '尺寸', '规格');
INSERT INTO `himall_types` VALUES ('88', '家居', '1', '1', '0', '', null, null, null);
INSERT INTO `himall_types` VALUES ('89', '鞋包', '0', '0', '0', '', null, null, null);
INSERT INTO `himall_types` VALUES ('90', '运动', '0', '0', '0', '', null, null, null);
INSERT INTO `himall_types` VALUES ('91', '汽车用品', '0', '0', '0', '', null, null, null);
INSERT INTO `himall_types` VALUES ('92', '母婴', '0', '0', '0', '', null, null, null);
INSERT INTO `himall_types` VALUES ('93', '医药保健', '0', '0', '0', '', null, null, null);
INSERT INTO `himall_types` VALUES ('94', '图书', '0', '0', '0', '', null, null, null);
INSERT INTO `himall_types` VALUES ('95', '钟表', '0', '0', '0', '', null, null, null);
INSERT INTO `himall_types` VALUES ('96', '珠宝', '1', '1', '1', '', '颜色', '尺寸', '规格');

-- ----------------------------
-- Table structure for `himall_virtualorder`
-- ----------------------------
DROP TABLE IF EXISTS `himall_virtualorder`;
CREATE TABLE `himall_virtualorder` (
  `Id` bigint(20) NOT NULL AUTO_INCREMENT COMMENT '虚拟订单Id',
  `UserId` bigint(20) NOT NULL COMMENT '会员Id',
  `PayTime` datetime NOT NULL COMMENT '支付时间',
  `PayAmount` decimal(18,2) NOT NULL COMMENT '支付金额',
  `PayNum` varchar(50) NOT NULL COMMENT '支付编号',
  `ShopId` bigint(20) NOT NULL COMMENT '商家Id',
  `MoneyFlag` int(11) NOT NULL COMMENT '收款标识：1未付款；2付款',
  `UserName` varchar(20) NOT NULL COMMENT '用户姓名',
  PRIMARY KEY (`Id`)
) ENGINE=MyISAM AUTO_INCREMENT=7 DEFAULT CHARSET=utf8 ROW_FORMAT=DYNAMIC;

-- ----------------------------
-- Records of himall_virtualorder
-- ----------------------------
INSERT INTO `himall_virtualorder` VALUES ('1', '708', '2017-10-16 21:00:31', '25.00', '2017101643950183', '100', '1', '文俊');
INSERT INTO `himall_virtualorder` VALUES ('2', '708', '2017-10-16 22:24:59', '25.00', '2017101681423100', '100', '1', '文俊');
INSERT INTO `himall_virtualorder` VALUES ('3', '708', '2017-10-16 22:43:03', '0.10', '2017101629866383', '373', '1', '文俊');
INSERT INTO `himall_virtualorder` VALUES ('4', '708', '2017-10-16 22:59:54', '0.10', '2017101603353866', '375', '1', '文俊');
INSERT INTO `himall_virtualorder` VALUES ('5', '708', '2017-10-17 09:04:33', '1.00', '2017101722068269', '375', '2', '文俊');
INSERT INTO `himall_virtualorder` VALUES ('6', '708', '2017-10-17 17:23:44', '0.10', '2017101737774919', '376', '2', '文俊');

-- ----------------------------
-- Table structure for `himall_vshop`
-- ----------------------------
DROP TABLE IF EXISTS `himall_vshop`;
CREATE TABLE `himall_vshop` (
  `Id` bigint(20) NOT NULL AUTO_INCREMENT,
  `Name` varchar(20) DEFAULT NULL COMMENT '名称',
  `ShopId` bigint(20) NOT NULL COMMENT '店铺ID',
  `CreateTime` datetime NOT NULL COMMENT '创建日期',
  `VisitNum` int(11) NOT NULL COMMENT '历览次数',
  `buyNum` int(11) NOT NULL COMMENT '购买数量',
  `State` int(11) NOT NULL COMMENT '状态',
  `Logo` varchar(200) DEFAULT NULL COMMENT 'LOGO',
  `BackgroundImage` varchar(200) DEFAULT NULL COMMENT '背景图',
  `Description` varchar(30) DEFAULT NULL COMMENT '详情',
  `Tags` varchar(100) DEFAULT NULL COMMENT '标签',
  `HomePageTitle` varchar(20) DEFAULT NULL COMMENT '微信首页显示的标题',
  `WXLogo` varchar(200) DEFAULT NULL COMMENT '微信Logo',
  PRIMARY KEY (`Id`),
  KEY `FK_vshop_shopinfo` (`ShopId`) USING BTREE,
  CONSTRAINT `himall_vshop_ibfk_1` FOREIGN KEY (`ShopId`) REFERENCES `himall_shops` (`Id`)
) ENGINE=InnoDB AUTO_INCREMENT=14 DEFAULT CHARSET=utf8 ROW_FORMAT=COMPACT;

-- ----------------------------
-- Records of himall_vshop
-- ----------------------------
INSERT INTO `himall_vshop` VALUES ('10', '官方自营店', '1', '2017-02-14 17:37:32', '13', '16', '2', '/Storage/Shop/1/VShop/201702141737310419930.png', 'http://himall0213.himalltest.kuaidiantong.cn//Storage/Shop/1/VShop/201702141734403329540.png', null, '官方自营', null, '/Storage/Shop/1/VShop/201702141734365302700.png');

-- ----------------------------
-- Table structure for `himall_vshopextend`
-- ----------------------------
DROP TABLE IF EXISTS `himall_vshopextend`;
CREATE TABLE `himall_vshopextend` (
  `Id` bigint(20) NOT NULL AUTO_INCREMENT,
  `VShopId` bigint(20) NOT NULL COMMENT '微店ID',
  `Sequence` int(11) DEFAULT NULL COMMENT '顺序',
  `Type` int(11) NOT NULL COMMENT '微店类型（主推微店、热门微店）',
  `AddTime` datetime NOT NULL COMMENT '添加时间',
  `State` int(11) NOT NULL COMMENT '审核状态',
  PRIMARY KEY (`Id`),
  KEY `FK_vshopextend_vshop` (`VShopId`) USING BTREE,
  CONSTRAINT `himall_vshopextend_ibfk_1` FOREIGN KEY (`VShopId`) REFERENCES `himall_vshop` (`Id`)
) ENGINE=InnoDB AUTO_INCREMENT=40 DEFAULT CHARSET=utf8 ROW_FORMAT=COMPACT;

-- ----------------------------
-- Records of himall_vshopextend
-- ----------------------------
INSERT INTO `himall_vshopextend` VALUES ('29', '10', null, '1', '2017-02-16 15:26:00', '0');

-- ----------------------------
-- Table structure for `himall_weiactivityaward`
-- ----------------------------
DROP TABLE IF EXISTS `himall_weiactivityaward`;
CREATE TABLE `himall_weiactivityaward` (
  `Id` bigint(20) NOT NULL AUTO_INCREMENT,
  `ActivityId` bigint(20) NOT NULL,
  `AwardLevel` int(11) NOT NULL COMMENT '保存字段1-10 分别对应1至10等奖',
  `AwardType` int(11) NOT NULL COMMENT '积分；红包；优惠卷',
  `AwardCount` int(11) NOT NULL,
  `Proportion` float NOT NULL,
  `Integral` int(11) DEFAULT NULL,
  `BonusId` bigint(20) DEFAULT NULL,
  `CouponId` bigint(20) DEFAULT NULL,
  PRIMARY KEY (`Id`),
  KEY `FK_Himall_WeiActivityAward_2` (`ActivityId`),
  CONSTRAINT `FK_Himall_WeiActivityAward_2` FOREIGN KEY (`ActivityId`) REFERENCES `himall_weiactivityinfo` (`Id`)
) ENGINE=InnoDB AUTO_INCREMENT=320 DEFAULT CHARSET=utf8;

-- ----------------------------
-- Records of himall_weiactivityaward
-- ----------------------------
INSERT INTO `himall_weiactivityaward` VALUES ('305', '154', '1', '0', '5', '1', '520', '0', '0');
INSERT INTO `himall_weiactivityaward` VALUES ('306', '154', '2', '0', '15', '5', '200', '0', '0');
INSERT INTO `himall_weiactivityaward` VALUES ('307', '154', '3', '0', '50', '6', '100', '0', '0');
INSERT INTO `himall_weiactivityaward` VALUES ('308', '155', '1', '0', '50', '2', '520', '0', '0');
INSERT INTO `himall_weiactivityaward` VALUES ('309', '155', '2', '0', '100', '4', '200', '0', '0');
INSERT INTO `himall_weiactivityaward` VALUES ('310', '155', '3', '0', '200', '5', '100', '0', '0');

-- ----------------------------
-- Table structure for `himall_weiactivityinfo`
-- ----------------------------
DROP TABLE IF EXISTS `himall_weiactivityinfo`;
CREATE TABLE `himall_weiactivityinfo` (
  `Id` bigint(20) NOT NULL AUTO_INCREMENT,
  `ActivityTitle` varchar(200) NOT NULL,
  `ActivityType` int(11) NOT NULL,
  `ActivityDetails` varchar(500) NOT NULL,
  `ActivityUrl` varchar(300) NOT NULL,
  `BeginTime` datetime NOT NULL,
  `EndTime` datetime NOT NULL,
  `ParticipationType` int(11) NOT NULL COMMENT '0 共几次 1天几次 2无限制',
  `ParticipationCount` int(11) DEFAULT NULL,
  `ConsumePoint` int(11) NOT NULL COMMENT '0不消耗积分 大于0消耗积分',
  `CodeUrl` varchar(300) DEFAULT NULL,
  `AddDate` datetime NOT NULL,
  PRIMARY KEY (`Id`)
) ENGINE=InnoDB AUTO_INCREMENT=159 DEFAULT CHARSET=utf8;

-- ----------------------------
-- Records of himall_weiactivityinfo
-- ----------------------------
INSERT INTO `himall_weiactivityinfo` VALUES ('154', '情人节刮一刮', '0', '情人节刮一刮，转出爱情，转出鲜花', '/Storage/Plat/WeiActivity/WeiActivity_20170214104941480463.jpg', '2017-02-14 11:40:09', '2017-03-30 11:40:30', '1', '2', '5', '/Storage/Plat/WeiActivity/321cd0da-dba6-4cac-ba85-465ea8a69da9.jpg', '2017-02-14 10:49:41');
INSERT INTO `himall_weiactivityinfo` VALUES ('155', '情人节转一转', '1', '情人节转一转，转出鲜花，转出爱情', '/Storage/Plat/WeiActivity/WeiActivity_20170214105428946248.jpg', '2017-02-14 12:50:43', '2017-05-01 10:50:43', '1', '2', '10', '/Storage/Plat/WeiActivity/42b250c2-1a5b-4744-87a1-08ca6a3af659.jpg', '2017-02-14 10:54:29');

-- ----------------------------
-- Table structure for `himall_weiactivitywininfo`
-- ----------------------------
DROP TABLE IF EXISTS `himall_weiactivitywininfo`;
CREATE TABLE `himall_weiactivitywininfo` (
  `Id` bigint(20) NOT NULL AUTO_INCREMENT,
  `UserId` bigint(20) NOT NULL,
  `ActivityId` bigint(20) NOT NULL,
  `AwardId` bigint(20) NOT NULL,
  `IsWin` tinyint(1) NOT NULL,
  `AwardName` varchar(200) DEFAULT NULL,
  `AddDate` datetime NOT NULL,
  PRIMARY KEY (`Id`),
  KEY `FK_Himall_WeiActivityWinInfo_W2` (`ActivityId`),
  CONSTRAINT `FK_Himall_WeiActivityWinInfo_W2` FOREIGN KEY (`ActivityId`) REFERENCES `himall_weiactivityinfo` (`Id`)
) ENGINE=InnoDB AUTO_INCREMENT=914 DEFAULT CHARSET=utf8;

-- ----------------------------
-- Records of himall_weiactivitywininfo
-- ----------------------------
INSERT INTO `himall_weiactivitywininfo` VALUES ('894', '583', '154', '0', '0', '未中奖', '2017-02-15 18:07:20');

-- ----------------------------
-- Table structure for `himall_weixinbasic`
-- ----------------------------
DROP TABLE IF EXISTS `himall_weixinbasic`;
CREATE TABLE `himall_weixinbasic` (
  `Id` bigint(20) NOT NULL AUTO_INCREMENT,
  `Ticket` varchar(200) DEFAULT NULL COMMENT '微信Ticket',
  `TicketOutTime` datetime DEFAULT NULL COMMENT '微信Ticket过期日期',
  `AppId` varchar(50) DEFAULT NULL,
  `AccessToken` varchar(500) DEFAULT NULL,
  PRIMARY KEY (`Id`)
) ENGINE=InnoDB AUTO_INCREMENT=4 DEFAULT CHARSET=utf8 ROW_FORMAT=COMPACT;

-- ----------------------------
-- Records of himall_weixinbasic
-- ----------------------------
INSERT INTO `himall_weixinbasic` VALUES ('3', 'bxLdikRXVbTPdHSM05e5u3TL3kJRrCdIn85vLIHAL0CUL86UY846d_wuJkIUsk_XkDfhBopLdzOOR2sDpJMZZg', '2017-02-20 15:20:08', 'wx007e3e45af8e55dd', '5Tw9O90rhujPEn_OUhIA8fBfr644_hiB6HznXhfC7mDGlhmTYo6zAEHCmSBDJMzLcY98GWxGyqqO6tDxzZb1BvEwHqrDcIYLeIUQmhNQXfK1oxmdHlr_QtM7qiBgOKfzFCLlCIALIR');

-- ----------------------------
-- Table structure for `himall_weixinmsgtemplate`
-- ----------------------------
DROP TABLE IF EXISTS `himall_weixinmsgtemplate`;
CREATE TABLE `himall_weixinmsgtemplate` (
  `Id` bigint(20) NOT NULL AUTO_INCREMENT,
  `MessageType` int(11) DEFAULT NULL COMMENT '消息类别',
  `TemplateNum` varchar(30) DEFAULT NULL COMMENT '消息模板编号',
  `TemplateId` varchar(100) DEFAULT NULL COMMENT '消息模板ID',
  `UpdateDate` datetime DEFAULT NULL COMMENT '更新日期',
  `IsOpen` tinyint(1) NOT NULL COMMENT '是否启用',
  `UserInWxApplet` tinyint(4) DEFAULT NULL,
  PRIMARY KEY (`Id`)
) ENGINE=InnoDB AUTO_INCREMENT=59 DEFAULT CHARSET=utf8;

-- ----------------------------
-- Records of himall_weixinmsgtemplate
-- ----------------------------
INSERT INTO `himall_weixinmsgtemplate` VALUES ('41', '1', 'OPENTM207102467', null, '2017-02-14 21:03:53', '0', null);
INSERT INTO `himall_weixinmsgtemplate` VALUES ('42', '2', 'OPENTM207185188', null, '2017-02-14 21:03:53', '0', null);
INSERT INTO `himall_weixinmsgtemplate` VALUES ('43', '3', 'OPENTM202243318', null, '2017-02-14 21:03:53', '0', null);
INSERT INTO `himall_weixinmsgtemplate` VALUES ('44', '4', 'TM00430', null, '2017-02-14 21:03:53', '0', null);
INSERT INTO `himall_weixinmsgtemplate` VALUES ('45', '5', 'OPENTM203847595', null, '2017-02-14 21:03:53', '0', null);
INSERT INTO `himall_weixinmsgtemplate` VALUES ('46', '9', 'OPENTM200750297', null, '2017-02-14 21:03:53', '0', null);
INSERT INTO `himall_weixinmsgtemplate` VALUES ('47', '10', 'TM00251', null, '2017-02-14 21:03:53', '0', null);
INSERT INTO `himall_weixinmsgtemplate` VALUES ('48', '11', 'OPENTM206903698', null, '2017-02-14 21:03:53', '0', null);
INSERT INTO `himall_weixinmsgtemplate` VALUES ('49', '12', 'OPENTM201272994', null, '2017-02-14 21:03:53', '0', null);
INSERT INTO `himall_weixinmsgtemplate` VALUES ('50', '13', 'OPENTM400048565', null, '2017-02-14 21:03:53', '0', null);
INSERT INTO `himall_weixinmsgtemplate` VALUES ('51', '14', 'OPENTM400048581', null, '2017-02-14 21:03:53', '0', null);
INSERT INTO `himall_weixinmsgtemplate` VALUES ('52', '15', 'TM00712', null, '2017-02-14 21:03:53', '0', null);
INSERT INTO `himall_weixinmsgtemplate` VALUES ('53', '16', 'OPENTM400232755', null, '2017-02-14 21:03:53', '0', null);
INSERT INTO `himall_weixinmsgtemplate` VALUES ('54', '17', 'OPENTM401153728', null, '2017-02-14 21:03:53', '0', null);
INSERT INTO `himall_weixinmsgtemplate` VALUES ('55', '1', 'AT0008', '', '2017-07-17 13:51:52', '1', '1');
INSERT INTO `himall_weixinmsgtemplate` VALUES ('56', '2', 'AT0009', '', '2017-07-17 13:51:52', '1', '1');
INSERT INTO `himall_weixinmsgtemplate` VALUES ('57', '3', 'AT0007', '', '2017-07-17 13:51:52', '1', '1');
INSERT INTO `himall_weixinmsgtemplate` VALUES ('58', '4', 'AT0313', '', '2017-07-17 13:51:52', '1', '1');

-- ----------------------------
-- Table structure for `himall_wxacctoken`
-- ----------------------------
DROP TABLE IF EXISTS `himall_wxacctoken`;
CREATE TABLE `himall_wxacctoken` (
  `Id` bigint(20) NOT NULL AUTO_INCREMENT,
  `AppId` varchar(50) DEFAULT NULL,
  `AccessToken` varchar(150) NOT NULL COMMENT '微信访问令牌',
  `TokenOutTime` datetime NOT NULL COMMENT '微信令牌过期日期',
  PRIMARY KEY (`Id`)
) ENGINE=InnoDB DEFAULT CHARSET=utf8 ROW_FORMAT=COMPACT;

-- ----------------------------
-- Records of himall_wxacctoken
-- ----------------------------

-- ----------------------------
-- Table structure for `himall_wxappletformdatas`
-- ----------------------------
DROP TABLE IF EXISTS `himall_wxappletformdatas`;
CREATE TABLE `himall_wxappletformdatas` (
  `Id` bigint(20) NOT NULL AUTO_INCREMENT,
  `EventId` bigint(20) DEFAULT NULL COMMENT '事件ID',
  `EventValue` varchar(255) DEFAULT NULL COMMENT '事件值',
  `FormId` varchar(255) DEFAULT NULL COMMENT '事件的表单ID',
  `EventTime` datetime DEFAULT NULL COMMENT '事件时间',
  `ExpireTime` datetime DEFAULT NULL COMMENT 'FormId过期时间',
  PRIMARY KEY (`Id`)
) ENGINE=InnoDB AUTO_INCREMENT=252 DEFAULT CHARSET=utf8;

-- ----------------------------
-- Records of himall_wxappletformdatas
-- ----------------------------
INSERT INTO `himall_wxappletformdatas` VALUES ('1', '2', '2017092893029739', 'wx20170928113410c01d802b640524133711', '2017-09-28 11:34:11', '2017-10-05 11:34:11');
INSERT INTO `himall_wxappletformdatas` VALUES ('2', '2', '2017092893029739', 'wx20170928113420c1a47cf3b90549074436', '2017-09-28 11:34:21', '2017-10-05 11:34:21');
INSERT INTO `himall_wxappletformdatas` VALUES ('3', '2', '2017092893029739', 'wx2017092811343313f9dde8970322424413', '2017-09-28 11:34:34', '2017-10-05 11:34:34');
INSERT INTO `himall_wxappletformdatas` VALUES ('4', '2', '2017092893029739', 'wx20170928113440eddc63758f0873369911', '2017-09-28 11:34:40', '2017-10-05 11:34:40');
INSERT INTO `himall_wxappletformdatas` VALUES ('5', '2', '2017092893029739', 'wx201709281136018940f43d100966422296', '2017-09-28 11:36:02', '2017-10-05 11:36:02');
INSERT INTO `himall_wxappletformdatas` VALUES ('6', '2', '2017092939076304', 'wx20170929095559f114373a8c0898070381', '2017-09-29 09:55:59', '2017-10-06 09:55:59');
INSERT INTO `himall_wxappletformdatas` VALUES ('7', '2', '2017092957879024', 'wx201709291000182fc15498a40902408970', '2017-09-29 10:00:18', '2017-10-06 10:00:18');
INSERT INTO `himall_wxappletformdatas` VALUES ('8', '2', '2017092978285032', 'wx20170929154255e60e38e65c0943552163', '2017-09-29 15:42:56', '2017-10-06 15:42:56');
INSERT INTO `himall_wxappletformdatas` VALUES ('9', '2', '2017092932060631', 'wx20170929154321b9fee90eb20495354785', '2017-09-29 15:43:22', '2017-10-06 15:43:22');
INSERT INTO `himall_wxappletformdatas` VALUES ('10', '2', '2017092932060631', 'wx2017092915434200d8d95f030607821244', '2017-09-29 15:43:43', '2017-10-06 15:43:43');
INSERT INTO `himall_wxappletformdatas` VALUES ('11', '2', '2017092952478412', 'wx20170929154348d8db5b10cf0170255004', '2017-09-29 15:43:48', '2017-10-06 15:43:48');
INSERT INTO `himall_wxappletformdatas` VALUES ('12', '2', '2017092952478412', 'wx2017092915441675512071000503782009', '2017-09-29 15:44:16', '2017-10-06 15:44:16');
INSERT INTO `himall_wxappletformdatas` VALUES ('13', '2', '2017092998138009', 'wx201709291608293bc5424fdd0912442775', '2017-09-29 16:08:30', '2017-10-06 16:08:30');
INSERT INTO `himall_wxappletformdatas` VALUES ('14', '2', '2017092998138009', 'wx20170929161232413bddbc030624970845', '2017-09-29 16:12:32', '2017-10-06 16:12:32');
INSERT INTO `himall_wxappletformdatas` VALUES ('15', '2', '2017092998138009', 'wx20170929161232413bddbc030521507305', '2017-09-29 16:12:33', '2017-10-06 16:12:33');
INSERT INTO `himall_wxappletformdatas` VALUES ('16', '2', '2017092959028466', 'wx20170929161408363a1694340855917494', '2017-09-29 16:14:08', '2017-10-06 16:14:08');
INSERT INTO `himall_wxappletformdatas` VALUES ('17', '2', '2017092993626259', 'wx20170929161647a55a169b4a0234859502', '2017-09-29 16:16:48', '2017-10-06 16:16:48');
INSERT INTO `himall_wxappletformdatas` VALUES ('18', '2', '2017092956028603', 'wx20170929161839b8b9e6dd840994758579', '2017-09-29 16:18:39', '2017-10-06 16:18:39');
INSERT INTO `himall_wxappletformdatas` VALUES ('19', '2', '2017092969956627', 'wx20170929161839b8b9e6dd840242695039', '2017-09-29 16:18:39', '2017-10-06 16:18:39');
INSERT INTO `himall_wxappletformdatas` VALUES ('20', '2', '2017092981013136', 'wx20170929203139d34bc3c94c0738533874', '2017-09-29 20:31:39', '2017-10-06 20:31:39');
INSERT INTO `himall_wxappletformdatas` VALUES ('21', '2', '2017092995533988', 'wx20170929204845a81fdc26850875806848', '2017-09-29 20:48:45', '2017-10-06 20:48:45');
INSERT INTO `himall_wxappletformdatas` VALUES ('22', '2', '2017092995533988', 'wx20170929204845a81fdc26850021430433', '2017-09-29 20:48:45', '2017-10-06 20:48:45');
INSERT INTO `himall_wxappletformdatas` VALUES ('23', '2', '2017092968724852', 'wx20170929205508f12bf132390224871945', '2017-09-29 20:55:08', '2017-10-06 20:55:08');
INSERT INTO `himall_wxappletformdatas` VALUES ('24', '2', '2017092930099437', 'wx201709292106327ea992c0780519417243', '2017-09-29 21:06:32', '2017-10-06 21:06:32');
INSERT INTO `himall_wxappletformdatas` VALUES ('25', '2', '2017093090556110', 'wx2017093009125194ba05384a0461145856', '2017-09-30 09:12:51', '2017-10-07 09:12:51');
INSERT INTO `himall_wxappletformdatas` VALUES ('26', '2', '2017093014087895', 'wx201709300938079a6d3662710647334415', '2017-09-30 09:38:08', '2017-10-07 09:38:08');
INSERT INTO `himall_wxappletformdatas` VALUES ('27', '2', '2017093098983027', 'wx20170930161313e01f3fcd6b0441477359', '2017-09-30 16:13:13', '2017-10-07 16:13:13');
INSERT INTO `himall_wxappletformdatas` VALUES ('28', '2', '2017093049587016', 'wx201709301615504ae78b03000390265790', '2017-09-30 16:15:50', '2017-10-07 16:15:50');
INSERT INTO `himall_wxappletformdatas` VALUES ('29', '2', '2017093077766214', 'wx2017093016525244020c37400153518766', '2017-09-30 16:52:52', '2017-10-07 16:52:52');
INSERT INTO `himall_wxappletformdatas` VALUES ('30', '2', '2017100275388815', 'wx20171002000553273a246fad0214448102', '2017-10-02 00:05:54', '2017-10-09 00:05:54');
INSERT INTO `himall_wxappletformdatas` VALUES ('31', '2', '2017100201149888', 'wx2017100200093215d9ece5c50689068354', '2017-10-02 00:09:33', '2017-10-09 00:09:33');
INSERT INTO `himall_wxappletformdatas` VALUES ('32', '2', '2017100211572941', 'wx20171002101724eabbdf3a5c0035847256', '2017-10-02 10:17:25', '2017-10-09 10:17:25');
INSERT INTO `himall_wxappletformdatas` VALUES ('33', '2', '2017100290762874', 'wx2017100213331979becea0d50508099347', '2017-10-02 13:33:20', '2017-10-09 13:33:20');
INSERT INTO `himall_wxappletformdatas` VALUES ('34', '2', '2017100341663182', 'wx201710031654186cdb77162c0346647145', '2017-10-03 16:54:18', '2017-10-10 16:54:18');
INSERT INTO `himall_wxappletformdatas` VALUES ('35', '2', '2017100347161311', 'wx20171003174757c60537b9570274374800', '2017-10-03 17:47:58', '2017-10-10 17:47:58');
INSERT INTO `himall_wxappletformdatas` VALUES ('36', '2', '2017100347161311', 'wx2017100317475810a9c6e4e10173683868', '2017-10-03 17:47:58', '2017-10-10 17:47:58');
INSERT INTO `himall_wxappletformdatas` VALUES ('37', '2', '2017100336434806', 'wx20171003223709b2fa3e03770989615794', '2017-10-03 22:37:09', '2017-10-10 22:37:09');
INSERT INTO `himall_wxappletformdatas` VALUES ('38', '2', '2017100492797466', 'wx20171004104422e3cab077220168759404', '2017-10-04 10:44:22', '2017-10-11 10:44:22');
INSERT INTO `himall_wxappletformdatas` VALUES ('39', '2', '2017100477030715', 'wx201710041044364acbc412ef0297856270', '2017-10-04 10:44:36', '2017-10-11 10:44:36');
INSERT INTO `himall_wxappletformdatas` VALUES ('40', '2', '2017100477030715', 'wx20171004104445a668fe57a90684835695', '2017-10-04 10:44:45', '2017-10-11 10:44:45');
INSERT INTO `himall_wxappletformdatas` VALUES ('41', '2', '2017100492797466', 'wx201710041122583c5e60a5820881482665', '2017-10-04 11:22:58', '2017-10-11 11:22:58');
INSERT INTO `himall_wxappletformdatas` VALUES ('42', '2', '2017100492797466', 'wx201710041126222690362a130901092029', '2017-10-04 11:26:22', '2017-10-11 11:26:22');
INSERT INTO `himall_wxappletformdatas` VALUES ('43', '2', '2017100492797466', 'wx201710041128239b038603b30524151692', '2017-10-04 11:28:24', '2017-10-11 11:28:24');
INSERT INTO `himall_wxappletformdatas` VALUES ('44', '2', '2017100448453535', 'wx20171004230020ea8f116ded0664391321', '2017-10-04 23:00:20', '2017-10-11 23:00:20');
INSERT INTO `himall_wxappletformdatas` VALUES ('45', '2', '2017100448453535', 'wx20171004230103adb25cbc3b0874707528', '2017-10-04 23:01:03', '2017-10-11 23:01:03');
INSERT INTO `himall_wxappletformdatas` VALUES ('46', '2', '2017100597501920', 'wx2017100514061977cd3ab6f80387887355', '2017-10-05 14:06:19', '2017-10-12 14:06:19');
INSERT INTO `himall_wxappletformdatas` VALUES ('47', '2', '2017100597501920', 'wx20171005140626340426b4960307719282', '2017-10-05 14:06:27', '2017-10-12 14:06:27');
INSERT INTO `himall_wxappletformdatas` VALUES ('48', '2', '2017100586208412', 'wx20171005202001c1cca2bd140528962290', '2017-10-05 20:20:02', '2017-10-12 20:20:02');
INSERT INTO `himall_wxappletformdatas` VALUES ('49', '2', '2017100544107828', 'wx20171005202438e1742062070258997058', '2017-10-05 20:24:39', '2017-10-12 20:24:39');
INSERT INTO `himall_wxappletformdatas` VALUES ('50', '2', '2017100577335116', 'wx2017100520243981673e4ec00817642530', '2017-10-05 20:24:39', '2017-10-12 20:24:39');
INSERT INTO `himall_wxappletformdatas` VALUES ('51', '2', '2017100521228646', 'wx2017100520252285b17211c40967102728', '2017-10-05 20:25:23', '2017-10-12 20:25:23');
INSERT INTO `himall_wxappletformdatas` VALUES ('52', '2', '2017100585885980', 'wx2017100520582547bc0a41c30158976804', '2017-10-05 20:58:25', '2017-10-12 20:58:25');
INSERT INTO `himall_wxappletformdatas` VALUES ('53', '2', '2017100584377858', 'wx2017100521063101dca4b4fc0652749241', '2017-10-05 21:06:32', '2017-10-12 21:06:32');
INSERT INTO `himall_wxappletformdatas` VALUES ('54', '2', '2017100537750603', 'wx2017100521084672b960b1500164430948', '2017-10-05 21:08:46', '2017-10-12 21:08:46');
INSERT INTO `himall_wxappletformdatas` VALUES ('55', '2', '2017100547096291', 'wx20171005221210e7af526d590409002514', '2017-10-05 22:12:11', '2017-10-12 22:12:11');
INSERT INTO `himall_wxappletformdatas` VALUES ('56', '2', '2017100552031900', 'wx20171005223111a583596d130425020074', '2017-10-05 22:31:11', '2017-10-12 22:31:11');
INSERT INTO `himall_wxappletformdatas` VALUES ('57', '2', '2017100552031900', 'wx20171006024057e0961af0730828597913', '2017-10-06 02:40:58', '2017-10-13 02:40:58');
INSERT INTO `himall_wxappletformdatas` VALUES ('58', '2', '2017100721720531', 'wx2017100708580169330a440c0018794252', '2017-10-07 08:58:02', '2017-10-14 08:58:02');
INSERT INTO `himall_wxappletformdatas` VALUES ('59', '2', '2017100777252372', 'wx2017100713050388d5a433c80149920264', '2017-10-07 13:05:04', '2017-10-14 13:05:04');
INSERT INTO `himall_wxappletformdatas` VALUES ('60', '2', '2017100754464690', 'wx20171007232455e2e2262b020772150188', '2017-10-07 23:24:55', '2017-10-14 23:24:55');
INSERT INTO `himall_wxappletformdatas` VALUES ('61', '2', '2017100868012558', 'wx20171008182427c6c5af08e10324240381', '2017-10-08 18:24:28', '2017-10-15 18:24:28');
INSERT INTO `himall_wxappletformdatas` VALUES ('62', '2', '2017100844334695', 'wx20171008182758aebc4662c20874324098', '2017-10-08 18:27:59', '2017-10-15 18:27:59');
INSERT INTO `himall_wxappletformdatas` VALUES ('63', '2', '2017100829446459', 'wx20171008233523bbcf1a60d40109089067', '2017-10-08 23:35:24', '2017-10-15 23:35:24');
INSERT INTO `himall_wxappletformdatas` VALUES ('64', '2', '2017100818879092', 'wx201710082343003de041f3db0074166332', '2017-10-08 23:43:01', '2017-10-15 23:43:01');
INSERT INTO `himall_wxappletformdatas` VALUES ('65', '2', '2017100992728816', 'wx201710090017314f12424dff0889164258', '2017-10-09 00:17:32', '2017-10-16 00:17:32');
INSERT INTO `himall_wxappletformdatas` VALUES ('66', '2', '2017100917688151', 'wx20171009002613dcf648eb970741019033', '2017-10-09 00:26:14', '2017-10-16 00:26:14');
INSERT INTO `himall_wxappletformdatas` VALUES ('67', '2', '2017100977688389', 'wx20171009090257240ebde19d0130563064', '2017-10-09 09:02:58', '2017-10-16 09:02:58');
INSERT INTO `himall_wxappletformdatas` VALUES ('68', '2', '2017100936597757', 'wx201710090951432d73f984120211303529', '2017-10-09 09:51:44', '2017-10-16 09:51:44');
INSERT INTO `himall_wxappletformdatas` VALUES ('69', '2', '2017100946225823', 'wx20171009095335cbee38efa40080231440', '2017-10-09 09:53:35', '2017-10-16 09:53:35');
INSERT INTO `himall_wxappletformdatas` VALUES ('70', '2', '2017100946225823', 'wx20171009095335cbee38efa40858956158', '2017-10-09 09:53:36', '2017-10-16 09:53:36');
INSERT INTO `himall_wxappletformdatas` VALUES ('71', '2', '2017100981843614', 'wx201710091003408b85a11be80408244953', '2017-10-09 10:03:41', '2017-10-16 10:03:41');
INSERT INTO `himall_wxappletformdatas` VALUES ('72', '2', '2017100908910677', 'wx20171009102853bfd42a97be0121999339', '2017-10-09 10:28:54', '2017-10-16 10:28:54');
INSERT INTO `himall_wxappletformdatas` VALUES ('73', '2', '2017100949997564', 'wx201710091047071a9f7ef8210849647156', '2017-10-09 10:47:08', '2017-10-16 10:47:08');
INSERT INTO `himall_wxappletformdatas` VALUES ('74', '2', '2017100949997564', 'wx20171009104757348be548a00655868915', '2017-10-09 10:47:58', '2017-10-16 10:47:58');
INSERT INTO `himall_wxappletformdatas` VALUES ('75', '2', '2017100940342144', 'wx20171009140202ea8bd0b6730239683608', '2017-10-09 14:02:03', '2017-10-16 14:02:03');
INSERT INTO `himall_wxappletformdatas` VALUES ('76', '2', '2017100991480736', 'wx20171009140500784f29e9680033113542', '2017-10-09 14:05:01', '2017-10-16 14:05:01');
INSERT INTO `himall_wxappletformdatas` VALUES ('77', '2', '2017100920693047', 'wx20171009151326dce860dda50688887709', '2017-10-09 15:13:28', '2017-10-16 15:13:28');
INSERT INTO `himall_wxappletformdatas` VALUES ('78', '2', '2017100969767999', 'wx20171009153436b87dc73b150776649183', '2017-10-09 15:34:37', '2017-10-16 15:34:37');
INSERT INTO `himall_wxappletformdatas` VALUES ('79', '2', '2017100916406437', 'wx2017100917144501ccc5bea80557965506', '2017-10-09 17:14:47', '2017-10-16 17:14:47');
INSERT INTO `himall_wxappletformdatas` VALUES ('80', '2', '2017100935737852', 'wx20171009172254ba8d6d2b190437920467', '2017-10-09 17:22:55', '2017-10-16 17:22:55');
INSERT INTO `himall_wxappletformdatas` VALUES ('81', '2', '2017100994761548', 'wx20171009173324832cf163a70468477383', '2017-10-09 17:33:25', '2017-10-16 17:33:25');
INSERT INTO `himall_wxappletformdatas` VALUES ('82', '2', '2017100995396824', 'wx201710091734237e120645e90176135461', '2017-10-09 17:34:25', '2017-10-16 17:34:25');
INSERT INTO `himall_wxappletformdatas` VALUES ('83', '2', '2017100961498780', 'wx201710091838222d623e65920706597825', '2017-10-09 18:38:23', '2017-10-16 18:38:23');
INSERT INTO `himall_wxappletformdatas` VALUES ('84', '2', '2017100910433312', 'wx20171009184116d04a7cdb9d0335792621', '2017-10-09 18:41:17', '2017-10-16 18:41:17');
INSERT INTO `himall_wxappletformdatas` VALUES ('85', '2', '2017100981784626', 'wx20171009234716325b5ae97e0499099305', '2017-10-09 23:47:17', '2017-10-16 23:47:17');
INSERT INTO `himall_wxappletformdatas` VALUES ('86', '2', '2017100981784626', 'wx20171009234717d2486551650525838788', '2017-10-09 23:47:18', '2017-10-16 23:47:18');
INSERT INTO `himall_wxappletformdatas` VALUES ('87', '2', '2017101029720640', 'wx20171010095700b90df455fd0947782440', '2017-10-10 09:57:01', '2017-10-17 09:57:01');
INSERT INTO `himall_wxappletformdatas` VALUES ('88', '2', '2017101033038827', 'wx201710101031187f47a282060977143333', '2017-10-10 10:31:20', '2017-10-17 10:31:20');
INSERT INTO `himall_wxappletformdatas` VALUES ('89', '2', '2017101030322679', 'wx20171010105505a0bc321cef0135249531', '2017-10-10 10:55:06', '2017-10-17 10:55:06');
INSERT INTO `himall_wxappletformdatas` VALUES ('90', '2', '2017101011922636', 'wx201710101107179799db24400386135268', '2017-10-10 11:07:18', '2017-10-17 11:07:18');
INSERT INTO `himall_wxappletformdatas` VALUES ('91', '2', '2017101032621794', 'wx2017101011535767ad792ec50679472728', '2017-10-10 11:53:58', '2017-10-17 11:53:58');
INSERT INTO `himall_wxappletformdatas` VALUES ('92', '2', '2017101003705326', 'wx20171010115956e2e3d7af810846252847', '2017-10-10 11:59:57', '2017-10-17 11:59:57');
INSERT INTO `himall_wxappletformdatas` VALUES ('93', '2', '2017101090402104', 'wx201710101412077f107eb53d0138244481', '2017-10-10 14:12:08', '2017-10-17 14:12:08');
INSERT INTO `himall_wxappletformdatas` VALUES ('94', '2', '2017101002213210', 'wx2017101014143312795fcc7b0277220159', '2017-10-10 14:14:34', '2017-10-17 14:14:34');
INSERT INTO `himall_wxappletformdatas` VALUES ('95', '2', '2017101034852549', 'wx20171010143421f1df5949290566704195', '2017-10-10 14:34:21', '2017-10-17 14:34:21');
INSERT INTO `himall_wxappletformdatas` VALUES ('96', '2', '2017101057580311', 'wx201710101434469ab8eff3b30378478974', '2017-10-10 14:34:46', '2017-10-17 14:34:46');
INSERT INTO `himall_wxappletformdatas` VALUES ('97', '2', '2017101063332751', 'wx20171010144243bb6b9a114f0725671621', '2017-10-10 14:42:43', '2017-10-17 14:42:43');
INSERT INTO `himall_wxappletformdatas` VALUES ('98', '2', '2017101063332751', 'wx201710101443167a25a0596a0267981049', '2017-10-10 14:43:17', '2017-10-17 14:43:17');
INSERT INTO `himall_wxappletformdatas` VALUES ('99', '2', '2017101060029261', 'wx20171010145546adf15acc430482517481', '2017-10-10 14:55:47', '2017-10-17 14:55:47');
INSERT INTO `himall_wxappletformdatas` VALUES ('100', '2', '2017101030309319', 'wx20171010153820410c42c9be0870808421', '2017-10-10 15:38:20', '2017-10-17 15:38:20');
INSERT INTO `himall_wxappletformdatas` VALUES ('101', '2', '2017101030309319', 'wx20171010153821c88383f1040458569134', '2017-10-10 15:38:21', '2017-10-17 15:38:21');
INSERT INTO `himall_wxappletformdatas` VALUES ('102', '2', '2017101012636729', 'wx201710101546070d8efbd9660507910968', '2017-10-10 15:46:07', '2017-10-17 15:46:07');
INSERT INTO `himall_wxappletformdatas` VALUES ('103', '2', '2017101012636729', 'wx201710101546098cfa1d94c50200112992', '2017-10-10 15:46:09', '2017-10-17 15:46:09');
INSERT INTO `himall_wxappletformdatas` VALUES ('104', '2', '2017101058484327', 'wx201710101653566d38842abe0239485836', '2017-10-10 16:53:56', '2017-10-17 16:53:56');
INSERT INTO `himall_wxappletformdatas` VALUES ('105', '2', '2017101004081096', 'wx201710101701060ab0be552a0492516065', '2017-10-10 17:01:06', '2017-10-17 17:01:06');
INSERT INTO `himall_wxappletformdatas` VALUES ('106', '2', '2017100521228646', 'wx20171010183953ae7ae12d3f0969910812', '2017-10-10 18:39:52', '2017-10-17 18:39:52');
INSERT INTO `himall_wxappletformdatas` VALUES ('107', '2', '2017101015560766', 'wx2017101019283608d74778750056650775', '2017-10-10 19:28:35', '2017-10-17 19:28:35');
INSERT INTO `himall_wxappletformdatas` VALUES ('108', '2', '2017101015560766', 'wx20171010193313931f1e169f0662151469', '2017-10-10 19:33:12', '2017-10-17 19:33:12');
INSERT INTO `himall_wxappletformdatas` VALUES ('109', '2', '2017101015560766', 'wx20171010194935d00c88932e0871684072', '2017-10-10 19:49:35', '2017-10-17 19:49:35');
INSERT INTO `himall_wxappletformdatas` VALUES ('110', '2', '2017100448453535', 'wx201710102101001f7345d0300872944561', '2017-10-10 21:01:00', '2017-10-17 21:01:00');
INSERT INTO `himall_wxappletformdatas` VALUES ('111', '2', '2017101070067624', 'wx201710102105047cce547abb0613064745', '2017-10-10 21:05:04', '2017-10-17 21:05:04');
INSERT INTO `himall_wxappletformdatas` VALUES ('112', '2', '2017101045324621', 'wx2017101021055097257ca87f0081226941', '2017-10-10 21:05:49', '2017-10-17 21:05:49');
INSERT INTO `himall_wxappletformdatas` VALUES ('113', '2', '2017101044599862', 'wx20171010224133fafcefd53a0543081673', '2017-10-10 22:41:34', '2017-10-17 22:41:34');
INSERT INTO `himall_wxappletformdatas` VALUES ('114', '2', '2017101185288356', 'wx20171011161346779e5d239d0590335275', '2017-10-11 16:13:47', '2017-10-18 16:13:47');
INSERT INTO `himall_wxappletformdatas` VALUES ('115', '2', '2017101152793271', 'wx201710111638431873436c480378391433', '2017-10-11 16:38:44', '2017-10-18 16:38:44');
INSERT INTO `himall_wxappletformdatas` VALUES ('116', '2', '2017101177835018', 'wx2017101117015702d31e9af30920014722', '2017-10-11 17:01:57', '2017-10-18 17:01:57');
INSERT INTO `himall_wxappletformdatas` VALUES ('117', '2', '2017101115210988', 'wx20171011221230005e9a4fdf0455310795', '2017-10-11 22:12:31', '2017-10-18 22:12:31');
INSERT INTO `himall_wxappletformdatas` VALUES ('118', '2', '2017101165434851', 'wx20171011221545c400d1e3750775342248', '2017-10-11 22:15:46', '2017-10-18 22:15:46');
INSERT INTO `himall_wxappletformdatas` VALUES ('119', '2', '2017101179871078', 'wx201710112220408de1d6e1b90524583526', '2017-10-11 22:20:41', '2017-10-18 22:20:41');
INSERT INTO `himall_wxappletformdatas` VALUES ('120', '2', '2017101135465979', 'wx201710112223445a9a73fb1b0053401857', '2017-10-11 22:23:45', '2017-10-18 22:23:45');
INSERT INTO `himall_wxappletformdatas` VALUES ('121', '2', '2017101128477869', 'wx201710112226191c434066f70159374797', '2017-10-11 22:26:20', '2017-10-18 22:26:20');
INSERT INTO `himall_wxappletformdatas` VALUES ('122', '2', '2017101070067624', 'wx201710120935567b1cb7a5530526880238', '2017-10-12 09:35:56', '2017-10-19 09:35:56');
INSERT INTO `himall_wxappletformdatas` VALUES ('123', '2', '2017101045324621', 'wx2017101209360679ebfae31f0785360086', '2017-10-12 09:36:06', '2017-10-19 09:36:06');
INSERT INTO `himall_wxappletformdatas` VALUES ('124', '2', '2017101045324621', 'wx20171012093715bc55f2e2390654476236', '2017-10-12 09:37:15', '2017-10-19 09:37:15');
INSERT INTO `himall_wxappletformdatas` VALUES ('125', '2', '2017101045324621', 'wx20171012093739ed2d57a0660159331252', '2017-10-12 09:37:39', '2017-10-19 09:37:39');
INSERT INTO `himall_wxappletformdatas` VALUES ('126', '2', '2017101045324621', 'wx201710121004489c797cdd5b0017475469', '2017-10-12 10:04:48', '2017-10-19 10:04:48');
INSERT INTO `himall_wxappletformdatas` VALUES ('127', '2', '2017101045324621', 'wx20171012100647a04c61c4d00946214182', '2017-10-12 10:06:48', '2017-10-19 10:06:48');
INSERT INTO `himall_wxappletformdatas` VALUES ('128', '2', '2017101214031368', 'wx2017101210275040e7daf3f60925177336', '2017-10-12 10:27:50', '2017-10-19 10:27:50');
INSERT INTO `himall_wxappletformdatas` VALUES ('129', '2', '2017101214031368', 'wx2017101210275040e7daf3f60024657730', '2017-10-12 10:27:51', '2017-10-19 10:27:51');
INSERT INTO `himall_wxappletformdatas` VALUES ('130', '2', '2017101228299257', 'wx20171012103759175c7f938b0257670056', '2017-10-12 10:37:59', '2017-10-19 10:37:59');
INSERT INTO `himall_wxappletformdatas` VALUES ('131', '2', '2017101228299257', 'wx20171012103759175c7f938b0238195414', '2017-10-12 10:38:00', '2017-10-19 10:38:00');
INSERT INTO `himall_wxappletformdatas` VALUES ('132', '2', '2017101265882454', 'wx20171012103944c88924699f0377724384', '2017-10-12 10:39:45', '2017-10-19 10:39:45');
INSERT INTO `himall_wxappletformdatas` VALUES ('133', '2', '2017101247953699', 'wx201710121128321ae07ed4460169097620', '2017-10-12 11:28:32', '2017-10-19 11:28:32');
INSERT INTO `himall_wxappletformdatas` VALUES ('134', '2', '2017101227514981', 'wx2017101211334374bcfa02850011798925', '2017-10-12 11:33:43', '2017-10-19 11:33:43');
INSERT INTO `himall_wxappletformdatas` VALUES ('135', '2', '2017101229074116', 'wx20171012113409b92364edd30112604555', '2017-10-12 11:34:09', '2017-10-19 11:34:09');
INSERT INTO `himall_wxappletformdatas` VALUES ('136', '2', '2017101045324621', 'wx2017101211435942283e691f0166079249', '2017-10-12 11:43:59', '2017-10-19 11:43:59');
INSERT INTO `himall_wxappletformdatas` VALUES ('137', '2', '2017101045324621', 'wx201710121144017b83402dbe0532476934', '2017-10-12 11:44:01', '2017-10-19 11:44:01');
INSERT INTO `himall_wxappletformdatas` VALUES ('138', '2', '2017101045324621', 'wx20171012114559c9d26ae0650116404083', '2017-10-12 11:46:00', '2017-10-19 11:46:00');
INSERT INTO `himall_wxappletformdatas` VALUES ('139', '2', '2017101045324621', 'wx20171012114641861522e5360360499166', '2017-10-12 11:46:41', '2017-10-19 11:46:41');
INSERT INTO `himall_wxappletformdatas` VALUES ('140', '2', '2017101250935000', 'wx20171012120418590c6bfb9a0442344787', '2017-10-12 12:04:18', '2017-10-19 12:04:18');
INSERT INTO `himall_wxappletformdatas` VALUES ('141', '2', '2017101212433781', 'wx20171012120847a098fd65fd0338266441', '2017-10-12 12:08:47', '2017-10-19 12:08:47');
INSERT INTO `himall_wxappletformdatas` VALUES ('142', '2', '2017101215003539', 'wx20171012121332a9c1a0cda30944679182', '2017-10-12 12:13:32', '2017-10-19 12:13:32');
INSERT INTO `himall_wxappletformdatas` VALUES ('143', '2', '2017101070067624', 'wx2017101214022922083057610772508474', '2017-10-12 14:02:30', '2017-10-19 14:02:30');
INSERT INTO `himall_wxappletformdatas` VALUES ('144', '2', '2017101229074116', 'wx20171012142047682da356500305238361', '2017-10-12 14:20:47', '2017-10-19 14:20:47');
INSERT INTO `himall_wxappletformdatas` VALUES ('145', '2', '2017101271361345', 'wx20171012144737c71c3fa1fa0317109533', '2017-10-12 14:47:37', '2017-10-19 14:47:37');
INSERT INTO `himall_wxappletformdatas` VALUES ('146', '2', '2017101211914468', 'wx20171012144854645f0443c70580398764', '2017-10-12 14:48:55', '2017-10-19 14:48:55');
INSERT INTO `himall_wxappletformdatas` VALUES ('147', '2', '2017101249499039', 'wx201710121452367eeaba20e40574966313', '2017-10-12 14:52:36', '2017-10-19 14:52:36');
INSERT INTO `himall_wxappletformdatas` VALUES ('148', '2', '2017101236967928', 'wx20171012150339cb53528a1e0737062637', '2017-10-12 15:03:39', '2017-10-19 15:03:39');
INSERT INTO `himall_wxappletformdatas` VALUES ('149', '2', '2017101245447881', 'wx20171012150425b08baaedbe0396789713', '2017-10-12 15:04:25', '2017-10-19 15:04:25');
INSERT INTO `himall_wxappletformdatas` VALUES ('150', '2', '2017101227892099', 'wx20171012150617ca4ef6a0120603459517', '2017-10-12 15:06:18', '2017-10-19 15:06:18');
INSERT INTO `himall_wxappletformdatas` VALUES ('151', '2', '2017101245447881', 'wx2017101215062421fac9ee260396967121', '2017-10-12 15:06:25', '2017-10-19 15:06:25');
INSERT INTO `himall_wxappletformdatas` VALUES ('152', '2', '2017101206795851', 'wx201710121509247746d0fc930896949647', '2017-10-12 15:09:24', '2017-10-19 15:09:24');
INSERT INTO `himall_wxappletformdatas` VALUES ('153', '2', '2017101270194590', 'wx20171012160858bcfa8cf29a0381914725', '2017-10-12 16:08:59', '2017-10-19 16:08:59');
INSERT INTO `himall_wxappletformdatas` VALUES ('154', '2', '2017101238552964', 'wx20171012161036fba7cbed5e0190986433', '2017-10-12 16:10:37', '2017-10-19 16:10:37');
INSERT INTO `himall_wxappletformdatas` VALUES ('155', '2', '2017101238552964', 'wx201710121610378d677cd4ef0876523427', '2017-10-12 16:10:37', '2017-10-19 16:10:37');
INSERT INTO `himall_wxappletformdatas` VALUES ('156', '2', '2017101262303628', 'wx2017101216140178a512b7f40000445758', '2017-10-12 16:14:01', '2017-10-19 16:14:01');
INSERT INTO `himall_wxappletformdatas` VALUES ('157', '2', '2017101276888537', 'wx20171012161851b6154c8a110190781068', '2017-10-12 16:18:52', '2017-10-19 16:18:52');
INSERT INTO `himall_wxappletformdatas` VALUES ('158', '2', '2017101274164898', 'wx201710121621573f45d5b6c60819254511', '2017-10-12 16:21:57', '2017-10-19 16:21:57');
INSERT INTO `himall_wxappletformdatas` VALUES ('159', '2', '2017101274164898', 'wx201710121627445fd70600120382136675', '2017-10-12 16:27:44', '2017-10-19 16:27:44');
INSERT INTO `himall_wxappletformdatas` VALUES ('160', '2', '2017101247732358', 'wx20171012193214846e873db00123087780', '2017-10-12 19:32:14', '2017-10-19 19:32:14');
INSERT INTO `himall_wxappletformdatas` VALUES ('161', '2', '2017101279712051', 'wx20171012193249a405febe4b0121938319', '2017-10-12 19:32:49', '2017-10-19 19:32:49');
INSERT INTO `himall_wxappletformdatas` VALUES ('162', '2', '2017101295119284', 'wx201710122002491fc3196aa40716738131', '2017-10-12 20:02:50', '2017-10-19 20:02:50');
INSERT INTO `himall_wxappletformdatas` VALUES ('163', '2', '2017101295119284', 'wx201710122005047454742dce0016662893', '2017-10-12 20:05:05', '2017-10-19 20:05:05');
INSERT INTO `himall_wxappletformdatas` VALUES ('164', '2', '2017101263651717', 'wx201710122035131fb1ed95f20417805253', '2017-10-12 20:35:14', '2017-10-19 20:35:14');
INSERT INTO `himall_wxappletformdatas` VALUES ('165', '2', '2017101251252941', 'wx20171012203711c8a29102bd0514621453', '2017-10-12 20:37:11', '2017-10-19 20:37:11');
INSERT INTO `himall_wxappletformdatas` VALUES ('166', '2', '2017101218059637', 'wx20171012203822674452e72b0513535184', '2017-10-12 20:38:22', '2017-10-19 20:38:22');
INSERT INTO `himall_wxappletformdatas` VALUES ('167', '2', '2017101356709722', 'wx201710130747477d2ac83fad0604729728', '2017-10-13 07:47:47', '2017-10-20 07:47:47');
INSERT INTO `himall_wxappletformdatas` VALUES ('168', '2', '2017101395304247', 'wx20171013092805c72508f5620824587871', '2017-10-13 09:28:06', '2017-10-20 09:28:06');
INSERT INTO `himall_wxappletformdatas` VALUES ('169', '2', '2017101395304247', 'wx2017101309280679c3b94f090056832718', '2017-10-13 09:28:06', '2017-10-20 09:28:06');
INSERT INTO `himall_wxappletformdatas` VALUES ('170', '2', '2017101315790491', 'wx2017101309303465481f78340624698996', '2017-10-13 09:30:34', '2017-10-20 09:30:34');
INSERT INTO `himall_wxappletformdatas` VALUES ('171', '2', '2017101315866368', 'wx20171013111829be94fd4e410141292883', '2017-10-13 11:18:30', '2017-10-20 11:18:30');
INSERT INTO `himall_wxappletformdatas` VALUES ('172', '2', '2017101375703930', 'wx2017101311301215c69b3fdc0100658468', '2017-10-13 11:30:13', '2017-10-20 11:30:13');
INSERT INTO `himall_wxappletformdatas` VALUES ('173', '2', '2017101375703930', 'wx20171013113042edbe5cf4b40046932772', '2017-10-13 11:30:42', '2017-10-20 11:30:42');
INSERT INTO `himall_wxappletformdatas` VALUES ('174', '2', '2017101375703930', 'wx20171013113042edbe5cf4b40561475847', '2017-10-13 11:30:43', '2017-10-20 11:30:43');
INSERT INTO `himall_wxappletformdatas` VALUES ('175', '2', '2017101375703930', 'wx20171013113051d5728033160471414758', '2017-10-13 11:30:52', '2017-10-20 11:30:52');
INSERT INTO `himall_wxappletformdatas` VALUES ('176', '2', '2017101375703930', 'wx20171013113138e72d9e36ca0642037959', '2017-10-13 11:31:39', '2017-10-20 11:31:39');
INSERT INTO `himall_wxappletformdatas` VALUES ('177', '2', '2017101375703930', 'wx201710131132475ff15138610683001291', '2017-10-13 11:32:47', '2017-10-20 11:32:47');
INSERT INTO `himall_wxappletformdatas` VALUES ('178', '2', '2017101375703930', 'wx20171013113308e31ba4f64c0192068528', '2017-10-13 11:33:09', '2017-10-20 11:33:09');
INSERT INTO `himall_wxappletformdatas` VALUES ('179', '2', '2017101375703930', 'wx20171013113319b813502d3f0316116749', '2017-10-13 11:33:20', '2017-10-20 11:33:20');
INSERT INTO `himall_wxappletformdatas` VALUES ('180', '2', '2017101301953362', 'wx20171013121514a6a61b258c0935184965', '2017-10-13 12:15:15', '2017-10-20 12:15:15');
INSERT INTO `himall_wxappletformdatas` VALUES ('181', '2', '2017101308216232', 'wx20171013143842d72cb19b4b0984052465', '2017-10-13 14:38:42', '2017-10-20 14:38:42');
INSERT INTO `himall_wxappletformdatas` VALUES ('182', '2', '2017101348406121', 'wx20171013145140034de827c40364384456', '2017-10-13 14:51:40', '2017-10-20 14:51:40');
INSERT INTO `himall_wxappletformdatas` VALUES ('183', '2', '2017101315959915', 'wx2017101314552271a63f9c280291033790', '2017-10-13 14:55:22', '2017-10-20 14:55:22');
INSERT INTO `himall_wxappletformdatas` VALUES ('184', '2', '2017101315959915', 'wx2017101314553802e73356090375369242', '2017-10-13 14:55:38', '2017-10-20 14:55:38');
INSERT INTO `himall_wxappletformdatas` VALUES ('185', '2', '2017101390751076', 'wx2017101315233705b3d33f1a0903851842', '2017-10-13 15:23:37', '2017-10-20 15:23:37');
INSERT INTO `himall_wxappletformdatas` VALUES ('186', '2', '2017101375703930', 'wx20171013155907c247edf7d70063749007', '2017-10-13 15:59:08', '2017-10-20 15:59:08');
INSERT INTO `himall_wxappletformdatas` VALUES ('187', '2', '2017101327288714', 'wx20171013161753c9d591fa4e0525464286', '2017-10-13 16:17:53', '2017-10-20 16:17:53');
INSERT INTO `himall_wxappletformdatas` VALUES ('188', '2', '2017101330260850', 'wx201710131642323f4fc3dd920738595604', '2017-10-13 16:42:32', '2017-10-20 16:42:32');
INSERT INTO `himall_wxappletformdatas` VALUES ('189', '2', '2017101339583031', 'wx201710131647556d43ec6d380121404367', '2017-10-13 16:47:55', '2017-10-20 16:47:55');
INSERT INTO `himall_wxappletformdatas` VALUES ('190', '2', '2017101346070244', 'wx201710131712250dc9aa593a0243130120', '2017-10-13 17:12:25', '2017-10-20 17:12:25');
INSERT INTO `himall_wxappletformdatas` VALUES ('191', '2', '2017101319542246', 'wx2017101317153242a957d7a10858984848', '2017-10-13 17:15:33', '2017-10-20 17:15:33');
INSERT INTO `himall_wxappletformdatas` VALUES ('192', '2', '2017101345541901', 'wx20171013171801ed38ec49cc0089679741', '2017-10-13 17:18:01', '2017-10-20 17:18:01');
INSERT INTO `himall_wxappletformdatas` VALUES ('193', '2', '2017101352622396', 'wx2017101317195792aee489230147861380', '2017-10-13 17:19:57', '2017-10-20 17:19:57');
INSERT INTO `himall_wxappletformdatas` VALUES ('194', '2', '2017101396641378', 'wx20171013172740f3d6a05c0c0627856128', '2017-10-13 17:27:41', '2017-10-20 17:27:41');
INSERT INTO `himall_wxappletformdatas` VALUES ('195', '2', '2017101396641378', 'wx2017101317275077bf5ad18a0437022923', '2017-10-13 17:27:50', '2017-10-20 17:27:50');
INSERT INTO `himall_wxappletformdatas` VALUES ('196', '2', '2017101350742765', 'wx20171013172924a931de2b770332286091', '2017-10-13 17:29:25', '2017-10-20 17:29:25');
INSERT INTO `himall_wxappletformdatas` VALUES ('197', '2', '2017101476243099', 'wx201710141251469f32af2ca50156199515', '2017-10-14 12:51:47', '2017-10-21 12:51:47');
INSERT INTO `himall_wxappletformdatas` VALUES ('198', '2', '2017101495526767', 'wx20171014162830691631902a0036093331', '2017-10-14 16:28:31', '2017-10-21 16:28:31');
INSERT INTO `himall_wxappletformdatas` VALUES ('199', '2', '2017101429194858', 'wx20171014164254351e4535eb0637832696', '2017-10-14 16:42:55', '2017-10-21 16:42:55');
INSERT INTO `himall_wxappletformdatas` VALUES ('200', '2', '2017101409876338', 'wx201710141846147d7f93ea160108020041', '2017-10-14 18:46:15', '2017-10-21 18:46:15');
INSERT INTO `himall_wxappletformdatas` VALUES ('201', '2', '2017101489836459', 'wx201710141939238e92e696f40625124627', '2017-10-14 19:39:24', '2017-10-21 19:39:24');
INSERT INTO `himall_wxappletformdatas` VALUES ('202', '2', '2017101415814352', 'wx20171014193956b9705834bc0985110208', '2017-10-14 19:39:56', '2017-10-21 19:39:56');
INSERT INTO `himall_wxappletformdatas` VALUES ('203', '2', '2017101476171885', 'wx20171014232645f54233fc940121349802', '2017-10-14 23:26:46', '2017-10-21 23:26:46');
INSERT INTO `himall_wxappletformdatas` VALUES ('204', '2', '2017101476171885', 'wx20171014232645f54233fc940569979791', '2017-10-14 23:26:46', '2017-10-21 23:26:46');
INSERT INTO `himall_wxappletformdatas` VALUES ('205', '2', '2017101444168720', 'wx201710142327300f1309d8d40458630151', '2017-10-14 23:27:31', '2017-10-21 23:27:31');
INSERT INTO `himall_wxappletformdatas` VALUES ('206', '2', '2017101465956488', 'wx201710142331338ca984661d0244066361', '2017-10-14 23:31:34', '2017-10-21 23:31:34');
INSERT INTO `himall_wxappletformdatas` VALUES ('207', '2', '2017101559531641', 'wx20171015142558efedf466650199907436', '2017-10-15 14:25:59', '2017-10-22 14:25:59');
INSERT INTO `himall_wxappletformdatas` VALUES ('208', '2', '2017101578963583', 'wx20171015163935eae119a3a10086965530', '2017-10-15 16:39:36', '2017-10-22 16:39:36');
INSERT INTO `himall_wxappletformdatas` VALUES ('209', '2', '2017101514536004', 'wx2017101517240217341c2fd10176905462', '2017-10-15 17:24:03', '2017-10-22 17:24:03');
INSERT INTO `himall_wxappletformdatas` VALUES ('210', '2', '2017101680746416', 'wx20171016073722c8489f8e590342253778', '2017-10-16 07:37:23', '2017-10-23 07:37:23');
INSERT INTO `himall_wxappletformdatas` VALUES ('211', '2', '2017101680746416', 'wx20171016073723bcb8c97cdc0772811533', '2017-10-16 07:37:23', '2017-10-23 07:37:23');
INSERT INTO `himall_wxappletformdatas` VALUES ('212', '2', '2017101606197914', 'wx2017101609582840eefa3e7b0340681371', '2017-10-16 09:58:29', '2017-10-23 09:58:29');
INSERT INTO `himall_wxappletformdatas` VALUES ('213', '2', '2017101653409250', 'wx20171016100937a76eac12390356121035', '2017-10-16 10:09:38', '2017-10-23 10:09:38');
INSERT INTO `himall_wxappletformdatas` VALUES ('214', '2', '2017101623934439', 'wx20171016101552967e9751e60183968353', '2017-10-16 10:15:53', '2017-10-23 10:15:53');
INSERT INTO `himall_wxappletformdatas` VALUES ('215', '2', '2017101646165489', 'wx2017101610314899349c73af0793578461', '2017-10-16 10:31:49', '2017-10-23 10:31:49');
INSERT INTO `himall_wxappletformdatas` VALUES ('216', '2', '2017101634885211', 'wx20171016112754b8b4a1759c0405054120', '2017-10-16 11:27:55', '2017-10-23 11:27:55');
INSERT INTO `himall_wxappletformdatas` VALUES ('217', '2', '2017101692670530', 'wx201710161131127f69bf198a0327223227', '2017-10-16 11:31:13', '2017-10-23 11:31:13');
INSERT INTO `himall_wxappletformdatas` VALUES ('218', '2', '2017101634949829', 'wx2017101611472484f614e7d10558462472', '2017-10-16 11:47:25', '2017-10-23 11:47:25');
INSERT INTO `himall_wxappletformdatas` VALUES ('219', '2', '2017101662489253', 'wx20171016114758879bb5fd3c0824813261', '2017-10-16 11:47:59', '2017-10-23 11:47:59');
INSERT INTO `himall_wxappletformdatas` VALUES ('220', '2', '2017101662489253', 'wx2017101611501895c0c0fc0f0459750435', '2017-10-16 11:50:19', '2017-10-23 11:50:19');
INSERT INTO `himall_wxappletformdatas` VALUES ('221', '2', '2017101662489253', 'wx201710161151050082b23a0e0358620421', '2017-10-16 11:51:06', '2017-10-23 11:51:06');
INSERT INTO `himall_wxappletformdatas` VALUES ('222', '2', '2017101663223467', 'wx2017101612124568232c28980047206360', '2017-10-16 12:12:46', '2017-10-23 12:12:46');
INSERT INTO `himall_wxappletformdatas` VALUES ('223', '2', '2017101663223467', 'wx2017101612134018b61bd4440509651839', '2017-10-16 12:13:41', '2017-10-23 12:13:41');
INSERT INTO `himall_wxappletformdatas` VALUES ('224', '2', '2017101634657944', 'wx20171016140034ab77fdb44a0836736685', '2017-10-16 14:00:35', '2017-10-23 14:00:35');
INSERT INTO `himall_wxappletformdatas` VALUES ('225', '2', '2017101683793679', 'wx20171016140519afdf48816d0703087363', '2017-10-16 14:05:20', '2017-10-23 14:05:20');
INSERT INTO `himall_wxappletformdatas` VALUES ('226', '2', '2017101683793679', 'wx2017101614052099894bc63d0403005513', '2017-10-16 14:05:20', '2017-10-23 14:05:20');
INSERT INTO `himall_wxappletformdatas` VALUES ('227', '2', '2017101636071290', 'wx20171016140932edd3891f400751001844', '2017-10-16 14:09:33', '2017-10-23 14:09:33');
INSERT INTO `himall_wxappletformdatas` VALUES ('228', '2', '2017101690751441', 'wx201710161409330dda9cc9a20520995795', '2017-10-16 14:09:33', '2017-10-23 14:09:33');
INSERT INTO `himall_wxappletformdatas` VALUES ('229', '2', '2017101652475786', 'wx201710161429557f54e0eec60984538818', '2017-10-16 14:29:55', '2017-10-23 14:29:55');
INSERT INTO `himall_wxappletformdatas` VALUES ('230', '2', '2017101671382758', 'wx20171016144511e73dfeceaf0324747136', '2017-10-16 14:45:11', '2017-10-23 14:45:11');
INSERT INTO `himall_wxappletformdatas` VALUES ('231', '2', '2017101624982324', 'wx2017101614511416276b41700392192469', '2017-10-16 14:51:14', '2017-10-23 14:51:14');
INSERT INTO `himall_wxappletformdatas` VALUES ('232', '2', '2017101695379952', 'wx2017101615193108c975df850211159813', '2017-10-16 15:19:32', '2017-10-23 15:19:32');
INSERT INTO `himall_wxappletformdatas` VALUES ('233', '2', '2017101695379952', 'wx20171016151933e2a6c520a10839685231', '2017-10-16 15:19:33', '2017-10-23 15:19:33');
INSERT INTO `himall_wxappletformdatas` VALUES ('234', '2', '2017101662322841', 'wx20171016152203f2c68392740567455286', '2017-10-16 15:22:03', '2017-10-23 15:22:03');
INSERT INTO `himall_wxappletformdatas` VALUES ('235', '2', '2017101690751441', 'wx20171016160135c9f62445ab0045127885', '2017-10-16 16:01:35', '2017-10-23 16:01:35');
INSERT INTO `himall_wxappletformdatas` VALUES ('236', '2', '2017101672076728', 'wx2017101616025916c930e30e0020213752', '2017-10-16 16:02:59', '2017-10-23 16:02:59');
INSERT INTO `himall_wxappletformdatas` VALUES ('237', '2', '2017101628330936', 'wx201710161623093fa3fb36a40666924701', '2017-10-16 16:23:09', '2017-10-23 16:23:09');
INSERT INTO `himall_wxappletformdatas` VALUES ('238', '2', '2017101697062678', 'wx20171016162433273eec057d0096210236', '2017-10-16 16:24:34', '2017-10-23 16:24:34');
INSERT INTO `himall_wxappletformdatas` VALUES ('239', '2', '2017101668913632', 'wx201710161645312a62b3b5d60542111274', '2017-10-16 16:45:32', '2017-10-23 16:45:32');
INSERT INTO `himall_wxappletformdatas` VALUES ('240', '2', '2017101762709756', 'wx2017101714372969fb905c880587566375', '2017-10-17 14:37:29', '2017-10-24 14:37:29');
INSERT INTO `himall_wxappletformdatas` VALUES ('241', '2', '2017101715824343', 'wx20171017145040809a9edaf10137967645', '2017-10-17 14:50:41', '2017-10-24 14:50:41');
INSERT INTO `himall_wxappletformdatas` VALUES ('242', '2', '2017101700248663', 'wx2017101716333601ce71db570977055173', '2017-10-17 16:33:37', '2017-10-24 16:33:37');
INSERT INTO `himall_wxappletformdatas` VALUES ('243', '2', '2017101829835258', 'wx20171018121505ca92e0638c0613394101', '2017-10-18 12:15:05', '2017-10-25 12:15:05');
INSERT INTO `himall_wxappletformdatas` VALUES ('244', '2', '2017101653409250', 'wx201710181216259e50127e300108077219', '2017-10-18 12:16:26', '2017-10-25 12:16:26');
INSERT INTO `himall_wxappletformdatas` VALUES ('245', '2', '2017101806421582', 'wx201710182027260345bc5a500693982250', '2017-10-18 20:27:26', '2017-10-25 20:27:26');
INSERT INTO `himall_wxappletformdatas` VALUES ('246', '2', '2017101653409250', 'wx20171018204235085551bc070604349678', '2017-10-18 20:42:36', '2017-10-25 20:42:36');
INSERT INTO `himall_wxappletformdatas` VALUES ('247', '2', '2017102214227987', 'wx201710220637448babf868e60476791409', '2017-10-22 06:37:45', '2017-10-29 06:37:45');
INSERT INTO `himall_wxappletformdatas` VALUES ('248', '2', '2017102233081626', 'wx201710220737264c5e0665230890476830', '2017-10-22 07:37:26', '2017-10-29 07:37:26');
INSERT INTO `himall_wxappletformdatas` VALUES ('249', '2', '2017102233081626', 'wx201710220737455b11bafd180034900540', '2017-10-22 07:37:45', '2017-10-29 07:37:45');
INSERT INTO `himall_wxappletformdatas` VALUES ('250', '2', '2017102220585754', 'wx2017102207463950fa25cf9d0154158996', '2017-10-22 07:46:39', '2017-10-29 07:46:39');
INSERT INTO `himall_wxappletformdatas` VALUES ('251', '2', '2017102220585754', 'wx201710220746526421a7c1f30844976333', '2017-10-22 07:46:53', '2017-10-29 07:46:53');

-- ----------------------------
-- Table structure for `himall_wxcardcodelog`
-- ----------------------------
DROP TABLE IF EXISTS `himall_wxcardcodelog`;
CREATE TABLE `himall_wxcardcodelog` (
  `Id` bigint(20) NOT NULL AUTO_INCREMENT COMMENT '编号',
  `CardLogId` bigint(20) DEFAULT NULL COMMENT '卡券记录号',
  `CardId` varchar(50) DEFAULT NULL,
  `Code` varchar(50) DEFAULT NULL COMMENT '标识',
  `SendTime` datetime DEFAULT NULL COMMENT '投放时间',
  `CodeStatus` int(11) NOT NULL DEFAULT '0' COMMENT '状态',
  `UsedTime` datetime DEFAULT NULL COMMENT '操作时间 失效、核销、删除时间',
  `CouponType` int(11) DEFAULT NULL COMMENT '红包类型',
  `CouponCodeId` bigint(20) DEFAULT NULL COMMENT '红包记录编号',
  `OpenId` varchar(4000) DEFAULT NULL COMMENT '对应OpenId',
  PRIMARY KEY (`Id`),
  KEY `FK_Himall_WXLog_CardLogId` (`CardLogId`) USING BTREE,
  KEY `IDX_Himall_WXLog_CardId` (`CardId`) USING BTREE,
  KEY `IDX_Himall_WXLog_Code` (`Code`) USING BTREE,
  CONSTRAINT `FK_Himall_WXLog_CardLogId` FOREIGN KEY (`CardLogId`) REFERENCES `himall_wxcardlog` (`Id`)
) ENGINE=InnoDB DEFAULT CHARSET=utf8 ROW_FORMAT=COMPACT;

-- ----------------------------
-- Records of himall_wxcardcodelog
-- ----------------------------

-- ----------------------------
-- Table structure for `himall_wxcardlog`
-- ----------------------------
DROP TABLE IF EXISTS `himall_wxcardlog`;
CREATE TABLE `himall_wxcardlog` (
  `Id` bigint(20) NOT NULL AUTO_INCREMENT COMMENT '编号',
  `CardId` varchar(50) DEFAULT NULL COMMENT '卡券编号',
  `CardTitle` varchar(50) DEFAULT NULL COMMENT '标题 英文27  汉字 9个',
  `CardSubTitle` varchar(100) DEFAULT NULL COMMENT '副标题 英文54  汉字18个',
  `CardColor` varchar(10) DEFAULT NULL COMMENT '卡券颜色 HasTable',
  `AuditStatus` int(11) DEFAULT NULL COMMENT '审核状态',
  `AppId` varchar(50) DEFAULT NULL,
  `AppSecret` varchar(50) DEFAULT NULL,
  `CouponType` int(11) DEFAULT NULL COMMENT '红包类型',
  `CouponId` bigint(20) DEFAULT NULL COMMENT '红包编号 涉及多表，不做外键',
  PRIMARY KEY (`Id`),
  KEY `IDX_Himall_WXCardLog_CardId` (`CardId`) USING BTREE
) ENGINE=InnoDB AUTO_INCREMENT=8 DEFAULT CHARSET=utf8 ROW_FORMAT=COMPACT;

-- ----------------------------
-- Records of himall_wxcardlog
-- ----------------------------

-- ----------------------------
-- Table structure for `himall_wxshop`
-- ----------------------------
DROP TABLE IF EXISTS `himall_wxshop`;
CREATE TABLE `himall_wxshop` (
  `Id` bigint(20) NOT NULL AUTO_INCREMENT,
  `ShopId` bigint(20) NOT NULL COMMENT '店铺ID',
  `AppId` varchar(30) NOT NULL COMMENT '公众号的APPID',
  `AppSecret` varchar(35) NOT NULL COMMENT '公众号的AppSecret',
  `Token` varchar(30) NOT NULL COMMENT '公众号的Token',
  `FollowUrl` varchar(500) DEFAULT NULL COMMENT '跳转的URL',
  PRIMARY KEY (`Id`)
) ENGINE=InnoDB AUTO_INCREMENT=5 DEFAULT CHARSET=utf8 ROW_FORMAT=COMPACT;

-- ----------------------------
-- Records of himall_wxshop
-- ----------------------------

-- ----------------------------
-- Table structure for `himall_wxsmallchoiceproducts`
-- ----------------------------
DROP TABLE IF EXISTS `himall_wxsmallchoiceproducts`;
CREATE TABLE `himall_wxsmallchoiceproducts` (
  `ProductId` int(11) NOT NULL,
  PRIMARY KEY (`ProductId`)
) ENGINE=InnoDB DEFAULT CHARSET=utf8;

-- ----------------------------
-- Records of himall_wxsmallchoiceproducts
-- ----------------------------
INSERT INTO `himall_wxsmallchoiceproducts` VALUES ('744');
INSERT INTO `himall_wxsmallchoiceproducts` VALUES ('745');
INSERT INTO `himall_wxsmallchoiceproducts` VALUES ('746');
INSERT INTO `himall_wxsmallchoiceproducts` VALUES ('747');
INSERT INTO `himall_wxsmallchoiceproducts` VALUES ('748');
INSERT INTO `himall_wxsmallchoiceproducts` VALUES ('1266');
INSERT INTO `himall_wxsmallchoiceproducts` VALUES ('1267');
INSERT INTO `himall_wxsmallchoiceproducts` VALUES ('1271');
INSERT INTO `himall_wxsmallchoiceproducts` VALUES ('1272');
INSERT INTO `himall_wxsmallchoiceproducts` VALUES ('1273');
